Num_Acc,an,mois,jour,hrmn,lum,agg,int,atm,col,com
201600000001,16,2,1,1445,1,2,1,8,3,5
201600000002,16,3,16,1800,1,2,6,1,6,5
201600000003,16,7,13,1900,1,1,1,1,6,11
201600000004,16,8,15,1930,2,2,1,7,3,477
201600000005,16,12,23,1100,1,2,3,1,3,11
201600000006,16,12,23,1115,1,2,1,7,6,11
201600000007,16,5,1,1145,1,2,1,7,2,51
201600000008,16,5,14,1915,2,1,1,1,1,250
201600000009,16,9,23,1900,1,2,1,1,3,51
201600000010,16,12,30,1030,1,1,1,9,6,303
201600000011,16,1,25,800,2,2,1,8,6,466
201600000012,16,1,28,1815,3,1,1,1,7,197
201600000013,16,2,5,1600,1,2,1,1,6,466
201600000014,16,4,17,1230,1,2,1,1,5,398
201600000015,16,8,17,1930,1,1,6,7,5,466
201600000016,16,9,8,815,1,1,1,1,5,34
201600000017,16,11,8,715,3,1,1,8,6,71
201600000018,16,11,28,745,2,2,1,5,3,398
201600000019,16,5,6,1915,1,1,1,1,5,592
201600000020,16,9,5,2030,5,2,6,2,3,452
201600000021,16,10,14,1145,1,2,1,1,6,592
201600000022,16,4,2,1045,1,1,2,1,3,402
201600000023,16,11,7,1515,1,1,1,3,6,94
201600000024,16,11,12,915,3,1,1,2,6,94
201600000025,16,12,4,530,3,1,1,9,7,532
201600000026,16,12,6,1145,1,2,1,7,6,94
201600000027,16,12,15,1345,1,2,1,1,6,94
201600000028,16,12,9,1900,3,1,1,1,3,576
201600000029,16,12,28,2015,3,1,1,5,1,358
201600000030,16,5,6,1700,1,2,1,1,6,337
201600000031,16,9,28,2000,1,1,1,1,2,663
201600000032,16,11,1,1115,1,1,1,1,2,338
201600000033,16,1,7,900,1,2,3,3,6,120
201600000034,16,1,14,1330,1,1,1,1,1,416
201600000035,16,2,9,2145,5,1,1,2,6,416
201600000036,16,2,8,1745,3,1,1,6,1,497
201600000037,16,3,6,330,3,1,1,1,6,87
201600000038,16,4,5,1545,1,1,1,1,3,590
201600000039,16,5,12,2100,1,2,1,1,6,416
201600000040,16,5,29,615,2,2,1,1,6,497
201600000041,16,6,10,830,1,1,1,1,3,497
201600000042,16,7,27,1600,1,1,1,1,6,577
201600000043,16,9,1,545,5,2,1,1,6,497
201600000044,16,11,5,1445,1,1,1,1,6,634
201600000045,16,11,18,1800,5,2,1,2,6,84
201600000046,16,11,27,2230,3,1,1,1,6,184
201600000047,16,4,20,1330,1,1,2,1,3,401
201600000048,16,7,4,1830,1,1,1,1,7,401
201600000049,16,8,7,230,4,2,1,1,7,237
201600000050,16,9,8,1000,1,1,1,1,3,535
201600000051,16,4,29,1545,1,1,1,1,1,581
201600000052,16,6,1,1530,1,2,1,2,3,268
201600000053,16,6,17,130,3,1,1,2,7,212
201600000054,16,8,25,1130,1,1,1,1,1,581
201600000055,16,9,18,1645,1,1,1,2,7,43
201600000056,16,10,18,745,2,1,1,1,6,581
201600000057,16,12,19,715,3,1,1,5,1,180
201600000058,16,3,10,400,3,2,1,1,6,615
201600000059,16,6,29,1845,1,1,1,2,6,400
201600000060,16,9,17,1330,1,2,1,1,3,400
201600000061,16,12,7,2000,5,2,9,1,6,400
201600000062,16,12,14,1715,3,2,1,1,6,400
201600000063,16,1,12,1145,1,1,2,1,3,453
201600000064,16,1,24,100,3,1,1,2,7,54
201600000065,16,4,27,1945,1,1,1,2,6,135
201600000066,16,6,27,1545,1,1,1,1,1,546
201600000067,16,7,6,1415,1,1,1,1,2,135
201600000068,16,8,9,2200,3,1,2,1,3,318
201600000069,16,8,22,1045,1,1,1,1,6,119
201600000070,16,9,21,1345,1,2,6,1,3,546
201600000071,16,10,6,1930,5,2,1,1,1,262
201600000072,16,10,25,2145,3,1,1,5,6,587
201600000073,16,9,27,2100,5,2,2,1,3,44
201600000074,16,11,26,200,3,1,1,1,6,44
201600000075,16,12,3,1745,5,2,1,1,1,13
201600000076,16,3,29,1615,1,2,1,1,2,42
201600000077,16,4,21,830,1,1,1,1,3,523
201600000078,16,7,23,600,2,1,1,1,7,419
201600000079,16,10,2,930,1,1,1,3,6,523
201600000080,16,1,2,2100,3,1,1,2,6,643
201600000081,16,1,22,1130,1,1,2,1,3,643
201600000082,16,3,20,1615,1,2,1,1,5,482
201600000083,16,4,2,815,1,2,8,1,3,482
201600000084,16,4,2,200,3,1,1,1,2,252
201600000085,16,4,15,1000,1,1,1,1,6,611
201600000086,16,4,16,1030,1,2,1,1,6,482
201600000087,16,5,30,1145,1,1,6,2,2,173
201600000088,16,8,9,1345,1,2,6,1,3,252
201600000089,16,9,10,530,3,1,1,1,1,252
201600000090,16,12,24,530,5,1,1,1,6,173
201600000091,16,1,9,1600,1,1,9,1,7,166
201600000092,16,4,5,1015,1,1,1,1,6,559
201600000093,16,8,8,2315,5,1,1,1,6,221
201600000094,16,10,1,1515,1,1,1,1,3,471
201600000095,16,4,4,1530,1,1,1,1,1,313
201600000096,16,11,30,1745,3,1,1,1,3,348
201600000097,16,3,15,1730,1,2,1,1,6,434
201600000098,16,8,28,1430,1,1,1,1,1,238
201600000099,16,2,4,2115,5,2,1,1,6,374
201600000100,16,3,9,2000,5,2,1,1,6,36
201600000101,16,4,14,1400,1,1,1,1,5,35
201600000102,16,6,19,1515,1,1,1,1,1,534
201600000103,16,8,16,1345,2,1,1,1,7,181
201600000104,16,11,25,930,1,2,1,1,1,35
201600000105,16,12,23,1945,3,1,1,2,7,406
201600000106,16,1,6,1230,1,2,1,1,6,12
201600000107,16,3,20,300,3,2,1,1,7,12
201600000108,16,5,28,2030,2,1,1,1,3,12
201600000109,16,8,12,1715,1,1,1,1,1,249
201600000110,16,11,26,1745,1,2,1,1,6,249
201600000111,16,11,27,1800,5,2,1,8,6,249
201600000112,16,12,2,745,2,2,1,5,7,12
201600000113,16,12,2,1345,1,2,1,5,6,12
201600000114,16,12,5,815,1,2,2,1,3,249
201600000115,16,12,9,2000,3,1,1,2,7,12
201600000116,16,12,13,1530,1,1,1,1,6,659
201600000117,16,12,18,345,5,2,1,9,6,249
201600000118,16,7,24,2115,1,2,1,1,6,425
201600000119,16,8,2,1515,1,1,1,2,1,503
201600000120,16,10,21,615,5,2,1,5,1,99
201600000121,16,10,29,1545,1,1,1,1,7,353
201600000122,16,11,10,730,2,1,1,1,5,194
201600000123,16,12,17,45,5,2,1,1,6,194
201600000124,16,8,21,1245,1,2,1,1,1,261
201600000125,16,12,10,1000,1,1,1,9,6,601
201600000126,16,12,26,2045,3,1,1,5,3,229
201600000127,16,1,23,1845,1,1,1,1,1,23
201600000128,16,4,3,1630,1,1,1,1,6,595
201600000129,16,2,7,615,5,2,1,2,6,274
201600000130,16,8,23,2115,3,1,1,1,3,136
201600000131,16,10,16,1015,1,2,1,1,6,136
201600000132,16,10,20,1030,1,1,1,1,3,450
201600000133,16,6,20,1500,1,2,1,3,6,139
201600000134,16,6,21,2315,5,2,1,1,6,321
201600000135,16,8,27,2115,5,2,1,1,1,139
201600000136,16,9,3,1730,1,2,1,1,6,139
201600000137,16,9,10,200,3,1,1,1,6,614
201600000138,16,2,5,1530,1,2,2,1,3,382
201600000139,16,5,30,1330,1,1,1,3,1,209
201600000140,16,12,9,1145,1,1,1,1,6,149
201600000141,16,5,27,1700,1,1,1,1,6,595
201600000142,16,7,22,2100,1,1,1,1,7,1
201600000143,16,8,26,2100,1,1,1,1,6,121
201600000144,16,12,15,630,5,2,1,1,6,552
201600000145,16,7,22,1330,1,2,1,1,1,377
201600000146,16,8,8,1700,1,2,1,1,3,97
201600000147,16,8,19,2200,3,1,1,1,2,176
201600000148,16,2,6,1400,1,1,1,1,6,571
201600000149,16,2,24,1345,1,1,1,1,1,289
201600000150,16,6,16,300,3,2,1,1,7,571
201600000151,16,7,8,1830,1,2,1,1,6,571
201600000152,16,9,12,945,1,2,1,1,6,289
201600000153,16,11,2,2230,3,1,1,1,6,608
201600000154,16,2,11,645,2,2,1,1,7,26
201600000155,16,7,2,1400,1,2,1,1,6,224
201600000156,16,8,28,2000,2,2,1,1,3,15
201600000157,16,12,17,2100,5,2,1,2,1,224
201600000158,16,12,21,500,3,1,6,1,7,126
201600000159,16,12,27,1015,1,2,6,1,3,409
201600000160,16,1,28,715,3,2,1,1,6,158
201600000161,16,7,9,2100,1,2,1,1,2,80
201600000162,16,8,30,1500,1,2,1,7,6,29
201600000163,16,9,2,1315,1,1,1,1,4,449
201600000164,16,9,13,1000,1,2,1,1,1,435
201600000165,16,10,14,800,2,1,1,1,6,158
201600000166,16,10,30,1445,1,2,1,1,2,29
201600000167,16,11,19,900,1,1,1,7,3,435
201600000168,16,12,3,1645,1,2,1,1,6,449
201600000169,16,1,29,1645,1,2,1,8,1,53
201600000170,16,2,2,800,2,2,1,2,6,53
201600000171,16,2,25,1100,1,1,1,1,1,283
201600000172,16,2,27,1715,1,2,1,1,7,76
201600000173,16,3,13,1715,1,2,1,1,7,53
201600000174,16,3,16,630,2,1,1,1,1,76
201600000175,16,3,17,1945,3,1,1,1,5,315
201600000176,16,6,8,2245,3,2,1,1,7,283
201600000177,16,8,13,2045,2,1,1,1,6,357
201600000178,16,8,26,100,5,1,1,1,7,357
201600000179,16,9,8,1430,1,1,1,1,7,357
201600000180,16,10,14,445,3,1,1,1,7,357
201600000181,16,12,23,245,3,1,1,9,6,76
201600000182,16,12,29,1730,3,1,1,9,1,357
201600000183,16,3,7,1745,1,1,1,4,4,265
201600000184,16,4,7,845,1,2,1,8,6,481
201600000185,16,4,9,1745,2,1,1,1,7,565
201600000186,16,10,26,1745,1,2,1,5,3,451
201600000187,16,1,10,215,3,1,1,2,6,187
201600000188,16,2,26,1630,1,1,1,1,7,351
201600000189,16,12,13,1745,3,1,1,8,5,572
201600000190,16,2,25,1430,1,1,1,1,1,583
201600000191,16,7,11,1330,1,1,1,1,6,81
201600000192,16,9,14,1700,1,1,1,7,1,414
201600000193,16,11,15,745,2,1,1,5,1,86
201600000194,16,1,7,1900,3,1,1,6,4,887
201600000195,16,2,13,2030,3,1,1,2,6,156
201600000196,16,6,25,1430,1,1,1,1,2,235
201600000197,16,3,19,2315,3,1,1,1,2,751
201600000198,16,4,16,1815,1,1,9,1,4,474
201600000199,16,4,18,1145,1,1,1,1,6,496
201600000200,16,7,24,1700,1,1,1,1,3,758
201600000201,16,8,13,2215,3,1,1,1,2,354
201600000202,16,9,28,745,1,1,1,1,2,354
201600000203,16,11,9,1200,1,1,1,3,3,560
201600000204,16,12,1,730,1,1,1,1,1,894
201600000205,16,12,29,1830,3,1,1,1,3,894
201600000206,16,6,10,1800,1,2,3,1,3,421
201600000207,16,7,24,1945,1,2,2,1,3,440
201600000208,16,8,29,845,1,2,1,1,3,593
201600000209,16,6,7,930,1,2,1,1,6,422
201600000210,16,6,7,1715,1,2,1,3,7,583
201600000211,16,7,15,1145,1,1,1,1,7,135
201600000212,16,8,6,2115,2,1,1,1,6,216
201600000213,16,11,21,1800,5,2,1,1,6,332
201600000214,16,11,21,1700,2,1,2,1,3,151
201600000215,16,11,30,1415,1,2,1,1,3,181
201600000216,16,1,19,1145,1,2,1,7,6,284
201600000217,16,8,3,245,3,1,1,2,6,306
201600000218,16,9,7,1700,1,2,1,7,7,781
201600000219,16,1,5,1230,1,1,1,1,7,1
201600000220,16,1,24,615,1,1,1,2,7,73
201600000221,16,6,1,1530,1,1,1,1,1,589
201600000222,16,7,4,715,1,2,1,2,6,801
201600000223,16,12,25,1830,3,1,1,2,6,371
201600000224,16,1,17,2130,3,1,1,1,5,306
201600000225,16,5,19,1500,1,1,1,8,7,873
201600000226,16,5,26,1900,1,2,6,1,6,646
201600000227,16,11,22,945,3,1,1,1,2,164
201600000228,16,12,10,1845,3,1,1,9,1,582
201600000229,16,7,1,900,1,1,1,1,1,865
201600000230,16,7,26,1030,1,1,1,1,6,355
201600000231,16,10,14,1700,1,1,6,1,3,173
201600000232,16,11,14,445,3,1,1,8,2,865
201600000233,16,11,28,745,2,2,1,1,2,865
201600000234,16,3,3,830,1,1,1,1,6,564
201600000235,16,4,10,515,2,2,1,1,1,391
201600000236,16,5,8,1900,1,2,1,1,1,900
201600000237,16,8,6,600,1,1,1,1,6,454
201600000238,16,8,21,1215,1,2,1,2,1,313
201600000239,16,3,7,1715,1,1,1,8,6,338
201600000240,16,4,22,1815,1,1,1,1,4,491
201600000241,16,8,12,2230,3,1,1,1,1,529
201600000242,16,11,3,1800,2,1,1,1,2,706
201600000243,16,11,21,800,2,1,1,1,6,338
201600000244,16,12,6,745,2,2,1,1,6,736
201600000245,16,3,13,1330,1,1,1,1,1,255
201600000246,16,7,30,1200,1,2,1,1,3,273
201600000247,16,4,1,2315,3,1,1,1,6,889
201600000248,16,4,10,1330,1,1,1,7,7,546
201600000249,16,4,15,1645,1,1,2,8,4,705
201600000250,16,7,3,1530,1,1,1,1,2,899
201600000251,16,7,16,1930,1,1,1,1,5,560
201600000252,16,9,3,1330,1,1,1,1,3,329
201600000253,16,10,23,1915,2,1,1,1,3,54
201600000254,16,3,7,830,1,1,1,4,1,300
201600000255,16,4,17,1400,1,1,1,1,5,235
201600000256,16,12,12,2030,3,1,1,1,1,604
201600000257,16,4,29,1015,1,1,1,1,1,170
201600000258,16,5,4,1945,1,1,3,7,1,793
201600000259,16,5,5,1030,1,2,1,7,7,693
201600000260,16,5,26,1545,1,1,1,1,1,170
201600000261,16,7,28,1730,1,1,1,1,3,693
201600000262,16,10,9,345,5,2,1,1,3,793
201600000263,16,10,12,845,1,2,1,1,6,443
201600000264,16,11,6,1800,3,1,1,1,2,443
201600000265,16,6,29,530,1,2,1,1,7,176
201600000266,16,9,21,2045,3,1,1,1,6,196
201600000267,16,6,30,1000,1,2,1,3,6,364
201600000268,16,12,3,1830,3,1,1,1,1,183
201600000269,16,6,9,1545,1,1,1,1,3,201
201600000270,16,10,8,1930,5,2,1,1,3,318
201600000271,16,10,31,1430,1,2,1,1,6,318
201600000272,16,1,31,1645,1,2,1,2,1,661
201600000273,16,5,29,1400,1,2,1,1,6,552
201600000274,16,2,1,1430,1,1,1,6,1,14
201600000275,16,3,4,845,1,2,1,1,6,721
201600000276,16,4,26,2030,1,1,1,1,6,543
201600000277,16,5,29,1715,1,2,1,1,2,14
201600000278,16,5,27,1800,1,2,1,1,2,14
201600000279,16,10,31,600,5,2,1,5,6,684
201600000280,16,12,13,1730,3,1,1,1,1,288
201600000281,16,12,15,1845,5,2,1,1,6,14
201600000282,16,7,18,1515,1,2,1,1,6,55
201600000283,16,1,14,1100,1,2,2,1,3,645
201600000284,16,2,13,1530,1,2,1,2,6,57
201600000285,16,2,23,1000,1,1,2,1,3,756
201600000286,16,11,3,1030,1,2,1,1,2,598
201600000287,16,11,16,1330,1,1,1,1,3,614
201600000288,16,12,27,1830,3,2,1,8,1,393
201600000289,16,5,16,600,2,2,1,1,6,304
201600000290,16,9,11,930,1,1,1,1,6,569
201600000291,16,7,10,1715,1,1,1,1,5,803
201600000292,16,1,10,1415,1,2,1,9,6,767
201600000293,16,3,19,1215,1,2,1,1,3,767
201600000294,16,4,4,145,3,2,1,3,6,451
201600000295,16,4,13,1645,1,1,1,1,2,367
201600000296,16,4,16,200,5,2,1,1,1,767
201600000297,16,4,15,2115,3,1,1,2,1,333
201600000298,16,4,17,1115,1,1,1,1,3,269
201600000299,16,6,6,1700,1,2,1,1,6,767
201600000300,16,7,8,1230,1,2,1,1,3,138
201600000301,16,7,29,1300,1,2,1,1,1,717
201600000302,16,9,10,1045,1,1,1,1,6,835
201600000303,16,9,13,2000,2,1,1,1,1,450
201600000304,16,9,14,1830,1,2,3,1,1,519
201600000305,16,9,18,1600,1,1,1,2,5,514
201600000306,16,9,29,2145,3,1,1,2,6,686
201600000307,16,11,1,1815,2,1,1,1,3,260
201600000308,16,11,4,1300,1,1,1,1,3,767
201600000309,16,12,12,1200,1,1,1,1,3,835
201600000310,16,12,24,900,1,1,1,1,7,835
201600000311,16,2,27,1615,1,1,1,1,7,385
201600000312,16,2,29,700,1,1,1,9,6,316
201600000313,16,7,10,1900,1,1,1,1,6,785
201600000314,16,7,31,845,1,1,2,1,1,198
201600000315,16,9,5,715,1,1,1,2,7,802
201600000316,16,11,14,630,3,1,1,5,6,536
201600000317,16,11,28,915,1,1,1,1,1,61
201600000318,16,12,2,1930,5,2,1,8,3,784
201600000319,16,12,29,45,3,1,1,5,6,630
201600000320,16,4,16,1445,1,1,1,1,6,415
201600000321,16,7,10,1800,1,1,1,1,6,45
201600000322,16,7,9,1430,1,2,1,1,6,695
201600000323,16,9,27,1700,1,2,1,1,3,732
201600000324,16,9,29,1415,1,2,1,1,6,554
201600000325,16,5,13,1800,1,1,1,1,6,798
201600000326,16,8,31,1630,1,1,1,1,1,385
201600000327,16,2,23,2130,3,1,1,5,6,110
201600000328,16,4,12,1630,1,1,1,1,1,618
201600000329,16,6,25,1500,1,2,2,1,3,287
201600000330,16,8,2,1230,1,1,8,2,3,721
201600000331,16,10,29,915,1,1,1,8,1,110
201600000332,16,8,27,1400,1,2,1,1,3,776
201600000333,16,7,3,2300,5,2,1,1,6,711
201600000334,16,1,8,900,1,2,1,1,6,523
201600000335,16,1,14,815,5,2,1,3,6,523
201600000336,16,1,22,1815,5,2,1,2,3,16
201600000337,16,2,26,1945,5,2,1,1,7,16
201600000338,16,3,16,1715,1,2,1,1,3,16
201600000339,16,4,19,1230,1,1,1,1,6,540
201600000340,16,5,11,1200,1,2,1,1,3,16
201600000341,16,5,24,1415,1,2,1,1,6,16
201600000342,16,5,25,2300,5,2,6,1,3,523
201600000343,16,6,10,1900,2,1,1,1,6,384
201600000344,16,8,28,1145,1,1,1,1,3,47
201600000345,16,10,14,1745,1,1,1,2,7,366
201600000346,16,12,31,2030,3,1,1,5,6,547
201600000347,16,2,13,530,3,1,1,1,6,80
201600000348,16,2,19,1645,1,2,1,1,2,128
201600000349,16,3,8,445,3,1,3,2,3,468
201600000350,16,7,15,1315,1,1,1,1,1,128
201600000351,16,9,6,1045,1,1,1,2,1,238
201600000352,16,10,23,2045,3,1,2,3,5,787
201600000353,16,10,30,1745,2,1,2,1,3,827
201600000354,16,2,5,730,2,2,2,2,3,173
201600000355,16,10,9,1545,1,1,1,1,6,262
201600000356,16,12,10,2100,3,1,1,8,6,788
201600000357,16,12,28,1430,1,2,1,1,6,56
201600000358,16,12,27,1145,1,2,1,1,6,820
201600000359,16,7,1,1815,1,1,2,1,3,582
201600000360,16,10,8,1415,1,1,1,1,3,531
201600000361,16,11,23,930,1,2,2,1,3,453
201600000362,16,2,15,1245,1,1,1,1,1,111
201600000363,16,2,19,1845,5,2,1,1,6,602
201600000364,16,2,26,645,3,1,1,1,6,159
201600000365,16,12,4,2045,3,1,1,1,1,309
201600000366,16,1,3,100,3,1,1,3,3,290
201600000367,16,2,27,1215,1,1,1,1,1,280
201600000368,16,4,26,845,1,1,1,1,1,290
201600000369,16,6,25,1945,1,1,1,1,5,290
201600000370,16,7,18,1200,1,1,3,1,3,209
201600000371,16,11,3,1915,4,1,1,8,1,458
201600000372,16,11,11,1815,3,1,1,2,1,554
201600000373,16,11,16,1330,1,1,1,1,1,213
201600000374,16,7,25,45,3,1,1,1,6,505
201600000375,16,10,3,1500,1,1,1,1,7,186
201600000376,16,10,8,800,1,1,1,1,6,221
201600000377,16,1,28,1930,3,1,2,1,3,744
201600000378,16,5,15,1145,1,2,3,1,1,449
201600000379,16,6,12,1,4,1,1,1,6,543
201600000380,16,6,15,2245,3,1,1,2,7,585
201600000381,16,11,17,1830,1,2,3,1,6,305
201600000382,16,3,11,415,3,1,3,1,3,303
201600000383,16,4,20,730,2,1,8,7,3,397
201600000384,16,4,21,1730,1,1,1,1,3,359
201600000385,16,7,3,1115,1,1,1,1,7,614
201600000386,16,3,3,1700,1,2,3,2,1,95
201600000387,16,3,26,1030,1,1,1,1,1,95
201600000388,16,6,19,530,2,1,1,1,6,293
201600000389,16,9,23,2345,5,2,1,1,6,370
201600000390,16,1,16,1000,1,2,1,9,6,483
201600000391,16,1,22,745,2,1,1,9,7,648
201600000392,16,1,25,1345,1,1,1,1,2,287
201600000393,16,6,9,1745,1,1,2,1,3,639
201600000394,16,8,29,2345,4,1,3,1,1,756
201600000395,16,9,15,715,2,1,1,1,6,287
201600000396,16,9,23,345,3,1,1,1,6,648
201600000397,16,10,29,115,3,1,1,1,6,721
201600000398,16,12,25,100,3,1,1,2,6,639
201600000399,16,5,21,1645,1,1,2,1,3,770
201600000400,16,10,12,930,1,1,1,5,2,770
201600000401,16,11,4,1515,1,1,1,1,1,131
201600000402,16,11,7,1600,1,1,1,1,5,131
201600000403,16,11,19,600,3,2,1,1,6,71
201600000404,16,2,22,915,1,2,4,1,2,758
201600000405,16,4,10,1000,1,1,1,1,7,537
201600000406,16,5,5,1700,1,1,2,1,3,439
201600000407,16,7,24,2245,3,1,1,1,3,195
201600000408,16,8,16,1945,2,1,1,7,1,730
201600000409,16,10,23,2030,3,1,1,3,1,714
201600000410,16,11,24,1230,1,1,3,1,2,797
201600000411,16,4,18,815,1,2,1,1,6,810
201600000412,16,5,1,1445,1,2,1,1,3,307
201600000413,16,6,24,1200,1,1,1,1,6,512
201600000414,16,5,27,2345,3,1,1,1,6,321
201600000415,16,8,26,930,1,1,1,1,5,354
201600000416,16,9,20,1930,2,1,1,2,1,826
201600000417,16,12,16,230,3,1,1,1,3,444
201600000418,16,3,27,1630,1,1,1,2,7,295
201600000419,16,5,15,245,3,1,1,1,7,67
201600000420,16,8,24,2315,3,1,1,1,2,548
201600000421,16,10,3,1115,1,2,2,1,6,141
201600000422,16,10,15,2300,3,1,1,1,6,419
201600000423,16,6,16,1915,1,1,1,3,7,313
201600000424,16,7,24,15,3,2,3,1,6,830
201600000425,16,10,29,1700,1,2,3,1,3,298
201600000426,16,5,3,1100,1,1,1,1,2,833
201600000427,16,6,4,1945,1,2,3,1,3,391
201600000428,16,7,29,1530,1,1,2,1,1,833
201600000429,16,8,4,1630,1,2,1,1,6,381
201600000430,16,10,18,1415,1,2,9,1,6,381
201600000431,16,12,2,1215,1,1,1,5,3,470
201600000432,16,12,3,500,5,2,3,1,6,381
201600000433,16,2,2,1600,1,1,1,1,3,251
201600000434,16,2,26,2315,3,1,1,1,7,41
201600000435,16,4,21,1845,1,1,1,1,7,9
201600000436,16,5,3,1830,1,1,1,1,7,251
201600000437,16,6,9,1230,1,1,1,1,2,428
201600000438,16,6,9,1615,1,2,1,1,2,628
201600000439,16,6,10,2330,3,1,1,1,1,9
201600000440,16,8,9,745,1,1,1,1,1,668
201600000441,16,8,11,400,3,1,1,1,6,703
201600000442,16,8,19,2215,5,2,6,1,7,41
201600000443,16,8,18,2315,3,1,1,1,2,628
201600000444,16,8,28,1645,1,1,6,1,7,9
201600000445,16,9,23,815,2,2,1,5,3,703
201600000446,16,10,2,1245,1,1,1,1,6,9
201600000447,16,11,26,530,3,1,1,2,2,480
201600000448,16,12,23,1745,3,1,1,2,5,63
201600000449,16,3,19,2115,1,1,1,1,2,211
201600000450,16,4,1,2200,3,1,1,1,1,97
201600000451,16,5,28,1400,1,1,1,2,3,690
201600000452,16,5,30,900,1,1,1,2,1,645
201600000453,16,7,21,1700,1,1,1,1,6,143
201600000454,16,9,10,1900,1,1,1,1,5,363
201600000455,16,9,18,1830,1,1,1,1,1,644
201600000456,16,3,8,1115,1,2,1,1,6,286
201600000457,16,12,27,2015,3,1,1,1,6,194
201600000458,16,1,14,800,2,2,1,2,6,462
201600000459,16,5,19,1815,1,1,1,1,3,504
201600000460,16,6,6,930,1,1,1,1,1,462
201600000461,16,7,30,1915,1,2,1,1,3,65
201600000462,16,8,26,1115,1,1,1,1,1,135
201600000463,16,10,2,1900,2,2,1,1,7,700
201600000464,16,11,28,1330,1,2,1,1,6,462
201600000465,16,12,15,1445,1,2,1,1,6,462
201600000466,16,1,14,1030,1,1,1,2,7,234
201600000467,16,3,7,800,1,2,1,8,6,157
201600000468,16,5,15,1230,1,1,1,1,7,454
201600000469,16,6,28,1745,1,1,1,1,3,559
201600000470,16,9,1,900,1,1,1,1,1,16
201600000471,16,5,5,2345,5,2,1,1,6,664
201600000472,16,7,4,2215,3,1,1,1,7,486
201600000473,16,9,4,15,5,2,1,1,6,565
201600000474,16,4,25,715,1,1,1,1,2,524
201600000475,16,2,27,30,3,1,9,1,1,120
201600000476,16,6,21,845,1,2,1,3,2,524
201600000477,16,1,14,1800,3,1,1,2,1,116
201600000478,16,1,27,1015,1,1,9,8,3,116
201600000479,16,2,6,1000,1,1,9,1,3,116
201600000480,16,6,16,1545,1,2,1,1,2,439
201600000481,16,8,26,545,3,1,1,1,3,317
201600000482,16,10,12,2230,3,1,1,1,7,313
201600000483,16,11,16,800,2,2,1,8,3,15
201600000484,16,11,16,1445,1,1,1,1,1,116
201600000485,16,11,24,1515,2,2,1,1,6,313
201600000486,16,12,1,1745,3,1,1,9,7,439
201600000487,16,12,13,1545,1,1,1,1,6,439
201600000488,16,2,6,2000,3,1,1,6,5,581
201600000489,16,2,27,1415,1,2,1,1,7,201
201600000490,16,5,27,1745,1,2,1,1,7,216
201600000491,16,11,8,2000,3,1,1,1,1,216
201600000492,16,3,3,1600,1,1,1,1,1,537
201600000493,16,7,23,1015,1,1,1,1,2,129
201600000494,16,10,13,1930,5,2,1,2,3,119
201600000495,16,11,30,1730,2,1,1,1,4,392
201600000496,16,1,15,1230,1,1,1,1,4,369
201600000497,16,1,16,1900,3,1,1,1,1,491
201600000498,16,3,1,815,1,1,1,1,6,579
201600000499,16,3,4,1830,2,1,2,2,5,579
201600000500,16,5,18,1215,1,1,1,1,3,369
201600000501,16,6,3,1915,2,2,1,1,7,402
201600000502,16,6,11,2100,2,1,1,3,6,579
201600000503,16,6,22,1000,1,2,1,1,1,402
201600000504,16,6,28,2030,1,2,1,1,6,491
201600000505,16,7,1,1630,1,1,1,1,1,579
201600000506,16,11,10,1730,3,1,1,2,1,491
201600000507,16,1,9,1715,2,1,1,1,7,99
201600000508,16,1,11,1415,1,1,1,1,3,441
201600000509,16,1,28,1500,2,1,1,1,1,166
201600000510,16,4,12,915,1,1,1,1,6,531
201600000511,16,8,9,1300,1,1,1,1,6,483
201600000512,16,9,5,1100,1,1,1,8,3,125
201600000513,16,9,5,815,1,1,1,8,1,281
201600000514,16,9,10,1800,1,1,1,1,6,294
201600000515,16,9,25,145,3,1,1,1,3,48
201600000516,16,11,14,1800,3,1,9,1,1,24
201600000517,16,11,21,645,2,1,1,1,1,254
201600000518,16,11,25,1915,3,1,1,1,1,166
201600000519,16,2,13,1400,2,1,1,2,2,471
201600000520,16,4,4,115,3,2,1,2,6,53
201600000521,16,5,8,345,3,1,1,1,7,362
201600000522,16,5,10,1415,1,1,1,2,7,121
201600000523,16,5,28,1430,1,1,1,1,3,410
201600000524,16,6,6,600,2,1,1,5,6,181
201600000525,16,9,20,2145,5,2,1,1,6,278
201600000526,16,3,8,700,1,1,1,1,2,124
201600000527,16,3,21,700,1,1,1,1,5,323
201600000528,16,4,10,1230,1,2,1,1,7,557
201600000529,16,5,15,2345,3,2,1,1,6,194
201600000530,16,6,17,1300,1,1,1,1,3,764
201600000531,16,6,30,1600,1,1,1,1,1,600
201600000532,16,9,27,1930,2,1,1,1,7,574
201600000533,16,10,8,1650,1,2,1,1,6,323
201600000534,16,12,27,1830,5,2,1,1,6,323
201600000535,16,1,16,1830,3,1,1,8,1,612
201600000536,16,2,5,1900,3,1,1,1,6,421
201600000537,16,2,12,1030,1,1,1,2,3,421