Num_Acc,an,mois,jour,hrmn,lum,agg,int,atm,col,com
201600001076,16,11,3,1630,1,2,1,1,6,46
201600001077,16,11,16,245,5,2,2,2,3,46
201600001078,16,12,5,1830,5,1,9,1,6,46
201600001079,16,12,21,1800,5,2,1,3,6,46
201600001080,16,1,14,2200,3,1,1,8,6,161
201600001081,16,1,23,230,3,1,1,5,7,58
201600001082,16,2,22,1930,3,1,1,2,1,57
201600001083,16,4,17,1900,1,1,6,1,7,247
201600001084,16,5,11,1345,1,1,1,1,3,57
201600001085,16,7,7,1800,1,2,1,1,3,161
201600001086,16,8,5,930,1,1,1,1,6,32
201600001087,16,9,19,1500,1,2,1,1,6,6
201600001088,16,11,15,1615,1,1,1,1,2,247
201600001089,16,11,21,1700,2,1,1,2,5,32
201600001090,16,11,23,1800,5,2,1,2,6,247
201600001091,16,11,25,800,2,1,2,1,3,161
201600001092,16,12,2,600,3,1,1,1,1,57
201600001093,16,12,20,2315,3,1,1,2,6,32
201600001094,16,1,12,1445,1,2,6,2,1,135
201600001095,16,3,16,215,3,1,1,1,7,174
201600001096,16,4,11,1830,1,1,1,1,4,171
201600001097,16,7,15,1745,1,2,1,1,6,135
201600001098,16,7,26,1215,1,2,1,1,1,72
201600001099,16,7,31,745,1,1,6,9,6,37
201600001100,16,8,8,1900,1,2,1,1,7,220
201600001101,16,8,27,630,2,2,1,1,6,252
201600001102,16,10,16,2115,3,1,1,1,6,37
201600001103,16,12,3,815,2,1,1,9,7,284
201600001104,16,12,16,1715,1,2,1,1,3,220
201600001105,16,1,22,830,2,2,1,3,6,75
201600001106,16,5,7,1600,1,1,1,1,3,268
201600001107,16,7,13,1030,1,1,1,1,1,75
201600001108,16,9,28,1145,1,2,6,1,2,75
201600001109,16,10,11,730,2,2,1,1,3,75
201600001110,16,10,26,1730,1,2,2,1,3,235
201600001111,16,10,31,1915,5,2,1,1,6,235
201600001112,16,1,24,1215,1,1,1,1,1,128
201600001113,16,3,19,1445,1,1,2,1,3,237
201600001114,16,9,29,1115,1,1,1,2,3,237
201600001115,16,10,12,1915,2,1,1,1,1,181
201600001116,16,1,15,845,1,2,1,1,1,91
201600001117,16,12,8,900,1,1,2,1,3,124
201600001118,16,4,24,1445,1,2,6,1,1,209
201600001119,16,5,21,1900,1,1,1,1,6,95
201600001120,16,6,2,1630,1,2,2,1,4,195
201600001121,16,6,12,1030,1,1,1,8,1,209
201600001122,16,7,2,430,3,1,6,1,3,15
201600001123,16,7,13,1330,1,1,1,1,1,77
201600001124,16,8,13,615,5,2,1,1,3,160
201600001125,16,12,27,1845,5,2,1,1,1,117
201600001126,16,1,4,1715,1,1,1,2,6,178
201600001127,16,4,19,800,1,1,3,7,3,257
201600001128,16,4,26,130,3,2,1,1,7,109
201600001129,16,5,2,2115,2,1,1,1,7,149
201600001130,16,6,14,2245,3,1,1,1,6,177
201600001131,16,7,10,230,3,1,1,2,7,109
201600001132,16,7,22,1630,1,1,1,1,1,69
201600001133,16,7,28,1030,1,1,1,1,3,196
201600001134,16,8,31,115,4,1,1,1,6,257
201600001135,16,9,5,830,1,1,1,1,3,196
201600001136,16,9,11,100,3,2,1,1,6,149
201600001137,16,9,18,830,1,1,1,7,5,177
201600001138,16,9,19,830,1,1,1,1,2,149
201600001139,16,10,25,1130,1,1,3,1,3,99
201600001140,16,10,25,2145,3,1,1,5,6,177
201600001141,16,10,27,2000,5,2,6,1,7,149
201600001142,16,11,22,1115,1,2,6,7,6,260
201600001143,16,11,23,1815,3,1,1,2,1,177
201600001144,16,12,1,1445,1,1,1,7,1,196
201600001145,16,12,8,1745,2,1,1,1,3,208
201600001146,16,12,11,1830,3,1,1,2,3,178
201600001147,16,1,4,100,3,1,1,6,6,240
201600001148,16,4,13,1515,1,1,1,1,3,176
201600001149,16,9,9,815,1,1,3,1,3,53
201600001150,16,9,22,1615,2,1,1,1,6,176
201600001151,16,10,20,1100,1,2,1,1,7,302
201600001152,16,12,11,1715,5,2,1,1,6,26
201600001153,16,1,8,1445,1,2,6,1,1,24
201600001154,16,2,11,1,3,1,1,1,6,250
201600001155,16,4,17,1900,1,1,1,1,6,227
201600001156,16,10,24,300,3,1,1,5,6,89
201600001157,16,12,8,830,1,2,1,1,6,24
201600001158,16,12,12,1715,2,1,1,1,1,81
201600001159,16,12,17,1200,1,1,2,1,3,275
201600001160,16,12,24,2000,3,1,1,1,6,7
201600001161,16,3,29,2215,3,1,1,1,6,27
201600001162,16,4,15,1345,1,1,1,1,1,162
201600001163,16,5,2,1930,1,1,1,1,6,20
201600001164,16,5,22,430,3,1,1,2,6,48
201600001165,16,7,10,1700,1,1,9,1,3,175
201600001166,16,8,7,1645,1,1,1,1,1,20
201600001167,16,8,20,645,2,1,1,8,6,20
201600001168,16,9,17,1430,1,1,1,1,1,20
201600001169,16,9,27,1130,1,1,1,2,7,102
201600001170,16,9,29,845,1,1,1,8,1,20
201600001171,16,10,5,800,2,1,1,1,1,20
201600001172,16,11,3,730,2,1,2,7,3,48
201600001173,16,1,29,1830,4,2,1,1,6,42
201600001174,16,4,5,1030,1,1,1,1,5,42
201600001175,16,8,9,1830,1,1,1,1,3,42
201600001176,16,8,15,1845,1,1,1,1,1,42
201600001177,16,9,14,1145,1,1,1,1,6,120
201600001178,16,10,27,1245,1,1,1,5,6,256
201600001179,16,12,7,530,5,2,6,8,6,22
201600001180,16,12,23,800,1,1,1,1,1,280
201600001181,16,2,5,1730,1,1,1,1,6,191
201600001182,16,6,18,1830,1,1,1,1,1,199
201600001183,16,7,1,500,3,1,1,1,7,182
201600001184,16,7,15,1900,1,1,1,1,3,182
201600001185,16,2,11,815,1,1,1,4,3,204
201600001186,16,3,2,730,2,1,1,2,6,97
201600001187,16,4,8,1030,1,1,1,1,3,127
201600001188,16,6,6,1915,1,1,1,1,3,262
201600001189,16,7,8,645,2,1,1,1,7,265
201600001190,16,8,6,1930,1,1,1,1,2,38
201600001191,16,8,25,715,2,1,1,5,3,204
201600001192,16,12,6,1800,3,1,1,1,1,202
201600001193,16,2,27,1630,1,1,1,1,5,285
201600001194,16,4,18,745,1,1,2,1,3,271
201600001195,16,5,2,1700,1,1,1,1,6,271
201600001196,16,5,23,1930,1,1,1,1,1,276
201600001197,16,6,1,1500,1,1,1,1,6,276
201600001198,16,6,8,815,1,1,1,1,3,259
201600001199,16,6,20,1500,1,1,1,2,1,30
201600001200,16,8,13,1615,1,1,1,1,4,23
201600001201,16,9,15,745,2,1,1,3,1,271
201600001202,16,10,22,545,5,2,1,1,6,213
201600001203,16,11,23,1815,3,1,1,3,6,259
201600001204,16,9,25,545,4,1,1,1,6,248
201600001205,16,1,7,845,1,1,1,1,6,42
201600001206,16,1,14,1915,1,1,1,1,1,158
201600001207,16,1,15,1530,1,1,1,8,2,67
201600001208,16,1,28,715,4,2,1,1,6,206
201600001209,16,3,29,845,1,1,1,1,1,120
201600001210,16,5,10,1745,1,2,1,1,6,67
201600001211,16,6,3,1845,1,1,1,1,1,157
201600001212,16,6,5,715,1,2,1,1,6,164
201600001213,16,6,25,2100,2,1,2,1,1,158
201600001214,16,7,8,45,3,1,1,1,6,120
201600001215,16,7,31,700,1,1,1,1,6,157
201600001216,16,8,15,1700,1,1,1,1,4,67
201600001217,16,8,23,1500,1,1,1,1,3,8
201600001218,16,9,15,1330,1,2,7,1,1,206
201600001219,16,10,7,1545,1,1,1,1,3,8
201600001220,16,10,15,1130,1,2,6,1,6,158
201600001221,16,10,27,915,1,1,1,1,1,164
201600001222,16,12,18,1115,1,2,6,1,1,206
201600001223,16,1,27,1730,1,1,1,3,3,64
201600001224,16,2,20,2045,3,1,1,2,6,229
201600001225,16,4,25,2215,3,1,1,1,6,61
201600001226,16,5,1,230,3,2,1,1,6,194
201600001227,16,5,7,2245,3,1,1,2,6,221
201600001228,16,7,25,115,3,2,1,1,6,194
201600001229,16,8,4,930,1,1,1,7,1,61
201600001230,16,8,14,1400,1,1,1,1,6,1
201600001231,16,8,18,1045,1,1,1,1,3,232
201600001232,16,8,18,1600,1,1,1,1,3,216
201600001233,16,8,29,700,2,1,1,1,6,1
201600001234,16,11,22,1700,1,1,1,7,1,171
201600001235,16,12,19,1330,1,1,9,1,6,239
201600001236,16,6,8,1915,1,1,1,1,1,149
201600001237,16,7,22,1945,2,1,1,9,3,52
201600001238,16,8,1,1745,1,1,2,1,5,126
201600001239,16,9,7,1115,1,1,1,7,3,4
201600001240,16,9,12,2315,3,1,1,1,6,2
201600001241,16,9,27,730,2,1,1,2,6,2
201600001242,16,11,8,2015,3,1,2,2,3,30
201600001243,16,1,11,845,3,2,1,3,6,53
201600001244,16,5,8,1,3,1,1,2,1,53
201600001245,16,5,8,115,3,1,1,1,7,261
201600001246,16,6,9,1100,1,1,3,1,3,137
201600001247,16,7,31,1730,1,1,1,1,3,261
201600001248,16,8,12,130,3,1,1,1,7,184
201600001249,16,8,27,1745,1,1,1,1,3,28
201600001250,16,8,31,1815,1,2,1,1,1,218
201600001251,16,9,22,1500,1,1,1,1,7,231
201600001252,16,11,30,830,2,1,6,1,4,261
201600001253,16,1,10,400,3,1,9,2,6,176
201600001254,16,1,12,1830,1,2,1,8,6,7
201600001255,16,2,3,1715,1,2,1,1,6,7
201600001256,16,2,29,1615,1,2,1,1,2,46
201600001257,16,3,22,2045,3,2,1,1,7,7
201600001258,16,3,18,1745,1,2,1,1,6,262
201600001259,16,5,15,1930,1,1,1,1,3,167
201600001260,16,5,28,1930,1,1,1,1,1,23
201600001261,16,5,26,1745,1,1,1,1,2,23
201600001262,16,6,7,2000,1,1,6,1,7,23
201600001263,16,8,21,1600,1,2,1,1,5,7
201600001264,16,10,4,1700,1,2,1,1,1,176
201600001265,16,10,14,745,2,2,6,1,2,7
201600001266,16,12,2,800,2,1,1,9,7,263
201600001267,16,12,10,1430,1,1,1,8,1,176
201600001268,16,1,23,915,1,1,1,8,1,241
201600001269,16,5,29,730,2,1,1,1,6,241
201600001270,16,7,5,1830,1,2,1,1,6,152
201600001271,16,7,29,1815,1,2,1,1,3,152
201600001272,16,9,6,2045,2,1,1,1,6,152
201600001273,16,4,1,1600,1,1,2,1,2,69
201600001274,16,10,17,1615,1,1,1,8,7,69
201600001275,16,3,20,1830,1,1,1,1,1,67
201600001276,16,9,24,715,5,1,1,1,6,36
201600001277,16,3,23,1730,1,2,6,7,3,118
201600001278,16,6,17,1930,1,2,1,1,3,13
201600001279,16,6,26,215,3,1,1,1,7,13
201600001280,16,8,15,1100,1,1,1,7,6,54
201600001281,16,11,26,1815,5,1,1,1,3,193
201600001282,16,1,9,1300,1,1,1,3,7,122
201600001283,16,1,22,1615,1,2,1,1,6,165
201600001284,16,2,8,1745,1,2,1,8,7,165
201600001285,16,2,19,1945,3,1,1,1,1,127
201600001286,16,4,20,1515,1,1,1,1,1,139
201600001287,16,5,28,1515,1,1,1,1,7,129
201600001288,16,6,30,930,1,1,9,1,6,165
201600001289,16,7,13,1930,1,1,1,1,6,249
201600001290,16,7,29,1100,1,2,9,1,6,165
201600001291,16,8,19,2200,3,1,1,1,6,257
201600001292,16,9,20,1530,1,1,1,1,1,80
201600001293,16,10,4,1300,1,1,1,1,7,165
201600001294,16,10,22,1130,1,1,1,1,6,249
201600001295,16,11,26,130,3,1,1,1,6,249
201600001296,16,1,1,1845,3,1,1,2,7,75
201600001297,16,1,16,1100,1,1,1,1,7,6
201600001298,16,1,26,615,3,1,1,2,6,136
201600001299,16,2,16,1330,1,1,1,1,7,136
201600001300,16,6,2,1645,1,1,1,1,3,20
201600001301,16,7,28,1000,1,1,1,1,6,226
201600001302,16,8,26,1615,1,1,1,1,1,180
201600001303,16,9,18,1045,1,1,1,1,6,191
201600001304,16,10,13,1330,1,2,3,1,3,75
201600001305,16,11,17,830,3,1,2,1,3,12
201600001306,16,11,19,1415,1,1,1,1,6,20
201600001307,16,12,16,1100,1,1,3,7,3,44
201600001308,16,5,4,1700,1,1,6,1,1,222
201600001309,16,5,15,1100,1,2,1,1,6,222
201600001310,16,6,6,1700,1,1,2,3,3,172
201600001311,16,6,25,1115,1,1,1,1,1,236
201600001312,16,6,28,1445,1,1,1,1,6,47
201600001313,16,7,12,1845,1,2,1,1,3,91
201600001314,16,7,24,1,3,1,1,1,2,102
201600001315,16,8,7,1630,1,2,1,1,6,91
201600001316,16,9,4,1445,2,1,1,1,6,172
201600001317,16,11,6,1530,1,1,1,3,7,59
201600001318,16,11,4,1945,3,1,1,2,7,82
201600001319,16,4,2,930,1,1,1,1,3,113
201600001320,16,4,9,1030,1,1,2,1,3,237
201600001321,16,6,19,1545,1,1,1,1,6,163
201600001322,16,6,29,15,4,1,1,1,6,237
201600001323,16,8,25,1600,1,1,1,1,2,151
201600001324,16,8,26,1845,1,1,1,1,5,110
201600001325,16,9,3,1630,1,1,1,1,2,237
201600001326,16,11,5,1745,1,2,1,1,3,41
201600001327,16,11,22,1815,3,1,1,1,6,125
201600001328,16,11,24,2200,3,1,1,2,6,264
201600001329,16,1,16,1000,1,1,1,1,1,141
201600001330,16,3,19,1700,1,1,1,1,6,144
201600001331,16,5,4,1315,1,1,1,1,7,74
201600001332,16,6,25,1530,1,1,1,1,6,140
201600001333,16,7,16,1000,1,1,1,1,3,174
201600001334,16,8,21,45,3,1,1,1,6,192
201600001335,16,10,4,1045,1,1,1,1,1,10
201600001336,16,10,20,2145,3,1,1,1,6,10
201600001337,16,11,8,1015,1,1,1,1,3,142
201600001338,16,12,5,815,2,1,1,1,3,141
201600001339,16,12,9,1900,3,1,1,5,7,140
201600001340,16,1,16,2250,3,1,1,1,1,201
201600001341,16,5,14,2015,1,2,1,1,5,201
201600001342,16,9,26,1530,1,2,1,1,1,66
201600001343,16,1,5,800,3,1,1,1,2,76
201600001344,16,10,19,2000,3,1,1,1,5,310
201600001345,16,11,17,2215,3,1,1,1,5,160
201600001346,16,11,18,1400,1,1,1,4,5,145
201600001347,16,12,19,1015,1,1,1,1,6,310
201600001348,16,3,12,1215,1,1,1,1,6,76
201600001349,16,1,8,2130,4,2,1,3,3,365
201600001350,16,1,13,1200,1,2,1,1,6,384
201600001351,16,1,17,400,3,2,1,1,6,66
201600001352,16,7,28,1735,1,2,3,1,1,384
201600001353,16,9,13,530,3,1,6,1,7,228
201600001354,16,10,2,950,1,2,2,1,3,66
201600001355,16,11,5,1100,1,2,6,1,6,562
201600001356,16,11,13,1245,1,1,1,1,1,758
201600001357,16,11,22,730,3,1,1,1,7,170
201600001358,16,1,4,1930,3,1,1,1,1,254
201600001359,16,1,10,700,2,1,1,1,6,42
201600001360,16,2,5,2330,3,2,1,1,6,543
201600001361,16,4,27,945,1,2,6,7,6,738
201600001362,16,8,11,1345,1,2,1,1,3,738
201600001363,16,9,12,1030,1,1,3,1,1,592
201600001364,16,12,9,530,3,1,1,1,7,257
201600001365,16,3,31,1930,2,1,1,1,7,268
201600001366,16,4,8,1415,1,1,1,1,2,546
201600001367,16,4,29,845,1,2,1,3,6,20
201600001368,16,5,10,1745,1,2,3,1,3,92
201600001369,16,6,9,1230,1,1,4,1,1,603
201600001370,16,6,24,2145,1,2,1,1,1,149
201600001371,16,8,4,1945,1,1,3,1,2,456
201600001372,16,9,13,1645,1,2,1,1,3,20
201600001373,16,10,11,1800,1,1,1,1,3,57
201600001374,16,10,30,1530,1,2,1,1,7,456
201600001375,16,11,6,200,4,2,1,1,6,97
201600001376,16,12,10,1200,1,1,1,1,7,74
201600001377,16,4,6,1245,1,1,2,2,3,68
201600001378,16,4,16,530,5,1,1,1,2,76
201600001379,16,6,22,1045,1,2,1,1,6,166
201600001380,16,8,19,1400,1,2,3,1,3,325
201600001381,16,9,25,1330,1,1,1,1,6,488
201600001382,16,11,15,1715,2,2,1,2,3,68
201600001383,16,2,6,1830,3,1,1,6,6,353
201600001384,16,4,30,1045,1,2,3,1,3,143
201600001385,16,6,5,1545,1,1,1,1,1,734
201600001386,16,6,30,1745,1,1,1,1,1,143
201600001387,16,7,5,800,1,1,1,2,1,353
201600001388,16,7,19,1630,1,1,1,1,1,373
201600001389,16,8,23,1545,1,2,1,1,1,232
201600001390,16,8,28,2030,1,2,1,1,6,336
201600001391,16,9,8,1730,1,1,1,1,3,702
201600001392,16,10,8,1645,1,1,1,1,7,120
201600001393,16,1,1,920,1,1,1,1,6,712
201600001394,16,1,5,1945,3,1,1,1,6,9
201600001395,16,2,6,2130,3,1,1,2,1,712
201600001396,16,5,25,2200,3,2,1,1,7,530
201600001397,16,7,16,1815,1,1,2,1,3,530
201600001398,16,10,20,1942,3,2,1,1,7,666
201600001399,16,10,29,1045,1,1,1,1,3,9
201600001400,16,12,17,1930,3,1,1,5,1,9
201600001401,16,1,7,1030,1,1,1,6,1,732
201600001402,16,5,3,1730,1,2,1,7,6,47
201600001403,16,4,28,2140,5,2,6,1,2,47
201600001404,16,6,9,2015,1,1,1,1,1,346
201600001405,16,6,27,1445,1,2,1,1,2,47
201600001406,16,7,4,1830,1,1,1,1,6,728
201600001407,16,9,4,1545,1,1,1,1,2,529
201600001408,16,12,31,645,3,1,1,9,7,480
201600001409,16,1,10,1,3,1,1,2,6,614
201600001410,16,1,21,800,2,1,2,1,3,700
201600001411,16,1,13,1400,1,2,1,1,6,370
201600001412,16,3,18,1845,2,2,9,1,7,370
201600001413,16,4,16,1930,1,1,1,7,6,622
201600001414,16,5,24,900,1,2,1,1,3,50
201600001415,16,5,24,2145,1,1,2,1,3,272
201600001416,16,6,9,1700,1,2,1,1,3,369
201600001417,16,8,4,1215,1,2,7,1,6,370
201600001418,16,8,12,1630,1,2,2,1,6,312
201600001419,16,8,25,1000,1,1,1,1,6,342
201600001420,16,9,1,945,1,1,2,1,3,714
201600001421,16,10,1,2045,3,1,1,2,5,643
201600001422,16,10,19,1630,1,2,1,1,6,342
201600001423,16,11,4,730,5,2,1,1,6,370
201600001424,16,12,6,1700,1,1,1,1,1,716
201600001425,16,12,9,2045,3,1,1,1,6,312
201600001426,16,12,6,930,2,1,1,1,6,705
201600001427,16,12,11,1745,3,1,1,5,7,370
201600001428,16,2,3,1415,1,1,1,1,7,720
201600001429,16,9,1,1000,1,1,1,1,3,737
201600001430,16,9,21,1515,1,2,1,1,1,258
201600001431,16,9,23,645,2,1,1,5,6,258
201600001432,16,11,9,1815,5,2,1,2,6,258
201600001433,16,11,14,2130,5,2,6,2,7,258
201600001434,16,11,17,800,1,1,1,1,3,244
201600001435,16,12,6,1900,5,2,1,1,6,258
201600001436,16,12,31,400,3,1,1,9,6,244
201600001437,16,8,30,1415,1,1,1,1,6,251
201600001438,16,1,13,1145,1,1,1,8,7,713
201600001439,16,1,30,1730,2,2,1,2,1,656
201600001440,16,2,6,200,5,2,1,1,6,764
201600001441,16,11,6,1700,2,1,1,1,3,150
201600001442,16,11,7,815,1,1,1,8,6,531
201600001443,16,11,11,845,1,2,1,1,1,207
201600001444,16,11,6,1,3,1,1,2,7,703
201600001445,16,4,4,715,2,1,1,1,1,764
201600001446,16,12,11,1300,1,1,1,8,6,251
201600001447,16,6,10,1700,1,1,1,1,7,531
201600001448,16,7,6,1800,1,2,1,1,7,656
201600001449,16,2,22,1315,1,2,1,1,6,654
201600001450,16,2,24,1930,3,1,1,1,6,648
201600001451,16,3,13,1045,1,1,2,1,1,425
201600001452,16,3,12,1700,1,1,1,1,7,337
201600001453,16,4,13,1830,1,1,4,7,1,749
201600001454,16,4,19,1645,1,1,1,1,7,648
201600001455,16,6,26,1900,1,1,3,1,3,331
201600001456,16,7,22,1645,1,1,1,1,1,749
201600001457,16,8,2,1815,1,1,2,1,3,362
201600001458,16,8,22,1700,1,2,2,1,3,431
201600001459,16,9,8,1730,1,1,1,1,3,431
201600001460,16,9,10,1600,1,1,1,1,6,422
201600001461,16,10,21,1830,2,1,1,2,6,331
201600001462,16,11,15,1815,5,2,1,2,7,431
201600001463,16,10,16,515,3,1,1,6,6,735
201600001464,16,12,4,1700,3,1,1,1,6,425
201600001465,16,1,31,10,5,2,1,2,6,371
201600001466,16,2,9,945,1,1,1,3,6,326
201600001467,16,5,29,2015,1,1,1,1,6,460
201600001468,16,6,2,1000,1,1,1,8,1,429
201600001469,16,6,30,1230,1,1,2,8,3,504
201600001470,16,8,28,400,3,1,1,1,6,193
201600001471,16,9,4,530,3,1,1,9,7,270
201600001472,16,9,10,1700,1,1,1,1,3,460
201600001473,16,10,26,1330,1,1,1,1,2,582
201600001474,16,12,22,1830,3,1,1,1,2,504
201600001475,16,11,9,1300,1,1,2,8,3,431
201600001476,16,1,13,345,3,1,1,6,6,86
201600001477,16,4,13,1000,1,1,1,1,1,269
201600001478,16,6,25,15,3,1,1,1,6,593
201600001479,16,7,17,130,5,2,2,1,3,514
201600001480,16,8,7,1915,1,1,1,1,5,578
201600001481,16,8,21,1000,1,2,1,1,6,77
201600001482,16,11,14,715,3,1,1,1,7,185
201600001483,16,11,15,1815,3,1,1,2,3,578
201600001484,16,4,15,1130,1,1,2,1,3,723
201600001485,16,5,16,900,1,1,1,1,5,227
201600001486,16,6,3,1515,1,1,3,1,1,541
201600001487,16,8,16,830,1,1,3,7,1,203
201600001488,16,9,26,2115,3,1,1,1,6,541
201600001489,16,10,19,2000,3,1,1,2,6,398
201600001490,16,10,29,1515,1,1,3,1,3,494
201600001491,16,11,30,1450,1,1,1,7,3,524
201600001492,16,1,17,1120,1,2,3,1,2,584
201600001493,16,2,3,1800,2,1,1,1,6,671
201600001494,16,2,14,530,3,2,1,2,6,187
201600001495,16,3,22,2230,3,1,1,1,1,513
201600001496,16,5,18,1400,1,2,1,3,6,762
201600001497,16,7,10,830,1,2,1,1,2,762
201600001498,16,8,9,1530,1,1,1,1,1,187
201600001499,16,8,20,1000,1,2,1,1,6,762
201600001500,16,9,16,1415,1,1,1,1,3,417
201600001501,16,11,10,700,2,1,1,2,1,584
201600001502,16,11,9,1445,1,1,1,2,1,417
201600001503,16,12,10,400,4,1,1,1,6,545
201600001504,16,12,14,1315,1,1,3,1,3,417
201600001505,16,12,31,1415,1,1,1,9,6,579
201600001506,16,1,11,1045,1,1,1,2,6,508
201600001507,16,3,12,1445,1,1,1,1,7,443
201600001508,16,5,25,1115,1,1,1,1,6,412
201600001509,16,7,15,730,2,2,2,5,3,52
201600001510,16,9,3,1145,1,2,1,1,6,412
201600001511,16,10,20,1645,1,1,1,2,7,27
201600001512,16,4,11,1545,1,2,1,2,6,174
201600001513,16,4,30,1430,1,2,1,1,3,174
201600001514,16,5,28,1230,1,1,1,1,7,572
201600001515,16,9,3,1745,1,1,1,1,3,585
201600001516,16,9,4,1545,1,1,1,1,6,756
201600001517,16,9,23,1315,1,2,1,1,3,174
201600001518,16,11,11,2045,5,2,1,1,3,253
201600001519,16,11,18,1130,1,1,1,6,2,442
201600001520,16,11,23,1215,1,2,3,1,5,174
201600001521,16,6,1,1845,1,1,1,2,5,538
201600001522,16,1,7,1600,1,2,1,1,7,485
201600001523,16,1,28,730,3,1,2,1,3,107
201600001524,16,8,18,1745,1,1,3,7,2,564
201600001525,16,12,28,1145,1,2,1,7,6,99
201600001526,16,1,10,1830,5,1,2,1,3,431
201600001527,16,1,13,1815,3,1,1,1,5,352
201600001528,16,1,22,1530,1,1,2,2,5,106
201600001529,16,4,1,745,1,2,1,1,1,409
201600001530,16,4,7,830,1,1,1,4,3,46
201600001531,16,7,5,1345,1,1,3,1,2,239
201600001532,16,10,9,1830,1,1,1,1,1,491
201600001533,16,10,19,1715,1,1,1,1,1,161
201600001534,16,11,18,2155,3,1,1,4,7,239
201600001535,16,12,8,2030,3,1,1,1,6,356
201600001536,16,12,18,1800,3,1,3,5,3,356
201600001537,16,3,13,1930,2,1,1,1,7,363
201600001538,16,6,5,715,1,1,1,1,1,159
201600001539,16,6,12,1145,1,1,1,8,7,393
201600001540,16,9,15,945,1,1,1,2,7,214
201600001541,16,10,18,1730,1,1,1,1,5,95
201600001542,16,1,12,855,1,1,1,2,6,54
201600001543,16,8,7,1130,1,1,1,1,6,224
201600001544,16,9,9,1930,1,1,1,1,3,224
201600001545,16,10,19,730,2,1,1,1,7,441
201600001546,16,2,15,1230,1,1,1,1,6,54
201600001547,16,3,6,1340,1,1,1,1,6,54
201600001548,16,11,3,2000,3,1,1,1,7,261
201600001549,16,4,13,820,1,1,1,8,3,54
201600001550,16,5,8,930,1,1,2,1,3,54
201600001551,16,5,24,1430,1,1,1,1,2,54
201600001552,16,6,8,800,1,1,3,1,4,54
201600001553,16,6,9,1415,1,1,1,1,6,54
201600001554,16,6,22,445,5,1,1,1,2,54
201600001555,16,6,25,900,1,1,1,1,3,54
201600001556,16,8,7,800,1,1,1,1,6,54
201600001557,16,7,16,2130,4,1,6,1,2,54
201600001558,16,7,22,1615,1,1,1,1,4,54
201600001559,16,9,5,1500,1,1,1,8,6,54
201600001560,16,9,7,1120,1,1,1,1,2,54
201600001561,16,9,7,1300,1,1,1,1,2,54
201600001562,16,10,19,755,2,1,3,1,3,54
201600001563,16,11,9,1830,5,1,1,2,5,54
201600001564,16,11,22,1825,4,1,1,1,6,54
201600001565,16,12,12,2000,5,1,4,2,4,54
201600001566,16,12,26,1800,5,1,1,8,6,54
201600001567,16,12,28,915,1,1,1,1,4,54
201600001568,16,3,4,1515,1,2,1,2,6,25
201600001569,16,3,12,1915,3,1,3,1,1,399
201600001570,16,5,8,1615,1,1,3,1,2,616
201600001571,16,6,14,1645,1,2,1,7,6,516
201600001572,16,8,22,815,1,1,3,1,3,554
201600001573,16,10,21,2215,3,1,3,1,6,554
201600001574,16,11,23,1730,3,1,1,2,5,554
201600001575,16,12,2,815,2,1,1,5,3,554
201600001576,16,12,16,1845,3,1,3,1,3,516
201600001577,16,12,15,1545,1,1,1,1,5,66
201600001578,16,1,12,815,2,1,1,4,5,540
201600001579,16,1,16,1145,1,2,1,7,2,102
201600001580,16,2,4,1030,1,2,1,8,6,565
201600001581,16,3,27,2345,3,1,1,6,6,493
201600001582,16,5,6,2215,3,1,1,1,6,541
201600001583,16,6,10,2015,1,1,1,8,1,565
201600001584,16,7,6,1930,1,1,2,1,3,493
201600001585,16,8,7,215,5,2,3,1,7,66
201600001586,16,8,14,915,2,1,1,7,3,167
201600001587,16,9,17,1500,1,1,1,1,5,541
201600001588,16,9,28,1015,1,2,1,1,6,237
201600001589,16,10,17,800,2,2,1,5,7,167
201600001590,16,11,14,1500,1,2,1,1,6,434
201600001591,16,12,29,1030,1,2,1,7,6,102
201600001592,16,2,16,2000,3,1,1,1,2,410
201600001593,16,2,9,1515,1,2,2,1,6,168
201600001594,16,3,25,1700,1,1,1,1,5,410
201600001595,16,7,23,1500,1,1,1,1,4,413
201600001596,16,2,27,1900,5,2,1,1,3,639
201600001597,16,3,4,2045,3,1,1,2,1,118
201600001598,16,6,12,1200,1,1,2,2,1,453
201600001599,16,10,8,1215,1,2,1,1,6,542
201600001600,16,10,16,130,3,1,1,8,7,453
201600001601,16,7,16,1015,1,1,1,1,1,623
201600001602,16,7,3,2345,3,1,1,8,6,242
201600001603,16,8,2,1715,1,1,1,3,1,41
201600001604,16,9,18,1115,1,1,1,1,6,41
201600001605,16,10,25,1200,1,1,1,1,3,187
201600001606,16,10,30,1515,1,1,1,1,6,57
201600001607,16,12,4,1700,1,1,1,1,1,41
201600001608,16,2,4,715,3,2,1,6,6,503
201600001609,16,5,6,1500,1,1,2,1,1,45
201600001610,16,5,13,1215,1,1,3,1,5,594
201600001611,16,5,15,1800,1,2,1,1,6,31
201600001612,16,7,16,2115,2,1,2,7,2,402
201600001613,16,7,23,1630,1,1,1,1,3,332
201600001614,16,8,15,1445,1,1,2,1,1,299