Num_Acc,an,mois,jour,hrmn,lum,agg,int,atm,col,com
201600001615,16,8,28,1145,1,2,2,1,3,82
201600001616,16,10,16,1500,1,1,1,1,2,82
201600001617,16,11,5,1445,1,2,9,8,6,31
201600001618,16,12,15,1330,1,1,1,1,2,580
201600001619,16,12,23,1,3,1,1,5,2,82
201600001620,16,12,28,915,1,1,1,1,6,425
201600001621,16,5,26,1915,1,2,1,3,6,551
201600001622,16,9,7,2030,1,1,1,1,6,64
201600001623,16,12,12,1315,1,1,1,1,1,619
201600001624,16,4,19,730,1,1,1,1,6,588
201600001625,16,9,29,1630,1,1,1,1,7,498
201600001626,16,9,30,1230,1,1,3,1,6,196
201600001627,16,12,9,1915,3,1,1,1,5,270
201600001628,16,12,12,1115,1,2,1,1,3,615
201600001629,16,1,4,830,2,1,1,1,5,92
201600001630,16,5,8,515,3,1,1,8,6,61
201600001631,16,7,9,1800,1,2,2,1,3,58
201600001632,16,8,7,1300,1,2,3,1,6,3
201600001633,16,11,24,1145,1,1,1,1,6,378
201600001634,16,3,6,1700,1,2,1,1,1,143
201600001635,16,3,12,2200,3,1,1,1,6,228
201600001636,16,5,4,1545,1,1,1,1,2,266
201600001637,16,5,13,1145,1,1,1,1,1,85
201600001638,16,7,10,715,1,1,1,1,6,463
201600001639,16,9,27,645,3,1,2,1,2,223
201600001640,16,9,28,1245,1,1,2,1,1,140
201600001641,16,10,15,1500,1,1,1,2,6,76
201600001642,16,11,1,1145,1,1,1,1,7,76
201600001643,16,11,20,1300,1,1,1,1,6,221
201600001644,16,12,19,1945,3,1,1,2,6,228
201600001645,16,1,21,215,4,2,1,1,6,236
201600001646,16,2,14,45,3,1,1,1,6,166
201600001647,16,2,29,1645,1,2,6,1,3,151
201600001648,16,8,21,1400,1,1,2,1,3,160
201600001649,16,9,11,1815,1,1,4,7,3,394
201600001650,16,9,17,600,3,2,1,1,1,394
201600001651,16,9,23,1615,1,1,1,1,3,550
201600001652,16,10,1,900,1,2,1,1,4,236
201600001653,16,12,23,1715,2,2,2,2,3,510
201600001654,16,1,3,530,5,2,1,3,6,582
201600001655,16,4,12,1615,1,1,1,1,1,474
201600001656,16,6,20,1545,1,1,1,3,1,582
201600001657,16,7,14,500,4,1,1,1,2,582
201600001658,16,8,15,2315,5,2,1,1,3,359
201600001659,16,1,6,1700,2,1,1,1,2,189
201600001660,16,1,2,1445,1,2,1,8,7,53
201600001661,16,1,9,930,1,1,1,5,6,451
201600001662,16,1,13,1545,1,2,1,1,6,344
201600001663,16,1,15,1650,2,2,3,4,6,53
201600001664,16,1,18,1335,1,1,7,1,3,53
201600001665,16,1,20,1355,1,1,2,5,3,289
201600001666,16,1,21,1348,1,2,3,1,3,53
201600001667,16,2,10,1630,1,1,1,1,5,451
201600001668,16,2,11,1510,1,2,6,8,1,53
201600001669,16,2,20,1150,1,2,6,8,6,53
201600001670,16,3,1,2230,5,2,2,2,3,53
201600001671,16,3,2,1615,1,2,2,1,3,53
201600001672,16,3,19,1940,5,2,3,1,3,53
201600001673,16,3,18,755,1,2,1,1,6,53
201600001674,16,3,22,1715,1,2,6,1,3,451
201600001675,16,3,24,1655,1,2,1,1,3,53
201600001676,16,4,10,900,1,1,3,1,5,451
201600001677,16,4,11,1215,1,1,1,1,2,451
201600001678,16,4,13,645,2,2,6,2,3,53
201600001679,16,4,26,1835,1,2,1,2,6,289
201600001680,16,4,28,1705,1,2,2,1,3,451
201600001681,16,4,28,1745,1,2,2,1,1,53
201600001682,16,5,3,1730,1,1,4,1,3,289
201600001683,16,5,3,2250,3,1,2,1,3,451
201600001684,16,5,6,1200,1,2,2,1,2,451
201600001685,16,5,11,1510,1,1,1,8,3,451
201600001686,16,5,17,1730,1,2,1,1,3,53
201600001687,16,5,23,1330,1,2,3,2,3,53
201600001688,16,5,31,925,1,1,1,3,1,53
201600001689,16,6,1,1225,1,2,1,1,6,53
201600001690,16,6,4,1100,1,1,1,2,1,53
201600001691,16,6,24,1625,1,2,3,1,3,53
201600001692,16,6,28,810,1,2,1,1,6,53
201600001693,16,7,1,1700,1,2,1,1,7,344
201600001694,16,7,8,805,1,2,3,1,3,53
201600001695,16,7,9,2050,1,1,1,1,3,289
201600001696,16,7,21,900,1,2,1,1,3,53
201600001697,16,8,8,723,1,1,1,1,5,451
201600001698,16,8,24,735,1,1,1,1,1,451
201600001699,16,8,24,1545,1,1,2,1,3,289
201600001700,16,8,26,1730,1,1,3,1,3,344
201600001701,16,9,12,1900,1,1,1,1,1,289
201600001702,16,9,13,1633,1,2,2,1,3,53
201600001703,16,9,15,1735,1,2,1,1,4,289
201600001704,16,9,16,1715,1,2,2,1,3,53
201600001705,16,9,19,630,5,2,1,1,3,53
201600001706,16,9,23,1759,1,2,1,1,3,53
201600001707,16,10,7,1400,1,1,1,1,6,451
201600001708,16,10,10,2035,5,1,2,1,3,344
201600001709,16,10,14,1040,1,2,1,2,6,53
201600001710,16,10,17,720,5,2,9,8,3,344
201600001711,16,10,22,2050,3,1,1,1,7,451
201600001712,16,10,29,2100,5,2,2,8,3,53
201600001713,16,11,4,900,1,2,6,1,3,53
201600001714,16,11,4,2330,3,1,1,2,6,289
201600001715,16,11,18,830,1,2,2,2,3,53
201600001716,16,11,18,935,2,1,1,2,5,344
201600001717,16,11,20,1035,1,2,1,1,3,53
201600001718,16,11,21,1400,1,1,2,1,3,289
201600001719,16,11,26,2128,5,2,3,1,3,53
201600001720,16,11,30,908,1,2,2,1,3,53
201600001721,16,12,1,2255,5,2,1,1,6,53
201600001722,16,11,24,1105,1,2,2,1,6,53
201600001723,16,12,12,850,1,2,1,8,6,53
201600001724,16,12,15,1240,1,2,1,1,1,53
201600001725,16,1,8,2330,4,2,1,1,6,141
201600001726,16,5,29,1230,1,1,3,2,2,182
201600001727,16,10,13,800,1,1,1,1,6,172
201600001728,16,11,24,1700,1,1,1,1,6,357
201600001729,16,2,4,1545,1,1,1,2,1,215
201600001730,16,6,9,1215,1,1,1,1,1,98
201600001731,16,7,12,1000,1,2,6,1,6,464
201600001732,16,9,3,2130,3,1,6,1,6,284
201600001733,16,10,15,945,1,2,3,2,6,464
201600001734,16,11,15,1845,3,1,1,5,7,64
201600001735,16,1,9,2115,5,2,3,2,6,308
201600001736,16,4,12,745,1,1,1,7,2,314
201600001737,16,5,5,645,2,1,1,7,6,474
201600001738,16,7,8,1930,1,1,1,1,6,106
201600001739,16,7,9,1800,1,1,2,1,3,9
201600001740,16,8,12,1430,1,1,2,1,3,210
201600001741,16,8,17,1515,1,1,1,1,6,179
201600001742,16,8,19,1030,1,1,1,1,6,9
201600001743,16,11,20,1945,3,1,1,3,6,473
201600001744,16,12,17,2345,3,1,1,5,1,472
201600001745,16,2,11,800,1,1,1,1,1,310
201600001746,16,2,11,1215,1,1,1,1,1,188
201600001747,16,4,6,1400,1,1,1,2,3,393
201600001748,16,5,28,1700,1,1,1,1,6,19
201600001749,16,6,20,1700,1,1,1,2,6,315
201600001750,16,7,12,1300,1,1,1,1,6,347
201600001751,16,8,9,1915,1,1,1,1,1,389
201600001752,16,9,27,1615,1,1,1,1,1,138
201600001753,16,1,10,215,3,1,1,1,6,102
201600001754,16,1,22,830,2,2,1,3,6,145
201600001755,16,2,26,400,3,1,1,1,7,387
201600001756,16,3,20,715,2,1,1,1,6,149
201600001757,16,4,12,1400,1,2,1,1,1,278
201600001758,16,5,8,1800,1,1,1,1,6,387
201600001759,16,5,18,1530,1,2,1,1,6,145
201600001760,16,6,12,1745,1,1,1,1,6,75
201600001761,16,7,18,1700,1,1,1,1,1,91
201600001762,16,9,4,1745,1,1,1,1,7,201
201600001763,16,1,9,1445,1,2,1,1,6,168
201600001764,16,1,29,915,3,1,1,1,6,135
201600001765,16,4,18,1930,1,1,1,1,6,512
201600001766,16,1,17,1815,3,2,4,1,6,78
201600001767,16,1,29,1615,1,1,2,1,5,486
201600001768,16,4,22,1430,1,1,2,2,3,376
201600001769,16,6,5,200,3,1,1,5,7,486
201600001770,16,7,6,1830,1,1,3,1,3,73
201600001771,16,7,13,1030,1,1,2,1,3,94
201600001772,16,7,17,1815,1,2,1,7,6,292
201600001773,16,10,2,330,3,1,1,1,6,7
201600001774,16,10,17,2115,3,1,1,1,6,407
201600001775,16,10,23,1115,1,1,2,1,3,222
201600001776,16,10,30,1045,1,1,2,1,3,376
201600001777,16,11,8,800,2,1,1,1,7,93
201600001778,16,11,17,1930,3,1,2,8,1,95
201600001779,16,8,3,1445,1,2,1,1,6,145
201600001780,16,10,18,1445,1,2,1,1,3,145
201600001781,16,11,12,345,3,1,1,1,6,201
201600001782,16,12,1,2330,4,2,1,1,6,362
201600001783,16,12,15,1815,3,2,1,5,6,163
201600001784,16,12,17,1930,5,2,1,1,6,145
201600001785,16,2,5,1745,2,1,1,1,6,381
201600001786,16,5,11,1445,1,2,1,1,7,121
201600001787,16,7,7,1900,1,1,3,1,1,327
201600001788,16,11,5,1945,3,1,1,1,2,381
201600001789,16,11,18,1630,1,2,4,1,3,293
201600001790,16,11,27,1545,1,1,2,1,1,118
201600001791,16,2,11,1300,1,1,1,1,2,79
201600001792,16,6,26,315,3,1,1,1,6,379
201600001793,16,6,28,1230,1,1,2,1,2,246
201600001794,16,8,25,800,1,2,9,1,3,394
201600001795,16,8,28,830,1,1,1,1,6,112
201600001796,16,1,10,1100,1,1,1,1,7,140
201600001797,16,2,5,2015,3,1,1,1,5,432
201600001798,16,4,17,2245,3,1,1,1,1,136
201600001799,16,5,14,2200,3,2,1,1,6,432
201600001800,16,6,22,745,1,1,1,1,3,244
201600001801,16,7,7,1615,1,2,1,1,7,191
201600001802,16,9,19,2230,3,1,1,1,6,342
201600001803,16,3,13,2030,5,2,7,1,1,491
201600001804,16,5,3,1500,1,1,1,1,1,395
201600001805,16,5,16,1545,1,1,1,8,3,491
201600001806,16,5,20,1215,1,1,1,1,1,230
201600001807,16,9,13,840,1,2,1,1,6,116
201600001808,16,11,2,1215,1,1,1,1,6,116
201600001809,16,11,17,2145,3,1,1,2,6,230
201600001810,16,12,2,700,3,1,1,1,7,61
201600001811,16,12,11,2000,3,1,1,5,6,241
201600001812,16,4,19,1730,1,1,1,1,3,204
201600001813,16,4,20,2030,2,2,1,2,6,172
201600001814,16,7,12,1245,1,2,1,1,1,172
201600001815,16,10,26,1900,1,2,1,1,6,172
201600001816,16,7,12,730,1,1,1,1,3,26
201600001817,16,9,4,2015,1,1,1,1,6,26
201600001818,16,9,20,1615,1,1,1,1,1,26
201600001819,16,11,15,2025,5,2,1,1,1,26
201600001820,16,1,27,1430,1,1,1,1,5,64
201600001821,16,3,13,2100,3,1,1,2,2,102
201600001822,16,5,22,900,1,2,1,2,1,64
201600001823,16,7,20,1515,1,1,1,1,1,14
201600001824,16,7,23,1800,1,1,1,1,1,14
201600001825,16,9,3,715,2,1,1,5,1,14
201600001826,16,2,1,2045,3,1,1,9,7,188
201600001827,16,4,26,1330,1,1,1,1,5,41
201600001828,16,5,6,1615,1,1,1,1,1,156
201600001829,16,5,13,1330,1,2,1,2,6,188
201600001830,16,4,27,1130,1,1,1,1,3,212
201600001831,16,8,20,1000,1,2,1,1,6,212
201600001832,16,2,15,1530,1,1,1,1,1,198
201600001833,16,2,27,1545,1,1,1,1,7,198
201600001834,16,3,17,1715,1,2,1,1,6,215
201600001835,16,3,25,1715,1,1,1,1,4,198
201600001836,16,4,19,1715,1,2,6,1,1,215
201600001837,16,5,19,1800,1,1,1,1,3,198
201600001838,16,7,11,1700,1,1,1,1,2,215
201600001839,16,8,12,1245,1,1,1,1,3,198
201600001840,16,9,13,2145,3,1,1,3,6,198
201600001841,16,12,10,1700,5,2,1,5,6,215
201600001842,16,12,27,1750,5,2,4,1,6,215
201600001843,16,3,20,400,3,1,1,1,6,28
201600001844,16,5,14,845,1,1,1,1,6,213
201600001845,16,7,16,30,3,1,1,1,6,213
201600001846,16,9,6,800,1,1,1,1,1,96
201600001847,16,1,13,1215,1,1,1,1,1,169
201600001848,16,6,9,2245,3,1,1,1,1,212
201600001849,16,8,30,1500,1,1,1,1,5,169
201600001850,16,1,15,800,5,2,9,1,3,115
201600001851,16,1,22,2045,3,1,2,5,3,77
201600001852,16,8,26,2145,3,1,1,1,6,77
201600001853,16,2,24,1700,1,1,1,3,5,118
201600001854,16,1,16,100,5,2,1,9,6,62
201600001855,16,2,16,2030,3,1,1,1,6,128
201600001856,16,3,15,1200,1,1,2,1,3,128
201600001857,16,4,28,1730,1,1,1,2,3,128
201600001858,16,6,1,1145,1,2,2,1,3,111
201600001859,16,6,29,1600,1,1,2,1,1,7
201600001860,16,8,29,1800,1,1,1,1,6,15
201600001861,16,9,30,2200,3,1,4,1,3,15
201600001862,16,1,8,2030,3,1,1,1,1,73
201600001863,16,1,9,1345,1,1,2,1,3,73
201600001864,16,3,19,1200,1,1,1,1,1,27
201600001865,16,4,8,2100,2,2,1,1,2,179
201600001866,16,6,12,100,3,1,1,8,2,73
201600001867,16,6,18,1945,1,1,1,1,5,110
201600001868,16,6,17,830,1,1,1,1,4,27
201600001869,16,11,8,1925,3,1,1,2,2,73
201600001870,16,11,22,1815,5,2,1,1,6,110
201600001871,16,12,10,1315,1,1,1,5,3,110
201600001872,16,12,12,1730,3,1,1,2,6,73
201600001873,16,1,24,1400,1,1,2,1,3,193
201600001874,16,1,27,2015,3,1,1,2,6,197
201600001875,16,7,3,915,1,1,3,2,6,149
201600001876,16,1,6,145,3,2,1,2,6,171
201600001877,16,2,14,300,3,1,1,8,3,171
201600001878,16,3,24,745,1,1,1,1,6,18
201600001879,16,5,10,600,2,1,1,1,5,130
201600001880,16,6,4,30,4,1,2,1,3,130
201600001881,16,6,7,1245,1,2,1,1,6,130
201600001882,16,6,16,1215,1,2,6,1,3,18
201600001883,16,6,21,715,1,1,1,2,1,120
201600001884,16,8,15,1730,1,1,1,1,7,18
201600001885,16,9,10,1800,1,2,1,1,1,24
201600001886,16,9,18,230,5,2,1,1,6,130
201600001887,16,5,1,1830,1,2,6,1,1,126
201600001888,16,6,18,1615,1,2,1,1,1,21
201600001889,16,6,22,1200,1,1,2,1,3,164
201600001890,16,6,22,1900,1,1,1,8,1,5
201600001891,16,7,14,1215,1,1,1,1,4,12
201600001892,16,8,22,1400,1,1,1,1,5,164
201600001893,16,3,13,1645,1,2,1,1,1,192
201600001894,16,6,11,730,1,1,1,1,6,38
201600001895,16,6,15,1800,1,1,1,1,1,46
201600001896,16,7,13,2015,2,2,6,1,2,116
201600001897,16,8,17,1245,1,1,1,1,2,154
201600001898,16,8,21,400,5,2,1,1,6,154
201600001899,16,9,5,2130,3,1,1,1,3,154
201600001900,16,1,9,930,1,2,6,1,3,87
201600001901,16,4,17,1730,1,1,1,1,6,145
201600001902,16,5,5,1730,1,1,1,1,6,157
201600001903,16,7,11,1100,1,1,1,1,6,145
201600001904,16,7,11,1145,1,1,1,1,6,186
201600001905,16,7,12,2245,3,1,1,1,6,178
201600001906,16,7,23,1145,1,2,6,1,3,186
201600001907,16,8,29,1400,1,1,1,1,3,119
201600001908,16,10,3,1500,1,1,3,1,3,157
201600001909,16,6,30,1430,1,2,1,1,6,47
201600001910,16,7,3,1645,1,1,1,1,3,47
201600001911,16,9,26,915,1,1,1,1,1,47
201600001912,16,11,25,2000,3,1,1,1,1,74
201600001913,16,1,6,900,1,2,1,1,1,30
201600001914,16,1,13,1600,1,2,1,1,2,211
201600001915,16,1,27,1900,1,1,1,1,1,151
201600001916,16,3,14,900,1,2,1,7,6,69
201600001917,16,3,26,2100,3,1,1,2,6,72
201600001918,16,3,31,1200,1,2,1,1,3,30
201600001919,16,4,8,1845,1,2,6,1,3,72
201600001920,16,4,17,1700,1,2,1,1,6,49
201600001921,16,4,21,1200,1,2,1,1,7,30
201600001922,16,4,19,1930,1,1,1,1,6,69
201600001923,16,5,28,1100,1,1,1,1,1,211
201600001924,16,5,30,1830,1,2,1,1,6,49
201600001925,16,6,4,615,1,1,1,1,7,151
201600001926,16,6,7,1045,1,2,6,1,3,69
201600001927,16,6,26,130,3,1,9,1,6,69
201600001928,16,7,13,2030,1,1,1,1,1,69
201600001929,16,7,20,1415,1,1,1,1,1,30
201600001930,16,7,22,1730,1,2,1,1,2,69
201600001931,16,7,22,1530,1,1,1,1,2,69
201600001932,16,7,25,1500,1,1,1,1,3,6
201600001933,16,8,2,1800,1,1,1,1,3,69
201600001934,16,8,2,1845,1,1,6,1,1,69
201600001935,16,8,5,1215,1,1,1,1,5,69
201600001936,16,8,7,1615,1,1,1,1,3,175
201600001937,16,8,15,1130,1,2,1,1,1,125
201600001938,16,8,24,915,1,2,9,1,6,49
201600001939,16,8,16,1200,1,1,1,1,3,10
201600001940,16,9,26,1800,1,1,2,1,3,175
201600001941,16,2,21,1915,3,2,1,1,2,210
201600001942,16,3,5,1600,1,1,1,1,3,52
201600001943,16,3,25,1545,1,2,1,1,7,168
201600001944,16,8,24,230,4,2,1,1,6,103
201600001945,16,8,25,1700,1,1,1,1,6,103
201600001946,16,10,4,1825,1,1,1,1,6,52
201600001947,16,11,5,335,3,1,1,1,6,168
201600001948,16,3,30,1630,1,1,1,2,7,139
201600001949,16,6,29,1745,1,2,1,7,7,189
201600001950,16,7,15,900,1,2,6,1,3,129
201600001951,16,8,1,1500,1,1,1,1,5,196
201600001952,16,8,16,1915,1,2,1,1,6,129
201600001953,16,3,13,915,1,1,1,1,6,217
201600001954,16,7,17,1430,1,1,1,1,7,158
201600001955,16,6,11,600,2,1,1,1,6,25
201600001956,16,11,25,1850,3,1,1,8,6,195
201600001957,16,6,28,1600,1,2,1,1,1,278
201600001958,16,7,13,1115,1,2,1,1,6,214
201600001959,16,7,15,1200,1,2,1,1,1,35
201600001960,16,8,1,2100,1,1,1,1,6,278
201600001961,16,6,23,1745,1,1,1,1,6,194
201600001962,16,7,1,700,1,1,1,1,1,194
201600001963,16,7,7,1330,1,1,1,1,7,194
201600001964,16,7,23,2030,1,2,1,1,3,139
201600001965,16,9,9,1745,1,1,2,1,2,21
201600001966,16,9,21,1530,1,1,1,1,6,194
201600001967,16,10,20,445,3,1,1,1,6,201
201600001968,16,12,20,1645,1,1,1,1,7,138
201600001969,16,12,26,1745,3,1,1,1,1,147
201600001970,16,3,9,1515,1,2,1,2,3,134
201600001971,16,3,10,1715,1,1,1,1,6,363
201600001972,16,3,15,1315,1,2,1,1,1,50
201600001973,16,4,1,2230,3,1,1,1,6,222
201600001974,16,5,6,2315,3,1,1,1,6,223
201600001975,16,6,6,945,1,1,1,1,3,86
201600001976,16,7,12,1300,1,1,1,3,6,153
201600001977,16,8,1,1945,1,1,6,1,3,50
201600001978,16,8,6,915,3,1,1,2,7,223
201600001979,16,8,28,1915,1,1,1,1,1,50
201600001980,16,10,7,1000,1,1,1,1,6,167
201600001981,16,10,22,1530,1,1,1,7,2,71
201600001982,16,5,27,2345,3,2,1,2,6,196
201600001983,16,6,12,815,1,1,6,1,6,377
201600001984,16,9,18,1030,1,2,1,7,6,19
201600001985,16,3,20,1715,1,2,2,1,3,63
201600001986,16,4,16,1915,2,1,1,1,2,160
201600001987,16,4,3,1415,1,2,1,1,3,163
201600001988,16,6,14,1745,1,1,2,1,3,127
201600001989,16,8,1,1915,1,2,2,1,1,333
201600001990,16,8,30,1345,1,1,2,1,3,333
201600001991,16,12,24,1300,1,1,6,1,7,188
201600001992,16,7,19,1930,1,1,1,1,3,151
201600001993,16,1,12,1715,2,1,1,1,1,225
201600001994,16,4,14,1700,1,1,1,1,7,300
201600001995,16,5,28,1300,1,2,1,1,3,92
201600001996,16,5,30,1730,1,2,1,1,2,268
201600001997,16,6,4,600,2,1,2,1,3,225
201600001998,16,8,6,1615,1,1,1,1,2,111
201600001999,16,7,30,1300,1,1,1,1,6,355
201600002000,16,9,14,1715,1,1,1,1,6,92
201600002001,16,10,6,800,1,1,1,1,1,92
201600002002,16,10,12,1600,1,1,1,1,6,355
201600002003,16,10,31,1330,1,2,1,1,6,92
201600002004,16,11,18,2100,3,1,1,3,7,343
201600002005,16,11,20,200,3,1,1,6,7,74
201600002006,16,1,14,1545,1,1,2,1,3,258
201600002007,16,2,8,1300,1,1,1,6,6,27
201600002008,16,3,6,745,1,1,1,1,1,301
201600002009,16,5,3,1900,1,2,1,1,6,285
201600002010,16,6,8,1815,1,1,3,1,3,193
201600002011,16,6,25,1615,1,2,1,1,2,301
201600002012,16,7,11,1915,1,2,1,1,1,285
201600002013,16,7,22,100,3,1,1,1,5,332
201600002014,16,7,21,1130,1,1,1,1,6,269
201600002015,16,8,21,1700,1,1,1,1,6,258
201600002016,16,9,4,1115,1,1,1,1,7,193
201600002017,16,10,1,945,1,2,1,2,3,299
201600002018,16,10,8,2030,3,1,1,1,7,332
201600002019,16,10,12,815,1,2,1,1,6,301
201600002020,16,10,14,1315,1,1,1,1,7,193
201600002021,16,11,16,1130,1,2,1,1,6,206
201600002022,16,12,3,745,3,1,1,1,6,99
201600002023,16,12,5,2130,3,1,1,2,7,193
201600002024,16,12,9,1730,5,1,6,1,6,301
201600002025,16,12,11,1615,1,1,1,2,7,258
201600002026,16,1,23,1915,3,1,1,2,1,83
201600002027,16,2,2,745,2,1,1,2,7,276
201600002028,16,3,6,1615,1,2,1,1,6,276
201600002029,16,4,25,730,2,2,1,7,3,126
201600002030,16,5,6,2015,1,2,3,1,3,276
201600002031,16,5,16,130,4,2,1,1,6,172
201600002032,16,5,21,845,1,2,1,1,2,316
201600002033,16,6,25,145,5,2,1,1,6,177
201600002034,16,8,28,1815,1,1,1,1,6,69
201600002035,16,9,3,1430,1,1,1,1,7,83
201600002036,16,9,17,1700,1,1,1,1,5,126
201600002037,16,10,3,2145,3,1,1,1,1,177
201600002038,16,10,8,1300,1,1,1,1,7,137
201600002039,16,11,23,1815,5,2,1,1,6,276
201600002040,16,11,26,1145,1,2,1,1,6,69
201600002041,16,11,28,745,2,1,3,1,3,83
201600002042,16,10,27,730,5,2,1,1,7,137
201600002043,16,12,3,1500,1,1,1,1,7,313
201600002044,16,12,5,45,3,1,1,1,7,172
201600002045,16,12,29,1445,1,1,2,1,3,190
201600002046,16,9,13,900,1,1,1,3,7,190
201600002047,16,4,13,1145,1,1,1,1,7,352
201600002048,16,4,20,1245,1,1,2,1,3,192
201600002049,16,4,23,1545,1,1,2,1,1,355
201600002050,16,7,14,500,2,2,1,1,1,192
201600002051,16,8,23,700,1,2,1,1,1,352
201600002052,16,11,25,1315,1,1,1,1,6,371
201600002053,16,1,4,115,1,1,1,1,6,368
201600002054,16,1,30,500,3,1,1,2,6,372
201600002055,16,2,18,1415,1,1,1,1,5,101
201600002056,16,3,17,1830,1,1,1,1,6,368
201600002057,16,8,4,1700,1,1,2,1,3,150
201600002058,16,9,25,2015,3,1,1,1,7,143
201600002059,16,10,18,30,3,1,1,1,7,228
201600002060,16,11,10,1615,1,1,1,1,2,128
201600002061,16,12,10,1630,1,1,1,1,6,197
201600002062,16,1,24,1715,1,1,2,1,3,356
201600002063,16,3,4,745,2,1,1,3,3,211
201600002064,16,3,6,1315,1,2,1,1,3,240
201600002065,16,3,9,1945,3,1,1,3,6,211
201600002066,16,4,8,1230,1,1,1,8,3,211
201600002067,16,5,1,2030,1,1,1,7,1,232
201600002068,16,6,18,1100,1,1,2,1,3,182
201600002069,16,10,26,1715,1,1,2,1,3,191
201600002070,16,12,11,1915,3,1,1,2,4,373
201600002071,16,12,16,1800,3,1,1,1,1,141
201600002072,16,1,1,1800,3,1,1,1,6,224
201600002073,16,1,9,945,1,1,1,7,3,378
201600002074,16,2,20,2345,3,1,1,2,6,30
201600002075,16,4,10,1800,1,1,4,1,3,116
201600002076,16,6,4,1400,1,2,1,1,6,94
201600002077,16,7,31,1900,1,1,1,1,1,180
201600002078,16,8,26,315,4,2,1,1,6,279
201600002079,16,8,27,2330,3,1,1,1,2,41
201600002080,16,8,30,2000,1,1,1,1,1,149
201600002081,16,9,9,1845,1,1,1,1,6,272
201600002082,16,9,15,1215,1,2,1,2,3,41
201600002083,16,9,18,1800,1,1,1,1,1,180
201600002084,16,10,9,1700,1,1,1,1,2,311
201600002085,16,10,24,745,3,1,3,5,3,311
201600002086,16,11,29,1945,5,2,1,1,6,180
201600002087,16,12,2,2015,3,1,6,1,6,378
201600002088,16,12,9,715,3,1,1,5,1,180
201600002089,16,12,24,830,1,1,1,8,1,261
201600002090,16,12,30,1645,1,1,1,1,6,2
201600002091,16,4,30,1415,1,1,1,1,7,302
201600002092,16,8,20,1700,1,1,1,1,6,140
201600002093,16,11,22,1400,1,2,1,2,1,219
201600002094,16,12,10,1615,1,2,1,1,3,215
201600002095,16,1,29,745,2,2,1,1,3,331
201600002096,16,2,7,600,3,1,1,1,6,8
201600002097,16,2,13,1400,1,1,1,6,1,61
201600002098,16,2,17,1930,3,1,1,1,1,184
201600002099,16,4,18,1800,1,2,3,1,3,331
201600002100,16,8,14,1930,1,2,2,1,3,54
201600002101,16,10,12,1505,1,2,2,1,3,36
201600002102,16,12,2,1330,1,1,2,1,3,61
201600002103,16,12,18,730,3,1,1,5,3,103
201600002104,16,12,20,1830,5,2,3,1,3,277
201600002105,16,3,4,1900,5,2,1,8,1,176
201600002106,16,4,9,1600,1,1,6,8,7,176
201600002107,16,5,21,1200,1,1,1,1,6,5
201600002108,16,6,25,1815,1,1,1,1,7,298
201600002109,16,7,12,830,1,2,7,1,3,376
201600002110,16,7,14,1900,1,1,1,1,7,249
201600002111,16,10,7,1930,2,1,1,1,3,271
201600002112,16,11,11,800,1,1,1,1,6,183
201600002113,16,12,10,2230,3,1,1,5,6,298
201600002114,16,2,7,715,2,1,1,1,1,135
201600002115,16,2,12,1500,1,1,1,2,6,132
201600002116,16,2,17,1245,1,1,1,1,6,135
201600002117,16,3,29,1100,1,1,1,1,6,170
201600002118,16,7,6,1145,1,1,1,1,1,90
201600002119,16,8,18,1300,1,2,1,1,3,80
201600002120,16,10,6,1000,1,1,1,1,1,105
201600002121,16,11,2,1945,3,1,2,1,3,135
201600002122,16,11,17,845,1,1,1,2,6,337
201600002123,16,12,2,845,1,1,1,5,7,339
201600002124,16,12,7,900,2,1,1,5,7,189
201600002125,16,12,10,600,3,1,1,5,7,335
201600002126,16,9,22,1730,1,2,1,1,6,168
201600002127,16,10,7,2100,3,1,1,1,2,82
201600002128,16,10,29,30,3,2,1,1,7,1
201600002129,16,5,5,1100,1,1,1,1,7,220
201600002130,16,6,10,1515,1,1,1,1,3,49
201600002131,16,9,12,1545,1,1,1,1,3,141
201600002132,16,9,13,1900,1,1,1,1,7,152
201600002133,16,9,25,1200,1,1,1,1,1,25
201600002134,16,9,27,1115,1,2,1,1,6,152
201600002135,16,11,2,745,1,1,1,5,5,67
201600002136,16,2,9,1445,1,2,1,1,6,59
201600002137,16,5,22,730,1,2,1,2,6,97
201600002138,16,7,18,2000,1,1,1,7,3,10
201600002139,16,7,22,2000,1,2,1,1,6,97
201600002140,16,9,10,1545,1,1,3,1,5,255
201600002141,16,9,13,2115,5,2,1,1,1,276
201600002142,16,10,21,1700,1,2,1,1,1,265
201600002143,16,12,28,2230,3,1,1,1,1,59
201600002144,16,2,4,1815,5,2,1,1,6,62
201600002145,16,2,25,1615,1,1,1,1,2,14
201600002146,16,2,26,2115,3,1,1,1,1,37
201600002147,16,3,1,1515,1,1,1,3,7,62
201600002148,16,3,1,2145,3,2,1,1,6,14
201600002149,16,4,21,1700,1,1,1,2,7,46
201600002150,16,5,4,1230,1,1,2,1,3,66
201600002151,16,5,8,1400,1,1,1,1,6,78
201600002152,16,6,7,1545,1,2,1,1,6,104
201600002153,16,6,26,430,2,1,1,1,6,62