Num_Acc,an,mois,jour,hrmn,lum,agg,int,atm,col,com
201600002154,16,7,5,1430,1,2,3,1,3,62
201600002155,16,7,16,1445,1,2,1,1,3,14
201600002156,16,7,18,915,1,2,1,1,3,62
201600002157,16,7,31,1315,1,1,1,1,7,117
201600002158,16,8,20,1215,1,1,1,1,7,29
201600002159,16,9,1,915,1,1,2,1,3,46
201600002160,16,9,13,2330,3,1,1,6,6,14
201600002161,16,10,5,1745,1,1,1,1,2,4
201600002162,16,10,18,845,1,2,1,8,6,62
201600002163,16,11,20,45,3,1,1,6,6,150
201600002164,16,11,22,115,3,1,1,1,6,62
201600002165,16,12,1,1530,1,1,1,1,7,206
201600002166,16,12,11,1,3,1,1,5,6,63
201600002167,16,12,16,645,2,1,1,5,6,4
201600002168,16,12,29,1245,1,1,9,1,2,37
201600002169,16,2,6,1815,3,1,2,6,3,135
201600002170,16,2,25,815,1,1,1,1,1,77
201600002171,16,3,7,1800,1,1,1,1,7,77
201600002172,16,6,5,45,3,1,1,1,7,84
201600002173,16,6,24,1500,1,1,1,1,3,77
201600002174,16,7,11,1730,1,1,1,1,7,258
201600002175,16,12,2,1915,3,1,1,5,6,191
201600002176,16,12,5,830,1,2,6,1,3,84
201600002177,16,12,18,700,3,1,1,5,3,58
201600002178,16,2,29,1600,1,2,1,7,6,147
201600002179,16,4,29,1800,1,2,1,1,2,147
201600002180,16,5,24,1630,1,1,3,1,3,8
201600002181,16,8,20,1300,1,1,1,1,5,8
201600002182,16,8,20,745,2,1,1,1,2,8
201600002183,16,9,10,1100,1,2,6,1,3,147
201600002184,16,10,6,815,1,1,1,1,7,72
201600002185,16,10,11,1030,1,2,6,7,3,147
201600002186,16,1,23,1715,1,2,1,1,6,96
201600002187,16,5,8,600,3,1,1,1,6,64
201600002188,16,6,9,745,1,2,1,1,1,107
201600002189,16,7,1,2000,1,1,1,2,6,245
201600002190,16,7,5,1045,1,1,1,1,1,111
201600002191,16,7,7,1115,1,2,1,1,7,96
201600002192,16,7,10,2030,1,1,1,1,4,177
201600002193,16,9,7,1900,1,2,1,7,6,96
201600002194,16,9,6,2015,1,2,1,1,7,96
201600002195,16,11,9,1815,3,1,1,3,6,131
201600002196,16,11,28,800,1,1,1,1,7,213
201600002197,16,4,26,1600,1,1,1,3,7,144
201600002198,16,6,5,100,3,1,1,1,7,127
201600002199,16,10,6,1315,1,1,1,1,7,230
201600002200,16,6,9,1645,1,1,1,1,3,236
201600002201,16,10,25,2000,3,1,1,1,1,208
201600002202,16,2,4,1155,1,2,1,1,6,283
201600002203,16,2,20,1826,3,1,1,1,7,14
201600002204,16,3,3,640,5,2,1,4,3,283
201600002205,16,4,8,1425,1,2,1,2,6,283
201600002206,16,5,20,1745,1,1,1,1,5,283
201600002207,16,6,15,415,5,2,3,1,3,283
201600002208,16,7,18,1615,1,2,1,1,6,283
201600002209,16,7,24,1125,1,1,1,1,6,283
201600002210,16,8,18,2155,5,2,3,1,1,31
201600002211,16,10,11,1215,1,1,1,1,6,14
201600002212,16,11,3,1810,5,2,1,1,6,283
201600002213,16,11,30,1730,2,2,1,1,6,283
201600002214,16,1,15,1715,2,2,1,1,1,178
201600002215,16,4,21,715,2,1,1,1,6,64
201600002216,16,5,21,1530,1,1,1,3,7,35
201600002217,16,7,1,1215,1,2,1,1,6,269
201600002218,16,9,16,1345,1,1,1,3,6,303
201600002219,16,11,25,1845,2,1,1,1,3,204
201600002220,16,6,18,1215,1,2,1,1,3,334
201600002221,16,1,22,845,1,1,1,2,1,386
201600002222,16,2,29,2100,5,1,1,1,6,90
201600002223,16,3,4,1445,1,2,1,3,3,331
201600002224,16,4,17,1845,1,1,4,1,3,172
201600002225,16,5,17,1900,1,1,1,1,6,300
201600002226,16,5,25,2300,3,1,1,1,6,172
201600002227,16,7,5,745,1,2,1,1,6,345
201600002228,16,6,7,1330,1,1,6,1,7,386
201600002229,16,7,21,1345,1,1,1,1,1,386
201600002230,16,7,20,745,1,1,1,1,6,224
201600002231,16,7,25,1345,1,1,1,1,7,271
201600002232,16,7,23,1815,1,2,1,1,7,363
201600002233,16,8,19,1700,1,2,1,1,6,224
201600002234,16,8,22,1900,1,1,1,1,5,54
201600002235,16,9,27,1930,3,1,1,1,7,358
201600002236,16,10,7,1400,1,2,1,1,1,300
201600002237,16,10,23,230,3,1,1,1,1,358
201600002238,16,11,9,1715,5,2,1,2,3,165
201600002239,16,11,15,1715,1,1,1,2,1,300
201600002240,16,11,11,2330,3,1,1,2,6,363
201600002241,16,12,9,1645,1,1,1,1,5,90
201600002242,16,12,16,1915,3,1,1,1,1,358
201600002243,16,12,18,1415,1,1,1,5,1,122
201600002244,16,1,21,1630,1,1,1,1,7,217
201600002245,16,3,3,815,1,1,1,1,5,150
201600002246,16,5,24,2100,1,1,6,1,3,310
201600002247,16,6,12,400,3,1,1,8,1,329
201600002248,16,7,6,800,1,1,1,1,4,217
201600002249,16,7,12,1815,1,1,1,2,5,328
201600002250,16,12,7,1715,2,2,6,1,3,329
201600002251,16,2,29,815,1,1,1,1,1,247
201600002252,16,5,3,1200,1,2,1,1,6,168
201600002253,16,5,8,1515,1,1,1,1,5,344
201600002254,16,5,18,1915,1,1,1,1,5,346
201600002255,16,5,27,1815,1,2,1,1,3,381
201600002256,16,7,26,1400,1,1,2,1,3,257
201600002257,16,8,16,1000,1,1,6,1,3,253
201600002258,16,8,30,715,2,1,1,1,3,253
201600002259,16,9,9,2230,3,1,9,1,6,344
201600002260,16,12,9,900,3,1,1,5,6,96
201600002261,16,1,19,1800,1,2,1,1,6,154
201600002262,16,5,17,1330,1,1,1,1,3,154
201600002263,16,7,2,100,3,1,1,1,3,154
201600002264,16,7,17,15,3,1,1,1,2,154
201600002265,16,7,24,1515,1,2,1,7,6,25
201600002266,16,10,19,1415,1,2,1,1,1,154
201600002267,16,10,11,1815,1,1,1,1,6,143
201600002268,16,10,26,2200,3,1,1,1,7,221
201600002269,16,12,21,630,3,1,1,1,6,143
201600002270,16,11,23,1815,3,1,1,2,3,228
201600002271,16,1,4,1615,1,1,1,1,1,50
201600002272,16,1,18,1130,1,1,1,2,6,22
201600002273,16,2,15,1945,5,2,1,1,1,223
201600002274,16,3,8,1930,3,1,1,1,5,50
201600002275,16,4,20,1000,1,1,1,1,3,228
201600002276,16,6,13,1400,1,1,1,1,1,22
201600002277,16,6,26,1745,1,1,1,1,7,50
201600002278,16,8,12,800,1,2,1,1,6,223
201600002279,16,8,12,2045,1,1,1,1,1,22
201600002280,16,9,2,1145,1,2,1,1,2,179
201600002281,16,11,11,315,3,1,1,1,6,228
201600002282,16,11,14,745,1,1,1,1,3,239
201600002283,16,11,17,1830,3,1,1,8,1,44
201600002284,16,11,22,1530,1,1,1,1,6,307
201600002285,16,11,23,1545,1,1,1,1,7,179
201600002286,16,1,8,1830,3,1,1,1,2,51
201600002287,16,1,29,1530,1,1,1,1,1,117
201600002288,16,3,29,845,1,1,1,9,3,117
201600002289,16,4,13,1945,1,1,1,1,7,252
201600002290,16,4,16,700,2,1,1,1,6,135
201600002291,16,5,21,1400,1,1,1,1,7,13
201600002292,16,6,5,1830,1,2,1,1,2,176
201600002293,16,6,22,745,1,1,1,1,1,191
201600002294,16,7,8,115,3,1,1,1,6,175
201600002295,16,7,11,1530,1,1,1,1,2,51
201600002296,16,7,8,900,1,1,1,1,3,175
201600002297,16,8,1,1530,1,1,2,1,3,51
201600002298,16,8,14,1730,1,1,1,1,1,51
201600002299,16,8,26,1500,1,1,1,1,2,283
201600002300,16,2,11,1900,2,1,1,1,6,264
201600002301,16,3,10,1000,1,2,1,1,6,264
201600002302,16,3,11,1645,1,1,1,1,1,151
201600002303,16,7,7,2045,1,2,1,1,1,244
201600002304,16,8,5,1700,1,2,1,1,3,264
201600002305,16,11,22,1830,3,1,1,1,3,244
201600002306,16,1,15,2230,3,1,1,1,6,104
201600002307,16,5,5,715,1,1,1,1,3,39
201600002308,16,5,16,445,3,1,1,1,6,112
201600002309,16,7,1,1615,1,1,1,1,3,220
201600002310,16,7,17,1615,1,1,1,1,6,317
201600002311,16,8,23,800,1,1,4,1,2,148
201600002312,16,8,30,930,1,1,1,1,1,39
201600002313,16,8,27,1000,1,1,1,1,1,276
201600002314,16,9,22,2015,1,2,1,1,7,180
201600002315,16,9,30,1930,2,1,1,1,1,295
201600002316,16,10,31,900,1,1,1,1,4,276
201600002317,16,10,31,1645,1,2,9,1,6,112
201600002318,16,11,11,1545,1,1,1,1,6,104
201600002319,16,11,14,1845,5,2,1,1,3,39
201600002320,16,11,24,1315,1,2,1,1,7,180
201600002321,16,11,23,1745,3,1,2,8,3,313
201600002322,16,12,1,945,1,2,1,1,6,354
201600002323,16,12,2,1530,1,2,1,1,2,180
201600002324,16,12,2,1845,3,1,1,1,3,295
201600002325,16,9,7,845,1,1,1,1,2,39
201600002326,16,9,25,1700,1,2,1,1,3,132
201600002327,16,11,4,1000,1,2,1,2,5,132
201600002328,16,11,12,1400,1,2,9,8,6,132
201600002329,16,1,30,2345,3,1,1,2,2,82
201600002330,16,2,13,1615,1,1,2,2,3,137
201600002331,16,2,23,1800,1,2,9,1,5,308
201600002332,16,3,26,930,1,1,1,1,6,137
201600002333,16,4,15,2145,3,1,1,1,3,186
201600002334,16,5,9,1515,1,1,1,1,1,254
201600002335,16,6,6,800,1,2,1,1,3,29
201600002336,16,12,1,2315,3,1,1,5,6,152
201600002337,16,12,22,1015,1,2,1,1,7,138
201600002338,16,12,30,1945,5,1,6,5,6,305
201600002339,16,5,9,1515,1,1,1,1,1,288
201600002340,16,5,13,815,1,1,1,1,1,52
201600002341,16,4,6,1230,1,1,1,1,2,46
201600002342,16,6,22,1930,1,1,1,1,1,73
201600002343,16,7,22,1115,1,1,1,1,1,213
201600002344,16,9,13,1830,1,1,1,2,6,46
201600002345,16,10,22,1315,1,1,1,1,2,8
201600002346,16,11,2,1200,1,1,1,1,3,69
201600002347,16,3,10,700,5,2,1,2,3,165
201600002348,16,3,20,1715,1,1,2,1,3,220
201600002349,16,6,19,1545,1,1,1,1,3,89
201600002350,16,6,22,1630,1,1,1,1,1,276
201600002351,16,7,2,2000,1,1,1,1,6,246
201600002352,16,8,22,1900,1,1,1,1,3,212
201600002353,16,9,23,645,2,1,1,5,1,51
201600002354,16,12,2,1545,1,1,1,7,1,51
201600002355,16,12,16,1745,2,1,6,1,1,51
201600002356,16,2,6,115,3,1,1,1,6,17
201600002357,16,2,7,1400,1,1,1,1,6,153
201600002358,16,2,4,2000,5,2,1,2,3,38
201600002359,16,2,27,515,3,2,9,1,6,301
201600002360,16,3,3,2045,5,2,6,3,3,109
201600002361,16,3,29,1800,1,1,1,2,7,38
201600002362,16,4,27,705,2,1,1,1,3,38
201600002363,16,5,5,1215,1,1,1,1,6,82
201600002364,16,7,20,1900,1,1,1,1,1,215
201600002365,16,10,29,1230,1,1,1,1,5,109
201600002366,16,10,29,1900,3,1,1,1,7,82
201600002367,16,12,5,915,1,2,6,1,6,109
201600002368,16,12,6,1215,1,2,1,1,3,109
201600002369,16,12,24,1815,3,1,1,2,7,215
201600002370,16,2,6,1,3,1,1,1,1,39
201600002371,16,2,29,1345,1,1,1,1,3,107
201600002372,16,3,8,1845,1,2,6,1,3,146
201600002373,16,4,8,1045,1,2,9,1,6,295
201600002374,16,4,17,30,3,1,1,1,7,217
201600002375,16,5,4,1740,1,1,3,1,3,190
201600002376,16,6,5,1715,1,2,1,1,1,217
201600002377,16,6,21,1445,1,1,1,1,7,197
201600002378,16,7,18,2000,2,1,1,1,3,21
201600002379,16,7,22,745,1,2,1,1,3,217
201600002380,16,7,27,2315,4,1,1,1,7,76
201600002381,16,8,5,1815,1,1,1,7,5,224
201600002382,16,8,22,1400,1,1,1,1,6,108
201600002383,16,8,28,2030,1,1,1,1,3,21
201600002384,16,9,8,700,2,1,1,1,1,190
201600002385,16,9,30,645,5,2,1,1,3,108
201600002386,16,10,6,1015,1,1,1,1,5,76
201600002387,16,10,10,1800,1,1,1,1,7,272
201600002388,16,12,15,1915,3,1,9,5,2,217
201600002389,16,8,3,1800,1,1,1,1,5,302
201600002390,16,10,1,1415,1,1,1,2,7,240
201600002391,16,10,3,1215,1,1,1,1,3,119
201600002392,16,1,14,1630,2,1,1,1,3,178
201600002393,16,1,26,700,5,2,1,5,3,19
201600002394,16,2,11,1030,1,2,7,7,6,3
201600002395,16,2,28,2215,3,1,1,1,2,19
201600002396,16,3,21,830,1,1,1,1,3,178
201600002397,16,3,25,1130,1,2,9,1,3,3
201600002398,16,4,10,450,3,1,1,1,6,3
201600002399,16,4,24,1545,1,2,1,1,7,300
201600002400,16,5,3,1000,1,1,9,1,3,3
201600002401,16,6,13,1445,1,1,1,3,6,178
201600002402,16,8,9,900,1,2,6,7,1,3
201600002403,16,8,29,25,3,1,1,1,6,129
201600002404,16,9,8,1645,1,1,1,1,1,19
201600002405,16,9,9,915,2,1,1,7,1,300
201600002406,16,9,20,2015,2,1,1,1,5,300
201600002407,16,10,6,1845,1,1,2,1,3,3
201600002408,16,10,13,1700,1,1,1,1,3,300
201600002409,16,11,8,1530,1,2,1,1,6,3
201600002410,16,12,25,1900,3,1,6,1,6,19
201600002411,16,12,27,1315,1,2,1,1,6,155
201600002412,16,5,5,1800,1,2,1,1,6,126
201600002413,16,7,22,1545,1,1,1,7,1,92
201600002414,16,10,10,700,3,1,1,1,3,299
201600002415,16,12,24,230,5,2,1,1,6,92
201600002416,16,12,29,1945,5,2,1,1,3,92
201600002417,16,4,13,1345,1,2,1,1,1,128
201600002418,16,5,13,1530,1,1,1,1,7,255
201600002419,16,5,16,530,2,2,1,1,6,255
201600002420,16,7,2,1600,1,1,1,1,1,128
201600002421,16,7,8,1215,1,1,1,1,2,216
201600002422,16,8,11,1710,1,1,1,1,6,104
201600002423,16,10,4,1145,1,2,1,1,6,128
201600002424,16,12,19,645,3,1,1,1,7,185
201600002425,16,8,7,830,1,2,1,1,7,168
201600002426,16,9,6,1715,1,1,1,1,6,143
201600002427,16,10,16,1245,1,1,1,1,7,92
201600002428,16,11,21,1345,1,1,1,1,1,94
201600002429,16,11,25,1030,1,1,1,2,3,265
201600002430,16,12,17,115,3,1,1,1,6,28
201600002431,16,3,10,1400,1,1,2,1,3,14
201600002432,16,3,31,2145,5,2,1,1,1,254
201600002433,16,4,2,2045,3,1,1,1,1,229
201600002434,16,5,4,1830,1,1,1,1,1,289
201600002435,16,6,17,2145,2,1,1,1,3,145
201600002436,16,6,27,1800,1,2,1,1,1,182
201600002437,16,7,1,2130,2,1,1,2,7,37
201600002438,16,7,27,2000,1,1,1,1,3,182
201600002439,16,8,3,2315,3,2,1,1,1,37
201600002440,16,9,5,950,1,2,1,1,6,41
201600002441,16,9,16,1030,1,1,1,2,7,252
201600002442,16,10,2,1400,1,1,1,1,3,67
201600002443,16,10,30,2000,3,1,1,1,7,5
201600002444,16,12,2,2345,3,1,1,1,6,14
201600002445,16,3,25,2210,3,1,1,8,6,237
201600002446,16,8,17,1930,1,1,1,1,1,188
201600002447,16,9,6,1515,1,1,2,1,1,205
201600002448,16,10,22,1930,3,1,1,1,2,181
201600002449,16,11,19,1745,3,1,1,1,1,281
201600002450,16,12,24,1800,3,1,1,1,1,47
201600002451,16,3,26,730,2,1,1,2,6,172
201600002452,16,4,12,1845,1,1,1,1,7,260
201600002453,16,4,22,1850,1,1,1,1,1,47
201600002454,16,4,23,1445,1,2,1,1,1,96
201600002455,16,5,6,1800,1,1,1,1,6,280
201600002456,16,6,12,1215,1,1,1,2,1,47
201600002457,16,6,21,630,1,1,1,2,6,102
201600002458,16,6,28,1645,1,1,1,1,1,280
201600002459,16,7,30,1600,1,2,6,1,3,47
201600002460,16,8,13,1500,1,1,1,1,4,47
201600002461,16,8,28,2345,3,1,1,1,1,47
201600002462,16,9,19,530,3,1,1,1,1,210
201600002463,16,11,18,945,1,1,1,2,1,24
201600002464,16,8,7,715,2,2,1,1,6,113
201600002465,16,1,13,745,5,1,6,2,3,52
201600002466,16,3,17,2330,3,1,1,1,6,211
201600002467,16,4,15,930,1,1,1,1,6,118
201600002468,16,4,29,2200,3,1,1,8,7,250
201600002469,16,8,20,725,1,1,1,1,6,214
201600002470,16,8,27,1155,1,1,1,1,3,112
201600002471,16,8,31,1315,1,1,1,1,6,211
201600002472,16,9,13,1700,1,2,1,2,6,112
201600002473,16,12,20,945,1,1,1,5,5,211
201600002474,16,9,8,1415,1,2,2,1,1,163
201600002475,16,10,2,1200,1,1,1,1,3,83
201600002476,16,1,28,1945,3,1,1,1,7,226
201600002477,16,2,27,15,3,1,1,1,6,226
201600002478,16,3,22,1615,1,1,1,1,3,35
201600002479,16,5,16,1920,1,2,1,1,6,243
201600002480,16,8,22,2000,1,1,1,1,6,226
201600002481,16,8,25,940,1,1,1,1,2,35
201600002482,16,9,1,1630,1,2,3,1,3,70
201600002483,16,9,5,1530,1,1,1,1,6,226
201600002484,16,9,29,1745,1,2,3,1,3,35
201600002485,16,10,17,1845,1,1,6,8,3,226
201600002486,16,10,30,200,3,1,1,1,1,243
201600002487,16,10,30,1700,1,2,1,1,1,226
201600002488,16,12,5,300,3,2,1,1,7,226
201600002489,16,12,19,1830,5,2,1,5,6,35
201600002490,16,12,26,1730,5,2,1,2,1,226
201600002491,16,12,27,1315,1,1,2,1,3,268
201600002492,16,3,31,1315,1,2,6,1,3,18
201600002493,16,5,6,915,1,1,1,1,6,172
201600002494,16,5,16,2225,3,1,1,1,6,18
201600002495,16,5,19,1930,1,2,1,1,6,221
201600002496,16,8,9,1030,1,2,1,1,3,234
201600002497,16,8,31,1545,1,2,3,1,3,221
201600002498,16,8,31,1815,1,2,1,1,6,18
201600002499,16,8,10,1830,1,1,1,1,6,18
201600002500,16,9,8,2145,3,1,1,1,6,234
201600002501,16,10,19,1745,1,1,1,1,3,29
201600002502,16,5,31,930,1,1,1,1,5,288
201600002503,16,1,16,1715,1,1,1,1,3,22
201600002504,16,1,25,745,2,1,1,1,6,77
201600002505,16,3,18,915,1,2,1,1,3,114
201600002506,16,5,3,2115,3,1,6,1,3,156
201600002507,16,6,4,1645,1,1,1,1,3,288
201600002508,16,6,28,1530,1,2,1,1,6,127
201600002509,16,7,2,745,1,1,1,1,3,288
201600002510,16,7,12,1445,1,1,1,1,6,116
201600002511,16,7,13,1045,1,2,1,1,6,10
201600002512,16,8,16,415,3,1,1,1,6,288
201600002513,16,8,18,2330,5,2,1,1,6,127
201600002514,16,8,25,1800,1,1,1,1,7,22
201600002515,16,9,30,2315,3,1,1,2,6,206
201600002516,16,9,30,1600,1,1,1,2,4,156
201600002517,16,10,18,845,1,2,1,7,2,4
201600002518,16,10,31,2100,5,2,1,1,2,288
201600002519,16,2,29,1430,1,1,3,1,3,122
201600002520,16,8,29,1700,1,2,1,1,1,56
201600002521,16,1,23,200,3,1,1,2,6,498
201600002522,16,3,1,1000,1,2,1,1,6,51
201600002523,16,3,31,1815,5,2,5,1,6,284
201600002524,16,4,17,1315,1,1,1,2,6,284
201600002525,16,6,6,1715,1,2,2,1,3,19
201600002526,16,6,7,1645,1,2,1,1,5,51
201600002527,16,6,28,1715,1,2,1,1,1,51
201600002528,16,8,6,1115,1,2,1,1,3,51
201600002529,16,9,8,1545,1,1,1,1,1,284
201600002530,16,9,7,1715,1,2,2,1,3,284
201600002531,16,11,6,1615,1,1,1,1,6,51
201600002532,16,12,6,745,1,2,3,1,1,19
201600002533,16,1,14,830,2,2,1,8,6,56
201600002534,16,1,24,600,3,1,1,5,6,312
201600002535,16,5,13,1915,1,1,2,1,3,56
201600002536,16,6,22,1800,1,1,1,1,2,519
201600002537,16,8,16,515,3,1,1,1,6,519
201600002538,16,8,26,1730,1,2,1,1,1,56
201600002539,16,9,11,1930,2,2,1,1,1,56
201600002540,16,10,1,1330,1,2,2,1,3,56
201600002541,16,10,27,1600,1,2,1,1,3,56
201600002542,16,11,24,845,1,2,1,2,1,312
201600002543,16,1,11,1615,2,2,3,6,3,236
201600002544,16,7,9,1000,1,1,1,1,1,236
201600002545,16,7,28,1515,1,2,3,1,7,236
201600002546,16,10,10,430,5,1,1,1,1,236
201600002547,16,3,2,1630,1,1,1,2,1,273
201600002548,16,4,23,645,2,1,1,1,1,422
201600002549,16,5,10,2100,1,2,1,1,1,422
201600002550,16,10,23,630,3,1,1,1,3,422
201600002551,16,3,22,1500,1,2,1,1,3,449
201600002552,16,6,10,1030,1,2,6,1,3,449
201600002553,16,7,7,1615,1,2,1,1,2,449
201600002554,16,7,31,730,1,1,1,8,6,376
201600002555,16,8,30,1315,1,2,1,1,1,449
201600002556,16,9,10,1,5,2,1,1,6,449
201600002557,16,10,6,1130,1,2,2,1,3,449
201600002558,16,2,19,900,1,1,2,1,3,280
201600002559,16,3,18,1745,1,1,1,1,2,47
201600002560,16,6,24,2330,3,1,1,1,2,339
201600002561,16,7,15,1700,1,1,2,1,3,58
201600002562,16,7,2,1145,1,1,2,8,3,35
201600002563,16,12,12,1515,1,1,1,1,6,339
201600002564,16,2,4,845,1,1,2,1,3,159
201600002565,16,5,14,2300,3,1,1,1,6,351
201600002566,16,7,17,1445,1,2,1,1,1,389
201600002567,16,9,10,1900,1,2,3,1,3,389
201600002568,16,9,15,1500,1,2,1,1,6,159
201600002569,16,10,6,1545,1,1,1,1,1,267
201600002570,16,12,9,2115,5,2,1,1,7,159
201600002571,16,3,19,1800,1,1,1,1,1,233
201600002572,16,8,16,1830,1,1,1,1,6,272
201600002573,16,10,11,900,1,1,1,1,2,114
201600002574,16,12,13,2015,5,1,3,1,6,74
201600002575,16,5,2,1445,1,1,2,1,3,487
201600002576,16,5,4,1745,1,1,2,1,5,3
201600002577,16,5,8,1915,2,2,1,1,7,3
201600002578,16,5,29,1735,1,1,1,1,6,433
201600002579,16,7,7,945,1,2,2,1,6,3
201600002580,16,7,19,2045,1,1,1,1,6,487
201600002581,16,1,10,1815,3,1,1,2,6,49
201600002582,16,6,26,1845,1,2,1,1,6,483
201600002583,16,7,26,1630,1,1,3,1,3,49
201600002584,16,9,17,530,2,1,1,1,2,49
201600002585,16,11,2,1115,1,1,1,5,4,49
201600002586,16,12,11,1915,5,2,1,1,7,554
201600002587,16,2,7,1945,5,1,1,3,1,454
201600002588,16,3,18,1900,1,2,1,1,3,213
201600002589,16,5,7,615,2,2,1,1,1,448
201600002590,16,5,11,945,1,1,3,1,4,37
201600002591,16,5,14,945,1,1,1,2,1,213
201600002592,16,5,30,1500,1,1,3,2,3,37
201600002593,16,7,13,830,1,2,1,1,6,213
201600002594,16,8,21,715,2,2,1,1,1,37
201600002595,16,9,21,1145,1,2,1,1,6,213
201600002596,16,11,14,900,1,1,1,1,5,474
201600002597,16,11,17,715,2,1,9,1,3,23
201600002598,16,2,14,2230,3,1,1,1,6,505
201600002599,16,5,5,1045,1,1,2,1,3,145
201600002600,16,5,10,730,2,1,1,1,6,83
201600002601,16,7,15,1415,1,1,3,1,2,505
201600002602,16,7,23,1645,1,1,1,1,3,431
201600002603,16,8,28,1745,1,1,1,1,6,33
201600002604,16,11,16,730,5,2,3,2,3,140
201600002605,16,12,21,1015,1,2,1,1,4,363
201600002606,16,3,4,1915,5,2,1,2,6,165
201600002607,16,12,15,2015,3,1,1,8,1,330
201600002608,16,2,3,1315,1,2,1,1,1,80
201600002609,16,2,2,2130,5,2,1,2,6,238
201600002610,16,5,21,1200,1,1,1,1,6,80
201600002611,16,6,23,1345,1,1,1,1,3,501
201600002612,16,8,4,1800,1,2,6,1,2,274
201600002613,16,11,29,1800,3,1,3,1,1,80
201600002614,16,12,8,1250,1,2,2,1,3,77
201600002615,16,12,15,1515,1,1,1,1,1,80
201600002616,16,12,20,1215,1,2,1,1,6,501
201600002617,16,1,10,1445,1,2,1,3,3,337
201600002618,16,1,14,1100,1,2,1,1,6,40
201600002619,16,2,2,915,1,2,2,1,2,7
201600002620,16,4,4,615,3,1,2,1,3,337
201600002621,16,4,19,430,5,2,1,1,6,30
201600002622,16,5,12,1145,1,1,1,1,1,327
201600002623,16,7,29,1945,1,1,1,1,6,452
201600002624,16,8,21,500,4,2,1,1,6,337
201600002625,16,9,11,30,3,1,1,1,1,334
201600002626,16,9,13,1600,1,2,1,2,6,197
201600002627,16,11,1,1445,1,1,1,1,7,334
201600002628,16,11,16,1645,2,2,3,1,3,30
201600002629,16,11,18,2330,3,1,4,2,1,334
201600002630,16,12,20,1630,1,1,3,1,3,205
201600002631,16,1,24,130,3,1,1,5,6,366
201600002632,16,4,30,2015,2,1,1,3,3,495
201600002633,16,5,1,2145,3,1,1,1,2,366
201600002634,16,6,27,730,1,2,3,1,1,366
201600002635,16,11,12,1,3,1,1,1,6,553
201600002636,16,1,14,1915,5,2,2,1,3,227
201600002637,16,1,30,530,5,1,2,1,6,323
201600002638,16,2,5,2215,3,1,1,1,7,444
201600002639,16,5,15,715,1,1,1,1,6,227
201600002640,16,5,31,1830,1,2,1,1,3,227
201600002641,16,8,30,800,1,1,4,1,6,543
201600002642,16,9,5,1200,1,2,1,1,1,111
201600002643,16,9,28,900,1,2,3,1,3,227
201600002644,16,10,11,1730,2,1,1,1,6,227
201600002645,16,10,23,1800,1,2,1,1,5,533
201600002646,16,11,10,1815,3,1,1,2,1,227
201600002647,16,3,27,1800,1,1,1,7,1,305
201600002648,16,8,10,500,3,1,1,1,6,491
201600002649,16,1,5,1800,5,2,1,3,6,352
201600002650,16,1,15,1800,5,2,1,1,1,187
201600002651,16,1,18,1000,1,1,3,3,1,352
201600002652,16,4,3,1900,2,1,1,2,6,72
201600002653,16,4,29,1930,1,1,1,1,1,352
201600002654,16,6,8,1945,1,1,1,1,1,106
201600002655,16,6,29,2215,3,1,1,1,6,221
201600002656,16,8,20,1645,1,1,3,1,3,87
201600002657,16,8,24,1800,1,2,3,1,6,352
201600002658,16,10,4,1700,1,1,1,1,7,352
201600002659,16,11,4,1715,2,1,3,1,3,254
201600002660,16,12,7,1915,1,1,1,1,7,21
201600002661,16,12,8,1345,1,1,2,1,4,87
201600002662,16,12,14,1915,3,1,1,1,2,294
201600002663,16,12,26,1845,3,1,1,2,6,250
201600002664,16,7,12,1115,1,2,1,1,7,547
201600002665,16,9,17,1100,1,1,1,1,6,26
201600002666,16,2,12,1800,1,2,2,8,1,258
201600002667,16,2,13,1800,2,1,2,1,3,275
201600002668,16,3,8,1800,1,2,1,1,7,121
201600002669,16,3,12,1915,3,1,1,1,6,282
201600002670,16,4,15,1900,1,2,1,3,1,57
201600002671,16,8,21,1830,1,1,2,1,1,379
201600002672,16,10,20,1015,1,1,1,7,1,129
201600002673,16,11,11,1000,1,1,1,1,6,482
201600002674,16,12,14,1215,1,1,1,1,6,282
201600002675,16,1,2,1530,1,2,3,1,3,240
201600002676,16,1,8,1530,2,1,2,2,3,300
201600002677,16,5,23,2030,2,2,1,1,1,240
201600002678,16,6,24,545,1,2,3,1,3,412
201600002679,16,10,5,900,1,1,4,1,1,38
201600002680,16,12,15,900,1,2,2,5,3,55
201600002681,16,1,31,1245,1,2,1,2,6,22
201600002682,16,2,1,815,2,1,1,2,6,104
201600002683,16,3,5,1945,2,1,1,8,6,297
201600002684,16,4,9,245,3,1,6,1,7,22
201600002685,16,5,15,1,3,2,1,1,6,220
201600002686,16,5,17,830,1,1,1,1,7,104
201600002687,16,6,19,1300,1,1,1,1,6,104
201600002688,16,7,1,415,3,1,1,1,6,417
201600002689,16,7,2,1030,1,1,3,1,1,248
201600002690,16,8,12,2000,1,1,2,1,3,22
201600002691,16,10,28,815,1,1,1,5,3,22
201600002692,16,12,12,845,1,1,1,1,6,146
201600002693,16,1,22,1100,1,1,1,3,6,12