Num_Acc,an,mois,jour,hrmn,lum,agg,int,atm,col,com
201600002694,16,4,8,2030,2,1,1,1,6,91
201600002695,16,5,18,900,1,1,3,2,1,256
201600002696,16,6,10,1600,1,2,1,1,7,12
201600002697,16,10,30,1800,3,2,1,1,6,322
201600002698,16,12,23,1915,3,1,2,2,3,322
201600002699,16,7,26,1515,1,1,1,1,6,314
201600002700,16,8,31,1300,1,1,3,1,3,424
201600002701,16,10,4,2100,3,1,1,1,2,424
201600002702,16,11,5,1845,3,1,1,1,6,125
201600002703,16,1,12,1730,2,1,1,2,1,208
201600002704,16,5,26,1730,1,1,1,1,7,538
201600002705,16,7,27,545,3,2,1,1,7,514
201600002706,16,7,31,1145,1,1,2,1,3,541
201600002707,16,8,31,1345,1,1,1,1,7,208
201600002708,16,10,8,1945,5,2,1,1,6,348
201600002709,16,11,22,1330,1,1,2,1,3,348
201600002710,16,3,18,930,1,1,1,2,1,539
201600002711,16,3,29,2000,1,2,6,2,3,243
201600002712,16,4,8,1645,1,2,2,1,3,243
201600002713,16,4,13,1400,1,2,2,1,3,243
201600002714,16,5,29,130,3,1,1,1,6,328
201600002715,16,6,13,1230,1,2,1,1,2,243
201600002716,16,8,10,1245,1,2,1,1,6,243
201600002717,16,8,19,2000,1,2,3,1,1,539
201600002718,16,9,9,445,5,2,1,1,3,243
201600002719,16,10,4,845,1,1,1,1,7,539
201600002720,16,11,25,2000,5,2,2,1,1,243
201600002721,16,1,18,845,1,1,1,2,6,296
201600002722,16,3,7,2015,3,1,1,1,6,466
201600002723,16,3,9,1800,1,1,1,1,1,194
201600002724,16,4,1,915,1,1,2,1,6,350
201600002725,16,4,6,930,1,1,2,1,3,194
201600002726,16,4,6,1815,1,2,1,1,1,466
201600002727,16,4,24,2015,1,1,3,1,3,86
201600002728,16,5,19,1615,1,2,1,1,2,298
201600002729,16,7,11,1830,1,1,2,1,3,460
201600002730,16,8,4,1730,1,1,1,2,3,421
201600002731,16,9,3,1445,1,1,4,1,1,298
201600002732,16,9,28,1630,1,1,2,1,3,196
201600002733,16,10,28,1745,1,2,1,1,1,194
201600002734,16,11,29,1930,3,1,1,1,6,257
201600002735,16,2,11,730,2,1,1,2,1,437
201600002736,16,8,8,1945,1,2,1,7,3,437
201600002737,16,10,6,1830,1,2,2,1,3,14
201600002738,16,12,19,1130,1,1,1,1,2,394
201600002739,16,1,4,930,1,2,1,3,1,447
201600002740,16,1,20,800,5,2,1,2,6,138
201600002741,16,1,29,1430,1,2,1,1,3,138
201600002742,16,3,18,630,5,2,1,2,3,478
201600002743,16,4,11,1745,1,1,1,1,7,138
201600002744,16,6,11,1930,1,2,3,1,6,138
201600002745,16,7,9,1545,1,1,1,1,6,385
201600002746,16,7,25,1615,1,2,1,1,6,138
201600002747,16,9,18,2000,2,2,1,1,7,138
201600002748,16,12,24,100,3,2,1,8,6,1
201600002749,16,1,21,845,1,1,2,1,3,393
201600002750,16,3,20,1815,1,1,1,1,6,362
201600002751,16,6,20,1800,1,1,1,1,7,387
201600002752,16,9,9,2030,1,2,3,1,1,387
201600002753,16,10,25,1500,1,1,1,2,1,218
201600002754,16,12,4,445,3,1,1,1,7,218
201600002755,16,6,11,1930,1,2,1,1,6,319
201600002756,16,6,23,1215,1,1,3,1,3,319
201600002757,16,7,8,1745,1,1,1,1,3,242
201600002758,16,4,29,1815,1,2,1,1,3,259
201600002759,16,5,6,2045,1,1,1,1,4,174
201600002760,16,7,29,1915,1,1,1,1,7,407
201600002761,16,8,9,1800,1,1,1,1,3,295
201600002762,16,8,15,1430,1,1,1,1,7,407
201600002763,16,9,25,1215,1,2,1,1,2,219
201600002764,16,12,3,1830,5,1,1,1,6,451
201600002765,16,8,6,1745,1,1,1,1,2,26
201600002766,16,9,24,245,3,1,1,1,6,115
201600002767,16,11,9,1845,3,1,2,2,3,94
201600002768,16,4,13,815,1,1,1,1,6,474
201600002769,16,4,18,1745,1,2,1,1,6,2
201600002770,16,5,6,945,1,1,1,1,7,64
201600002771,16,5,30,1845,1,1,1,2,6,253
201600002772,16,6,21,1645,1,2,1,1,6,96
201600002773,16,7,2,1300,1,1,1,1,7,235
201600002774,16,8,13,1130,1,1,1,1,7,2
201600002775,16,9,16,1815,1,1,1,2,3,79
201600002776,16,10,16,630,3,1,1,1,7,111
201600002777,16,12,15,545,3,1,3,1,3,129
201600002778,16,12,14,1915,3,1,1,1,7,2
201600002779,16,1,9,2330,3,1,1,3,3,309
201600002780,16,1,25,700,5,2,3,1,3,350
201600002781,16,4,18,1815,1,2,1,1,1,442
201600002782,16,9,1,1215,1,2,8,1,3,350
201600002783,16,10,9,1615,1,1,1,1,3,442
201600002784,16,10,24,1815,2,2,1,2,7,236
201600002785,16,10,28,1645,1,1,1,7,6,32
201600002786,16,11,20,2130,3,1,1,2,6,139
201600002787,16,12,18,1045,1,1,1,1,2,256
201600002788,16,1,10,1615,1,1,1,8,1,25
201600002789,16,1,19,1700,1,1,1,1,6,137
201600002790,16,5,20,945,1,1,1,1,7,473
201600002791,16,7,25,1630,1,1,1,1,1,4
201600002792,16,8,3,1530,1,2,2,1,3,540
201600002793,16,12,12,1845,3,1,1,1,3,11
201600002794,16,3,27,1215,1,1,1,8,6,413
201600002795,16,9,10,1745,1,1,1,1,5,487
201600002796,16,10,10,1730,1,1,3,1,3,222
201600002797,16,11,23,715,3,1,1,1,1,182
201600002798,16,12,2,745,2,1,1,1,1,499
201600002799,16,12,27,1500,1,1,1,1,5,77
201600002800,16,7,12,1030,1,2,2,8,3,68
201600002801,16,9,16,845,1,2,7,1,6,273
201600002802,16,12,6,1015,1,1,1,1,6,68
201600002803,16,5,13,1330,1,1,1,1,6,231
201600002804,16,6,11,215,3,1,1,1,6,231
201600002805,16,5,14,30,3,1,1,1,6,68
201600002806,16,8,26,2230,5,2,1,1,2,566
201600002807,16,6,13,1600,1,1,2,1,1,181
201600002808,16,8,21,1845,1,1,1,1,7,532
201600002809,16,7,3,1945,1,1,1,1,1,335
201600002810,16,7,11,1230,1,1,1,1,1,461
201600002811,16,9,11,1945,1,1,1,7,1,584
201600002812,16,12,24,1145,1,1,1,2,1,415
201600002813,16,1,12,1330,1,2,3,2,3,479
201600002814,16,1,13,530,3,1,1,9,6,451
201600002815,16,11,6,1430,1,1,1,1,7,328
201600002816,16,11,16,1845,3,1,1,1,1,528
201600002817,16,12,16,315,3,1,1,9,6,548
201600002818,16,1,6,1800,5,2,4,2,3,551
201600002819,16,6,9,1845,1,1,1,1,1,218
201600002820,16,7,3,1,3,1,1,1,6,95
201600002821,16,7,23,1030,1,1,1,1,6,9
201600002822,16,9,14,1615,1,1,1,3,6,133
201600002823,16,9,30,1445,1,1,1,1,6,320
201600002824,16,2,3,2130,3,1,1,1,6,529
201600002825,16,7,6,1815,1,2,1,7,3,352
201600002826,16,7,18,1900,1,1,1,1,1,564
201600002827,16,7,12,1530,1,2,7,1,6,352
201600002828,16,7,30,1900,1,1,2,1,3,119
201600002829,16,8,7,1745,1,1,1,1,7,352
201600002830,16,8,28,2130,3,1,2,1,3,455
201600002831,16,9,16,1145,1,2,1,8,6,553
201600002832,16,10,31,1330,1,1,1,1,6,352
201600002833,16,10,31,1615,1,1,1,1,1,460
201600002834,16,12,27,1445,1,1,1,1,5,38
201600002835,16,1,29,1845,5,2,1,1,6,543
201600002836,16,2,12,745,5,2,3,3,5,294
201600002837,16,3,2,1000,1,2,1,1,6,449
201600002838,16,5,23,1300,1,1,1,2,5,543
201600002839,16,8,3,1020,1,2,1,1,6,294
201600002840,16,8,4,1700,1,1,1,2,1,294
201600002841,16,8,23,2030,1,1,1,7,1,462
201600002842,16,8,24,1745,1,1,1,1,3,462
201600002843,16,9,13,1045,1,1,1,1,3,449
201600002844,16,3,8,1500,1,1,2,1,1,294
201600002845,16,5,31,1245,1,1,3,1,1,264
201600002846,16,1,17,1215,1,1,1,1,1,354
201600002847,16,1,25,1430,1,1,1,1,7,343
201600002848,16,3,5,545,3,1,1,2,7,82
201600002849,16,7,2,1145,1,1,1,1,1,255
201600002850,16,7,30,1745,1,1,3,1,3,82
201600002851,16,8,6,1745,1,1,1,1,1,392
201600002852,16,2,20,1515,1,1,3,1,3,172
201600002853,16,5,21,1600,1,1,3,1,1,142
201600002854,16,7,9,1000,1,2,1,1,7,67
201600002855,16,7,26,1115,1,1,1,1,3,172
201600002856,16,9,2,1530,1,1,1,1,1,552
201600002857,16,10,17,1215,1,1,1,1,5,404
201600002858,16,11,18,1900,3,1,1,2,1,356
201600002859,16,12,3,1945,3,1,1,1,1,443
201600002860,16,1,6,945,1,1,1,2,3,312
201600002861,16,1,8,1215,1,1,1,1,1,162
201600002862,16,2,6,1045,1,1,1,1,7,105
201600002863,16,2,19,900,1,1,1,1,1,320
201600002864,16,3,27,1515,1,1,1,1,7,164
201600002865,16,4,23,1515,1,1,1,3,1,56
201600002866,16,5,25,1200,1,1,1,1,6,164
201600002867,16,6,19,1400,1,1,1,1,1,111
201600002868,16,6,22,1815,1,1,1,1,1,274
201600002869,16,1,9,2130,3,1,1,1,6,309
201600002870,16,1,9,1200,1,1,1,1,6,48
201600002871,16,3,4,440,3,1,1,2,7,243
201600002872,16,7,12,1150,1,1,1,1,6,67
201600002873,16,9,14,1645,1,1,1,1,6,68
201600002874,16,2,6,1530,1,1,6,1,3,283
201600002875,16,3,21,1715,1,1,1,1,6,314
201600002876,16,4,9,315,3,1,1,3,6,125
201600002877,16,6,24,2130,2,1,1,2,1,277
201600002878,16,7,12,1130,1,1,1,8,4,244
201600002879,16,8,7,1630,1,1,6,1,7,283
201600002880,16,10,28,1440,1,1,2,1,2,294
201600002881,16,11,13,1035,1,2,1,1,3,202
201600002882,16,5,7,600,2,2,1,1,7,65
201600002883,16,7,2,1330,1,1,1,1,3,65
201600002884,16,7,8,2300,5,2,1,1,7,133
201600002885,16,7,16,445,3,1,1,1,2,36
201600002886,16,7,18,1850,1,2,1,1,3,133
201600002887,16,8,21,1330,1,2,1,1,6,133
201600002888,16,8,24,500,5,1,1,1,1,36
201600002889,16,1,13,1430,1,2,1,1,3,150
201600002890,16,2,27,1115,1,1,1,3,3,326
201600002891,16,5,19,630,2,1,1,1,6,311
201600002892,16,9,7,745,2,1,1,1,6,322
201600002893,16,3,21,1455,1,1,1,1,3,308
201600002894,16,4,25,1045,1,1,1,1,6,249
201600002895,16,6,3,1530,1,1,3,7,3,126
201600002896,16,8,21,1845,1,1,2,1,3,2
201600002897,16,1,15,2015,3,1,1,2,3,118
201600002898,16,1,26,1200,1,2,1,7,3,212
201600002899,16,3,26,1315,1,1,1,1,1,212
201600002900,16,4,2,1645,1,1,1,1,1,306
201600002901,16,5,31,915,1,1,1,1,1,316
201600002902,16,6,8,815,1,1,3,1,3,34
201600002903,16,6,15,1800,1,1,1,3,6,120
201600002904,16,7,10,2000,1,1,3,1,3,211
201600002905,16,9,29,1845,1,1,1,1,3,95
201600002906,16,1,5,830,2,1,1,2,1,291
201600002907,16,3,21,1830,2,1,3,7,1,168
201600002908,16,3,27,1900,1,2,1,1,3,284
201600002909,16,4,26,1415,1,1,1,1,6,168
201600002910,16,7,6,1700,1,2,2,1,3,187
201600002911,16,8,28,2145,5,2,1,2,3,317
201600002912,16,1,15,1930,5,2,1,3,1,312
201600002913,16,3,28,1445,1,1,1,1,1,209
201600002914,16,3,30,745,1,2,1,1,3,312
201600002915,16,5,13,845,1,2,1,1,3,312
201600002916,16,7,12,715,2,2,1,2,6,312
201600002917,16,7,15,30,3,1,1,1,6,268
201600002918,16,7,18,1835,1,1,1,1,3,312
201600002919,16,7,27,1710,1,2,1,1,1,273
201600002920,16,8,13,850,1,2,1,1,2,312
201600002921,16,8,25,2030,2,2,1,1,1,273
201600002922,16,1,5,1810,5,2,1,3,6,46
201600002923,16,3,9,1745,1,2,1,1,6,46
201600002924,16,5,11,1145,1,1,2,1,1,46
201600002925,16,6,27,1015,1,1,1,1,6,46
201600002926,16,7,9,445,3,1,1,1,7,217
201600002927,16,7,29,445,2,1,1,1,7,46
201600002928,16,7,31,2015,1,1,1,1,6,46
201600002929,16,9,28,1615,1,1,1,1,6,287
201600002930,16,6,2,2000,1,1,1,1,1,302
201600002931,16,8,15,1240,1,1,1,1,6,163
201600002932,16,9,23,1000,1,1,1,1,7,303
201600002933,16,9,28,1300,1,1,1,1,6,163
201600002934,16,5,6,845,1,2,1,1,6,307
201600002935,16,6,7,1130,1,2,1,1,1,200
201600002936,16,8,6,1915,1,1,1,1,7,60
201600002937,16,8,12,1430,1,1,1,1,6,295
201600002938,16,8,28,245,3,1,1,1,2,227
201600002939,16,9,2,1515,1,1,1,1,7,200
201600002940,16,3,3,1815,4,1,1,2,1,229
201600002941,16,6,26,230,3,1,1,1,6,184
201600002942,16,7,6,1715,1,1,3,1,1,229
201600002943,16,9,20,1000,1,2,1,7,6,184
201600002944,16,4,15,1530,1,1,1,1,2,26
201600002945,16,9,15,1515,1,2,6,1,3,282
201600002946,16,1,13,1445,1,1,1,1,7,275
201600002947,16,3,7,1745,1,1,1,1,1,55
201600002948,16,5,11,1045,1,2,1,1,6,80
201600002949,16,5,22,1145,1,1,1,2,1,145
201600002950,16,7,31,200,5,2,1,1,6,49
201600002951,16,9,8,1845,1,1,1,1,6,82
201600002952,16,9,26,815,1,1,1,1,6,282
201600002953,16,4,4,1215,1,1,2,1,3,137
201600002954,16,5,17,1530,1,1,1,1,3,158
201600002955,16,7,7,1800,1,1,1,1,1,267
201600002956,16,7,21,1900,1,1,1,1,3,51
201600002957,16,9,12,930,1,1,2,1,3,161
201600002958,16,1,1,530,2,1,1,5,6,69
201600002959,16,4,2,1415,1,2,1,1,6,293
201600002960,16,4,3,1000,1,2,3,1,1,145
201600002961,16,11,26,1545,1,2,6,1,7,209
201600002962,16,4,26,1900,1,1,3,1,5,40
201600002963,16,5,1,2345,3,1,1,1,6,69
201600002964,16,5,18,1915,1,2,9,1,1,225
201600002965,16,5,20,1245,1,2,1,1,1,16
201600002966,16,2,25,1915,3,1,3,2,1,4
201600002967,16,7,7,30,3,1,1,1,6,125
201600002968,16,8,20,800,1,1,1,2,6,140
201600002969,16,10,21,1400,1,1,1,1,7,154
201600002970,16,11,9,900,1,1,1,2,7,38
201600002971,16,11,21,1000,1,1,3,2,3,4
201600002972,16,12,10,1145,1,1,1,1,1,190
201600002973,16,12,14,815,2,1,1,9,7,213
201600002974,16,3,27,1115,1,1,3,1,1,138
201600002975,16,4,9,1815,1,1,1,1,5,75
201600002976,16,6,11,1200,1,2,1,1,2,138
201600002977,16,6,28,715,1,1,1,1,1,269
201600002978,16,6,28,1700,1,1,1,1,1,269
201600002979,16,7,5,1745,1,1,1,1,3,269
201600002980,16,7,22,1745,1,1,1,1,1,274
201600002981,16,8,31,945,1,1,2,1,3,234
201600002982,16,11,5,1915,3,1,1,8,7,273
201600002983,16,11,23,1445,1,1,1,2,1,305
201600002984,16,12,12,1515,1,1,1,1,7,51
201600002985,16,1,28,645,5,2,1,1,2,157
201600002986,16,1,30,1700,1,1,1,1,1,326
201600002987,16,2,3,1645,1,1,9,1,3,326
201600002988,16,2,8,1900,5,2,1,2,2,157
201600002989,16,2,9,1745,1,2,1,2,2,157
201600002990,16,2,16,1800,2,1,1,1,1,326
201600002991,16,3,11,2020,3,1,1,1,1,157
201600002992,16,4,23,1100,1,1,1,1,3,157
201600002993,16,5,23,745,1,1,1,1,2,157
201600002994,16,6,4,1945,1,1,1,1,6,157
201600002995,16,7,7,845,1,1,1,1,6,157
201600002996,16,7,27,1000,1,1,4,1,3,326
201600002997,16,8,7,1500,1,2,2,1,2,157
201600002998,16,9,13,800,1,1,6,1,3,157
201600002999,16,9,25,1630,1,1,1,2,7,24
201600003000,16,10,13,1515,1,1,1,1,7,157
201600003001,16,10,21,300,5,1,6,5,7,157
201600003002,16,10,30,645,3,2,1,5,1,326
201600003003,16,11,24,730,5,2,1,2,6,157
201600003004,16,11,23,1930,3,1,1,3,7,88
201600003005,16,12,1,1930,3,1,1,1,3,263
201600003006,16,12,7,1505,1,1,2,7,3,28
201600003007,16,12,19,1530,1,1,1,1,1,157
201600003008,16,3,27,2015,2,2,3,1,3,168
201600003009,16,7,23,1130,1,1,1,1,3,204
201600003010,16,9,30,1515,1,1,3,1,2,147
201600003011,16,10,4,1100,1,2,2,1,6,168
201600003012,16,12,20,1745,2,1,3,1,3,290
201600003013,16,8,8,1315,1,1,1,1,7,244
201600003014,16,9,4,1530,1,1,2,1,3,191
201600003015,16,9,8,1245,1,1,1,1,7,68
201600003016,16,10,27,1630,1,1,2,1,5,257
201600003017,16,1,29,1915,2,1,1,1,7,65
201600003018,16,1,17,1000,1,1,1,1,7,110
201600003019,16,12,14,1830,3,1,1,1,5,325
201600003020,16,12,17,1630,1,2,1,1,6,310
201600003021,16,3,17,930,1,1,1,1,3,52
201600003022,16,8,2,1500,1,1,1,1,1,119
201600003023,16,8,5,1845,1,2,1,1,7,52
201600003024,16,8,12,1845,1,1,2,1,3,320
201600003025,16,10,15,1315,1,1,1,1,6,78
201600003026,16,10,15,1800,1,1,1,1,7,220
201600003027,16,11,28,815,1,1,2,5,1,250
201600003028,16,6,10,845,1,1,1,1,1,175
201600003029,16,6,25,745,1,1,1,1,6,203
201600003030,16,7,1,2245,5,2,1,1,6,315
201600003031,16,7,8,1900,1,1,3,1,5,291
201600003032,16,9,1,1400,1,1,2,1,3,184
201600003033,16,2,27,945,1,2,6,1,6,324
201600003034,16,3,20,100,3,1,1,2,7,152
201600003035,16,6,13,1841,1,1,1,2,6,96
201600003036,16,12,30,2030,3,1,3,1,7,152
201600003037,16,7,22,2100,2,1,1,2,6,70
201600003038,16,8,16,845,1,2,1,7,6,283
201600003039,16,11,8,930,1,1,1,2,7,17
201600003040,16,2,24,1700,1,1,2,8,3,81
201600003041,16,5,27,1615,1,1,2,1,3,81
201600003042,16,7,22,2000,2,1,3,3,5,309
201600003043,16,8,10,1815,1,1,1,1,5,252
201600003044,16,9,9,1200,1,2,6,1,3,252
201600003045,16,10,22,1100,1,1,2,1,3,81
201600003046,16,11,13,1745,2,1,1,8,1,81
201600003047,16,11,18,1200,1,2,1,2,6,252
201600003048,16,11,19,1700,2,1,3,2,3,252
201600003049,16,1,8,1730,1,2,1,1,6,230
201600003050,16,8,19,1630,1,2,2,1,3,230
201600003051,16,9,3,1615,1,1,1,1,1,230
201600003052,16,9,17,1100,1,1,1,2,6,230
201600003053,16,5,22,1615,1,1,1,3,7,230
201600003054,16,11,27,1545,1,1,1,1,3,478
201600003055,16,12,30,2045,3,1,1,5,5,230
201600003056,16,6,9,1515,1,1,1,1,6,405
201600003057,16,3,23,1745,1,2,1,1,1,511
201600003058,16,12,14,1600,1,1,6,7,2,60
201600003059,16,2,15,1930,5,1,1,1,6,405
201600003060,16,4,29,900,1,2,1,1,1,343
201600003061,16,7,4,1100,1,1,1,1,7,227
201600003062,16,9,18,600,3,1,1,1,1,216
201600003063,16,9,30,1715,1,2,1,1,3,472
201600003064,16,10,25,1800,1,2,1,1,3,419
201600003065,16,10,29,800,3,2,1,1,2,59
201600003066,16,12,10,1715,2,1,1,1,6,238
201600003067,16,1,15,2045,3,1,1,8,6,302
201600003068,16,1,22,1000,1,2,2,2,3,138
201600003069,16,3,21,1345,1,1,1,1,6,498
201600003070,16,5,12,1230,1,1,1,1,6,23
201600003071,16,6,27,1000,1,1,1,1,3,302
201600003072,16,8,5,915,1,1,1,1,6,453
201600003073,16,8,31,1130,1,1,1,1,1,270
201600003074,16,9,22,1030,1,2,1,1,3,339
201600003075,16,12,5,815,1,1,1,1,3,453
201600003076,16,12,8,1515,1,1,1,1,6,109
201600003077,16,1,3,445,3,1,1,1,6,180
201600003078,16,1,24,615,3,1,1,2,6,374
201600003079,16,4,16,1100,1,1,1,1,5,234
201600003080,16,4,22,1945,1,1,1,1,7,70
201600003081,16,6,21,730,2,1,1,1,3,560
201600003082,16,9,13,1000,1,1,1,1,1,523
201600003083,16,9,23,1800,1,1,1,1,2,415
201600003084,16,9,24,1845,1,1,1,1,6,180
201600003085,16,11,2,1430,1,1,1,1,6,70
201600003086,16,11,5,1500,1,2,9,1,6,63
201600003087,16,2,28,1045,1,1,1,8,3,407
201600003088,16,6,30,1800,1,1,1,1,1,407
201600003089,16,10,18,1530,1,1,1,1,3,100
201600003090,16,1,8,1900,3,1,1,2,5,161
201600003091,16,6,14,1215,1,1,1,1,1,256
201600003092,16,8,9,1430,1,1,1,1,3,250
201600003093,16,8,26,1630,1,1,1,1,1,256
201600003094,16,8,28,1900,1,2,1,1,3,476
201600003095,16,2,14,1215,1,1,1,6,1,527
201600003096,16,2,24,845,1,2,1,1,3,65
201600003097,16,2,28,330,5,1,2,2,3,65
201600003098,16,4,6,1700,1,1,1,1,6,495
201600003099,16,5,4,945,1,1,1,1,3,504
201600003100,16,8,20,1730,1,2,1,1,3,9
201600003101,16,9,2,1745,1,1,1,1,3,495
201600003102,16,9,13,1715,1,1,1,3,5,9
201600003103,16,10,8,1600,1,1,1,1,1,9
201600003104,16,12,7,1030,1,1,1,1,1,504
201600003105,16,12,18,1445,1,2,1,1,3,495
201600003106,16,2,6,1430,1,2,1,1,6,558
201600003107,16,3,14,1915,2,2,1,1,3,255
201600003108,16,4,23,2345,3,2,1,1,1,38
201600003109,16,5,13,600,3,1,1,2,2,547
201600003110,16,6,5,1130,1,2,1,1,1,213
201600003111,16,6,12,630,1,1,1,1,6,38
201600003112,16,6,21,900,1,2,1,7,3,547
201600003113,16,6,25,1700,1,1,1,1,1,100
201600003114,16,9,6,200,5,2,1,1,7,213
201600003115,16,9,29,1215,1,1,1,1,1,279
201600003116,16,10,23,1445,1,1,1,1,7,317
201600003117,16,10,29,1215,1,1,1,1,3,547
201600003118,16,11,8,1630,1,1,1,2,1,547
201600003119,16,12,19,1800,5,2,6,2,3,527
201600003120,16,12,28,1615,1,2,3,1,3,160
201600003121,16,5,22,2030,1,1,1,3,6,303
201600003122,16,7,16,2045,1,2,1,1,6,371
201600003123,16,2,10,1315,1,1,1,3,7,538
201600003124,16,2,13,1230,1,2,1,7,3,297
201600003125,16,8,26,1630,1,1,1,1,3,477
201600003126,16,9,17,1130,1,1,1,2,3,66
201600003127,16,10,27,730,5,2,1,1,6,477
201600003128,16,11,20,1245,1,2,1,1,6,66
201600003129,16,2,2,1215,1,1,1,8,1,436
201600003130,16,3,17,900,1,1,1,1,1,368
201600003131,16,3,26,1230,1,1,1,1,5,493
201600003132,16,4,13,2115,3,1,1,1,1,285
201600003133,16,7,21,1600,1,1,1,1,7,425
201600003134,16,7,29,1845,1,1,1,1,7,51
201600003135,16,8,6,1030,1,2,1,1,2,436
201600003136,16,12,30,1030,1,1,1,1,7,539
201600003137,16,5,20,1915,1,2,1,1,3,422
201600003138,16,6,8,1615,1,2,1,1,3,64
201600003139,16,7,17,915,1,1,1,1,5,409
201600003140,16,8,27,2200,2,2,1,1,6,422
201600003141,16,10,2,1130,1,1,1,1,6,422
201600003142,16,12,15,1615,1,2,1,1,6,252
201600003143,16,7,3,1615,1,1,1,1,7,136
201600003144,16,12,21,1700,1,1,1,1,6,136
201600003145,16,6,12,1730,1,1,1,1,5,320
201600003146,16,8,5,2300,3,1,1,1,7,529
201600003147,16,2,8,1245,1,1,1,1,6,312
201600003148,16,4,18,1645,1,1,1,1,6,135
201600003149,16,7,1,15,5,2,1,1,7,430
201600003150,16,8,12,1530,1,2,1,1,1,286
201600003151,16,8,23,1115,1,2,1,1,6,430
201600003152,16,12,5,1715,2,2,1,1,2,430
201600003153,16,2,3,1215,1,1,1,2,3,83
201600003154,16,8,28,130,3,1,1,1,6,96
201600003155,16,4,14,1815,1,2,9,2,3,62
201600003156,16,5,22,230,3,1,1,8,6,222
201600003157,16,9,2,1230,1,2,1,1,2,62
201600003158,16,9,14,2200,5,2,1,2,6,115
201600003159,16,12,27,1515,1,1,1,1,3,222
201600003160,16,3,16,800,1,1,1,1,1,45
201600003161,16,7,20,845,1,1,1,8,5,53
201600003162,16,10,30,2030,3,1,1,1,7,89
201600003163,16,11,17,1330,1,1,1,2,7,160
201600003164,16,11,28,1445,1,1,1,1,6,30
201600003165,16,12,9,1845,5,2,6,1,3,177
201600003166,16,12,14,1815,3,2,1,1,3,281
201600003167,16,2,23,745,1,1,1,2,6,94
201600003168,16,3,6,1030,1,2,1,1,3,290
201600003169,16,3,27,900,1,1,1,1,6,105
201600003170,16,4,15,715,2,1,1,8,6,103
201600003171,16,5,16,2030,1,2,1,1,6,290
201600003172,16,6,20,1015,1,1,1,1,6,10
201600003173,16,7,7,1800,1,2,1,1,2,38
201600003174,16,7,21,645,1,1,1,1,1,263
201600003175,16,9,12,745,1,1,1,1,1,248
201600003176,16,6,6,1630,1,2,1,1,7,293
201600003177,16,6,29,945,1,1,1,1,3,278
201600003178,16,8,4,2345,3,2,1,1,6,244
201600003179,16,12,24,115,4,2,9,2,6,39
201600003180,16,12,30,1115,2,1,1,9,7,50
201600003181,16,2,27,1630,1,1,1,1,6,297
201600003182,16,4,7,1730,1,1,1,1,4,100
201600003183,16,8,17,2000,1,2,1,1,1,142
201600003184,16,9,4,645,2,2,1,1,1,17
201600003185,16,4,29,1800,1,2,2,1,1,174
201600003186,16,5,4,1515,1,1,2,1,3,197
201600003187,16,6,21,2300,3,1,1,1,7,137
201600003188,16,7,9,1845,1,2,1,7,5,196
201600003189,16,8,24,1400,1,1,1,1,7,18
201600003190,16,9,3,115,4,2,1,1,6,137
201600003191,16,10,27,1545,1,1,1,1,6,44
201600003192,16,10,3,1515,1,1,1,1,7,90
201600003193,16,11,6,315,3,1,1,9,7,229
201600003194,16,11,20,1330,1,1,1,8,7,137
201600003195,16,7,21,1900,1,1,1,1,7,258
201600003196,16,7,25,1845,1,2,1,1,3,174
201600003197,16,8,1,1045,1,1,1,1,3,258
201600003198,16,7,20,1215,1,1,9,9,3,111
201600003199,16,7,25,1000,1,1,1,1,1,186
201600003200,16,8,21,2245,3,1,1,1,3,130
201600003201,16,9,26,1715,1,1,1,1,2,92
201600003202,16,4,9,1400,1,1,1,2,1,288
201600003203,16,6,26,1900,1,1,1,1,4,245
201600003204,16,11,6,1845,5,2,1,1,6,207
201600003205,16,11,17,1015,1,1,1,9,2,14
201600003206,16,11,26,1900,3,1,1,1,6,14
201600003207,16,6,24,1715,1,1,1,1,7,85
201600003208,16,12,16,2345,3,2,1,5,6,75
201600003209,16,7,7,1645,1,1,1,1,7,289
201600003210,16,2,6,1545,1,1,1,1,7,190
201600003211,16,3,2,1430,1,1,1,1,6,191
201600003212,16,6,18,1830,1,1,3,1,3,262
201600003213,16,4,14,1830,1,1,1,1,7,120
201600003214,16,5,17,1945,1,1,1,1,5,140
201600003215,16,10,28,2115,3,1,1,1,6,118
201600003216,16,2,10,2130,3,1,1,1,4,226
201600003217,16,5,4,1800,1,1,1,1,6,187
201600003218,16,5,23,930,1,1,1,1,3,31
201600003219,16,7,2,1945,1,1,1,1,3,70
201600003220,16,7,13,1200,1,1,1,1,1,226
201600003221,16,9,13,1630,1,1,1,1,6,114
201600003222,16,9,30,1630,1,1,1,2,3,70
201600003223,16,10,12,1530,1,1,1,8,1,198
201600003224,16,10,19,1345,1,2,1,1,3,226
201600003225,16,11,8,1830,3,1,1,1,2,256
201600003226,16,1,16,1445,1,1,1,1,1,55
201600003227,16,1,17,200,3,2,1,1,3,78
201600003228,16,6,23,1345,1,2,3,1,3,237
201600003229,16,7,3,1930,2,1,1,1,7,61
201600003230,16,9,18,1545,1,1,2,1,3,104
201600003231,16,9,28,1145,1,1,1,1,3,78