Num_Acc,an,mois,jour,hrmn,lum,agg,int,atm,col,com
201600003232,16,11,26,515,3,1,1,5,6,29
201600003233,16,12,15,1745,3,1,1,1,7,61
201600003234,16,1,2,1430,1,2,1,2,1,289
201600003235,16,8,6,1100,1,1,1,1,6,200
201600003236,16,4,11,915,1,1,1,2,7,15
201600003237,16,3,27,1830,1,1,1,1,7,107
201600003238,16,7,5,1815,1,1,1,1,1,191
201600003239,16,7,13,2330,3,1,1,1,6,120
201600003240,16,9,24,1500,1,1,1,1,6,118
201600003241,16,11,19,1945,3,1,1,1,6,98
201600003242,16,11,24,700,3,1,1,2,6,120
201600003243,16,4,3,2215,3,1,1,2,7,26
201600003244,16,9,21,2215,3,1,3,1,7,78
201600003245,16,11,10,2000,3,1,1,2,6,78
201600003246,16,12,2,1400,1,1,4,1,7,78
201600003247,16,2,21,1830,2,1,1,9,7,119
201600003248,16,3,19,1200,1,1,1,1,3,120
201600003249,16,4,25,2330,3,1,1,1,6,143
201600003250,16,5,15,615,1,1,1,1,6,175
201600003251,16,7,29,600,2,1,1,1,1,119
201600003252,16,9,16,1600,1,1,1,2,7,120
201600003253,16,9,23,1600,1,1,1,1,7,420
201600003254,16,10,7,2345,3,1,1,1,6,236
201600003255,16,10,18,1830,2,2,1,1,3,46
201600003256,16,2,28,2015,3,1,1,1,6,347
201600003257,16,4,26,1900,1,2,2,1,3,73
201600003258,16,5,11,1140,1,1,2,1,3,4
201600003259,16,5,26,1100,1,2,1,1,6,20
201600003260,16,5,29,1530,1,1,1,1,6,34
201600003261,16,6,9,2330,3,1,1,1,2,130
201600003262,16,6,15,1430,1,1,1,1,6,347
201600003263,16,7,21,1945,1,1,2,1,3,362
201600003264,16,9,26,915,1,1,1,1,1,230
201600003265,16,12,7,2115,3,1,1,1,7,328
201600003266,16,9,22,1400,1,2,1,1,2,97
201600003267,16,10,31,1750,2,2,2,1,2,58
201600003268,16,3,21,1200,1,1,1,1,4,53
201600003269,16,7,1,1630,1,1,1,1,4,28
201600003270,16,8,8,245,3,1,1,1,6,28
201600003271,16,9,28,1215,1,1,2,1,3,303
201600003272,16,10,26,845,1,1,1,5,6,66
201600003273,16,4,15,730,2,2,8,2,2,202
201600003274,16,12,6,745,2,1,1,1,4,150
201600003275,16,1,27,1545,1,1,1,1,1,131
201600003276,16,2,14,630,3,1,1,3,1,106
201600003277,16,6,11,715,1,2,1,1,6,70
201600003278,16,6,28,2245,3,1,1,1,6,363
201600003279,16,8,4,1215,1,1,1,2,6,270
201600003280,16,9,23,1415,1,1,1,1,6,65
201600003281,16,10,22,1145,1,2,1,1,6,376
201600003282,16,11,14,1715,2,1,1,5,1,70
201600003283,16,11,19,1700,2,1,1,1,6,181
201600003284,16,12,3,2145,3,1,1,1,6,7
201600003285,16,1,10,830,2,2,1,3,6,245
201600003286,16,1,28,800,2,1,1,8,6,183
201600003287,16,2,29,1100,1,2,2,1,3,85
201600003288,16,5,27,1800,1,1,2,1,3,192
201600003289,16,7,19,1700,1,1,1,7,1,308
201600003290,16,8,3,1845,1,1,1,1,1,245
201600003291,16,9,24,1030,1,2,1,1,1,245
201600003292,16,12,6,1815,3,1,1,1,6,245
201600003293,16,12,13,1730,2,2,3,1,3,192
201600003294,16,2,6,1430,1,2,1,1,6,292
201600003295,16,2,24,1200,1,1,1,1,1,104
201600003296,16,4,21,1500,1,1,1,1,2,400
201600003297,16,9,5,1035,1,1,1,1,6,292
201600003298,16,5,20,500,3,1,6,1,6,138
201600003299,16,12,10,315,3,1,1,1,5,163
201600003300,16,12,18,1100,1,1,1,1,6,187
201600003301,16,4,19,1715,1,2,1,1,1,393
201600003302,16,12,19,1545,1,1,1,1,6,296
201600003303,16,3,20,945,1,1,2,2,3,280
201600003304,16,5,31,845,1,1,2,2,1,425
201600003305,16,7,1,2115,2,1,1,1,6,250
201600003306,16,9,2,1930,3,1,1,1,1,55
201600003307,16,9,21,1030,1,1,2,1,3,379
201600003308,16,9,25,1815,1,2,1,1,6,93
201600003309,16,9,23,1600,1,1,3,1,2,421
201600003310,16,11,24,1800,3,1,1,1,7,379
201600003311,16,8,18,1545,1,1,1,1,6,409
201600003312,16,5,12,1545,1,2,1,1,3,10
201600003313,16,7,12,1900,1,1,1,1,1,109
201600003314,16,5,27,1945,1,2,3,1,1,59
201600003315,16,1,2,2045,3,1,1,3,1,218
201600003316,16,1,27,330,3,1,1,2,2,466
201600003317,16,2,22,1530,1,1,1,1,6,349
201600003318,16,3,5,1130,1,1,1,1,2,322
201600003319,16,3,19,45,3,1,1,1,6,303
201600003320,16,3,18,2115,3,1,1,1,6,132
201600003321,16,6,19,845,1,1,1,1,1,91
201600003322,16,7,29,1645,1,1,1,1,6,8
201600003323,16,11,26,1645,1,1,1,7,2,349
201600003324,16,1,23,1145,1,1,1,1,1,360
201600003325,16,2,8,1145,1,1,1,1,2,121
201600003326,16,5,5,1730,1,2,1,1,4,297
201600003327,16,5,27,1630,1,1,1,1,6,19
201600003328,16,7,9,945,1,1,2,1,3,51
201600003329,16,7,21,1730,1,2,6,1,3,51
201600003330,16,8,23,415,2,1,1,1,6,121
201600003331,16,8,30,645,2,2,1,1,1,297
201600003332,16,8,28,1745,1,1,1,1,1,121
201600003333,16,10,28,1415,1,2,6,1,3,369
201600003334,16,11,2,1745,1,1,3,1,3,297
201600003335,16,11,30,1130,1,2,1,1,6,161
201600003336,16,1,10,1815,3,1,1,3,6,454
201600003337,16,2,29,1745,1,1,1,1,7,270
201600003338,16,4,21,330,4,1,1,1,6,316
201600003339,16,4,24,1945,1,2,1,2,1,197
201600003340,16,7,15,1200,1,1,1,1,7,468
201600003341,16,7,26,1445,1,2,1,1,3,197
201600003342,16,11,3,1115,1,2,1,1,6,197
201600003343,16,12,28,1700,1,1,1,1,2,339
201600003344,16,1,13,1845,3,1,1,2,3,187
201600003345,16,1,25,1045,1,1,1,1,1,325
201600003346,16,2,9,1430,1,1,1,1,7,317
201600003347,16,9,27,1015,1,1,2,1,1,111
201600003348,16,12,22,1730,5,2,2,3,3,331
201600003349,16,6,25,2000,2,1,3,1,3,99
201600003350,16,6,29,2030,1,1,1,1,2,454
201600003351,16,9,5,1630,1,2,1,1,6,240
201600003352,16,9,24,1415,1,1,1,1,1,454
201600003353,16,2,5,1730,1,2,1,1,1,241
201600003354,16,3,11,1245,1,1,1,1,1,365
201600003355,16,4,24,1645,1,1,1,1,6,241
201600003356,16,8,9,1800,1,2,7,1,6,309
201600003357,16,8,10,1000,1,1,2,1,3,77
201600003358,16,8,26,1545,1,1,3,1,3,365
201600003359,16,8,4,1700,1,2,9,2,6,309
201600003360,16,10,8,1930,3,1,2,1,2,365
201600003361,16,1,14,900,1,1,1,2,1,185
201600003362,16,2,10,1630,1,1,1,1,7,219
201600003363,16,3,16,1045,1,1,1,1,1,351
201600003364,16,3,26,1730,1,1,1,1,6,189
201600003365,16,8,6,1515,1,1,1,1,1,58
201600003366,16,8,23,1730,1,1,1,1,5,219
201600003367,16,10,15,915,1,2,1,1,3,219
201600003368,16,11,2,2030,3,2,3,1,3,219
201600003369,16,10,30,1900,3,1,1,1,1,351
201600003370,16,9,25,2115,5,1,6,1,1,140
201600003371,16,3,17,2345,3,1,1,2,6,308
201600003372,16,4,11,2200,3,1,1,1,6,484
201600003373,16,6,10,1530,1,2,2,2,3,308
201600003374,16,7,15,1745,1,1,2,1,3,308
201600003375,16,9,17,1900,1,1,2,1,1,83
201600003376,16,10,30,1900,2,1,1,1,5,429
201600003377,16,2,7,1045,1,1,1,1,1,385
201600003378,16,4,22,1515,1,1,2,1,1,385
201600003379,16,6,22,915,1,1,2,1,3,385
201600003380,16,6,28,2000,1,2,1,1,7,385
201600003381,16,8,7,1730,1,1,1,1,1,486
201600003382,16,8,11,700,2,1,1,1,7,337
201600003383,16,9,1,615,3,1,2,5,1,385
201600003384,16,9,6,1400,1,1,3,1,3,93
201600003385,16,10,29,1030,1,1,1,1,1,385
201600003386,16,1,13,1900,3,2,1,1,6,452
201600003387,16,4,14,2300,5,2,6,2,7,409
201600003388,16,5,1,300,3,1,3,1,3,79
201600003389,16,5,1,1330,1,2,1,1,3,225
201600003390,16,5,14,1830,1,1,1,1,7,311
201600003391,16,5,28,1715,1,1,1,2,6,452
201600003392,16,5,29,1545,1,1,1,1,6,155
201600003393,16,7,19,1200,1,2,2,1,2,21
201600003394,16,8,3,2100,2,2,5,1,3,21
201600003395,16,10,29,1630,1,1,1,1,1,452
201600003396,16,11,30,1545,1,2,1,1,3,64
201600003397,16,12,9,515,3,1,1,1,6,64
201600003398,16,4,7,2215,3,1,1,1,7,320
201600003399,16,4,17,1715,1,1,1,1,6,353
201600003400,16,12,3,1830,3,1,2,1,2,320
201600003401,16,12,17,1815,5,2,1,1,6,216
201600003402,16,12,29,1715,1,1,1,1,7,75
201600003403,16,2,1,1125,1,2,1,2,3,434
201600003404,16,3,18,1415,1,1,1,1,5,338
201600003405,16,5,16,2115,3,1,1,1,7,203
201600003406,16,8,10,130,4,2,1,1,3,340
201600003407,16,8,26,1045,1,1,2,1,3,57
201600003408,16,9,6,2215,3,1,1,1,6,359
201600003409,16,9,9,1815,1,1,9,1,2,394
201600003410,16,10,10,1530,1,2,6,2,6,434
201600003411,16,10,22,215,5,2,1,1,6,434
201600003412,16,1,1,2000,3,1,1,8,1,275
201600003413,16,1,28,830,1,1,1,1,3,336
201600003414,16,2,15,845,1,1,1,7,6,128
201600003415,16,3,14,1215,1,1,1,1,1,164
201600003416,16,3,18,1415,1,1,1,1,2,86
201600003417,16,3,27,700,2,1,1,2,6,415
201600003418,16,4,25,1745,1,1,2,1,3,336
201600003419,16,6,23,100,3,1,2,1,3,191
201600003420,16,6,26,1500,1,1,1,1,1,336
201600003421,16,8,25,1600,1,1,1,1,1,336
201600003422,16,12,7,1715,2,1,2,1,1,86
201600003423,16,12,29,1830,3,1,2,5,5,395
201600003424,16,2,3,1615,1,1,1,1,6,404
201600003425,16,2,3,2045,5,2,1,1,6,15
201600003426,16,2,18,1845,2,1,2,1,3,131
201600003427,16,3,2,1130,1,1,1,2,1,183
201600003428,16,7,24,1930,1,2,1,1,6,230
201600003429,16,8,13,1400,1,1,1,1,7,425
201600003430,16,9,24,2030,5,2,2,1,3,230
201600003431,16,10,7,1800,1,1,2,1,3,469
201600003432,16,11,2,1800,3,1,3,1,3,196
201600003433,16,11,26,1800,5,2,1,1,6,133
201600003434,16,5,21,1600,1,2,1,1,1,418
201600003435,16,6,20,1900,1,1,1,1,7,242
201600003436,16,7,9,1015,1,2,3,1,3,283
201600003437,16,7,12,830,1,1,7,1,6,242
201600003438,16,10,1,1400,1,1,3,1,3,354
201600003439,16,11,3,1100,1,1,8,1,3,283
201600003440,16,1,6,1045,1,1,1,2,3,330
201600003441,16,4,14,1015,1,1,4,1,3,120
201600003442,16,6,10,1200,1,1,1,1,1,330
201600003443,16,6,29,2245,5,2,3,1,6,455
201600003444,16,7,23,1630,1,1,1,1,3,171
201600003445,16,10,16,445,3,1,1,1,6,262
201600003446,16,5,20,1500,1,2,3,1,3,421
201600003447,16,6,14,1730,1,1,1,1,1,228
201600003448,16,7,10,1045,1,1,2,1,3,232
201600003449,16,9,6,330,3,1,9,1,7,393
201600003450,16,9,19,1615,1,2,1,1,6,421
201600003451,16,10,26,815,2,1,1,1,1,307
201600003452,16,12,1,1615,1,2,1,1,6,228
201600003453,16,2,8,715,2,2,1,1,6,347
201600003454,16,3,5,130,5,1,1,2,6,226
201600003455,16,3,20,1300,1,1,1,1,3,465
201600003456,16,4,7,800,1,1,2,1,3,12
201600003457,16,5,14,1715,1,1,1,1,7,277
201600003458,16,5,25,2015,1,1,1,7,1,53
201600003459,16,9,11,845,1,1,1,1,1,347
201600003460,16,9,15,1830,1,1,1,1,3,150
201600003461,16,11,5,1600,1,1,1,1,1,347
201600003462,16,11,12,1515,1,1,1,2,7,459
201600003463,16,12,4,930,1,1,2,1,3,181
201600003464,16,12,11,2000,3,1,1,2,6,436
201600003465,16,3,3,900,1,1,1,1,1,211
201600003466,16,3,13,1430,1,2,1,1,7,383
201600003467,16,12,6,1500,1,1,2,1,3,367
201600003468,16,1,9,1445,1,1,1,1,6,224
201600003469,16,2,18,1500,1,1,2,2,5,147
201600003470,16,7,3,1630,1,1,2,1,3,188
201600003471,16,11,6,1030,1,2,1,1,2,451
201600003472,16,12,10,1145,1,2,1,1,6,70
201600003473,16,12,10,1130,1,2,1,1,6,188
201600003474,16,12,14,1615,1,1,1,1,1,427
201600003475,16,12,8,2000,3,1,1,1,2,22
201600003476,16,10,29,1158,1,1,4,1,3,66
201600003477,16,7,12,1900,1,2,1,1,1,48
201600003478,16,7,12,1915,1,1,4,1,3,316
201600003479,16,8,9,1200,1,2,6,1,6,270
201600003480,16,8,21,345,3,1,1,1,6,302
201600003481,16,9,5,1300,1,1,1,1,5,48
201600003482,16,9,28,2230,5,1,1,1,6,48
201600003483,16,12,18,1805,4,2,1,5,6,48
201600003484,16,1,30,1845,3,1,1,2,2,49
201600003485,16,3,4,330,3,1,1,3,6,49
201600003486,16,4,22,545,2,1,1,2,7,38
201600003487,16,5,1,1515,1,2,1,1,6,49
201600003488,16,8,18,1500,1,1,3,1,2,88
201600003489,16,9,23,1515,1,1,1,1,6,88
201600003490,16,12,18,1915,3,1,1,5,4,49
201600003491,16,6,19,345,3,1,1,1,7,50
201600003492,16,7,3,1730,1,1,1,1,6,53
201600003493,16,7,23,1715,1,1,1,1,3,267
201600003494,16,2,22,715,2,1,1,5,6,177
201600003495,16,3,18,1345,1,1,1,1,3,202
201600003496,16,3,18,1815,1,1,3,1,1,38
201600003497,16,4,3,630,2,1,2,1,3,107
201600003498,16,5,5,1630,1,1,1,1,1,202
201600003499,16,5,5,1415,1,1,1,1,5,107
201600003500,16,6,3,1715,1,1,1,1,6,107
201600003501,16,7,14,1715,1,1,2,1,3,1
201600003502,16,7,25,1330,1,1,2,1,3,202
201600003503,16,8,4,1045,1,1,1,1,5,1
201600003504,16,9,22,1530,1,1,1,1,6,85
201600003505,16,10,4,745,2,1,3,1,3,152
201600003506,16,12,4,2000,5,2,1,1,7,152
201600003507,16,1,14,715,3,1,1,2,3,157
201600003508,16,2,10,1015,1,1,1,1,1,20
201600003509,16,6,2,700,1,1,1,2,1,125
201600003510,16,7,9,445,4,1,1,1,1,2
201600003511,16,5,4,2115,1,2,1,1,6,40
201600003512,16,5,10,1945,1,1,1,1,6,105
201600003513,16,8,8,2345,3,1,1,1,6,104
201600003514,16,8,30,415,3,1,1,1,7,40
201600003515,16,9,9,630,3,1,1,1,6,117
201600003516,16,10,12,1115,1,1,3,1,5,107
201600003517,16,2,1,745,2,2,1,2,6,161
201600003518,16,3,6,145,5,2,1,2,6,129
201600003519,16,6,3,1145,1,1,1,8,1,167
201600003520,16,8,27,2200,5,1,1,1,6,161
201600003521,16,2,4,1030,1,1,1,1,6,31
201600003522,16,3,7,1345,1,1,1,1,1,187
201600003523,16,5,18,1600,1,2,1,1,6,187
201600003524,16,5,29,1445,1,1,1,2,1,82
201600003525,16,6,7,2330,3,1,1,1,6,112
201600003526,16,6,19,1600,1,2,1,1,6,187
201600003527,16,7,6,2200,5,2,1,1,6,187
201600003528,16,8,10,1200,1,1,9,1,2,77
201600003529,16,12,1,530,3,1,1,1,1,187
201600003530,16,5,28,1530,1,1,1,2,6,109
201600003531,16,8,15,1145,1,1,1,1,1,116
201600003532,16,9,15,1245,1,2,7,1,7,11
201600003533,16,1,24,1600,1,1,1,1,6,197
201600003534,16,11,11,515,3,1,1,2,6,121
201600003535,16,12,5,1445,1,2,3,1,3,14
201600003536,16,3,22,1715,1,1,1,1,6,41
201600003537,16,10,25,1715,1,1,1,1,1,160
201600003538,16,12,17,1530,1,1,1,1,2,6
201600003539,16,1,23,930,1,1,1,2,7,185
201600003540,16,3,4,1415,1,2,1,3,3,154
201600003541,16,4,19,1115,1,2,3,1,3,131
201600003542,16,8,6,2015,1,2,1,1,6,154
201600003543,16,8,17,2200,3,1,1,1,6,154
201600003544,16,10,3,1915,1,1,1,1,6,126
201600003545,16,3,11,1745,1,1,1,1,6,189
201600003546,16,3,25,330,3,1,1,1,6,191
201600003547,16,5,17,400,3,1,1,1,6,191
201600003548,16,11,30,700,3,1,1,1,1,27
201600003549,16,1,7,1045,1,1,1,3,1,146
201600003550,16,4,2,1530,1,1,1,1,1,203
201600003551,16,4,10,2115,3,1,1,1,7,211
201600003552,16,8,22,1200,1,1,1,1,5,203
201600003553,16,9,16,1815,1,1,1,2,1,101
201600003554,16,10,15,1930,3,1,1,1,6,140
201600003555,16,3,31,1715,1,1,1,8,3,181
201600003556,16,4,23,1800,1,1,1,2,6,145
201600003557,16,7,28,1715,1,1,1,1,6,62
201600003558,16,7,22,2245,3,1,1,1,7,125
201600003559,16,7,23,1715,1,1,1,1,6,231
201600003560,16,2,21,700,2,1,1,5,1,213
201600003561,16,8,14,1200,1,1,1,1,7,76
201600003562,16,8,29,1815,1,1,1,1,1,1
201600003563,16,1,9,1245,1,1,1,2,1,123
201600003564,16,2,4,2015,3,1,1,2,3,63
201600003565,16,2,15,1545,1,1,1,4,1,107
201600003566,16,2,21,2000,5,2,1,1,6,123
201600003567,16,8,18,2000,1,1,1,1,6,43
201600003568,16,9,14,800,1,1,1,2,6,93
201600003569,16,11,2,1345,1,1,1,1,6,63
201600003570,16,5,10,1830,1,1,1,1,7,23
201600003571,16,11,18,1700,2,1,1,1,6,119
201600003572,16,1,12,1330,1,1,1,4,1,5
201600003573,16,4,27,930,1,1,1,1,7,72
201600003574,16,5,19,1315,1,1,1,1,6,72
201600003575,16,9,10,2000,1,1,1,1,3,246
201600003576,16,9,14,2000,3,1,1,3,7,202
201600003577,16,1,14,15,3,1,1,1,6,154
201600003578,16,8,9,1030,1,1,1,1,1,121
201600003579,16,9,19,1400,1,1,1,1,1,121
201600003580,16,8,21,45,5,2,1,1,1,153
201600003581,16,8,30,545,3,1,1,1,7,35
201600003582,16,9,1,730,1,1,1,1,6,187
201600003583,16,8,2,1730,1,1,1,1,7,64
201600003584,16,5,7,1030,1,1,1,1,7,28
201600003585,16,6,8,1930,1,1,1,1,6,175
201600003586,16,1,2,1000,1,1,1,2,6,74
201600003587,16,6,23,500,3,1,1,1,6,8
201600003588,16,8,7,200,3,1,1,1,6,136
201600003589,16,12,10,930,1,2,1,1,6,33
201600003590,16,6,21,2300,4,2,1,1,3,44
201600003591,16,7,13,1130,1,1,1,1,7,41
201600003592,16,5,15,1945,1,1,1,1,6,57
201600003593,16,6,26,1715,1,1,1,1,6,203
201600003594,16,9,5,1345,1,1,1,1,1,93
201600003595,16,2,24,1600,1,1,1,2,6,177
201600003596,16,3,15,1730,1,1,1,7,2,177
201600003597,16,5,6,2015,2,1,1,1,6,235
201600003598,16,6,23,745,1,1,1,1,3,95
201600003599,16,6,25,1130,1,1,1,1,1,207
201600003600,16,7,4,1530,1,1,1,1,4,219
201600003601,16,7,31,1545,1,1,1,1,6,18
201600003602,16,9,9,1830,1,2,1,1,1,176
201600003603,16,2,3,1430,1,1,1,8,1,187
201600003604,16,9,6,1715,1,1,2,1,3,214
201600003605,16,2,27,1445,1,1,1,1,6,164
201600003606,16,12,25,1753,3,1,1,1,1,125
201600003607,16,5,14,600,2,1,1,8,6,126
201600003608,16,5,23,915,1,2,1,8,1,21
201600003609,16,1,18,1630,1,1,1,3,1,445
201600003610,16,3,23,1345,1,2,1,7,7,271
201600003611,16,3,30,1715,1,1,3,1,3,3
201600003612,16,4,16,1115,1,1,4,7,5,271
201600003613,16,5,17,1930,1,1,1,1,6,184
201600003614,16,7,16,1045,1,2,6,1,3,44
201600003615,16,8,17,1345,1,2,8,1,5,389
201600003616,16,10,2,915,1,1,1,1,6,228
201600003617,16,3,26,1800,1,2,1,1,1,113
201600003618,16,8,9,1030,1,2,1,1,6,113
201600003619,16,1,20,1845,3,2,1,1,5,293
201600003620,16,1,1,1815,3,1,1,1,7,579
201600003621,16,1,9,1700,1,1,1,1,7,79
201600003622,16,2,13,200,3,1,1,2,6,584
201600003623,16,4,11,1030,1,1,1,1,1,311
201600003624,16,6,5,915,1,1,1,1,3,118
201600003625,16,8,18,1130,1,1,1,1,1,202
201600003626,16,9,15,1330,1,2,1,1,6,118
201600003627,16,9,28,1230,1,1,1,1,1,587
201600003628,16,10,3,1815,1,1,1,1,3,202
201600003629,16,1,8,1345,1,1,1,1,1,126
201600003630,16,2,11,900,1,1,1,1,6,232
201600003631,16,3,30,1400,1,1,2,1,3,93
201600003632,16,4,25,2245,3,1,1,1,6,232
201600003633,16,5,26,1645,1,1,1,1,2,403
201600003634,16,6,26,2345,3,1,1,1,3,232
201600003635,16,8,5,1915,1,1,2,1,3,341
201600003636,16,8,19,1845,1,1,1,1,6,164
201600003637,16,9,27,2345,3,1,1,1,6,160
201600003638,16,1,18,1815,5,2,1,2,1,297
201600003639,16,1,14,915,1,2,6,1,3,417
201600003640,16,6,29,1200,1,1,1,1,3,417
201600003641,16,7,27,845,1,1,6,1,3,291
201600003642,16,8,21,700,1,2,1,1,6,291
201600003643,16,9,14,1030,1,1,1,2,6,417
201600003644,16,10,7,2200,3,1,1,1,1,291
201600003645,16,10,10,1735,1,2,1,1,6,277
201600003646,16,12,3,1330,1,1,1,1,6,291
201600003647,16,1,30,1830,3,2,1,1,7,433
201600003648,16,9,4,1930,2,1,1,1,7,420
201600003649,16,11,10,1410,1,2,1,2,5,458
201600003650,16,11,28,1855,5,2,2,1,6,433
201600003651,16,1,11,1130,1,2,6,1,6,91
201600003652,16,3,22,1600,1,1,3,1,3,182
201600003653,16,5,21,1030,1,1,1,1,3,182
201600003654,16,7,22,1115,1,1,1,1,4,205
201600003655,16,7,27,900,1,2,6,1,2,205
201600003656,16,7,20,1030,1,1,1,1,1,136
201600003657,16,9,30,1115,1,2,1,1,5,182
201600003658,16,3,5,1915,2,2,1,2,3,117
201600003659,16,5,23,930,1,1,2,1,3,94
201600003660,16,6,10,1045,1,1,1,1,6,273
201600003661,16,7,15,1700,1,2,6,1,3,561
201600003662,16,7,20,1230,1,2,1,1,3,555
201600003663,16,9,25,15,3,2,1,1,6,94
201600003664,16,1,27,1645,1,2,1,1,6,395
201600003665,16,2,13,1945,5,2,1,2,6,395
201600003666,16,2,19,1015,1,1,1,1,1,248
201600003667,16,3,18,1915,2,2,1,1,3,395
201600003668,16,3,20,1800,1,2,1,1,7,395
201600003669,16,3,25,1700,1,2,1,1,6,395
201600003670,16,4,24,1245,1,1,1,1,6,395
201600003671,16,5,1,815,1,1,6,1,1,395
201600003672,16,6,15,1145,1,2,1,1,6,395
201600003673,16,6,20,630,1,2,1,1,6,395
201600003674,16,7,3,1645,1,2,1,1,6,580
201600003675,16,7,25,45,3,1,1,1,6,165
201600003676,16,8,23,830,1,2,1,1,6,248
201600003677,16,9,14,1645,1,1,1,2,5,263
201600003678,16,10,19,1730,1,2,1,1,6,248
201600003679,16,12,7,1820,5,2,1,1,1,395
201600003680,16,12,7,2300,5,2,9,1,6,395
201600003681,16,12,9,930,1,2,6,1,6,395
201600003682,16,12,22,1400,1,2,1,2,1,299
201600003683,16,12,22,1600,1,1,1,2,1,287
201600003684,16,1,9,1215,1,1,3,1,1,345
201600003685,16,1,18,900,1,1,1,9,5,145
201600003686,16,2,27,630,3,1,1,1,6,330
201600003687,16,3,31,1330,1,1,1,1,1,574
201600003688,16,6,4,1715,1,2,1,1,1,145
201600003689,16,7,29,1245,1,1,1,1,1,33
201600003690,16,9,7,1130,1,1,4,1,7,330
201600003691,16,9,13,1615,1,1,1,6,7,145
201600003692,16,1,13,1730,2,2,2,8,1,517
201600003693,16,3,9,1200,1,1,1,3,3,399
201600003694,16,3,14,1400,1,1,1,1,6,517
201600003695,16,3,23,2145,3,2,1,1,7,107
201600003696,16,4,16,1145,1,1,1,1,1,492
201600003697,16,5,9,1915,1,1,4,8,1,303
201600003698,16,5,25,1930,1,1,1,1,3,52
201600003699,16,7,7,1030,1,2,1,1,7,375
201600003700,16,8,10,1500,1,1,1,1,7,52
201600003701,16,9,10,1100,1,2,1,1,3,107
201600003702,16,9,28,830,1,1,6,1,1,104
201600003703,16,6,28,1900,1,1,1,1,6,153
201600003704,16,8,5,1715,1,2,6,1,6,324
201600003705,16,3,11,1600,1,1,1,1,1,87
201600003706,16,5,27,1215,1,1,1,1,1,187
201600003707,16,5,27,1345,1,2,3,1,5,499
201600003708,16,5,29,615,2,1,1,8,6,481
201600003709,16,6,11,830,1,1,4,1,3,87
201600003710,16,7,30,1145,1,2,1,1,1,499
201600003711,16,9,2,1900,1,2,1,1,3,424
201600003712,16,1,27,1515,1,1,1,1,1,247
201600003713,16,4,29,1530,1,1,1,1,3,247
201600003714,16,5,9,1900,1,2,1,1,3,147
201600003715,16,5,18,1715,1,1,1,2,5,405
201600003716,16,5,24,2000,1,2,1,1,7,586
201600003717,16,6,29,1215,1,2,1,1,3,390
201600003718,16,8,16,1000,1,1,1,1,3,585
201600003719,16,4,24,1200,1,2,6,2,3,144
201600003720,16,7,31,630,2,1,1,2,6,139
201600003721,16,1,30,1330,1,1,1,1,1,168
201600003722,16,5,21,1730,1,1,3,1,1,428
201600003723,16,8,13,930,1,1,1,1,6,347
201600003724,16,9,3,2300,3,1,1,1,6,378
201600003725,16,3,3,1645,1,1,1,2,1,237
201600003726,16,4,30,1245,1,1,1,8,3,372
201600003727,16,8,4,1430,1,1,1,1,6,208
201600003728,16,9,23,930,1,1,1,1,6,336
201600003729,16,2,4,1300,1,2,1,1,3,582
201600003730,16,3,2,1345,1,1,1,3,6,374
201600003731,16,3,25,1845,1,1,9,1,3,396
201600003732,16,3,29,1900,1,1,1,1,6,100
201600003733,16,4,9,545,3,1,1,8,6,576
201600003734,16,6,5,1645,1,2,6,1,3,451
201600003735,16,6,6,1345,1,1,1,1,6,589
201600003736,16,7,20,1315,1,1,3,1,5,37
201600003737,16,8,12,1815,1,1,3,7,1,210
201600003738,16,8,19,1015,1,1,1,1,2,37
201600003739,16,9,22,800,1,1,1,1,6,100
201600003740,16,9,18,1100,1,1,1,1,6,99
201600003741,16,8,6,1115,1,1,1,1,1,478
201600003742,16,3,18,1645,1,1,2,1,3,240
201600003743,16,6,22,1900,1,1,2,1,3,384
201600003744,16,10,29,1250,1,2,3,7,4,381
201600003745,16,11,10,1320,1,2,1,2,6,4
201600003746,16,12,5,1820,3,1,1,1,6,381
201600003747,16,1,8,1830,3,1,2,1,3,451
201600003748,16,5,30,1815,1,1,1,1,1,478
201600003749,16,7,24,1615,1,2,1,1,6,451
201600003750,16,8,27,745,1,1,1,1,6,478
201600003751,16,9,29,2100,3,1,1,1,7,478
201600003752,16,5,6,1000,1,1,1,1,5,82
201600003753,16,5,21,445,3,1,1,1,7,82
201600003754,16,6,2,830,2,1,1,2,7,42
201600003755,16,8,13,730,1,1,1,1,1,99
201600003756,16,10,13,1200,1,2,1,1,7,130
201600003757,16,10,18,1030,1,1,1,8,7,293
201600003758,16,10,28,1100,1,1,1,1,6,108
201600003759,16,11,26,1600,1,1,1,1,1,293
201600003760,16,12,8,1715,2,1,1,1,3,82
201600003761,16,12,22,1830,5,2,1,2,7,130
201600003762,16,1,21,1330,1,2,1,1,3,157
201600003763,16,3,19,2245,3,1,1,1,3,106
201600003764,16,4,21,1515,1,1,1,2,6,168
201600003765,16,7,16,1700,1,2,1,1,5,160
201600003766,16,11,2,1200,1,1,1,1,2,160
201600003767,16,12,6,900,1,1,1,1,6,80
201600003768,16,2,25,945,1,1,1,2,1,188
201600003769,16,4,4,1900,1,2,1,1,6,217