Num_Acc,an,mois,jour,hrmn,lum,agg,int,atm,col,com
201600003770,16,7,18,1730,1,1,1,1,6,15
201600003771,16,6,19,745,1,1,1,1,6,306
201600003772,16,8,3,15,3,1,1,1,7,334
201600003773,16,9,16,1500,1,1,1,1,6,188
201600003774,16,9,17,2345,3,1,1,2,7,188
201600003775,16,11,19,1815,2,1,1,1,7,16
201600003776,16,2,20,345,3,1,1,1,7,324
201600003777,16,4,16,900,1,2,1,1,3,332
201600003778,16,4,20,1930,2,1,1,1,7,339
201600003779,16,9,6,1215,1,2,1,1,1,265
201600003780,16,10,10,1745,1,2,7,1,6,60
201600003781,16,12,15,830,1,1,1,1,6,60
201600003782,16,1,6,1800,3,1,1,1,1,123
201600003783,16,3,19,630,2,1,1,1,6,277
201600003784,16,5,11,2300,3,2,1,1,6,224
201600003785,16,8,3,1100,1,1,1,1,7,167
201600003786,16,10,22,1030,1,1,1,6,7,167
201600003787,16,11,10,1815,2,1,1,1,3,342
201600003788,16,12,31,1600,1,1,1,1,2,151
201600003789,16,1,3,1,3,1,1,1,6,185
201600003790,16,4,7,1200,1,1,1,1,6,185
201600003791,16,4,13,1115,1,2,3,1,3,282
201600003792,16,4,22,1945,1,1,3,1,3,331
201600003793,16,5,14,130,3,1,1,2,6,199
201600003794,16,5,26,415,3,1,6,1,6,282
201600003795,16,6,25,900,1,1,1,1,7,185
201600003796,16,7,24,215,3,1,1,1,6,331
201600003797,16,8,5,1030,1,1,1,1,6,185
201600003798,16,8,7,1015,1,1,1,1,7,282
201600003799,16,8,6,1045,1,1,1,1,1,282
201600003800,16,8,29,700,2,1,1,1,1,76
201600003801,16,12,12,30,5,1,6,1,7,282
201600003802,16,1,25,515,5,2,1,1,6,214
201600003803,16,3,3,830,1,1,1,3,3,261
201600003804,16,4,14,1300,1,1,3,1,3,261
201600003805,16,6,20,1745,1,2,1,1,2,268
201600003806,16,10,1,1400,1,2,1,1,2,198
201600003807,16,10,20,1830,1,1,1,2,7,113
201600003808,16,1,1,1115,1,1,1,1,3,86
201600003809,16,4,28,2030,1,1,1,1,6,190
201600003810,16,5,9,1515,1,1,1,1,1,257
201600003811,16,10,3,2045,5,1,1,1,1,86
201600003812,16,9,30,1715,1,1,1,7,2,190
201600003813,16,11,1,1500,1,1,3,1,3,235
201600003814,16,3,2,1008,1,2,3,1,3,168
201600003815,16,6,7,745,1,2,1,1,6,168
201600003816,16,6,28,2303,3,1,1,1,7,168
201600003817,16,9,29,1250,1,1,1,1,3,168
201600003818,16,9,2,1138,1,2,7,1,6,168
201600003819,16,1,9,1421,1,1,1,1,1,24
201600003820,16,7,14,1525,1,1,1,1,3,157
201600003821,16,1,12,1025,1,1,2,3,3,90
201600003822,16,6,14,920,1,1,3,2,3,102
201600003823,16,7,14,1345,1,1,2,8,3,262
201600003824,16,8,16,30,3,1,1,1,6,56
201600003825,16,8,24,1900,1,1,2,7,5,264
201600003826,16,10,27,2140,3,1,1,1,7,68
201600003827,16,10,30,845,1,1,1,1,6,133
201600003828,16,11,5,130,3,1,1,2,6,56
201600003829,16,2,9,810,2,1,1,2,7,43
201600003830,16,3,26,1525,1,1,2,1,3,43
201600003831,16,5,17,1100,1,2,1,1,7,267
201600003832,16,7,23,510,3,1,1,1,6,57
201600003833,16,8,4,1100,1,1,1,1,5,43
201600003834,16,9,9,1425,1,1,1,1,1,73
201600003835,16,2,1,1830,2,1,1,2,2,8
201600003836,16,3,15,1500,1,1,1,1,5,142
201600003837,16,3,27,120,5,2,1,8,6,114
201600003838,16,5,22,1650,1,1,1,3,1,8
201600003839,16,5,26,1636,1,1,1,1,6,76
201600003840,16,6,21,2255,3,1,1,1,1,199
201600003841,16,8,3,1145,1,1,1,1,5,264
201600003842,16,8,6,1815,1,1,1,1,5,199
201600003843,16,8,13,1045,1,1,1,1,3,254
201600003844,16,10,24,2030,3,1,1,8,6,288
201600003845,16,1,8,1630,1,1,1,8,3,121
201600003846,16,3,18,1000,1,1,1,1,5,101
201600003847,16,4,18,1205,1,1,1,1,6,101
201600003848,16,8,17,1500,1,1,1,1,2,290
201600003849,16,1,10,400,3,1,1,3,6,79
201600003850,16,1,14,935,1,1,1,2,6,172
201600003851,16,8,10,715,2,1,1,7,2,33
201600003852,16,8,31,830,1,1,1,1,1,131
201600003853,16,12,30,600,3,1,1,9,1,33
201600003854,16,7,30,1010,1,1,1,2,1,156
201600003855,16,8,18,1845,1,1,2,1,3,156
201600003856,16,11,26,1405,1,1,1,1,6,117
201600003857,16,5,21,1755,1,1,1,1,7,36
201600003858,16,11,26,1545,1,1,1,1,6,226
201600003859,16,1,7,1935,3,1,1,2,7,204
201600003860,16,3,8,1815,2,1,1,8,3,200
201600003861,16,5,10,1645,1,1,1,1,1,260
201600003862,16,6,25,110,3,1,1,9,6,145
201600003863,16,7,3,1915,1,1,1,1,6,82
201600003864,16,7,4,2040,2,1,1,1,6,260
201600003865,16,7,11,1015,1,1,1,3,6,160
201600003866,16,7,27,1655,1,1,1,1,6,212
201600003867,16,7,30,1615,1,2,1,1,6,225
201600003868,16,8,10,1125,1,2,1,1,1,200
201600003869,16,8,20,1400,1,1,1,3,1,200
201600003870,16,10,14,1156,1,1,1,2,1,225
201600003871,16,3,25,2030,2,1,1,1,6,299
201600003872,16,4,3,35,3,1,1,3,6,253
201600003873,16,5,13,1900,2,1,1,2,1,238
201600003874,16,6,12,1850,1,1,3,1,3,213
201600003875,16,8,10,1410,1,1,1,1,7,266
201600003876,16,8,6,1700,1,1,1,1,7,62
201600003877,16,12,8,1400,1,1,1,1,7,291
201600003878,16,12,18,1300,1,1,1,7,6,238
201600003879,16,9,27,1205,1,1,1,1,2,196
201600003880,16,3,21,1550,1,1,1,1,7,208
201600003881,16,4,1,1600,1,1,1,2,1,208
201600003882,16,4,16,845,1,2,2,1,3,208
201600003883,16,4,28,1442,1,1,1,1,6,286
201600003884,16,7,26,1115,1,2,1,1,6,232
201600003885,16,7,27,730,2,1,1,1,3,243
201600003886,16,7,30,1425,1,1,1,1,3,208
201600003887,16,8,7,1100,1,1,1,1,1,203
201600003888,16,8,26,1830,1,1,1,9,7,244
201600003889,16,11,25,1340,1,1,1,2,6,243
201600003890,16,5,14,1630,1,1,1,1,1,147
201600003891,16,5,24,615,1,1,1,8,1,372
201600003892,16,11,29,1300,1,1,1,1,1,300
201600003893,16,1,23,1150,1,1,1,8,1,263
201600003894,16,1,29,1625,1,2,1,1,3,300
201600003895,16,12,25,1700,2,2,1,8,3,300
201600003896,16,4,22,945,1,1,1,1,6,287
201600003897,16,5,5,1400,1,2,1,1,6,300
201600003898,16,5,13,1530,1,1,1,8,1,300
201600003899,16,6,10,900,1,1,1,1,3,159
201600003900,16,6,12,530,2,1,1,1,7,136
201600003901,16,7,3,1930,1,1,1,1,6,136
201600003902,16,7,8,1830,1,1,1,7,3,263
201600003903,16,8,21,2200,3,1,1,1,6,136
201600003904,16,11,10,945,1,1,1,2,6,300
201600003905,16,1,8,1105,1,1,1,8,3,242
201600003906,16,3,20,2200,3,1,1,1,6,217
201600003907,16,4,14,730,1,1,1,1,3,301
201600003908,16,6,2,1750,1,1,1,2,3,272
201600003909,16,6,11,1930,1,1,3,8,1,217
201600003910,16,8,23,1230,1,1,1,1,2,104
201600003911,16,12,28,1605,1,1,3,7,3,258
201600003912,16,4,18,1445,1,1,1,1,2,300
201600003913,16,8,20,915,1,1,1,2,3,200
201600003914,16,10,25,1915,3,1,1,1,6,200
201600003915,16,11,15,1745,2,1,1,1,5,91
201600003916,16,12,16,1145,1,1,1,1,3,282
201600003917,16,12,17,2200,3,1,1,1,6,279
201600003918,16,2,26,30,4,1,1,1,7,173
201600003919,16,5,1,1445,1,1,1,1,7,2
201600003920,16,5,24,945,1,2,3,1,3,147
201600003921,16,5,30,1400,1,2,1,2,6,147
201600003922,16,6,20,2030,1,1,1,1,6,148
201600003923,16,6,27,1715,1,1,1,7,1,249
201600003924,16,7,1,1400,1,1,1,1,6,237
201600003925,16,7,11,1600,1,1,1,1,5,148
201600003926,16,7,27,815,1,1,1,1,1,173
201600003927,16,8,21,800,2,1,1,5,1,436
201600003928,16,1,27,2100,3,1,1,5,6,121
201600003929,16,2,26,1300,1,1,1,1,3,160
201600003930,16,4,3,1630,1,2,1,1,7,106
201600003931,16,5,1,715,2,1,1,1,6,334
201600003932,16,5,16,1430,1,1,1,1,1,334
201600003933,16,6,21,1900,1,1,1,1,1,160
201600003934,16,7,28,1915,1,1,3,1,2,38
201600003935,16,8,10,1615,1,2,1,1,7,160
201600003936,16,8,23,2200,3,1,1,1,7,160
201600003937,16,10,31,1515,1,1,1,1,7,160
201600003938,16,12,22,1945,3,1,1,2,6,377
201600003939,16,4,10,1130,1,1,1,1,6,418
201600003940,16,4,15,745,1,1,1,1,1,418
201600003941,16,6,18,1400,1,1,1,1,6,141
201600003942,16,7,29,2015,1,1,2,1,1,374
201600003943,16,10,22,1500,1,1,1,1,1,153
201600003944,16,5,8,2200,3,1,1,1,6,204
201600003945,16,7,12,1715,1,1,1,2,1,301
201600003946,16,7,28,2030,1,1,2,1,3,462
201600003947,16,8,10,1930,1,1,1,1,6,71
201600003948,16,9,19,15,3,1,1,1,6,162
201600003949,16,11,7,600,3,1,1,1,6,54
201600003950,16,11,29,1215,1,1,1,1,6,65
201600003951,16,12,16,1430,1,1,1,1,6,251
201600003952,16,4,17,2230,5,2,1,1,6,83
201600003953,16,7,23,1815,1,2,3,1,3,292
201600003954,16,7,27,630,2,1,1,1,6,196
201600003955,16,7,30,730,1,1,1,1,7,107
201600003956,16,10,8,145,3,1,1,1,6,194
201600003957,16,11,6,1500,1,1,1,7,6,290
201600003958,16,11,28,1030,1,1,1,1,7,143
201600003959,16,12,5,830,1,1,1,1,6,351
201600003960,16,12,17,1645,1,1,1,1,5,107
201600003961,16,2,16,1615,1,1,2,1,3,96
201600003962,16,4,15,1130,1,1,3,1,3,274
201600003963,16,5,4,800,1,1,3,1,2,246
201600003964,16,5,22,1645,1,1,1,6,6,264
201600003965,16,7,15,500,3,1,1,1,6,64
201600003966,16,9,27,1715,1,1,1,1,1,96
201600003967,16,10,6,2230,3,1,1,1,6,79
201600003968,16,10,11,1115,1,1,1,1,6,340
201600003969,16,10,17,730,3,1,1,1,2,211
201600003970,16,10,24,1030,1,1,4,1,3,119
201600003971,16,12,3,1615,1,1,1,7,1,246
201600003972,16,12,16,1230,1,1,1,1,3,227
201600003973,16,1,19,1145,1,1,1,1,7,253
201600003974,16,2,15,1700,1,1,1,1,6,208
201600003975,16,2,19,800,2,1,1,5,6,320
201600003976,16,4,15,1800,1,1,1,1,1,68
201600003977,16,5,30,1700,1,2,1,1,2,132
201600003978,16,7,2,1130,1,1,3,1,3,208
201600003979,16,7,25,1815,1,1,1,1,1,286
201600003980,16,8,22,1415,1,1,1,1,3,208
201600003981,16,8,25,1900,1,2,1,1,1,132
201600003982,16,9,4,30,3,1,1,1,7,253
201600003983,16,9,21,1615,1,1,2,1,3,395
201600003984,16,11,3,1745,3,1,2,1,3,314
201600003985,16,12,24,1030,1,2,7,1,6,132
201600003986,16,12,25,115,3,1,1,2,6,132
201600003987,16,1,28,345,3,1,1,5,6,413
201600003988,16,4,2,1800,1,1,1,1,7,215
201600003989,16,4,21,1715,1,1,2,2,3,67
201600003990,16,5,31,1800,1,2,1,1,6,45
201600003991,16,6,16,1845,1,1,2,1,3,260
201600003992,16,7,30,2115,2,1,2,1,3,252
201600003993,16,8,5,1200,1,1,2,1,3,254
201600003994,16,8,17,1745,1,1,1,1,6,252
201600003995,16,8,25,1115,1,1,1,1,1,116
201600003996,16,8,28,1500,1,1,1,1,6,122
201600003997,16,10,15,1100,1,2,1,1,2,181
201600003998,16,10,31,1945,3,1,1,1,6,438
201600003999,16,9,15,1715,1,1,2,1,3,8
201600004000,16,9,20,1715,1,1,1,1,6,285
201600004001,16,10,2,1145,1,1,1,1,6,285
201600004002,16,10,2,1015,1,1,1,1,7,109
201600004003,16,10,9,1830,1,1,2,1,3,440
201600004004,16,11,23,1815,3,1,1,3,1,330
201600004005,16,2,27,930,1,1,2,3,3,273
201600004006,16,4,6,1715,1,2,1,1,6,296
201600004007,16,5,7,1515,1,1,1,1,3,369
201600004008,16,5,22,2200,3,1,4,2,3,369
201600004009,16,6,18,200,4,1,1,2,7,5
201600004010,16,8,27,1830,1,1,1,1,7,202
201600004011,16,10,10,2045,3,1,1,1,6,27
201600004012,16,10,23,1200,1,1,1,1,1,291
201600004013,16,11,20,1730,2,1,1,2,1,460
201600004014,16,11,29,1630,1,1,1,1,3,191
201600004015,16,12,22,1230,1,1,1,2,1,170
201600004016,16,2,23,1400,1,1,1,2,6,202
201600004017,16,5,19,1045,1,1,1,1,3,137
201600004018,16,5,23,1515,1,1,1,6,2,109
201600004019,16,11,24,2030,3,1,1,9,2,109
201600004020,16,2,11,1615,1,1,1,3,6,137
201600004021,16,3,4,100,4,1,1,3,6,197
201600004022,16,3,5,1515,1,1,6,2,6,197
201600004023,16,3,11,1530,1,1,1,1,1,137
201600004024,16,4,9,800,1,1,2,1,5,201
201600004025,16,5,16,1015,1,1,2,1,3,10
201600004026,16,5,21,1830,1,1,1,1,1,148
201600004027,16,8,6,1230,1,1,2,1,5,10
201600004028,16,10,4,1830,1,1,1,1,7,105
201600004029,16,10,17,2015,3,1,1,1,6,63
201600004030,16,10,24,1730,1,1,1,2,1,13
201600004031,16,10,27,1215,1,1,1,1,1,137
201600004032,16,10,27,1800,1,1,1,7,1,14
201600004033,16,12,21,1345,1,1,1,1,6,201
201600004034,16,1,1,145,3,1,1,5,1,307
201600004035,16,2,25,1330,1,1,3,2,3,136
201600004036,16,2,26,1500,1,1,1,1,6,322
201600004037,16,2,28,515,3,1,1,2,6,136
201600004038,16,4,2,1100,1,1,1,1,2,322
201600004039,16,5,27,1000,1,1,1,1,3,89
201600004040,16,5,29,245,5,2,1,3,6,46
201600004041,16,6,12,1915,1,1,1,2,6,307
201600004042,16,6,22,1715,1,2,1,1,6,225
201600004043,16,8,10,1615,1,1,2,1,3,142
201600004044,16,8,14,945,1,2,1,1,6,301
201600004045,16,8,20,1045,1,1,1,2,1,5
201600004046,16,9,16,915,1,1,1,1,1,231
201600004047,16,10,15,2230,3,1,1,1,6,300
201600004048,16,1,12,1615,1,1,1,4,6,102
201600004049,16,2,7,830,5,1,1,2,6,102
201600004050,16,5,27,1730,1,2,1,1,3,102
201600004051,16,8,30,1945,1,2,1,1,7,102
201600004052,16,10,13,1045,1,2,9,1,6,102
201600004053,16,10,22,1130,1,2,1,1,6,102
201600004054,16,12,17,1730,2,1,1,1,3,55
201600004055,16,2,12,1130,1,1,2,3,1,21
201600004056,16,7,18,1200,1,1,2,1,3,2
201600004057,16,8,22,2330,3,1,6,1,7,176
201600004058,16,1,18,2145,5,2,1,2,6,251
201600004059,16,2,19,815,1,1,1,1,5,339
201600004060,16,4,23,1145,1,2,1,1,3,29
201600004061,16,5,15,1115,1,1,1,1,7,160
201600004062,16,6,2,930,1,1,1,1,1,24
201600004063,16,8,18,830,1,1,1,1,3,284
201600004064,16,9,22,1345,1,1,1,1,1,117
201600004065,16,1,23,1515,1,2,1,1,6,127
201600004066,16,3,5,1915,3,1,1,2,1,297
201600004067,16,4,25,245,3,1,1,1,6,216
201600004068,16,5,20,1200,1,1,1,7,7,334
201600004069,16,6,17,1615,1,1,1,2,7,178
201600004070,16,7,19,1500,1,2,1,1,1,178
201600004071,16,7,20,1515,1,1,2,1,3,127
201600004072,16,10,16,1530,1,1,1,1,6,169
201600004073,16,7,26,1815,1,2,1,1,6,127
201600004074,16,7,24,800,1,1,1,1,6,114
201600004075,16,7,30,1845,1,1,1,1,7,184
201600004076,16,9,16,1500,1,1,1,3,1,127
201600004077,16,9,18,700,2,1,1,8,6,241
201600004078,16,9,26,1200,1,1,1,1,1,66
201600004079,16,11,14,1045,1,1,1,1,7,127
201600004080,16,12,5,1945,3,1,1,1,1,113
201600004081,16,12,13,1345,1,2,1,1,6,127
201600004082,16,12,22,1445,1,1,1,2,3,127
201600004083,16,1,4,2045,3,1,1,2,5,18
201600004084,16,1,24,2330,3,1,1,1,6,128
201600004085,16,6,15,945,1,1,1,8,5,204
201600004086,16,6,22,1315,1,1,1,1,6,59
201600004087,16,10,27,1730,1,2,1,1,6,128
201600004088,16,2,6,1830,2,1,1,1,6,208
201600004089,16,3,22,2030,3,1,1,1,7,232
201600004090,16,6,15,1345,1,1,1,1,1,330
201600004091,16,7,14,1800,1,2,3,1,3,309
201600004092,16,8,14,1500,1,1,1,1,1,145
201600004093,16,9,22,1145,1,2,1,1,6,309
201600004094,16,11,12,1715,2,1,1,1,1,330
201600004095,16,12,22,1445,1,1,1,2,3,298
201600004096,16,12,31,1615,1,1,1,1,1,145
201600004097,16,8,29,2115,3,1,1,1,7,232
201600004098,16,6,6,815,1,2,3,1,1,62
201600004099,16,6,18,615,2,1,1,2,6,292
201600004100,16,7,13,2015,1,1,1,1,6,108
201600004101,16,7,19,1400,1,1,1,1,6,221
201600004102,16,9,22,1715,1,1,2,1,1,340
201600004103,16,9,28,1715,1,1,1,1,1,280
201600004104,16,11,17,445,3,1,1,1,6,7
201600004105,16,4,1,2215,3,1,1,1,6,129
201600004106,16,4,24,2230,5,2,6,1,6,129
201600004107,16,8,31,1845,1,1,1,1,7,97
201600004108,16,9,5,2015,2,1,1,1,6,260
201600004109,16,10,13,800,2,2,1,1,6,183
201600004110,16,1,6,1815,3,1,1,8,6,161
201600004111,16,8,10,1130,1,2,1,1,6,222
201600004112,16,6,6,1615,1,2,1,1,2,304
201600004113,16,9,4,1130,1,1,2,1,3,460
201600004114,16,3,14,1830,2,1,1,1,3,20
201600004115,16,3,26,845,1,1,1,1,1,40
201600004116,16,4,23,415,3,1,1,1,6,473
201600004117,16,12,8,745,2,2,1,1,6,29
201600004118,16,12,6,1300,1,1,1,1,1,98
201600004119,16,8,5,1530,1,2,1,1,6,138
201600004120,16,7,31,1300,1,1,1,5,7,188
201600004121,16,12,27,445,5,2,1,1,6,295
201600004122,16,12,31,355,5,2,1,1,6,295
201600004123,16,3,9,1545,1,1,2,3,3,320
201600004124,16,6,20,1630,1,1,1,1,6,123
201600004125,16,6,23,1030,1,2,1,1,1,328
201600004126,16,6,23,1700,1,1,1,1,5,147
201600004127,16,7,11,1450,1,1,1,1,7,78
201600004128,16,7,25,915,1,2,2,1,3,198
201600004129,16,11,2,730,1,1,1,1,6,198
201600004130,16,12,14,1430,1,2,1,1,3,328
201600004131,16,1,22,2030,5,2,1,3,6,258
201600004132,16,2,18,2000,5,2,1,2,6,258
201600004133,16,3,7,1445,1,2,1,2,6,258
201600004134,16,3,29,1900,1,2,1,1,1,258
201600004135,16,5,19,1615,1,2,3,1,3,258
201600004136,16,7,25,815,1,1,1,1,1,258
201600004137,16,7,30,1415,1,2,6,1,3,69
201600004138,16,12,7,2030,3,1,1,1,6,258
201600004139,16,12,13,1445,1,1,1,7,1,94
201600004140,16,6,22,1515,1,1,1,1,6,92
201600004141,16,6,28,1115,1,2,3,1,7,31
201600004142,16,10,7,1700,1,2,1,1,6,388
201600004143,16,3,14,730,1,1,1,1,7,277
201600004144,16,4,19,1700,1,2,1,1,5,230
201600004145,16,4,1,1530,1,1,1,1,1,250
201600004146,16,6,15,1100,1,1,1,1,6,288
201600004147,16,9,9,1030,1,1,1,1,1,120
201600004148,16,11,9,1225,1,1,9,1,5,251
201600004149,16,11,29,240,3,1,1,1,6,54
201600004150,16,12,12,1000,1,1,1,7,3,62
201600004151,16,2,19,1045,1,1,1,1,6,280
201600004152,16,7,26,2015,1,1,1,1,3,101
201600004153,16,9,25,2015,3,1,1,8,3,319
201600004154,16,5,23,1445,1,1,1,1,1,147
201600004155,16,2,5,2115,3,1,1,1,6,308
201600004156,16,9,21,815,1,1,1,1,1,8
201600004157,16,1,18,1315,1,1,6,1,6,74
201600004158,16,1,30,1515,1,2,1,1,6,10
201600004159,16,3,8,1845,1,1,1,1,1,317
201600004160,16,3,26,1030,1,1,1,1,3,247
201600004161,16,1,31,1,4,1,1,6,6,105
201600004162,16,7,15,800,1,2,1,1,3,105
201600004163,16,11,3,1130,1,1,1,1,1,105
201600004164,16,4,10,1645,1,1,1,1,1,62
201600004165,16,1,3,1830,5,2,6,2,6,140
201600004166,16,2,19,645,5,1,1,1,6,271
201600004167,16,2,26,1015,1,1,2,1,4,92
201600004168,16,3,22,615,2,2,1,1,6,140
201600004169,16,3,26,1545,1,2,1,1,6,271
201600004170,16,3,24,1730,1,2,6,1,7,70
201600004171,16,4,13,1130,1,1,1,3,3,298
201600004172,16,5,12,1900,2,1,1,1,6,92
201600004173,16,7,30,2000,1,2,1,1,6,140
201600004174,16,8,13,15,5,2,1,1,6,140
201600004175,16,9,26,2115,5,2,1,1,6,140
201600004176,16,1,4,1100,1,1,1,8,6,177
201600004177,16,3,4,1600,1,1,1,1,3,182
201600004178,16,1,13,1630,1,1,1,1,3,78
201600004179,16,9,15,845,1,1,2,1,3,99
201600004180,16,1,13,1430,1,1,1,1,4,294
201600004181,16,1,28,1400,1,2,1,1,6,99
201600004182,16,10,23,600,3,1,1,1,2,93
201600004183,16,10,30,1200,1,1,1,1,6,99
201600004184,16,3,8,1715,1,1,1,1,1,131
201600004185,16,11,20,615,3,1,1,1,6,117
201600004186,16,12,13,800,1,1,1,5,5,46
201600004187,16,12,11,1150,1,1,1,5,7,46
201600004188,16,12,18,1620,1,1,1,7,6,41
201600004189,16,4,17,1015,1,1,6,8,1,99
201600004190,16,12,24,2015,3,1,9,2,5,93
201600004191,16,6,3,2030,1,2,1,1,7,99
201600004192,16,8,30,715,1,1,1,1,3,99
201600004193,16,1,9,2200,5,2,1,1,1,89
201600004194,16,2,11,1845,5,2,1,2,6,89
201600004195,16,5,18,900,1,2,1,1,5,69
201600004196,16,5,23,1800,1,2,1,1,6,89
201600004197,16,6,11,1,5,2,1,2,6,89
201600004198,16,6,30,830,1,2,1,1,3,89
201600004199,16,7,11,530,2,2,6,1,7,69
201600004200,16,8,12,1215,1,2,1,1,6,69
201600004201,16,10,30,200,3,2,1,1,6,69
201600004202,16,11,4,1730,2,2,1,1,6,69
201600004203,16,11,18,1621,1,2,1,2,1,89
201600004204,16,12,5,2245,5,2,1,9,6,89
201600004205,16,1,1,2106,5,2,2,1,6,408
201600004206,16,1,11,810,2,2,1,2,6,408
201600004207,16,2,16,1800,1,2,1,1,6,408
201600004208,16,2,23,1345,1,1,1,1,4,28
201600004209,16,3,22,931,1,2,9,1,6,408
201600004210,16,10,4,450,3,1,3,1,3,408
201600004211,16,3,31,945,1,2,3,3,3,408
201600004212,16,5,4,1750,1,2,2,1,3,408
201600004213,16,5,17,1724,1,2,2,1,3,408
201600004214,16,6,18,1410,1,2,6,1,6,408
201600004215,16,6,22,1320,1,1,1,1,4,408
201600004216,16,7,31,1006,1,2,1,1,6,408
201600004217,16,6,23,1900,1,2,2,1,3,408
201600004218,16,7,20,1730,1,1,2,1,3,408
201600004219,16,9,21,1800,1,2,3,1,3,408
201600004220,16,9,30,1250,1,2,6,1,3,408
201600004221,16,10,5,2315,5,2,4,1,7,408
201600004222,16,10,15,1730,1,1,2,1,3,408
201600004223,16,10,26,1815,1,2,1,1,2,408
201600004224,16,10,22,920,1,1,1,5,2,408
201600004225,16,11,3,820,1,2,1,1,3,408
201600004226,16,11,28,1725,2,2,1,1,6,408
201600004227,16,12,10,1800,5,2,1,1,6,408
201600004228,16,1,2,1145,1,1,2,2,3,320
201600004229,16,4,10,1815,1,1,1,1,3,64
201600004230,16,8,9,1245,1,1,1,1,6,146
201600004231,16,10,2,1100,1,1,1,2,6,217
201600004232,16,1,24,1830,3,1,1,1,1,202
201600004233,16,5,14,1315,1,1,1,1,1,220
201600004234,16,5,25,1230,1,1,1,1,3,145
201600004235,16,7,9,1000,1,1,1,1,7,220
201600004236,16,7,31,1530,1,2,2,1,3,202
201600004237,16,8,25,2015,2,1,1,1,6,178
201600004238,16,6,10,815,1,2,1,1,6,120
201600004239,16,12,29,1230,1,1,3,1,2,50
201600004240,16,5,20,1845,1,1,2,1,1,142
201600004241,16,5,29,515,2,2,1,2,6,76
201600004242,16,6,7,1745,1,1,1,1,5,219
201600004243,16,6,3,1115,1,1,1,1,6,219
201600004244,16,7,29,1930,1,1,2,1,1,100
201600004245,16,9,27,1130,1,1,1,1,6,219
201600004246,16,12,10,1120,1,1,1,7,3,219
201600004247,16,12,18,805,1,1,1,5,1,219
201600004248,16,3,13,2015,3,1,1,1,7,177
201600004249,16,7,19,1215,1,1,1,1,2,112
201600004250,16,11,10,1745,2,1,1,2,1,45
201600004251,16,11,23,1930,3,1,1,1,1,165
201600004252,16,1,29,1230,1,1,1,1,6,40
201600004253,16,2,5,1715,1,2,1,7,6,37
201600004254,16,3,14,400,3,1,1,1,6,110
201600004255,16,3,15,1815,1,2,1,1,6,37
201600004256,16,6,5,1715,1,2,1,1,6,37
201600004257,16,6,13,1430,1,1,1,2,6,195
201600004258,16,7,8,845,1,1,1,1,1,37
201600004259,16,7,18,2345,3,1,1,1,7,131
201600004260,16,9,26,1015,1,1,1,1,1,126
201600004261,16,10,23,2315,3,1,1,1,6,159
201600004262,16,11,12,2030,3,1,1,2,6,37
201600004263,16,11,14,1045,1,1,1,1,7,131
201600004264,16,2,18,1530,1,1,1,1,7,176
201600004265,16,7,16,2330,3,1,2,1,3,134
201600004266,16,7,20,1245,1,1,1,1,3,132
201600004267,16,7,19,800,1,2,6,1,7,161
201600004268,16,7,29,1630,1,1,1,1,3,134
201600004269,16,8,21,930,1,1,1,1,6,161
201600004270,16,8,29,1745,1,1,1,7,6,26
201600004271,16,9,15,1900,1,2,1,1,6,134
201600004272,16,9,28,1730,1,1,1,1,6,66
201600004273,16,10,16,2015,3,1,1,2,6,134
201600004274,16,12,31,1800,3,1,1,5,6,69
201600004275,16,4,18,1300,1,1,1,1,6,147
201600004276,16,4,24,1615,1,1,1,1,6,147
201600004277,16,5,15,745,1,1,1,1,6,155
201600004278,16,6,22,1630,1,1,1,1,6,137
201600004279,16,7,10,815,3,1,1,1,6,155
201600004280,16,2,21,1330,1,1,1,1,7,55
201600004281,16,5,3,730,3,1,1,1,7,180
201600004282,16,7,20,2100,2,1,1,1,6,102
201600004283,16,1,15,2015,3,1,3,1,3,27
201600004284,16,2,24,600,3,1,1,1,6,79
201600004285,16,3,10,930,1,1,1,1,3,79
201600004286,16,3,12,1845,1,2,3,1,3,79
201600004287,16,4,28,815,1,1,1,1,3,79
201600004288,16,5,17,1715,1,2,1,1,6,75
201600004289,16,6,4,2300,3,1,1,1,6,48
201600004290,16,7,16,815,1,2,1,1,1,167
201600004291,16,9,21,2100,2,2,1,1,6,75
201600004292,16,10,25,2030,3,1,1,1,3,79
201600004293,16,11,10,1015,1,1,1,1,3,79
201600004294,16,12,8,1730,1,1,1,1,3,75
201600004295,16,12,19,1730,2,1,1,2,3,79
201600004296,16,12,20,1830,3,1,1,1,1,28
201600004297,16,3,6,130,3,1,1,1,6,22
201600004298,16,5,4,730,1,1,1,1,7,117
201600004299,16,6,25,1700,1,1,1,1,6,42
201600004300,16,8,28,1530,1,1,1,1,3,94
201600004301,16,10,5,1830,1,1,1,1,6,117
201600004302,16,2,18,1845,3,1,1,1,1,12
201600004303,16,4,6,2000,2,2,1,1,2,112
201600004304,16,5,22,1830,1,1,1,9,6,19
201600004305,16,7,16,1430,1,1,1,1,3,169
201600004306,16,7,25,730,1,2,6,1,2,112
201600004307,16,8,2,1730,1,2,1,1,6,96