Num_Acc,an,mois,jour,hrmn,lum,agg,int,atm,col,com
201600004308,16,8,14,1300,1,1,1,1,6,127
201600004309,16,8,16,1645,1,2,1,1,7,112
201600004310,16,8,25,1045,1,1,1,1,2,152
201600004311,16,9,2,230,3,1,1,1,6,101
201600004312,16,9,4,115,3,1,1,1,6,86
201600004313,16,9,23,300,3,1,1,1,6,96
201600004314,16,11,2,715,2,1,1,5,3,63
201600004315,16,11,14,1345,1,2,6,1,3,112
201600004316,16,12,3,1415,1,2,1,1,3,112
201600004317,16,3,10,1015,1,1,1,1,6,43
201600004318,16,3,14,1830,1,1,1,1,3,125
201600004319,16,3,26,745,1,1,1,1,7,105
201600004320,16,3,26,900,1,1,1,1,7,178
201600004321,16,4,9,1830,1,2,1,2,3,52
201600004322,16,4,24,1515,1,1,1,1,3,125
201600004323,16,8,16,2000,1,1,1,1,6,25
201600004324,16,10,9,2000,1,1,1,1,6,125
201600004325,16,10,18,915,1,1,1,5,3,25
201600004326,16,10,23,830,2,1,1,1,7,25
201600004327,16,12,14,800,2,1,1,5,7,123
201600004328,16,12,27,1615,1,1,1,1,1,124
201600004329,16,2,6,2130,3,1,1,1,6,141
201600004330,16,6,7,1330,1,1,1,1,7,32
201600004331,16,7,6,30,3,1,1,1,7,141
201600004332,16,7,23,900,1,1,1,1,6,72
201600004333,16,8,7,1015,1,2,1,1,6,186
201600004334,16,10,24,2215,5,2,1,2,6,72
201600004335,16,10,27,1945,3,1,1,1,1,165
201600004336,16,3,15,1830,1,1,1,1,6,127
201600004337,16,4,25,1630,1,2,1,1,6,72
201600004338,16,8,18,1630,1,1,1,1,3,250
201600004339,16,11,10,825,1,2,1,2,6,127
201600004340,16,11,13,1925,3,1,1,2,4,72
201600004341,16,11,18,1600,1,1,1,2,4,72
201600004342,16,12,8,850,1,2,1,1,3,127
201600004343,16,12,14,1045,1,1,1,5,7,72
201600004344,16,12,20,1840,5,2,1,1,1,244
201600004345,16,12,23,755,4,2,1,1,3,72
201600004346,16,12,28,1215,1,1,1,1,4,72
201600004347,16,1,12,715,5,2,1,1,6,117
201600004348,16,1,22,1900,5,2,1,2,6,117
201600004349,16,2,3,1915,5,1,1,1,6,40
201600004350,16,2,10,1815,2,2,1,2,6,116
201600004351,16,2,26,1615,1,1,1,1,6,55
201600004352,16,3,3,2300,5,2,1,2,1,116
201600004353,16,3,10,700,1,2,1,1,2,59
201600004354,16,3,11,1715,1,1,1,1,6,194
201600004355,16,3,22,1645,1,2,1,1,6,59
201600004356,16,4,29,1600,1,2,1,1,6,40
201600004357,16,5,19,1315,1,1,6,2,3,117
201600004358,16,5,27,1815,1,1,1,1,3,116
201600004359,16,7,1,1200,1,1,1,1,2,59
201600004360,16,7,18,900,1,2,1,1,3,116
201600004361,16,7,29,2000,1,2,1,1,6,40
201600004362,16,8,20,1545,1,1,1,8,3,49
201600004363,16,9,10,1900,1,1,1,1,1,116
201600004364,16,1,22,1515,1,2,1,1,2,143
201600004365,16,3,5,1930,5,1,1,1,6,143
201600004366,16,3,11,1530,1,1,1,1,1,233
201600004367,16,4,22,1515,1,2,1,1,1,143
201600004368,16,5,9,1645,1,2,1,2,1,163
201600004369,16,5,17,1715,1,2,1,1,3,233
201600004370,16,6,2,515,2,1,6,1,6,207
201600004371,16,6,28,1630,1,1,1,1,1,284
201600004372,16,7,5,1415,1,1,1,1,1,284
201600004373,16,7,31,745,1,1,1,1,1,278
201600004374,16,10,4,820,1,2,1,1,4,68
201600004375,16,10,14,745,2,2,1,3,2,3
201600004376,16,11,4,1630,1,2,1,1,6,143
201600004377,16,11,10,530,5,2,1,2,5,3
201600004378,16,11,3,1835,3,1,1,1,1,278
201600004379,16,11,17,1815,3,1,1,1,6,163
201600004380,16,4,29,1800,1,2,1,1,7,204
201600004381,16,8,17,930,1,1,6,7,3,287
201600004382,16,8,16,1430,1,2,1,1,3,288
201600004383,16,10,2,1530,1,2,1,1,1,277
201600004384,16,11,7,700,1,2,1,1,6,287
201600004385,16,12,9,815,1,2,1,1,6,288
201600004386,16,12,29,1735,2,1,1,8,2,281
201600004387,16,1,8,1245,1,2,1,1,3,273
201600004388,16,1,15,1945,5,2,1,2,6,273
201600004389,16,8,31,1145,1,2,1,1,3,273
201600004390,16,2,3,1345,1,1,1,2,1,171
201600004391,16,2,1,445,3,1,1,2,7,216
201600004392,16,3,20,500,2,1,1,1,6,21
201600004393,16,3,26,1215,1,2,6,1,6,10
201600004394,16,5,6,800,1,1,6,1,3,177
201600004395,16,6,23,745,1,1,1,1,1,10
201600004396,16,7,18,1930,1,1,1,1,1,32
201600004397,16,8,25,1515,1,1,1,1,6,112
201600004398,16,9,11,630,5,1,2,1,3,10
201600004399,16,10,5,1520,1,2,1,1,6,10
201600004400,16,10,6,545,5,1,1,9,7,10
201600004401,16,11,28,1750,3,1,1,1,3,208
201600004402,16,11,30,1410,1,2,1,1,6,10
201600004403,16,12,4,2200,3,1,1,5,6,231
201600004404,16,12,7,1100,1,2,1,5,6,175
201600004405,16,1,15,2215,3,1,1,4,6,220
201600004406,16,2,26,800,1,2,1,1,4,178
201600004407,16,5,21,1215,1,1,1,1,7,31
201600004408,16,8,5,1000,1,1,1,1,6,220
201600004409,16,9,3,1700,1,1,1,1,1,67
201600004410,16,10,1,1515,1,1,1,1,6,99
201600004411,16,10,12,1755,1,2,3,1,6,31
201600004412,16,4,7,915,1,1,1,1,6,110
201600004413,16,4,16,1630,1,1,1,1,2,132
201600004414,16,6,26,600,1,1,1,1,7,78
201600004415,16,7,9,1300,1,1,1,1,1,95
201600004416,16,11,1,500,3,1,1,1,6,227
201600004417,16,4,1,1700,1,2,1,1,1,94
201600004418,16,3,26,1545,1,2,1,1,1,28
201600004419,16,4,10,1000,1,1,1,1,2,255
201600004420,16,8,17,2000,1,2,1,8,3,28
201600004421,16,8,21,1945,1,1,1,1,3,154
201600004422,16,9,29,800,1,2,6,1,6,28
201600004423,16,10,1,1900,5,2,1,1,7,28
201600004424,16,10,1,1230,1,1,9,2,6,94
201600004425,16,10,7,1849,2,2,1,1,5,28
201600004426,16,10,13,1220,1,1,1,3,6,255
201600004427,16,10,10,1410,1,2,1,1,2,28
201600004428,16,11,5,1640,1,1,1,3,1,94
201600004429,16,12,16,705,3,1,1,9,1,249
201600004430,16,2,18,2015,3,1,1,1,6,295
201600004431,16,3,27,700,2,2,1,3,6,291
201600004432,16,10,15,1220,1,1,1,2,3,297
201600004433,16,10,20,1500,1,1,1,1,2,296
201600004434,16,11,18,1730,5,2,9,1,3,291
201600004435,16,2,26,1715,1,1,1,1,7,148
201600004436,16,3,15,830,1,1,1,1,1,219
201600004437,16,5,10,645,2,1,9,2,5,136
201600004438,16,5,10,1345,1,1,1,1,2,228
201600004439,16,5,22,1530,1,2,1,1,7,241
201600004440,16,5,24,1100,1,2,1,1,6,141
201600004441,16,6,11,1600,1,1,1,1,1,141
201600004442,16,6,11,1745,1,1,1,1,3,141
201600004443,16,6,10,715,1,1,1,7,1,228
201600004444,16,6,25,1430,1,1,1,1,3,236
201600004445,16,7,13,1815,1,2,1,1,1,141
201600004446,16,8,8,1700,1,1,1,1,3,219
201600004447,16,8,24,845,1,1,6,1,1,228
201600004448,16,9,19,730,2,1,1,1,3,241
201600004449,16,9,21,1715,1,1,1,1,6,136
201600004450,16,9,23,2045,3,1,1,1,1,228
201600004451,16,9,23,2230,3,1,1,1,3,228
201600004452,16,9,30,1045,1,1,1,1,6,184
201600004453,16,10,5,1850,2,1,4,1,1,136
201600004454,16,10,28,1120,1,1,1,1,1,141
201600004455,16,5,23,2045,3,2,1,1,7,137
201600004456,16,12,1,850,1,1,2,7,3,74
201600004457,16,2,20,1630,1,1,1,8,7,121
201600004458,16,3,25,1100,1,1,1,2,6,122
201600004459,16,7,26,1715,1,2,2,1,3,140
201600004460,16,8,12,1215,1,2,1,1,3,121
201600004461,16,9,2,1045,1,1,2,1,3,47
201600004462,16,9,30,2115,5,1,1,1,6,121
201600004463,16,9,15,1500,1,2,6,1,3,52
201600004464,16,10,18,1230,1,2,1,1,6,9
201600004465,16,12,23,1805,3,2,1,2,5,121
201600004466,16,9,24,1600,1,1,1,1,7,162
201600004467,16,1,8,830,2,1,1,2,6,211
201600004468,16,11,14,830,1,2,1,1,6,19
201600004469,16,3,18,1930,5,2,1,1,2,19
201600004470,16,6,3,1845,1,2,1,8,3,19
201600004471,16,8,17,915,1,1,1,7,1,197
201600004472,16,9,14,2115,3,1,1,1,3,19
201600004473,16,9,26,1845,1,1,2,1,3,45
201600004474,16,9,28,1645,1,1,1,1,2,19
201600004475,16,10,6,1730,1,1,1,1,3,206
201600004476,16,10,13,1215,1,1,2,2,3,45
201600004477,16,11,18,1915,5,2,1,2,3,19
201600004478,16,11,25,1029,1,2,3,1,6,19
201600004479,16,11,25,1555,1,2,1,1,1,19
201600004480,16,12,12,650,3,1,9,5,3,211
201600004481,16,12,14,1140,1,1,1,5,1,197
201600004482,16,12,16,750,2,1,1,1,5,19
201600004483,16,12,21,830,1,1,1,8,3,197
201600004484,16,1,25,1300,1,1,2,1,1,222
201600004485,16,2,7,1745,1,1,1,8,3,50
201600004486,16,5,28,1945,1,1,1,2,6,239
201600004487,16,5,31,1345,1,1,2,2,3,90
201600004488,16,8,21,1530,1,1,1,1,2,50
201600004489,16,8,26,1645,1,2,1,1,6,26
201600004490,16,11,11,1210,1,1,1,1,3,50
201600004491,16,2,26,1715,1,1,1,1,6,254
201600004492,16,3,22,930,1,2,1,1,7,243
201600004493,16,3,27,1900,1,2,3,1,3,157
201600004494,16,5,10,1800,1,2,1,1,1,157
201600004495,16,7,14,1930,1,1,1,1,1,157
201600004496,16,10,6,1010,1,2,1,1,6,243
201600004497,16,11,1,1835,3,1,9,1,7,254
201600004498,16,12,29,1155,1,2,1,5,1,157
201600004499,16,3,5,1230,1,1,1,2,6,107
201600004500,16,5,15,1730,1,2,1,1,6,54
201600004501,16,9,13,1500,1,1,1,1,7,107
201600004502,16,9,26,630,2,1,3,8,3,37
201600004503,16,10,23,1115,1,1,1,1,1,54
201600004504,16,3,30,1415,3,1,1,1,1,25
201600004505,16,5,30,1515,1,2,1,1,1,6
201600004506,16,5,26,1045,1,1,3,1,3,158
201600004507,16,6,11,830,1,2,1,2,1,66
201600004508,16,1,30,1730,1,1,1,2,6,336
201600004509,16,2,19,15,3,1,1,1,6,405
201600004510,16,5,21,1615,1,1,1,1,1,405
201600004511,16,5,26,745,1,1,1,1,1,336
201600004512,16,7,15,1345,1,1,1,1,7,405
201600004513,16,8,2,1845,1,1,1,1,5,405
201600004514,16,8,10,1245,1,1,1,1,5,405
201600004515,16,8,13,1830,1,1,1,1,3,385
201600004516,16,9,18,2145,3,1,1,3,5,405
201600004517,16,9,20,1830,1,1,1,1,1,264
201600004518,16,10,22,1530,1,1,1,1,6,301
201600004519,16,10,27,1745,2,1,1,1,1,405
201600004520,16,11,17,2000,3,1,1,1,7,65
201600004521,16,3,13,1545,1,1,1,1,7,273
201600004522,16,6,12,2300,3,1,1,2,3,72
201600004523,16,6,19,600,2,1,1,1,6,447
201600004524,16,7,3,1830,1,1,1,1,1,426
201600004525,16,8,1,1530,1,1,9,1,3,184
201600004526,16,8,8,1545,1,1,1,1,3,350
201600004527,16,2,14,415,3,1,1,2,6,236
201600004528,16,3,30,1745,1,1,1,1,2,24
201600004529,16,5,14,300,3,1,1,1,2,284
201600004530,16,6,22,810,1,1,1,1,1,154
201600004531,16,7,17,1,5,1,1,1,6,175
201600004532,16,7,17,545,2,1,1,1,6,236
201600004533,16,8,12,1845,1,1,2,1,3,406
201600004534,16,8,29,1800,1,2,1,1,1,305
201600004535,16,10,29,1545,1,1,1,1,6,163
201600004536,16,11,26,1615,1,1,1,1,6,163
201600004537,16,1,26,700,3,1,1,9,1,68
201600004538,16,2,26,300,3,1,1,2,7,200
201600004539,16,2,27,1145,1,1,1,1,6,314
201600004540,16,4,3,1530,1,1,1,2,1,151
201600004541,16,4,6,1730,1,1,1,1,1,199
201600004542,16,4,24,2000,1,1,1,1,6,68
201600004543,16,5,7,115,3,1,1,1,6,200
201600004544,16,5,21,1530,1,1,1,1,3,363
201600004545,16,5,28,1645,1,1,1,1,6,68
201600004546,16,6,10,1745,1,1,1,1,6,56
201600004547,16,6,23,1530,1,1,1,1,6,273
201600004548,16,6,26,1930,1,1,1,1,6,363
201600004549,16,7,3,115,3,1,1,1,5,303
201600004550,16,7,12,145,3,1,1,1,2,303
201600004551,16,7,16,1300,1,2,2,7,3,273
201600004552,16,10,1,1430,1,1,1,2,6,199
201600004553,16,10,8,1515,1,1,1,8,7,199
201600004554,16,11,24,1200,1,2,1,1,7,56
201600004555,16,2,29,2130,3,1,6,1,6,134
201600004556,16,5,11,945,1,1,2,3,3,134
201600004557,16,7,7,1445,3,1,1,1,1,320
201600004558,16,6,21,1600,1,1,1,1,6,343
201600004559,16,9,20,1545,1,2,9,1,6,306
201600004560,16,12,10,330,3,2,1,5,6,320
201600004561,16,2,5,1530,1,1,1,1,2,34
201600004562,16,8,20,1600,1,2,1,2,1,239
201600004563,16,8,27,1630,1,1,1,1,6,454
201600004564,16,10,29,1815,1,2,1,1,1,34
201600004565,16,11,1,1230,1,1,1,1,6,294
201600004566,16,11,14,845,1,1,1,8,6,294
201600004567,16,11,23,2130,3,1,1,1,6,34
201600004568,16,12,15,2115,3,1,1,1,1,34
201600004569,16,2,21,1745,1,2,1,1,1,4
201600004570,16,11,5,1145,1,2,1,2,3,345
201600004571,16,11,17,2200,3,1,1,2,1,89
201600004572,16,11,26,1015,1,1,1,1,1,4
201600004573,16,12,16,100,3,1,1,1,6,421
201600004574,16,12,26,1915,3,1,1,9,6,4
201600004575,16,1,7,2000,3,1,1,1,6,66
201600004576,16,1,24,1200,1,1,1,1,5,138
201600004577,16,1,29,1845,5,1,2,1,5,10
201600004578,16,2,26,1600,1,2,3,1,1,10
201600004579,16,2,26,1430,1,1,1,1,7,407
201600004580,16,6,22,1600,1,2,1,7,3,138
201600004581,16,7,8,845,1,1,1,1,1,415
201600004582,16,7,9,1715,1,1,1,1,7,329
201600004583,16,7,15,1630,1,1,1,1,1,138
201600004584,16,9,18,1745,2,1,1,2,3,138
201600004585,16,9,24,1330,1,1,1,1,7,218
201600004586,16,10,31,1630,1,2,6,1,3,138
201600004587,16,12,24,1000,1,1,1,1,7,138
201600004588,16,6,21,745,2,1,1,2,1,112
201600004589,16,7,30,1145,1,1,1,2,7,176
201600004590,16,1,25,1330,1,1,1,1,7,396
201600004591,16,2,4,1915,5,1,1,2,1,224
201600004592,16,2,8,930,1,1,1,8,1,444
201600004593,16,2,20,30,3,1,1,1,1,444
201600004594,16,3,18,1900,5,2,1,1,7,396
201600004595,16,6,16,215,3,1,1,3,3,213
201600004596,16,7,1,445,3,1,1,1,5,213
201600004597,16,9,2,1315,1,1,1,1,5,47
201600004598,16,9,9,745,1,1,1,1,3,213
201600004599,16,9,13,545,3,1,1,1,1,390
201600004600,16,10,4,1530,1,1,1,1,4,8
201600004601,16,4,15,1845,1,2,1,2,6,269
201600004602,16,6,4,2145,2,1,1,1,1,204
201600004603,16,6,10,1845,1,1,1,1,1,269
201600004604,16,8,13,2000,1,1,1,1,1,87
201600004605,16,8,16,945,1,2,1,1,6,265
201600004606,16,5,9,845,1,2,1,1,6,33
201600004607,16,5,25,1900,1,2,3,1,3,33
201600004608,16,6,22,1030,1,2,1,1,6,33
201600004609,16,10,14,330,3,1,1,3,6,44
201600004610,16,1,19,630,3,1,1,4,3,173
201600004611,16,2,16,1715,1,2,1,2,6,143
201600004612,16,4,29,815,2,2,1,1,1,71
201600004613,16,8,27,1330,1,2,1,1,6,143
201600004614,16,3,26,1515,1,1,1,1,7,114
201600004615,16,5,31,1715,1,1,1,2,1,247
201600004616,16,8,13,1615,1,1,1,1,7,247
201600004617,16,1,29,1600,1,2,6,7,6,160
201600004618,16,6,19,2200,3,1,1,1,6,313
201600004619,16,8,15,2210,3,1,1,1,7,435
201600004620,16,9,13,2145,3,2,1,1,6,281
201600004621,16,10,17,1730,1,2,1,2,3,173
201600004622,16,11,8,1730,3,2,1,1,1,281
201600004623,16,11,3,1430,1,2,1,1,6,160
201600004624,16,1,23,1630,1,2,1,7,3,446
201600004625,16,2,25,2100,3,1,1,1,1,250
201600004626,16,3,5,1330,1,2,1,1,7,166
201600004627,16,3,30,1115,1,1,1,1,1,238
201600004628,16,4,12,1315,1,1,3,1,5,322
201600004629,16,4,19,1515,1,2,1,1,6,194
201600004630,16,4,26,1330,1,1,1,1,1,75
201600004631,16,5,9,845,1,1,2,2,3,318
201600004632,16,6,11,2330,3,1,6,1,7,250
201600004633,16,6,19,415,3,2,1,1,6,318
201600004634,16,6,23,1130,1,2,1,1,7,427
201600004635,16,6,24,1515,1,1,2,1,3,446
201600004636,16,7,2,2200,2,1,6,1,6,322
201600004637,16,7,6,915,1,2,1,1,2,30
201600004638,16,9,20,1215,1,1,1,1,3,21
201600004639,16,10,8,1055,1,2,9,1,1,238
201600004640,16,12,7,2145,3,1,2,5,1,157
201600004641,16,12,16,845,1,1,1,1,2,75
201600004642,16,1,1,500,3,2,1,5,1,46
201600004643,16,1,11,1715,2,1,1,8,6,93
201600004644,16,1,31,645,5,2,1,2,7,457
201600004645,16,3,7,1715,1,1,2,2,5,355
201600004646,16,5,11,1430,1,1,1,1,1,457
201600004647,16,5,14,2315,5,1,1,1,7,457
201600004648,16,5,22,715,1,1,1,1,3,412
201600004649,16,6,19,830,1,1,1,2,6,368
201600004650,16,6,24,1745,1,1,1,1,6,246
201600004651,16,7,2,2200,3,1,1,1,6,93
201600004652,16,7,1,1000,1,1,1,1,3,457
201600004653,16,7,2,1730,1,1,6,1,6,93
201600004654,16,8,7,1445,1,1,1,1,3,115
201600004655,16,8,13,1145,1,1,2,1,3,412
201600004656,16,9,9,930,1,2,1,1,3,246
201600004657,16,9,25,1230,1,1,1,1,3,457
201600004658,16,10,8,1800,1,1,1,1,1,93
201600004659,16,12,4,2345,5,2,1,1,6,412
201600004660,16,6,17,1700,1,1,1,1,3,249
201600004661,16,7,8,1415,1,1,1,1,2,249
201600004662,16,9,30,1615,1,2,1,1,3,249
201600004663,16,10,5,1530,1,2,9,1,3,249
201600004664,16,10,10,1500,1,2,2,1,2,275
201600004665,16,1,11,1415,1,2,6,1,6,262
201600004666,16,1,23,1430,1,1,1,1,7,297
201600004667,16,1,30,1600,1,2,1,8,6,49
201600004668,16,4,8,1115,1,2,1,1,3,49
201600004669,16,5,20,1745,1,1,1,1,7,276
201600004670,16,7,29,1845,1,2,1,7,6,32
201600004671,16,8,24,1930,1,2,3,1,3,27
201600004672,16,10,20,1845,1,2,1,1,3,32
201600004673,16,1,24,515,3,1,1,1,7,393
201600004674,16,3,18,400,3,1,1,1,3,443
201600004675,16,4,14,1205,1,1,1,1,7,45
201600004676,16,5,21,2245,3,1,1,1,6,235
201600004677,16,6,18,2300,5,2,1,1,1,5
201600004678,16,7,13,300,5,1,1,1,7,371
201600004679,16,8,8,1800,1,2,2,1,3,85
201600004680,16,2,7,1330,1,1,2,1,3,428
201600004681,16,5,27,2030,1,2,2,1,3,420
201600004682,16,7,24,730,2,2,1,7,6,169
201600004683,16,7,27,1745,1,1,1,1,6,351
201600004684,16,9,1,1715,1,2,1,1,6,420
201600004685,16,9,8,1200,1,2,1,1,1,263
201600004686,16,10,13,1845,5,1,1,3,6,169
201600004687,16,12,5,1330,1,2,1,5,6,420
201600004688,16,12,9,1740,5,2,1,5,6,420
201600004689,16,2,8,1100,1,1,1,1,5,122
201600004690,16,3,30,1645,1,2,1,1,7,122
201600004691,16,6,7,1645,1,2,1,1,6,289
201600004692,16,6,13,2115,2,1,1,2,6,210
201600004693,16,6,21,1200,1,1,1,1,6,155
201600004694,16,6,13,1115,1,1,1,1,1,139
201600004695,16,6,24,1830,1,2,1,1,3,296
201600004696,16,8,11,1630,1,1,1,1,6,16
201600004697,16,8,26,1500,1,1,1,1,1,230
201600004698,16,8,26,2330,5,1,1,1,3,296
201600004699,16,11,26,930,1,1,1,1,1,230
201600004700,16,2,13,1230,1,1,1,5,1,42
201600004701,16,7,15,1515,1,1,9,1,2,133
201600004702,16,7,30,1915,1,1,1,1,2,42
201600004703,16,8,11,1345,1,1,1,1,3,268
201600004704,16,5,16,1330,1,1,1,1,3,167
201600004705,16,7,17,1415,1,1,1,1,6,149
201600004706,16,1,5,1715,2,1,1,1,6,319
201600004707,16,3,18,1930,2,1,1,1,6,346
201600004708,16,5,4,1415,1,1,1,1,2,346
201600004709,16,9,22,1445,1,1,1,1,5,319
201600004710,16,10,9,1130,1,2,1,1,6,319
201600004711,16,5,17,815,1,2,1,1,1,341
201600004712,16,7,31,1315,1,1,1,1,6,159
201600004713,16,10,20,1045,1,1,1,1,6,273
201600004714,16,12,11,2015,1,1,1,1,1,341
201600004715,16,2,5,1100,1,1,2,1,3,27
201600004716,16,2,21,1415,1,1,6,1,3,240
201600004717,16,3,25,1500,1,2,3,1,3,27
201600004718,16,5,6,1630,1,1,1,1,1,237
201600004719,16,5,10,1745,1,2,1,1,2,181
201600004720,16,5,16,830,1,2,1,1,6,349
201600004721,16,6,2,1015,1,1,1,1,3,349
201600004722,16,7,9,1815,1,1,1,1,3,22
201600004723,16,7,22,715,1,1,1,1,1,181
201600004724,16,9,19,1030,1,1,1,1,6,261
201600004725,16,10,7,845,1,2,1,7,6,261
201600004726,16,10,19,1700,1,1,1,1,6,349
201600004727,16,11,10,1215,1,1,1,8,1,237
201600004728,16,11,10,1845,5,2,1,2,6,90
201600004729,16,12,1,1800,5,2,1,1,1,349
201600004730,16,1,11,2200,3,1,1,1,6,329
201600004731,16,6,5,145,3,1,1,9,6,117
201600004732,16,10,3,645,3,1,1,1,6,343
201600004733,16,11,10,1830,5,2,1,1,2,110
201600004734,16,11,19,1600,1,1,1,1,6,199
201600004735,16,8,15,1515,1,1,1,7,1,153
201600004736,16,12,29,2015,5,1,1,1,1,211
201600004737,16,5,25,2100,2,1,1,1,7,203
201600004738,16,7,12,1130,1,1,1,1,1,322
201600004739,16,9,6,630,5,1,1,1,6,127
201600004740,16,10,24,1000,3,1,1,3,6,156
201600004741,16,12,19,1530,1,1,1,2,3,156
201600004742,16,4,9,1630,1,1,1,1,6,328
201600004743,16,6,16,1845,1,1,1,1,3,183
201600004744,16,8,10,1930,1,1,1,1,3,291
201600004745,16,2,13,230,3,1,1,5,6,31
201600004746,16,4,22,1930,1,1,1,1,6,211
201600004747,16,5,15,1830,1,1,1,1,5,24
201600004748,16,10,30,1130,1,1,1,1,7,280
201600004749,16,3,9,730,1,2,1,1,6,324
201600004750,16,5,11,1600,1,2,1,1,7,324
201600004751,16,6,4,700,1,2,1,1,1,345
201600004752,16,7,7,1845,1,2,9,1,6,324
201600004753,16,7,9,1930,1,2,1,1,6,324
201600004754,16,7,31,1945,1,1,1,8,6,15
201600004755,16,8,2,1600,1,2,6,1,1,324
201600004756,16,8,25,930,1,2,1,1,6,324
201600004757,16,9,10,1145,1,1,1,7,6,217
201600004758,16,10,7,1830,1,1,1,1,7,245
201600004759,16,10,12,1145,1,2,1,1,3,324
201600004760,16,11,28,1545,1,1,1,1,7,217
201600004761,16,12,2,1800,3,1,1,1,5,15
201600004762,16,3,31,330,3,2,1,1,6,10
201600004763,16,11,1,830,1,2,6,1,7,78
201600004764,16,12,9,2115,3,1,1,1,5,227
201600004765,16,12,15,1915,5,2,1,1,4,10
201600004766,16,12,26,1715,3,1,1,1,7,89
201600004767,16,4,15,1830,2,1,1,1,6,12
201600004768,16,4,17,1030,1,1,1,2,6,204
201600004769,16,5,3,1730,1,2,1,1,6,64
201600004770,16,6,22,1330,1,2,6,1,3,64
201600004771,16,9,4,1615,1,2,1,1,6,64
201600004772,16,12,6,1500,1,1,1,1,6,150
201600004773,16,12,16,545,3,1,1,5,7,64
201600004774,16,12,18,1645,1,1,1,9,7,204
201600004775,16,7,8,945,1,1,1,1,1,35
201600004776,16,8,2,1400,1,1,1,1,6,129
201600004777,16,8,19,1945,1,1,1,1,7,216
201600004778,16,7,26,1500,1,1,1,1,1,301
201600004779,16,9,27,1030,1,1,1,1,6,13
201600004780,16,3,30,1615,1,1,1,1,1,188
201600004781,16,5,28,1630,1,1,1,1,7,124
201600004782,16,6,18,1945,1,1,1,1,6,69
201600004783,16,8,2,845,1,1,1,1,7,185
201600004784,16,9,21,1600,1,1,1,1,1,309
201600004785,16,1,12,1715,2,1,6,1,1,108
201600004786,16,1,27,945,1,1,1,1,1,125
201600004787,16,6,3,2030,1,1,1,1,1,183
201600004788,16,6,12,1445,1,1,1,1,6,368
201600004789,16,7,21,1400,1,1,1,1,1,122
201600004790,16,7,22,1915,1,1,1,1,3,125
201600004791,16,7,22,1345,1,1,1,1,7,240
201600004792,16,8,6,1200,1,1,1,1,3,368
201600004793,16,8,16,1630,1,1,1,7,3,122
201600004794,16,9,16,1800,1,1,1,1,1,258
201600004795,16,5,5,1430,1,1,1,1,1,299
201600004796,16,6,2,1630,1,1,1,8,1,86
201600004797,16,8,7,1200,1,1,1,1,2,113
201600004798,16,8,14,415,3,1,1,1,7,248
201600004799,16,9,4,1245,1,1,1,1,3,69
201600004800,16,1,15,1000,1,1,1,1,1,168
201600004801,16,6,10,2215,3,1,1,1,3,168
201600004802,16,8,3,1630,1,1,1,1,1,243
201600004803,16,9,4,1845,1,1,1,1,2,101
201600004804,16,11,20,10,3,1,1,1,6,85
201600004805,16,1,31,1115,1,1,1,1,3,220
201600004806,16,2,5,1145,1,2,1,1,6,220
201600004807,16,6,22,800,1,2,1,7,3,220
201600004808,16,9,11,45,3,1,1,1,1,16
201600004809,16,8,30,1215,1,1,3,1,3,377
201600004810,16,11,22,700,2,2,7,3,6,220
201600004811,16,11,24,1215,1,2,6,8,3,220
201600004812,16,11,28,845,1,1,6,1,6,220
201600004813,16,12,4,210,3,1,1,1,6,220
201600004814,16,10,14,1914,5,2,1,3,6,691
201600004815,16,10,13,810,1,2,3,1,7,691
201600004816,16,10,17,1730,1,2,1,1,6,691
201600004817,16,2,16,55,5,1,1,1,1,691
201600004818,16,2,29,810,1,2,1,7,6,691
201600004819,16,10,15,1200,1,2,1,1,6,691
201600004820,16,3,20,1835,2,2,3,1,2,691
201600004821,16,5,17,1639,1,2,1,1,6,691
201600004822,16,8,3,1405,1,2,1,1,6,691
201600004823,16,8,22,515,5,2,6,1,3,691
201600004824,16,8,5,1715,1,1,3,1,1,691
201600004825,16,9,26,1710,1,2,2,1,6,691
201600004826,16,5,21,1515,1,1,1,1,7,127
201600004827,16,7,17,1415,1,1,1,7,1,303
201600004828,16,7,24,1145,1,1,1,1,6,188
201600004829,16,10,4,1520,1,1,3,1,3,659
201600004830,16,5,28,2300,4,1,1,1,6,304
201600004831,16,9,19,1730,1,1,3,7,7,112
201600004832,16,1,22,1045,1,1,1,1,3,314
201600004833,16,7,13,1800,1,1,1,1,3,148
201600004834,16,9,25,1000,1,2,1,1,6,148
201600004835,16,4,15,1545,1,1,1,1,1,320
201600004836,16,7,12,1545,1,1,1,2,1,320
201600004837,16,1,14,1545,1,2,1,2,1,333
201600004838,16,2,10,2300,5,2,1,4,7,256
201600004839,16,3,15,1315,1,1,1,1,1,381
201600004840,16,3,31,1515,1,1,1,1,3,124
201600004841,16,4,8,1030,1,1,1,1,4,543
201600004842,16,6,23,800,1,2,1,7,6,261
201600004843,16,2,22,1,3,1,1,1,1,805
201600004844,16,3,16,810,1,2,3,1,6,722
201600004845,16,4,6,106,5,2,3,1,6,722