Num_Acc,an,mois,jour,hrmn,lum,agg,int,atm,col,com
201600004846,16,7,12,855,1,2,2,1,6,722
201600004847,16,7,20,950,1,2,1,1,6,722
201600004848,16,9,16,2215,5,2,1,2,6,722
201600004849,16,11,21,1756,5,2,9,9,6,722
201600004850,16,12,5,1150,1,1,6,1,6,722
201600004851,16,12,15,1805,5,2,3,1,3,722
201600004852,16,11,21,1805,2,2,1,8,6,722
201600004853,16,2,29,2215,3,1,1,4,7,567
201600004854,16,4,1,1630,1,2,3,1,3,175
201600004855,16,7,20,1100,1,2,1,1,1,547
201600004856,16,9,30,830,1,1,1,1,5,422
201600004857,16,9,29,1600,1,2,1,1,6,150
201600004858,16,12,2,1630,1,2,4,1,3,547
201600004859,16,12,7,1115,1,2,1,1,2,150
201600004860,16,1,9,1145,1,1,1,1,1,158
201600004861,16,1,17,1200,1,1,4,1,6,188
201600004862,16,4,19,1615,1,2,1,1,6,309
201600004863,16,9,25,730,1,2,1,1,1,158
201600004864,16,11,19,1545,1,2,6,1,3,158
201600004865,16,11,30,1245,1,2,1,1,3,57
201600004866,16,12,2,1600,1,2,1,1,2,158
201600004867,16,12,12,830,1,1,1,1,6,188
201600004868,16,10,21,1700,1,2,1,1,6,317
201600004869,16,12,21,1545,1,1,1,1,5,317
201600004870,16,3,26,1600,1,2,6,1,2,314
201600004871,16,4,24,600,2,2,1,8,6,27
201600004872,16,5,1,2215,3,1,1,2,6,439
201600004873,16,7,10,1500,1,1,1,1,1,6
201600004874,16,7,15,2145,2,1,1,1,6,6
201600004875,16,7,27,1615,1,2,9,1,6,314
201600004876,16,10,14,1430,1,2,1,1,3,6
201600004877,16,11,16,1645,1,1,1,1,7,314
201600004878,16,11,22,1430,1,1,1,8,7,314
201600004879,16,12,7,1745,5,2,1,1,6,314
201600004880,16,1,16,1245,1,2,1,2,3,382
201600004881,16,1,24,1730,2,2,6,1,3,382
201600004882,16,2,21,2100,5,2,1,1,3,382
201600004883,16,3,25,1915,5,2,1,1,4,382
201600004884,16,4,20,1915,2,2,2,1,3,382
201600004885,16,5,18,445,4,2,1,1,1,382
201600004886,16,7,16,630,1,2,6,1,3,382
201600004887,16,8,1,1115,1,1,9,1,7,328
201600004888,16,8,4,1045,1,2,1,1,2,382
201600004889,16,8,10,1430,1,2,9,1,6,382
201600004890,16,8,16,1600,1,1,1,1,6,382
201600004891,16,9,25,1545,1,2,1,1,1,382
201600004892,16,9,30,1430,1,2,1,1,3,382
201600004893,16,11,23,1400,1,1,1,1,1,382
201600004894,16,12,9,1545,1,2,9,1,7,382
201600004895,16,1,1,445,3,1,1,2,6,405
201600004896,16,2,13,445,3,1,1,9,7,442
201600004897,16,3,28,1015,1,1,1,2,7,405
201600004898,16,4,13,2115,5,1,1,8,6,405
201600004899,16,6,18,1530,1,1,6,1,1,412
201600004900,16,1,10,1215,1,2,1,1,3,474
201600004901,16,3,30,700,2,2,1,1,1,474
201600004902,16,5,7,1345,1,1,1,1,7,153
201600004903,16,5,30,1100,1,2,1,1,3,474
201600004904,16,6,25,1415,1,1,1,1,7,153
201600004905,16,7,3,1530,1,1,1,1,1,474
201600004906,16,7,23,1545,1,1,1,1,3,474
201600004907,16,11,8,1215,1,2,3,1,3,474
201600004908,16,2,24,2130,5,2,1,1,3,503
201600004909,16,4,19,1715,1,2,9,1,2,511
201600004910,16,4,29,1330,1,2,1,1,1,70
201600004911,16,6,1,1745,1,2,1,1,3,367
201600004912,16,6,27,1745,1,1,1,1,1,214
201600004913,16,7,5,1915,1,2,1,1,6,466
201600004914,16,9,4,1545,1,1,1,1,1,2
201600004915,16,11,27,145,3,1,1,9,7,181
201600004916,16,12,14,930,1,2,1,9,7,503
201600004917,16,12,15,1800,5,2,1,1,1,501
201600004918,16,12,29,1930,3,1,1,1,6,501
201600004919,16,12,31,1345,1,1,2,1,1,503
201600004920,16,1,22,1215,1,2,1,1,3,524
201600004921,16,5,4,2130,3,1,6,1,7,524
201600004922,16,4,27,1330,1,2,1,1,6,524
201600004923,16,5,19,1545,1,2,1,2,6,545
201600004924,16,6,11,830,1,2,1,1,3,545
201600004925,16,8,27,315,3,2,1,1,6,545
201600004926,16,10,25,1645,1,2,1,1,1,545
201600004927,16,11,8,815,2,2,1,5,3,524
201600004928,16,11,29,1730,3,2,1,1,1,524
201600004929,16,5,23,2045,3,1,1,3,7,205
201600004930,16,6,10,1345,1,1,1,1,6,548
201600004931,16,7,3,700,1,1,1,1,6,205
201600004932,16,7,9,2030,2,1,1,1,7,548
201600004933,16,7,14,345,1,1,1,1,6,548
201600004934,16,8,8,1945,1,1,1,1,1,548
201600004935,16,10,16,1530,1,1,1,1,6,548
201600004936,16,12,29,1200,1,1,1,7,5,205
201600004937,16,1,25,1018,1,2,3,1,6,59
201600004938,16,12,30,1610,1,2,7,5,6,738
201600004939,16,1,29,957,1,1,2,8,5,59
201600004940,16,1,30,805,1,1,1,2,5,212
201600004941,16,1,27,1200,1,2,3,1,6,738
201600004942,16,2,16,1230,1,2,1,1,6,59
201600004943,16,6,6,1800,1,2,9,1,3,212
201600004944,16,6,29,1840,1,2,1,1,6,738
201600004945,16,7,10,1925,1,1,1,1,7,165
201600004946,16,7,11,2045,1,2,2,1,1,738
201600004947,16,8,20,1745,1,2,1,1,6,738
201600004948,16,10,29,925,1,2,3,1,1,738
201600004949,16,11,5,1459,1,2,7,7,6,738
201600004950,16,11,10,820,1,2,3,2,3,738
201600004951,16,3,12,1700,1,2,4,1,7,565
201600004952,16,4,30,1800,1,2,6,2,3,565
201600004953,16,6,11,1430,1,2,1,1,6,565
201600004954,16,6,14,915,1,1,1,2,6,565
201600004955,16,7,3,1700,1,1,1,1,1,312
201600004956,16,7,9,315,4,2,1,1,6,61
201600004957,16,7,28,715,1,2,6,1,3,565
201600004958,16,2,18,2145,3,1,1,1,1,413
201600004959,16,5,6,1600,1,1,1,1,6,128
201600004960,16,5,6,1945,1,1,1,1,6,224
201600004961,16,7,11,1945,1,1,1,1,1,266
201600004962,16,9,30,1815,1,1,1,1,7,361
201600004963,16,11,11,945,1,2,3,1,1,304
201600004964,16,12,10,1900,5,2,3,1,1,269
201600004965,16,7,31,945,1,1,1,1,6,424
201600004966,16,9,9,2330,3,1,1,1,6,321
201600004967,16,9,11,1245,1,2,1,1,7,113
201600004968,16,2,13,1115,1,2,1,1,6,562
201600004969,16,5,19,1545,1,1,1,2,5,445
201600004970,16,7,1,1745,1,1,1,1,2,68
201600004971,16,7,12,1515,1,1,1,1,1,203
201600004972,16,8,2,1730,1,1,1,1,5,364
201600004973,16,8,23,1930,2,1,1,1,6,364
201600004974,16,9,5,1445,1,2,1,1,6,528
201600004975,16,9,28,1930,3,1,1,1,5,252
201600004976,16,9,30,1615,1,2,9,1,6,562
201600004977,16,10,28,1915,5,2,2,1,3,562
201600004978,16,11,11,1800,3,1,1,3,5,478
201600004979,16,11,27,1200,1,1,1,1,2,68
201600004980,16,12,9,1530,1,2,1,1,6,528
201600004981,16,1,3,1000,1,1,1,8,7,454
201600004982,16,1,12,2015,3,1,1,1,1,453
201600004983,16,1,25,745,2,1,3,1,3,36
201600004984,16,3,5,2200,3,1,1,1,1,416
201600004985,16,3,13,2315,3,2,6,1,6,409
201600004986,16,3,13,1700,1,1,1,1,7,453
201600004987,16,3,30,1900,1,1,1,1,1,99
201600004988,16,8,16,1745,1,1,1,1,1,416
201600004989,16,8,30,745,1,1,2,1,3,95
201600004990,16,8,30,915,1,2,1,7,6,416
201600004991,16,9,11,1445,1,2,1,1,6,359
201600004992,16,9,26,715,1,1,1,1,2,410
201600004993,16,10,6,1030,1,1,1,1,7,95
201600004994,16,10,10,1910,1,2,6,1,3,95
201600004995,16,10,19,1630,1,1,1,1,5,463
201600004996,16,11,19,630,3,1,1,1,1,463
201600004997,16,11,23,1815,5,2,6,1,7,454
201600004998,16,11,16,1615,1,1,1,1,3,454
201600004999,16,5,4,1530,1,1,1,1,5,457
201600005000,16,5,13,245,5,2,1,2,6,457
201600005001,16,6,14,1015,1,1,2,1,3,93
201600005002,16,9,23,1815,1,2,2,1,3,505
201600005003,16,9,28,1715,1,1,1,1,1,387
201600005004,16,3,22,1030,1,2,1,1,6,517
201600005005,16,3,29,830,1,1,1,1,6,275
201600005006,16,5,25,1630,1,1,1,1,1,338
201600005007,16,6,3,1000,1,1,1,1,1,4
201600005008,16,8,8,1045,1,1,1,1,6,310
201600005009,16,9,6,1730,1,1,1,1,2,338
201600005010,16,9,22,2030,5,2,1,1,6,517
201600005011,16,9,24,700,1,1,1,1,5,517
201600005012,16,9,24,1845,1,2,9,1,6,33
201600005013,16,10,5,2215,5,2,1,1,2,517
201600005014,16,2,10,1145,3,1,1,1,6,374
201600005015,16,2,5,215,3,1,1,1,6,467
201600005016,16,4,16,900,1,1,1,1,6,455
201600005017,16,4,16,1900,1,1,1,1,6,91
201600005018,16,7,7,1845,1,1,1,1,1,223
201600005019,16,7,17,1730,1,1,1,1,6,91
201600005020,16,7,30,1100,1,1,6,2,1,348
201600005021,16,8,18,600,5,1,1,1,1,455
201600005022,16,9,18,1545,1,1,1,2,1,467
201600005023,16,9,24,1845,1,1,1,1,3,374
201600005024,16,10,13,1845,5,2,1,3,6,374
201600005025,16,10,15,200,3,2,1,3,6,374
201600005026,16,1,3,1900,3,1,1,1,6,67
201600005027,16,1,22,1615,1,1,1,1,1,138
201600005028,16,3,24,1100,1,1,1,1,5,554
201600005029,16,7,24,1745,1,1,1,1,6,294
201600005030,16,8,3,1400,1,1,1,1,6,392
201600005031,16,9,17,1430,1,1,1,1,6,488
201600005032,16,11,8,1030,1,1,1,2,1,294
201600005033,16,12,16,730,2,1,1,1,6,138
201600005034,16,8,20,1345,1,1,1,2,1,118
201600005035,16,9,17,1600,1,1,1,2,3,13
201600005036,16,11,6,1645,1,2,1,1,3,159
201600005037,16,12,19,1530,1,1,1,5,1,287
201600005038,16,12,22,2315,3,2,1,5,6,167
201600005039,16,2,12,2045,3,1,1,2,3,83
201600005040,16,5,22,600,2,1,2,1,3,54
201600005041,16,6,23,515,2,1,1,1,6,295
201600005042,16,7,29,1930,1,1,4,1,1,54
201600005043,16,8,6,445,3,1,1,1,1,539
201600005044,16,10,17,1230,1,1,1,1,6,295
201600005045,16,11,14,2315,3,1,1,1,7,135
201600005046,16,3,13,800,1,1,1,1,1,124
201600005047,16,10,3,1130,1,1,3,1,1,465
201600005048,16,3,12,1445,1,2,1,1,1,398
201600005049,16,4,5,900,1,1,1,8,3,1
201600005050,16,4,26,1215,1,2,1,1,6,1
201600005051,16,4,25,1615,1,2,1,1,6,315
201600005052,16,6,7,700,1,2,1,1,1,357
201600005053,16,6,10,1300,1,1,1,1,1,1
201600005054,16,6,24,1745,1,2,1,1,1,1
201600005055,16,6,29,1445,1,1,1,1,3,104
201600005056,16,8,6,1815,1,1,1,1,6,398
201600005057,16,8,18,1345,1,2,1,1,3,1
201600005058,16,12,14,1400,1,1,1,7,1,256
201600005059,16,2,7,1515,1,2,1,1,1,64
201600005060,16,5,13,1530,1,1,1,2,1,509
201600005061,16,5,23,1800,1,2,1,2,3,509
201600005062,16,5,31,1315,1,1,1,2,1,341
201600005063,16,6,10,2045,1,2,1,1,5,464
201600005064,16,6,29,830,1,2,1,1,1,64
201600005065,16,8,21,1000,1,1,1,1,6,148
201600005066,16,9,10,1115,1,1,1,1,3,341
201600005067,16,9,12,1300,1,2,1,1,2,464
201600005068,16,9,24,1200,1,1,1,1,1,508
201600005069,16,10,7,800,1,2,1,1,3,148
201600005070,16,10,15,1130,1,2,1,1,6,509
201600005071,16,10,31,1530,1,1,1,1,1,401
201600005072,16,11,10,800,1,1,1,1,1,250
201600005073,16,2,3,1345,1,1,1,1,6,66
201600005074,16,2,2,2015,5,2,1,5,6,35
201600005075,16,5,15,1245,1,1,3,1,3,209
201600005076,16,5,21,800,2,1,1,8,6,209
201600005077,16,6,1,1530,1,1,9,1,1,66
201600005078,16,6,7,2130,2,2,1,1,7,35
201600005079,16,6,23,1530,1,1,1,1,3,66
201600005080,16,6,30,845,1,2,1,1,7,209
201600005081,16,7,5,1230,1,1,1,1,1,35
201600005082,16,1,25,1700,1,2,1,1,6,87
201600005083,16,2,4,1715,1,2,1,2,3,87
201600005084,16,2,29,1715,1,1,1,1,3,160
201600005085,16,5,21,1500,1,1,1,1,7,215
201600005086,16,7,6,1615,1,2,1,1,1,87
201600005087,16,7,16,1130,1,1,3,1,1,484
201600005088,16,9,4,1715,1,1,1,1,1,215
201600005089,16,9,26,1645,1,2,1,1,2,87
201600005090,16,9,27,1745,2,2,2,1,6,87
201600005091,16,10,9,1715,1,2,1,1,7,484
201600005092,16,10,17,1330,1,2,1,1,1,157
201600005093,16,1,14,800,1,1,1,4,1,307
201600005094,16,2,21,1115,1,1,1,1,7,363
201600005095,16,3,26,1145,1,1,3,1,3,161
201600005096,16,3,30,900,1,1,2,1,3,335
201600005097,16,5,10,2245,5,2,1,1,7,130
201600005098,16,5,20,2215,3,1,6,1,3,180
201600005099,16,6,6,800,1,1,1,1,6,134
201600005100,16,6,19,1000,1,1,3,1,1,335
201600005101,16,6,27,1715,1,2,1,1,3,130
201600005102,16,7,2,1630,1,2,2,1,3,121
201600005103,16,7,4,2000,2,2,4,7,7,300
201600005104,16,7,31,1415,1,1,1,1,5,267
201600005105,16,7,31,1630,1,1,1,1,5,121
201600005106,16,7,30,1745,1,2,1,1,7,34
201600005107,16,9,24,1145,1,1,9,1,5,324
201600005108,16,9,30,1745,1,1,1,7,5,130
201600005109,16,10,21,1130,1,1,1,1,2,324
201600005110,16,11,19,130,3,1,4,2,6,130
201600005111,16,11,30,1500,1,1,2,1,3,69
201600005112,16,12,6,1900,5,1,1,1,3,130
201600005113,16,12,13,830,1,2,3,1,6,130
201600005114,16,3,6,1345,1,1,1,4,3,351
201600005115,16,5,27,1830,1,1,4,1,1,389
201600005116,16,8,9,1100,1,2,1,1,3,288
201600005117,16,8,27,1745,1,1,3,1,3,144
201600005118,16,8,24,945,1,1,1,1,1,94
201600005119,16,10,22,2045,5,2,2,1,6,189
201600005120,16,10,23,200,3,1,1,1,7,389
201600005121,16,12,1,1030,3,1,1,1,1,189
201600005122,16,12,22,2000,3,1,1,5,1,399
201600005123,16,3,7,845,1,2,1,1,6,85
201600005124,16,4,1,2030,1,2,1,1,1,316
201600005125,16,6,13,1945,1,1,6,3,7,557
201600005126,16,10,5,1445,1,2,1,1,3,316
201600005127,16,10,26,830,1,2,9,3,3,507
201600005128,16,1,28,1330,1,2,1,1,3,468
201600005129,16,2,12,1645,1,1,1,8,1,72
201600005130,16,2,20,1330,1,2,6,1,1,468
201600005131,16,3,13,1915,2,1,1,1,3,3
201600005132,16,5,27,830,1,2,1,1,1,51
201600005133,16,6,15,1715,1,1,1,1,1,298
201600005134,16,7,12,1300,1,1,1,3,6,3
201600005135,16,8,11,2100,1,2,2,1,3,298
201600005136,16,10,12,800,2,1,1,1,1,72
201600005137,16,11,11,1815,5,1,1,1,3,468
201600005138,16,12,10,2330,5,2,1,1,1,72
201600005139,16,12,18,245,3,2,1,1,6,344
201600005140,16,12,18,1130,1,2,1,8,6,344
201600005141,16,3,26,830,1,1,4,1,7,351
201600005142,16,6,27,900,1,1,1,1,6,351
201600005143,16,7,23,2000,2,2,1,1,2,189
201600005144,16,1,1,1015,2,1,6,5,6,449
201600005145,16,2,29,2230,3,1,1,8,7,449
201600005146,16,3,12,1500,1,1,1,1,3,537
201600005147,16,4,6,1530,1,1,1,1,1,537
201600005148,16,4,18,1330,1,1,1,4,6,449
201600005149,16,4,19,300,3,1,1,1,7,449
201600005150,16,5,6,1330,1,1,1,1,3,449
201600005151,16,5,20,1630,1,1,6,1,2,449
201600005152,16,4,27,1815,1,1,1,7,4,449
201600005153,16,5,26,2045,2,1,1,1,6,449
201600005154,16,6,23,1500,1,1,1,1,3,537
201600005155,16,7,4,2330,3,1,1,1,7,475
201600005156,16,7,9,2045,2,2,1,1,7,537
201600005157,16,7,22,15,3,1,6,1,7,449
201600005158,16,9,3,245,3,1,1,1,6,449
201600005159,16,10,5,1515,1,2,1,7,3,537
201600005160,16,10,25,815,1,1,6,2,3,449
201600005161,16,12,6,645,5,2,1,5,6,449
201600005162,16,12,10,915,1,1,1,1,1,537
201600005163,16,12,15,1445,1,1,1,1,1,475
201600005164,16,12,16,645,3,1,1,1,1,449
201600005165,16,4,8,1415,1,1,1,1,1,5
201600005166,16,4,12,1230,1,2,1,1,3,279
201600005167,16,11,23,945,1,1,1,1,5,285
201600005168,16,12,15,1415,1,1,1,1,1,43
201600005169,16,2,29,900,1,1,1,2,6,139
201600005170,16,3,3,1745,1,1,1,4,7,224
201600005171,16,3,3,1900,3,1,1,4,6,101
201600005172,16,4,6,1745,1,1,1,1,6,224
201600005173,16,4,19,1715,1,2,1,1,7,172
201600005174,16,4,19,1745,1,1,1,1,6,172
201600005175,16,4,19,1415,1,1,1,1,6,287
201600005176,16,5,14,1715,1,1,1,1,1,23
201600005177,16,7,7,1015,1,2,1,1,6,23
201600005178,16,9,10,1700,1,1,1,1,1,23
201600005179,16,9,11,930,1,2,1,1,6,224
201600005180,16,10,29,1630,1,1,1,1,7,67
201600005181,16,10,29,1430,1,2,1,1,1,224
201600005182,16,1,5,1645,1,2,1,1,1,311
201600005183,16,2,6,1515,1,2,1,1,3,97
201600005184,16,2,19,1130,1,1,2,1,3,97
201600005185,16,4,17,545,2,1,1,1,6,133
201600005186,16,4,16,830,1,2,6,1,3,302
201600005187,16,9,21,1200,1,2,1,1,1,311
201600005188,16,9,22,2000,3,1,1,1,3,302
201600005189,16,11,15,1400,1,1,6,1,3,97
201600005190,16,12,29,1445,1,1,1,1,7,234
201600005191,16,1,13,1745,5,2,1,1,7,147
201600005192,16,1,15,1945,3,1,1,4,7,180
201600005193,16,2,29,715,2,1,1,1,4,147
201600005194,16,3,12,515,3,1,1,1,6,151
201600005195,16,4,23,1015,1,2,9,8,6,299
201600005196,16,5,2,800,1,1,1,1,1,147
201600005197,16,5,20,1515,1,1,1,1,6,46
201600005198,16,5,27,1400,1,2,1,1,6,147
201600005199,16,6,4,1630,1,1,1,8,7,299
201600005200,16,6,7,1830,1,1,6,1,1,147
201600005201,16,6,11,1555,1,1,1,1,6,285
201600005202,16,6,30,30,3,1,1,1,7,180
201600005203,16,7,8,1815,1,1,6,1,2,299
201600005204,16,7,10,45,5,2,1,1,3,299
201600005205,16,8,18,1030,1,1,1,2,2,147
201600005206,16,8,22,1430,1,1,1,1,3,46
201600005207,16,9,1,1100,1,2,6,1,2,147
201600005208,16,11,1,1415,1,1,1,1,1,285
201600005209,16,1,21,1130,1,2,1,1,1,304
201600005210,16,2,2,800,1,2,1,1,3,5
201600005211,16,5,12,1915,1,1,1,1,6,304
201600005212,16,6,20,1315,1,2,1,1,6,5
201600005213,16,7,17,1745,1,2,1,1,3,211
201600005214,16,9,10,5,3,1,1,1,6,75
201600005215,16,9,28,1815,1,2,1,1,1,211
201600005216,16,9,30,2230,5,1,1,1,7,5
201600005217,16,10,3,1830,2,2,6,1,6,5
201600005218,16,10,25,1945,3,1,1,2,6,75
201600005219,16,11,8,1645,1,1,1,1,6,75
201600005220,16,11,12,2200,5,2,1,1,6,5
201600005221,16,1,19,745,2,2,1,8,3,197
201600005222,16,1,24,1815,5,1,1,8,1,288
201600005223,16,1,26,2115,5,2,1,1,3,245
201600005224,16,3,29,1415,1,1,2,2,1,295
201600005225,16,4,4,745,2,1,1,2,1,295
201600005226,16,4,14,1030,1,1,1,1,6,134
201600005227,16,4,20,1000,1,1,1,1,6,221
201600005228,16,4,24,330,3,1,1,1,6,159
201600005229,16,5,3,745,1,1,1,1,1,313
201600005230,16,5,8,515,2,1,1,1,6,197
201600005231,16,5,8,1615,1,1,1,1,7,40
201600005232,16,7,15,930,1,2,1,1,3,19
201600005233,16,7,29,730,1,1,3,1,3,313
201600005234,16,8,4,1945,2,1,1,3,1,252
201600005235,16,8,5,1900,1,1,1,1,6,291
201600005236,16,8,20,2300,3,1,1,1,1,313
201600005237,16,9,6,645,2,2,1,2,6,119
201600005238,16,9,18,1800,1,1,1,2,6,288
201600005239,16,9,21,745,1,1,1,1,3,205
201600005240,16,9,21,2030,5,1,1,1,3,197
201600005241,16,9,28,1530,1,1,1,1,6,219
201600005242,16,10,30,2200,3,1,1,1,6,219
201600005243,16,10,31,1730,2,2,1,1,6,19
201600005244,16,11,4,1515,1,1,1,1,1,30
201600005245,16,11,19,630,3,1,1,1,6,9
201600005246,16,12,3,1245,1,1,1,1,1,136
201600005247,16,12,4,1045,1,1,1,1,3,2
201600005248,16,12,12,745,1,1,1,1,1,159
201600005249,16,12,22,1615,2,1,1,2,6,217
201600005250,16,3,31,1415,1,1,1,1,6,94
201600005251,16,4,30,815,1,1,1,1,3,297
201600005252,16,6,7,1200,1,1,1,1,3,94
201600005253,16,6,27,2130,2,1,1,1,6,319
201600005254,16,7,1,400,3,1,1,1,6,165
201600005255,16,7,3,1445,1,2,1,1,7,94
201600005256,16,8,12,1045,1,1,1,1,1,202
201600005257,16,8,29,1545,1,1,1,1,1,66
201600005258,16,9,6,715,1,1,1,5,6,202
201600005259,16,10,1,1715,1,1,1,1,2,143
201600005260,16,10,10,1445,1,1,9,1,3,94
201600005261,16,10,26,1015,1,1,1,3,7,261
201600005262,16,10,26,800,1,1,1,2,7,148
201600005263,16,12,6,745,2,1,1,9,7,193
201600005264,16,12,11,1615,1,1,1,2,6,296
201600005265,16,1,29,1515,1,1,1,1,6,91
201600005266,16,2,26,2200,3,1,1,1,1,137
201600005267,16,3,13,1445,1,2,1,1,7,262
201600005268,16,4,15,2215,3,1,1,1,6,126
201600005269,16,5,10,915,1,1,1,1,7,204
201600005270,16,6,8,1230,1,1,1,1,7,262
201600005271,16,7,2,1945,1,1,1,1,7,262
201600005272,16,7,28,900,1,1,1,1,1,60
201600005273,16,8,7,1530,1,1,1,1,7,107
201600005274,16,8,13,1145,1,1,1,1,1,262
201600005275,16,8,14,500,3,1,1,1,7,91
201600005276,16,8,27,1200,1,1,1,1,3,140
201600005277,16,9,5,1945,3,1,1,2,6,262
201600005278,16,10,18,1345,1,1,1,1,1,301
201600005279,16,11,27,715,2,1,1,8,1,266
201600005280,16,12,2,945,1,1,2,5,3,228
201600005281,16,12,6,915,1,1,1,1,1,262
201600005282,16,1,2,1745,3,1,1,2,1,59
201600005283,16,5,24,1815,1,1,1,1,6,81
201600005284,16,7,1,1345,1,1,1,7,3,216
201600005285,16,7,13,2045,1,2,1,1,7,323
201600005286,16,7,20,1845,1,2,2,1,3,222
201600005287,16,7,19,900,1,1,1,1,3,13
201600005288,16,7,26,1515,1,1,1,1,6,43
201600005289,16,8,31,1030,1,1,1,1,1,59
201600005290,16,9,12,815,1,2,1,1,2,323
201600005291,16,9,19,845,1,1,1,3,5,185
201600005292,16,9,28,1000,1,2,1,1,6,323
201600005293,16,9,30,1930,5,2,1,8,3,59
201600005294,16,10,28,1645,1,1,1,1,7,138
201600005295,16,12,9,845,1,2,1,1,6,323
201600005296,16,12,13,1730,3,1,1,1,6,81
201600005297,16,3,21,1645,1,2,1,1,6,129
201600005298,16,4,3,715,1,2,1,1,6,56
201600005299,16,6,18,1500,1,2,1,2,1,56
201600005300,16,8,14,1630,1,1,1,1,3,64
201600005301,16,9,9,1215,1,2,1,1,1,265
201600005302,16,10,23,1815,2,1,1,1,1,56
201600005303,16,2,6,1415,1,1,1,6,7,239
201600005304,16,2,18,1545,1,1,1,1,3,338
201600005305,16,3,22,1515,1,1,1,1,7,331
201600005306,16,5,28,1245,1,1,1,1,7,70
201600005307,16,6,4,1115,1,2,1,1,6,332
201600005308,16,6,10,845,1,1,1,1,1,162
201600005309,16,6,17,1815,1,1,1,3,1,145
201600005310,16,7,16,1500,1,1,1,1,3,239
201600005311,16,8,8,2215,3,1,1,1,7,331
201600005312,16,8,19,715,2,2,1,1,7,69
201600005313,16,9,16,1900,2,1,2,1,3,338
201600005314,16,9,18,1115,1,1,1,2,7,294
201600005315,16,12,19,830,1,1,1,1,1,331
201600005316,16,1,22,1515,1,1,1,1,6,154
201600005317,16,2,12,1645,1,1,1,1,7,293
201600005318,16,5,21,1300,1,1,1,1,7,334
201600005319,16,7,11,1345,1,1,1,1,6,11
201600005320,16,7,29,1545,1,2,1,1,6,289
201600005321,16,10,2,315,3,1,1,1,3,289
201600005322,16,11,21,1700,1,1,1,1,7,154
201600005323,16,11,23,1430,1,2,1,1,3,289
201600005324,16,2,4,2245,3,1,1,3,6,131
201600005325,16,3,5,1630,1,1,1,1,1,177
201600005326,16,3,17,1800,1,2,1,1,3,26
201600005327,16,5,21,1400,1,1,1,1,3,52
201600005328,16,5,21,945,1,1,1,1,3,15
201600005329,16,5,28,1200,1,1,1,1,6,300
201600005330,16,6,22,1750,1,1,1,7,3,267
201600005331,16,7,7,2315,3,1,1,1,6,177
201600005332,16,7,9,1100,1,2,1,7,3,48
201600005333,16,7,23,1415,1,1,1,1,6,267
201600005334,16,8,1,1715,1,1,1,1,2,273
201600005335,16,8,14,1600,1,1,1,1,6,112
201600005336,16,8,18,730,1,2,2,2,3,52
201600005337,16,9,10,1445,1,2,1,1,3,177
201600005338,16,9,19,1000,1,1,1,8,6,15
201600005339,16,9,25,130,3,1,1,1,7,16
201600005340,16,10,19,1000,1,2,1,1,6,52
201600005341,16,11,4,1645,1,2,2,1,3,177
201600005342,16,11,7,1745,2,2,1,2,1,177
201600005343,16,12,16,2000,3,1,1,1,5,267
201600005344,16,1,16,500,3,1,1,4,7,4
201600005345,16,2,12,730,2,2,1,4,6,276
201600005346,16,2,17,1915,3,1,1,1,6,76
201600005347,16,4,27,1145,1,2,1,1,3,276
201600005348,16,6,12,1400,1,1,1,1,3,276
201600005349,16,6,16,1045,1,2,1,1,6,230
201600005350,16,7,12,1845,1,1,1,1,6,255
201600005351,16,8,15,1715,1,2,1,1,3,276
201600005352,16,9,19,445,2,1,1,8,6,76
201600005353,16,10,15,1930,2,1,1,1,3,106
201600005354,16,11,1,1530,1,1,2,1,1,282
201600005355,16,3,22,1500,1,1,1,1,1,283
201600005356,16,11,9,930,1,1,1,4,1,153
201600005357,16,11,10,1845,4,1,1,2,1,162
201600005358,16,12,2,2030,3,1,1,5,2,196
201600005359,16,12,4,845,2,1,1,5,3,303
201600005360,16,4,9,1545,1,1,1,1,3,228
201600005361,16,6,20,1545,1,1,1,1,6,328
201600005362,16,9,9,1030,1,2,8,1,6,329
201600005363,16,11,30,1845,5,1,1,1,1,328
201600005364,16,12,5,1700,3,1,1,1,1,228
201600005365,16,4,4,1815,1,1,1,1,4,10
201600005366,16,5,22,1015,1,2,1,1,6,43
201600005367,16,9,15,130,3,1,1,1,7,300
201600005368,16,4,3,1715,1,1,9,1,1,97
201600005369,16,5,3,2230,5,2,2,1,7,213
201600005370,16,9,18,600,5,1,2,2,3,213
201600005371,16,9,21,930,1,2,1,1,1,210
201600005372,16,9,25,1330,1,2,3,1,3,30
201600005373,16,10,13,2130,5,2,1,3,1,249
201600005374,16,10,21,1045,1,2,2,1,3,249
201600005375,16,11,15,1815,5,1,3,8,3,64
201600005376,16,12,31,1545,1,2,1,1,6,213
201600005377,16,1,27,1215,1,1,1,1,3,269
201600005378,16,6,23,1555,1,1,4,1,3,180
201600005379,16,7,11,1245,1,1,1,1,6,313
201600005380,16,7,17,545,2,2,1,1,6,330
201600005381,16,4,16,730,1,1,1,1,6,84
201600005382,16,8,7,1530,1,1,1,1,5,96