Num_Acc,an,mois,jour,hrmn,lum,agg,int,atm,col,com
201600005383,16,8,31,1700,1,1,1,1,7,17
201600005384,16,10,16,1445,1,1,1,1,1,270
201600005385,16,12,2,1745,5,1,1,5,3,84
201600005386,16,5,15,615,1,1,1,1,7,51
201600005387,16,6,16,1415,1,1,1,2,7,179
201600005388,16,7,15,2300,3,1,1,1,3,50
201600005389,16,9,9,1215,1,2,1,1,3,178
201600005390,16,10,13,1445,1,1,1,2,1,50
201600005391,16,11,27,1615,1,1,3,1,3,51
201600005392,16,5,5,1930,1,1,3,1,3,105
201600005393,16,8,3,2115,5,1,1,1,3,226
201600005394,16,3,12,1530,1,1,1,1,1,303
201600005395,16,7,21,915,1,1,1,1,6,48
201600005396,16,1,1,1600,1,1,1,5,6,317
201600005397,16,5,7,1515,1,1,1,1,7,34
201600005398,16,8,21,1100,1,2,1,1,6,132
201600005399,16,7,3,1300,1,2,6,1,3,54
201600005400,16,7,17,1315,1,1,1,1,2,54
201600005401,16,7,20,1130,1,1,1,1,7,285
201600005402,16,7,22,1545,1,1,1,3,6,54
201600005403,16,8,21,1115,1,1,1,1,7,54
201600005404,16,9,3,1530,1,2,1,1,7,285
201600005405,16,9,11,1915,2,1,1,1,7,285
201600005406,16,6,16,1000,1,1,1,2,3,15
201600005407,16,12,26,1445,1,1,1,1,5,181
201600005408,16,1,10,1845,5,2,1,3,6,181
201600005409,16,12,12,1745,5,2,1,1,6,181
201600005410,16,12,29,1600,1,2,1,1,5,284
201600005411,16,9,24,1730,1,1,1,1,3,32
201600005412,16,4,30,1630,1,2,1,1,6,248
201600005413,16,6,26,1530,1,1,1,1,5,306
201600005414,16,7,1,1415,1,1,1,1,3,306
201600005415,16,7,6,1745,1,1,1,1,7,194
201600005416,16,9,26,845,1,2,1,7,6,248
201600005417,16,2,21,1542,1,2,1,1,6,250
201600005418,16,4,7,1430,1,1,1,1,6,19
201600005419,16,6,7,2230,5,2,2,2,3,2
201600005420,16,6,26,830,1,1,3,1,1,220
201600005421,16,8,15,1330,1,1,1,1,7,163
201600005422,16,10,7,1930,3,2,1,1,6,175
201600005423,16,12,2,2000,5,2,1,1,3,259
201600005424,16,6,20,1945,1,1,1,1,1,143
201600005425,16,7,23,1215,1,1,1,1,6,144
201600005426,16,8,12,1730,1,2,3,1,1,157
201600005427,16,3,9,1115,1,2,4,1,7,242
201600005428,16,4,10,900,1,1,1,1,7,275
201600005429,16,4,20,2115,3,1,1,1,2,135
201600005430,16,5,7,1815,1,1,1,1,7,232
201600005431,16,5,11,1145,1,1,6,2,7,135
201600005432,16,5,21,1700,1,1,1,1,1,84
201600005433,16,7,20,1500,1,1,1,1,3,267
201600005434,16,7,27,1100,1,2,1,1,5,275
201600005435,16,7,30,1525,1,1,1,1,6,275
201600005436,16,8,1,1145,1,1,1,1,1,123
201600005437,16,8,12,1950,1,2,1,1,1,104
201600005438,16,9,10,1515,1,1,1,1,1,123
201600005439,16,9,23,2315,3,1,1,1,6,187
201600005440,16,9,26,1515,1,2,9,1,6,267
201600005441,16,9,29,1700,1,1,1,1,3,123
201600005442,16,10,7,715,5,2,9,1,3,104
201600005443,16,10,17,1745,1,2,4,2,3,242
201600005444,16,12,14,1245,1,2,1,7,6,267
201600005445,16,1,28,1100,1,2,6,1,3,225
201600005446,16,4,20,1115,1,1,1,1,1,97
201600005447,16,4,24,1700,1,1,1,1,1,151
201600005448,16,6,10,745,1,1,1,1,3,2
201600005449,16,6,19,1800,1,2,1,2,1,274
201600005450,16,7,17,50,3,1,1,1,7,289
201600005451,16,8,14,1135,1,1,4,1,2,165
201600005452,16,9,14,1815,1,2,1,1,3,289
201600005453,16,9,21,1930,1,1,1,1,1,161
201600005454,16,10,20,1145,1,1,4,1,2,97
201600005455,16,10,29,1515,1,1,1,1,2,274
201600005456,16,12,10,1200,1,1,1,1,1,2
201600005457,16,4,1,1800,1,1,1,1,6,136
201600005458,16,8,2,1130,1,2,6,1,7,239
201600005459,16,8,6,1500,1,1,1,1,1,239
201600005460,16,9,11,1730,1,1,1,1,7,136
201600005461,16,11,2,1855,3,1,1,1,1,79
201600005462,16,11,6,715,2,1,1,2,6,27
201600005463,16,11,26,130,3,1,1,1,7,239
201600005464,16,12,21,1800,3,1,1,8,3,80
201600005465,16,1,5,715,3,1,1,2,1,42
201600005466,16,2,12,1615,1,2,1,4,6,42
201600005467,16,2,21,1630,1,1,1,1,2,42
201600005468,16,2,27,2230,5,2,1,1,6,42
201600005469,16,4,6,1600,1,2,1,1,6,42
201600005470,16,4,12,2030,3,1,1,1,7,212
201600005471,16,7,16,1800,1,2,2,1,3,42
201600005472,16,8,23,1530,1,1,1,1,6,42
201600005473,16,10,1,2000,3,1,1,2,1,212
201600005474,16,10,3,1815,1,2,4,1,6,42
201600005475,16,11,12,1230,1,2,1,1,3,110
201600005476,16,11,16,1130,1,2,1,1,6,42
201600005477,16,11,18,400,3,1,1,2,6,42
201600005478,16,11,22,1430,1,1,6,1,1,42
201600005479,16,12,26,1815,3,1,1,1,6,42
201600005480,16,1,23,1930,1,1,1,1,1,56
201600005481,16,2,13,1145,1,2,1,4,1,56
201600005482,16,7,9,1600,1,1,1,1,3,56
201600005483,16,8,7,1400,1,1,1,1,1,290
201600005484,16,1,1,1830,3,1,1,1,1,83
201600005485,16,4,5,830,1,2,6,1,6,236
201600005486,16,8,2,1630,1,2,1,1,1,173
201600005487,16,8,9,1815,1,2,6,2,6,236
201600005488,16,9,15,915,1,2,1,1,6,236
201600005489,16,10,19,1530,1,1,1,1,3,236
201600005490,16,1,11,900,1,2,2,2,6,224
201600005491,16,2,19,1215,1,2,1,1,1,250
201600005492,16,4,11,1500,1,2,1,1,3,250
201600005493,16,5,13,2030,5,1,1,9,1,7
201600005494,16,5,15,2045,3,2,1,1,6,253
201600005495,16,6,25,2015,1,2,4,1,1,224
201600005496,16,7,1,1830,1,1,2,1,3,90
201600005497,16,8,7,945,1,1,1,1,1,116
201600005498,16,8,26,1500,1,1,4,1,3,116
201600005499,16,9,9,1700,1,1,1,1,3,90
201600005500,16,9,30,1815,1,2,7,1,6,224
201600005501,16,9,5,720,1,1,4,3,1,18
201600005502,16,10,29,1515,1,1,2,1,1,116
201600005503,16,11,30,2330,3,1,2,1,6,90
201600005504,16,12,14,1800,3,1,2,5,3,7
201600005505,16,12,30,100,5,1,6,1,6,42
201600005506,16,2,6,1245,1,1,1,1,3,208
201600005507,16,3,12,1800,1,1,1,1,7,256
201600005508,16,4,28,1430,1,2,1,1,2,208
201600005509,16,5,7,1915,1,1,6,1,4,208
201600005510,16,7,2,745,1,2,1,2,1,208
201600005511,16,7,22,1845,1,2,3,3,6,256
201600005512,16,8,25,1345,1,2,1,1,6,208
201600005513,16,8,25,1830,1,1,1,1,7,89
201600005514,16,8,31,1415,1,1,1,1,1,256
201600005515,16,11,7,1515,1,2,1,1,6,256
201600005516,16,11,19,600,5,1,1,3,3,256
201600005517,16,11,24,1800,3,1,1,1,7,103
201600005518,16,12,23,1230,1,2,1,7,6,256
201600005519,16,1,14,1145,1,1,1,4,6,134
201600005520,16,1,29,1530,1,2,1,1,7,258
201600005521,16,2,23,1645,1,2,1,2,6,134
201600005522,16,7,11,100,5,2,1,1,6,134
201600005523,16,7,11,1600,1,2,1,1,6,183
201600005524,16,7,28,1730,1,2,1,1,1,276
201600005525,16,8,2,930,1,1,1,1,1,258
201600005526,16,10,28,1045,1,1,1,1,1,183
201600005527,16,3,31,1100,1,2,6,1,6,243
201600005528,16,6,27,1300,1,1,1,1,4,243
201600005529,16,8,22,1300,1,1,6,1,3,44
201600005530,16,9,18,245,4,1,1,2,5,16
201600005531,16,10,29,600,3,1,1,1,3,243
201600005532,16,10,25,1830,3,2,6,3,6,243
201600005533,16,12,28,1925,5,2,8,1,3,82
201600005534,16,1,10,115,5,1,1,9,1,211
201600005535,16,4,9,345,3,2,8,1,6,220
201600005536,16,5,4,1845,1,1,1,1,2,262
201600005537,16,6,10,1415,1,1,3,1,5,128
201600005538,16,6,10,1510,1,1,1,1,7,220
201600005539,16,7,2,1815,1,1,6,1,2,211
201600005540,16,8,5,2345,3,1,6,1,6,94
201600005541,16,9,1,1730,1,1,1,1,2,197
201600005542,16,9,11,800,1,2,1,1,1,94
201600005543,16,10,14,2245,3,1,1,5,5,128
201600005544,16,11,5,1815,3,2,1,3,2,40
201600005545,16,11,25,715,2,1,1,1,5,197
201600005546,16,12,25,1200,1,1,1,1,5,94
201600005547,16,1,28,550,4,2,2,1,3,88
201600005548,16,2,12,1400,1,1,1,4,1,88
201600005549,16,8,28,1815,1,1,1,1,6,6
201600005550,16,9,7,2215,5,2,3,1,3,309
201600005551,16,9,14,1830,1,1,3,1,3,314
201600005552,16,9,18,145,3,1,1,8,6,288
201600005553,16,9,18,700,2,2,1,2,5,309
201600005554,16,9,28,1215,1,2,2,7,1,96
201600005555,16,10,7,745,2,1,1,8,5,228
201600005556,16,10,28,645,2,2,1,1,3,9
201600005557,16,11,29,2145,3,2,1,1,6,96
201600005558,16,12,8,1745,2,1,1,5,3,288
201600005559,16,4,1,1900,1,1,3,1,6,77
201600005560,16,4,27,1930,1,2,2,1,1,86
201600005561,16,5,28,415,3,1,1,8,6,130
201600005562,16,6,5,1630,1,1,1,1,6,109
201600005563,16,7,18,1400,1,1,1,1,5,71
201600005564,16,9,12,1945,2,1,1,1,6,131
201600005565,16,9,26,1240,1,1,1,1,6,109
201600005566,16,9,27,1930,2,1,1,1,7,65
201600005567,16,9,30,2200,3,2,1,1,6,65
201600005568,16,10,2,1230,1,1,1,1,6,184
201600005569,16,11,13,1730,3,1,4,2,6,29
201600005570,16,2,16,2115,5,2,1,1,6,58
201600005571,16,5,21,1215,1,1,1,1,7,308
201600005572,16,7,11,1850,1,1,1,1,1,63
201600005573,16,8,11,1530,1,2,1,1,3,58
201600005574,16,9,12,1200,1,1,1,1,7,1
201600005575,16,10,5,1915,3,1,1,1,5,58
201600005576,16,11,10,1530,1,1,1,2,1,1
201600005577,16,2,13,2000,5,2,1,2,5,37
201600005578,16,7,6,1230,1,1,1,1,7,32
201600005579,16,7,8,145,4,2,1,1,6,32
201600005580,16,7,9,1350,1,1,1,1,6,222
201600005581,16,7,10,1800,1,1,1,1,1,38
201600005582,16,9,10,2145,3,1,1,1,6,38
201600005583,16,9,11,700,2,1,1,1,1,38
201600005584,16,11,25,1015,1,2,3,1,6,38
201600005585,16,1,24,2130,5,2,1,2,6,249
201600005586,16,4,26,1600,1,1,1,1,7,127
201600005587,16,5,14,1705,1,1,1,1,5,127
201600005588,16,9,28,600,5,2,4,1,1,218
201600005589,16,10,26,1230,1,1,1,1,1,57
201600005590,16,12,5,1915,3,1,1,1,6,146
201600005591,16,5,22,415,3,1,6,1,6,307
201600005592,16,11,3,1400,1,1,4,1,3,307
201600005593,16,1,22,2345,3,1,1,2,6,229
201600005594,16,3,11,930,1,1,4,1,4,40
201600005595,16,4,29,1630,1,1,1,1,5,154
201600005596,16,5,5,1145,1,2,1,1,6,453
201600005597,16,5,27,1545,1,1,1,1,3,34
201600005598,16,6,6,1815,1,1,2,1,3,157
201600005599,16,6,15,1300,1,1,1,1,1,216
201600005600,16,6,18,1845,1,1,1,1,6,226
201600005601,16,6,25,1545,1,1,1,1,1,434
201600005602,16,6,27,930,1,1,1,1,6,146
201600005603,16,7,1,1215,1,1,1,1,7,273
201600005604,16,7,3,1615,1,1,1,1,1,146
201600005605,16,7,8,1815,1,1,1,7,3,40
201600005606,16,7,15,2030,1,1,1,1,7,229
201600005607,16,8,2,1830,1,2,2,1,1,40
201600005608,16,9,2,1345,1,1,1,1,6,229
201600005609,16,9,9,1845,1,1,1,1,2,273
201600005610,16,10,30,1615,1,1,2,5,3,146
201600005611,16,11,6,2015,3,1,1,4,1,334
201600005612,16,11,26,1115,1,1,1,1,5,273
201600005613,16,12,5,845,1,1,1,1,3,368
201600005614,16,2,8,1245,1,1,1,3,1,426
201600005615,16,5,31,1800,1,1,1,3,1,47
201600005616,16,6,3,2000,1,1,1,1,7,397
201600005617,16,8,12,1230,1,1,1,1,1,346
201600005618,16,8,15,1215,1,1,1,1,1,47
201600005619,16,11,3,1530,1,1,1,1,6,190
201600005620,16,2,1,1715,1,1,1,7,3,263
201600005621,16,2,25,130,3,1,1,2,6,263
201600005622,16,7,2,1600,1,1,1,1,7,263
201600005623,16,7,12,1715,1,1,1,1,1,254
201600005624,16,7,16,1630,1,1,1,1,1,263
201600005625,16,5,18,1630,1,2,1,1,1,284
201600005626,16,6,7,1745,1,2,1,1,6,284
201600005627,16,10,11,1115,1,2,1,1,2,200
201600005628,16,10,15,745,2,1,1,1,3,284
201600005629,16,11,10,1715,5,2,1,1,2,284
201600005630,16,11,18,1530,1,2,1,1,1,284
201600005631,16,2,6,1000,1,1,1,1,7,219
201600005632,16,3,18,1430,1,1,1,1,3,248
201600005633,16,4,3,1630,1,1,1,1,7,264
201600005634,16,5,26,1000,1,1,1,1,7,370
201600005635,16,6,18,345,3,1,1,1,7,386
201600005636,16,8,25,1515,1,1,1,1,1,219
201600005637,16,9,16,1930,3,2,1,3,1,248
201600005638,16,10,26,1515,1,1,1,2,6,416
201600005639,16,12,5,1045,1,1,1,1,7,386
201600005640,16,12,18,1045,1,1,6,1,6,257
201600005641,16,7,28,2015,1,1,1,1,1,306
201600005642,16,8,6,530,2,1,1,1,6,214
201600005643,16,9,2,815,1,1,1,1,5,472
201600005644,16,9,8,800,1,1,2,1,1,396
201600005645,16,10,20,800,2,1,9,1,3,455
201600005646,16,11,26,445,3,1,1,1,7,262
201600005647,16,12,12,630,2,1,6,5,7,262
201600005648,16,2,6,1330,1,2,1,6,6,10
201600005649,16,4,29,1115,1,2,1,1,1,10
201600005650,16,5,23,630,2,1,1,2,6,179
201600005651,16,8,7,1615,1,1,1,1,7,374
201600005652,16,8,12,100,3,2,1,1,6,10
201600005653,16,8,13,900,1,1,1,1,6,211
201600005654,16,8,15,1730,1,1,1,1,7,3
201600005655,16,9,12,1015,1,1,1,1,1,10
201600005656,16,9,17,2015,5,2,3,2,3,3
201600005657,16,10,8,1715,1,1,1,1,6,3
201600005658,16,10,19,1200,1,1,1,2,6,319
201600005659,16,12,16,2200,5,2,1,1,4,211
201600005660,16,3,26,1830,1,1,1,7,6,173
201600005661,16,4,30,1430,1,1,1,2,6,331
201600005662,16,5,28,1545,1,1,1,3,7,412
201600005663,16,10,13,1445,1,1,1,3,6,139
201600005664,16,8,20,1500,1,1,1,2,7,314
201600005665,16,11,6,1715,2,1,1,4,6,314
201600005666,16,2,12,715,2,2,1,1,6,178
201600005667,16,4,6,1215,1,2,1,1,1,422
201600005668,16,5,7,1030,1,2,1,1,3,178
201600005669,16,5,18,745,1,2,4,1,3,178
201600005670,16,5,26,1515,1,1,6,1,6,121
201600005671,16,6,1,1530,1,1,1,1,6,342
201600005672,16,6,5,1200,1,1,1,1,7,172
201600005673,16,7,4,2315,3,1,1,1,6,466
201600005674,16,7,21,1530,1,2,1,1,2,380
201600005675,16,7,31,900,1,1,9,2,7,452
201600005676,16,8,12,1000,1,2,1,1,6,178
201600005677,16,8,23,2045,3,2,1,1,7,234
201600005678,16,8,26,2115,5,2,1,1,6,250
201600005679,16,9,5,1130,1,2,3,1,3,178
201600005680,16,11,1,1845,3,1,1,1,1,122
201600005681,16,11,1,1700,1,1,1,1,7,172
201600005682,16,11,23,1800,3,1,1,1,4,160
201600005683,16,11,30,1345,1,2,3,1,3,73
201600005684,16,12,12,1230,1,2,4,1,1,411
201600005685,16,12,20,1930,5,2,1,2,6,178
201600005686,16,7,3,1000,1,1,1,1,6,440
201600005687,16,7,13,1615,1,1,1,1,1,247
201600005688,16,8,3,1715,1,1,1,1,3,247
201600005689,16,8,26,845,1,2,1,1,6,38
201600005690,16,8,25,1245,1,1,1,7,1,335
201600005691,16,10,17,1300,1,1,1,1,1,247
201600005692,16,1,24,1345,1,1,1,1,7,31
201600005693,16,2,3,1200,1,2,1,8,6,415
201600005694,16,5,16,1315,1,1,1,1,1,392
201600005695,16,6,13,1745,1,1,1,2,7,375
201600005696,16,9,3,1130,1,1,1,1,1,29
201600005697,16,12,16,2330,3,1,1,8,1,392
201600005698,16,12,28,1645,1,2,6,1,6,50
201600005699,16,3,3,1930,3,1,1,2,6,209
201600005700,16,8,19,2200,5,2,1,1,6,352
201600005701,16,10,3,1800,1,1,3,1,1,7
201600005702,16,12,24,1045,1,2,1,1,6,352
201600005703,16,2,10,15,3,1,6,8,6,1
201600005704,16,3,4,900,1,1,9,1,6,35
201600005705,16,3,16,1815,1,1,1,8,1,327
201600005706,16,5,19,1200,1,1,1,1,7,181
201600005707,16,6,20,1400,1,2,1,1,6,68
201600005708,16,7,30,2345,3,1,1,8,6,143
201600005709,16,8,6,1830,1,1,1,1,6,116
201600005710,16,10,1,1530,1,1,1,1,7,68
201600005711,16,11,25,915,1,2,1,1,1,12
201600005712,16,10,15,1815,2,2,1,1,3,295
201600005713,16,10,31,200,3,1,1,8,3,115
201600005714,16,11,15,1100,1,1,1,1,1,228
201600005715,16,2,28,930,1,1,1,1,6,286
201600005716,16,3,16,800,1,1,3,8,3,390
201600005717,16,3,18,1645,1,1,1,1,3,471
201600005718,16,5,21,1430,1,1,1,1,1,373
201600005719,16,7,8,1715,1,1,1,1,7,187
201600005720,16,9,5,1245,1,1,1,1,7,377
201600005721,16,9,17,1300,1,1,1,2,5,338
201600005722,16,10,17,1445,1,1,1,2,1,281
201600005723,16,3,13,1215,1,1,1,1,6,470
201600005724,16,6,9,2330,3,1,1,1,7,92
201600005725,16,8,21,1530,1,1,1,1,6,470
201600005726,16,1,4,1645,1,2,1,1,6,276
201600005727,16,1,24,1600,1,2,1,1,6,430
201600005728,16,5,2,1330,1,1,1,1,1,276
201600005729,16,6,27,1815,1,2,1,7,3,430
201600005730,16,7,25,745,1,2,1,1,1,430
201600005731,16,7,31,1830,1,1,1,1,1,430
201600005732,16,8,20,1800,1,1,1,7,1,430
201600005733,16,10,5,2145,5,2,1,1,7,8
201600005734,16,10,14,1230,1,2,1,2,6,430
201600005735,16,10,21,2345,5,1,1,5,6,393
201600005736,16,10,22,2015,3,1,1,1,6,151
201600005737,16,12,24,30,3,1,1,1,6,138
201600005738,16,1,11,1615,1,2,1,3,3,195
201600005739,16,5,16,1600,1,1,1,1,2,16
201600005740,16,9,7,1815,1,2,2,1,1,195
201600005741,16,10,14,1700,1,1,1,2,1,195
201600005742,16,10,29,915,1,1,1,5,6,16
201600005743,16,11,10,1130,1,2,1,1,6,125
201600005744,16,11,14,1630,1,2,1,1,6,125
201600005745,16,12,12,1345,1,2,2,1,3,195
201600005746,16,5,1,1100,1,2,1,1,1,291
201600005747,16,6,16,1715,1,1,6,1,2,291
201600005748,16,6,19,1900,1,1,1,1,6,128
201600005749,16,6,25,1530,1,1,1,1,6,102
201600005750,16,6,26,1945,1,1,1,1,7,291
201600005751,16,8,30,1530,1,1,1,1,6,271
201600005752,16,10,9,2030,3,1,1,1,3,271
201600005753,16,10,20,845,1,1,1,1,1,128
201600005754,16,11,25,1445,1,1,1,1,6,271
201600005755,16,1,15,1530,1,1,1,2,2,40
201600005756,16,5,25,915,1,2,1,1,5,316
201600005757,16,6,29,1530,1,1,1,1,6,121
201600005758,16,7,9,730,1,1,1,1,4,316
201600005759,16,9,4,515,3,1,1,1,6,316
201600005760,16,10,7,1430,1,1,1,1,5,316
201600005761,16,11,4,1600,1,1,1,1,1,85
201600005762,16,11,13,700,2,1,1,2,7,316
201600005763,16,11,28,1030,1,1,1,1,6,9
201600005764,16,5,13,1800,1,1,1,1,7,46
201600005765,16,6,9,800,1,1,1,1,1,117
201600005766,16,6,20,1815,1,2,1,1,6,36
201600005767,16,11,27,1130,1,1,1,1,1,241
201600005768,16,1,11,1530,1,1,1,2,3,102
201600005769,16,3,23,1815,1,1,1,1,6,300
201600005770,16,6,17,930,1,2,1,1,6,102
201600005771,16,8,24,915,1,1,1,7,7,173
201600005772,16,8,30,1530,1,1,1,1,3,265
201600005773,16,3,10,845,1,2,1,1,1,155
201600005774,16,1,6,1530,1,1,1,1,2,74
201600005775,16,3,19,1715,1,1,1,1,7,76
201600005776,16,5,31,1330,1,1,2,3,3,180
201600005777,16,6,29,745,1,1,1,1,6,120
201600005778,16,7,25,1515,1,1,2,1,3,19
201600005779,16,8,19,1400,1,1,1,7,5,197
201600005780,16,9,12,1645,1,2,1,7,6,74
201600005781,16,9,26,1645,1,1,1,1,5,74
201600005782,16,10,5,1415,1,2,1,1,6,74
201600005783,16,2,21,1745,1,1,2,7,3,176
201600005784,16,2,25,1015,1,1,1,2,3,83
201600005785,16,3,12,1115,1,2,1,1,3,267
201600005786,16,4,1,1215,1,1,1,2,1,83
201600005787,16,4,28,2015,2,1,1,1,6,254
201600005788,16,6,5,1845,1,1,1,1,6,227
201600005789,16,9,25,915,1,1,1,1,3,267
201600005790,16,10,2,515,3,1,1,1,6,227
201600005791,16,11,16,1545,1,1,1,8,6,62
201600005792,16,2,17,1,3,1,1,1,6,26
201600005793,16,6,10,945,1,1,1,1,3,73
201600005794,16,7,29,2030,1,1,1,1,1,69
201600005795,16,9,17,2230,3,1,1,2,7,69
201600005796,16,9,25,515,3,1,1,1,1,99
201600005797,16,10,4,2345,3,1,1,1,6,162
201600005798,16,10,12,1830,1,1,9,1,7,99
201600005799,16,11,1,200,3,1,1,5,6,247
201600005800,16,12,16,1345,1,1,1,1,3,287
201600005801,16,12,22,2345,3,1,1,5,6,92
201600005802,16,2,10,2000,3,1,1,2,1,212
201600005803,16,4,28,400,3,1,1,1,7,317
201600005804,16,5,6,1630,1,1,1,1,7,279
201600005805,16,7,5,2315,3,1,1,1,6,217
201600005806,16,9,10,2230,3,1,1,1,1,185
201600005807,16,9,26,1515,1,1,1,1,6,212
201600005808,16,10,22,1015,1,2,1,1,6,195
201600005809,16,2,13,1930,3,1,5,2,3,150
201600005810,16,4,6,1400,1,2,1,1,1,297
201600005811,16,12,7,1800,5,2,1,1,3,84
201600005812,16,6,11,1745,1,2,1,1,6,82
201600005813,16,8,15,1930,1,2,6,1,6,159
201600005814,16,8,27,1145,1,2,1,1,6,7
201600005815,16,8,30,1500,1,1,1,7,1,7
201600005816,16,9,8,1330,1,1,1,1,6,129
201600005817,16,6,30,1630,1,1,1,1,6,107
201600005818,16,4,23,1700,1,2,2,2,3,315
201600005819,16,7,19,500,3,1,1,1,2,186
201600005820,16,6,9,1715,1,2,2,1,3,306
201600005821,16,9,16,730,2,1,1,1,6,110
201600005822,16,11,9,1030,1,1,3,2,3,157
201600005823,16,11,13,1815,3,1,1,2,1,236
201600005824,16,12,6,830,1,2,1,9,3,45
201600005825,16,3,31,915,1,1,1,1,6,118
201600005826,16,4,13,1415,1,1,1,1,7,133
201600005827,16,6,2,1800,1,2,1,2,2,118
201600005828,16,6,4,45,3,1,1,8,6,89
201600005829,16,6,29,1730,1,1,1,1,7,118
201600005830,16,7,11,1000,1,1,1,9,6,107
201600005831,16,8,7,2130,3,1,1,1,7,166
201600005832,16,8,23,2245,3,1,1,1,1,107
201600005833,16,10,1,1430,1,1,1,1,1,268
201600005834,16,11,16,1300,1,1,1,1,1,43
201600005835,16,11,17,1215,1,1,1,1,1,220
201600005836,16,11,28,1945,5,1,1,1,3,182
201600005837,16,12,16,530,3,1,1,1,1,133
201600005838,16,12,16,1845,5,2,1,1,6,118
201600005839,16,8,22,1115,1,1,1,1,7,274
201600005840,16,1,15,1815,3,1,1,1,1,226
201600005841,16,2,16,1200,1,1,1,1,6,105
201600005842,16,4,28,1430,1,1,1,1,1,105
201600005843,16,8,8,1815,1,1,1,1,7,257
201600005844,16,10,10,915,1,2,1,1,6,284
201600005845,16,10,31,2030,3,1,1,5,6,257
201600005846,16,11,6,1700,3,2,1,1,6,138
201600005847,16,11,20,1630,1,1,1,1,7,250
201600005848,16,11,28,1800,3,1,1,1,2,284
201600005849,16,12,1,815,1,1,1,5,7,181
201600005850,16,7,4,1015,1,1,2,1,3,131
201600005851,16,2,9,700,1,1,2,9,3,215
201600005852,16,8,28,1830,1,2,1,1,2,298
201600005853,16,12,11,645,3,1,1,9,6,91
201600005854,16,12,27,815,2,1,1,5,6,187
201600005855,16,3,5,900,1,1,1,4,6,76
201600005856,16,4,23,500,3,1,1,3,6,267
201600005857,16,9,15,1445,1,1,1,1,1,221
201600005858,16,9,18,1515,1,1,1,2,1,221
201600005859,16,10,17,1615,1,1,1,1,6,211
201600005860,16,11,26,1300,1,1,1,1,1,14
201600005861,16,2,27,2100,3,1,1,2,6,122
201600005862,16,4,1,1500,1,2,1,1,1,122
201600005863,16,4,20,1630,1,1,1,6,7,184
201600005864,16,5,2,400,3,1,1,1,7,122
201600005865,16,5,5,1845,1,1,1,1,3,212
201600005866,16,7,17,2315,5,1,6,1,1,122
201600005867,16,12,6,1430,1,1,1,7,3,196
201600005868,16,12,12,1045,1,1,1,5,3,30
201600005869,16,12,14,1415,1,1,1,8,6,122
201600005870,16,12,18,1500,1,1,1,1,3,150
201600005871,16,11,27,530,3,1,1,1,7,156
201600005872,16,12,1,830,2,1,1,9,1,117
201600005873,16,1,29,1945,3,1,1,2,3,74
201600005874,16,5,4,1300,1,1,1,1,1,266
201600005875,16,5,22,915,1,1,1,1,1,154
201600005876,16,7,10,1530,1,1,1,9,6,113
201600005877,16,10,16,1915,3,1,1,1,1,258
201600005878,16,11,13,1045,1,1,1,5,6,74
201600005879,16,12,6,1430,1,2,1,1,6,258
201600005880,16,5,27,745,1,2,1,1,6,120
201600005881,16,7,19,1030,1,1,1,1,2,220
201600005882,16,5,6,1715,1,1,1,8,2,40
201600005883,16,6,1,1215,1,1,1,2,6,9
201600005884,16,7,22,1045,1,1,1,2,1,116
201600005885,16,12,28,1400,1,2,1,7,3,110
201600005886,16,7,3,530,2,1,1,1,6,205
201600005887,16,12,7,1915,3,1,1,1,2,202
201600005888,16,12,10,1200,1,1,1,1,6,70
201600005889,16,2,16,1145,1,1,2,1,3,250
201600005890,16,8,3,15,3,1,1,1,6,92
201600005891,16,11,25,1700,2,1,1,8,6,265
201600005892,16,3,27,700,2,1,1,2,6,231
201600005893,16,5,24,1830,1,1,1,1,5,164
201600005894,16,6,1,1030,1,2,1,3,3,187
201600005895,16,8,6,645,2,1,1,7,6,232
201600005896,16,8,15,1830,1,1,1,1,7,107
201600005897,16,9,23,2330,3,1,1,1,7,187
201600005898,16,10,13,1145,1,2,1,2,7,187
201600005899,16,10,23,1430,3,1,1,1,6,262
201600005900,16,11,10,1515,1,2,9,3,3,187
201600005901,16,1,7,1700,2,1,1,1,7,151
201600005902,16,3,4,1845,2,1,1,3,3,127
201600005903,16,8,12,1745,1,1,1,1,7,98
201600005904,16,9,6,815,1,1,1,2,1,127
201600005905,16,10,23,1915,2,1,1,1,1,151
201600005906,16,11,11,945,1,1,1,8,6,43
201600005907,16,11,14,800,1,1,1,2,6,43
201600005908,16,12,23,1630,1,1,1,1,1,43
201600005909,16,3,27,2215,3,1,1,1,7,253
201600005910,16,7,13,2315,3,1,1,1,7,61
201600005911,16,7,26,1530,1,1,1,1,1,244
201600005912,16,7,27,930,1,2,1,1,7,1
201600005913,16,11,7,845,1,1,1,9,1,138
201600005914,16,1,12,1605,1,1,3,4,1,154
201600005915,16,1,29,745,2,1,1,5,1,42
201600005916,16,4,17,315,3,1,1,8,6,257
201600005917,16,4,28,1145,1,1,1,1,6,176
201600005918,16,5,8,2145,3,1,1,1,1,39
201600005919,16,6,22,1915,1,1,1,1,6,174
201600005920,16,8,20,745,1,1,1,2,1,45