Num_Acc,an,mois,jour,hrmn,lum,agg,int,atm,col,com
201600005921,16,9,23,1830,1,1,1,1,6,221
201600005922,16,10,21,2330,3,1,1,1,6,174
201600005923,16,10,26,1745,2,1,1,1,6,45
201600005924,16,11,8,1830,3,1,1,8,2,174
201600005925,16,1,24,1130,1,1,1,7,2,252
201600005926,16,5,23,1545,1,1,1,1,1,194
201600005927,16,10,8,830,1,1,1,1,6,218
201600005928,16,10,14,1115,1,1,1,2,6,194
201600005929,16,11,12,1915,3,1,1,1,7,135
201600005930,16,12,30,1345,1,1,1,1,6,229
201600005931,16,3,6,2100,3,1,1,8,7,216
201600005932,16,3,13,1030,1,1,3,1,3,124
201600005933,16,4,10,1755,1,1,1,1,5,152
201600005934,16,5,1,15,3,1,1,4,6,164
201600005935,16,6,2,1145,1,1,1,1,7,124
201600005936,16,8,9,1755,1,1,1,2,5,152
201600005937,16,9,8,1815,1,2,1,1,1,216
201600005938,16,11,5,130,3,1,1,1,6,197
201600005939,16,11,17,845,1,2,1,8,6,119
201600005940,16,12,17,1345,1,1,1,1,7,30
201600005941,16,12,28,1430,1,2,1,1,5,230
201600005942,16,3,31,2015,2,1,1,3,3,79
201600005943,16,5,21,2230,5,2,6,1,3,148
201600005944,16,10,2,1830,1,1,1,1,6,86
201600005945,16,11,3,2115,3,1,1,1,6,22
201600005946,16,12,19,1615,1,1,3,2,3,117
201600005947,16,4,9,1130,1,1,2,1,3,132
201600005948,16,5,6,1615,1,1,1,1,6,264
201600005949,16,6,26,1815,1,1,2,1,5,132
201600005950,16,8,4,1115,1,1,1,1,6,234
201600005951,16,10,1,1230,1,1,1,8,3,112
201600005952,16,3,26,1300,1,1,1,1,3,170
201600005953,16,6,10,1330,1,2,1,1,1,185
201600005954,16,8,17,1915,1,1,1,1,6,33
201600005955,16,9,14,1345,1,1,1,3,3,17
201600005956,16,11,21,615,3,1,3,6,3,120
201600005957,16,1,8,1105,1,1,4,1,3,162
201600005958,16,1,29,1415,1,1,1,1,6,203
201600005959,16,3,4,845,1,1,1,2,1,24
201600005960,16,3,9,815,1,1,1,1,1,268
201600005961,16,7,10,1115,1,1,2,1,3,268
201600005962,16,11,21,1600,1,1,1,1,6,25
201600005963,16,11,11,1500,1,1,1,2,3,25
201600005964,16,12,7,1745,5,2,1,1,6,162
201600005965,16,4,16,1800,1,1,1,1,1,12
201600005966,16,6,2,1345,1,2,1,2,6,12
201600005967,16,7,9,1830,1,1,1,1,3,137
201600005968,16,8,2,1500,1,1,3,1,3,137
201600005969,16,9,9,2100,5,2,1,1,6,137
201600005970,16,1,8,1700,1,1,1,1,6,224
201600005971,16,3,17,715,2,2,1,1,6,153
201600005972,16,4,14,1815,1,1,1,1,5,223
201600005973,16,4,30,1355,1,1,1,1,1,177
201600005974,16,5,2,1100,1,1,1,1,1,223
201600005975,16,6,7,1750,1,1,3,1,3,223
201600005976,16,7,7,430,5,2,1,1,7,265
201600005977,16,7,18,1500,1,1,1,1,1,224
201600005978,16,8,7,1800,1,1,1,1,6,177
201600005979,16,10,27,1650,1,1,2,1,1,224
201600005980,16,11,12,1500,1,1,1,1,5,213
201600005981,16,3,13,300,3,1,1,1,6,163
201600005982,16,4,1,2245,3,1,1,5,1,244
201600005983,16,4,20,2345,3,1,1,1,6,51
201600005984,16,6,16,730,1,1,2,8,3,244
201600005985,16,7,24,1255,1,1,1,1,6,87
201600005986,16,9,11,30,3,1,1,1,6,142
201600005987,16,11,27,2015,3,1,1,1,6,262
201600005988,16,12,9,1645,1,2,6,1,3,185
201600005989,16,1,26,920,1,2,2,1,7,101
201600005990,16,1,1,2245,5,2,2,1,6,185
201600005991,16,1,20,1735,2,2,2,1,3,185
201600005992,16,4,20,1600,1,2,3,1,6,185
201600005993,16,3,26,930,1,2,1,1,6,185
201600005994,16,2,25,1000,1,2,3,1,6,185
201600005995,16,6,22,40,5,2,3,1,1,185
201600005996,16,4,15,1720,1,2,1,1,6,185
201600005997,16,7,6,1640,1,2,3,1,6,185
201600005998,16,6,14,2052,1,2,3,1,3,185
201600005999,16,7,25,1615,1,2,1,1,2,262
201600006000,16,8,24,1225,1,2,3,1,6,98
201600006001,16,8,25,1000,1,2,1,1,6,185
201600006002,16,10,3,1004,1,2,1,1,6,185
201600006003,16,10,11,715,5,2,2,1,6,185
201600006004,16,9,15,1910,1,1,2,1,3,140
201600006005,16,10,18,740,2,2,1,1,3,185
201600006006,16,11,1,1500,1,2,1,1,2,211
201600006007,16,8,4,1300,1,2,1,3,7,185
201600006008,16,8,6,1900,1,1,3,1,1,185
201600006009,16,10,6,1440,1,2,6,1,6,185
201600006010,16,3,10,835,1,2,9,1,6,321
201600006011,16,5,4,1230,1,2,1,1,6,321
201600006012,16,5,31,1635,1,2,1,3,6,190
201600006013,16,6,21,820,1,2,1,1,3,190
201600006014,16,7,8,1210,1,2,3,1,3,190
201600006015,16,8,2,1132,1,2,7,1,6,190
201600006016,16,8,21,2325,5,2,1,1,3,13
201600006017,16,8,24,1330,1,2,1,1,6,190
201600006018,16,9,9,610,5,2,2,1,3,190
201600006019,16,11,23,1705,2,2,1,1,6,190
201600006020,16,12,2,1855,1,2,1,1,1,190
201600006021,16,3,30,915,1,2,2,2,1,134
201600006022,16,2,2,2145,5,2,1,1,5,17
201600006023,16,2,4,1400,1,2,9,2,5,620
201600006024,16,7,11,1400,1,1,1,1,1,17
201600006025,16,7,16,1630,1,2,1,1,3,620
201600006026,16,7,17,1530,1,1,1,7,6,622
201600006027,16,8,7,1530,1,1,1,1,1,17
201600006028,16,8,20,1715,1,2,1,1,1,481
201600006029,16,9,1,1600,1,2,9,1,3,134
201600006030,16,10,20,1615,1,1,9,1,3,634
201600006031,16,12,8,2100,3,1,1,9,6,415
201600006032,16,1,10,1700,2,2,1,2,6,32
201600006033,16,3,12,1445,1,1,1,1,1,350
201600006034,16,3,22,915,1,2,1,1,3,39
201600006035,16,5,12,1845,1,1,1,2,7,39
201600006036,16,5,31,1600,1,2,1,8,1,32
201600006037,16,7,14,1530,1,1,1,1,7,39
201600006038,16,7,22,500,2,1,1,1,2,578
201600006039,16,8,6,145,3,1,1,1,2,32
201600006040,16,9,1,930,1,1,1,1,3,515
201600006041,16,10,17,1115,1,2,1,2,6,515
201600006042,16,11,11,320,4,2,1,1,6,416
201600006043,16,1,13,2115,3,1,1,2,1,511
201600006044,16,1,24,2045,5,2,1,8,3,663
201600006045,16,6,4,2000,1,2,1,1,1,433
201600006046,16,7,12,1730,1,2,1,1,3,663
201600006047,16,8,4,1645,1,1,7,1,6,433
201600006048,16,9,29,730,1,1,1,1,1,111
201600006049,16,11,20,1845,3,1,1,2,6,211
201600006050,16,11,22,1705,5,2,1,2,6,433
201600006051,16,1,6,745,2,2,1,2,6,572
201600006052,16,1,18,1800,5,2,1,8,6,708
201600006053,16,4,30,1915,1,1,2,2,3,605
201600006054,16,5,7,1900,1,2,1,1,6,572
201600006055,16,5,19,1745,1,2,1,1,3,218
201600006056,16,7,24,1645,1,1,1,1,6,718
201600006057,16,1,22,645,2,1,1,1,6,716
201600006058,16,2,3,1800,3,1,1,8,1,43
201600006059,16,2,29,1330,1,1,1,1,7,438
201600006060,16,5,2,700,1,2,6,1,2,193
201600006061,16,5,3,1430,1,1,1,2,6,249
201600006062,16,5,14,1830,1,1,1,1,3,43
201600006063,16,5,19,1430,1,1,4,1,3,654
201600006064,16,5,26,1730,1,1,1,1,5,482
201600006065,16,6,23,1800,1,1,1,1,6,716
201600006066,16,7,7,230,3,1,6,1,6,43
201600006067,16,7,30,1500,1,1,1,1,2,736
201600006068,16,5,2,1945,1,2,6,1,1,106
201600006069,16,1,25,1800,5,2,1,1,6,160
201600006070,16,3,7,1115,1,1,1,4,5,160
201600006071,16,4,10,1630,1,2,1,1,6,205
201600006072,16,11,21,1558,1,2,1,8,6,160
201600006073,16,1,8,745,2,1,1,9,3,95
201600006074,16,5,19,1530,1,1,1,1,6,413
201600006075,16,6,22,1500,1,2,1,1,3,209
201600006076,16,7,6,1700,1,1,1,1,6,209
201600006077,16,10,8,1821,1,1,1,2,7,95
201600006078,16,10,10,1710,1,2,1,1,6,209
201600006079,16,10,11,1450,1,1,1,1,6,442
201600006080,16,10,13,1345,1,2,1,1,6,319
201600006081,16,10,28,1120,1,1,1,5,6,284
201600006082,16,11,3,1905,5,2,1,1,6,209
201600006083,16,1,7,1600,1,1,1,1,3,753
201600006084,16,3,11,2015,3,1,8,1,3,138
201600006085,16,9,13,1645,1,1,1,1,7,712
201600006086,16,9,24,1630,1,1,1,1,7,424
201600006087,16,1,6,1745,3,1,1,1,2,405
201600006088,16,1,16,1400,1,2,1,1,2,177
201600006089,16,2,9,730,2,1,3,8,3,65
201600006090,16,2,29,1500,1,2,1,1,6,60
201600006091,16,3,17,1215,1,1,1,1,7,65
201600006092,16,3,20,2330,3,1,1,1,6,246
201600006093,16,3,31,1545,1,1,1,1,1,177
201600006094,16,5,4,1515,1,1,1,1,7,664
201600006095,16,5,7,1715,1,1,1,1,6,469
201600006096,16,5,28,1430,1,1,1,1,7,210
201600006097,16,7,8,1,3,1,1,1,6,675
201600006098,16,9,3,1115,1,1,1,1,6,86
201600006099,16,1,6,2345,3,1,1,2,6,101
201600006100,16,1,8,900,1,2,1,1,6,58
201600006101,16,1,30,1815,5,2,1,3,6,13
201600006102,16,4,24,1145,1,2,3,1,1,521
201600006103,16,7,22,1300,1,2,1,1,1,521
201600006104,16,10,27,1910,2,2,3,5,5,484
201600006105,16,11,14,30,3,2,1,9,6,13
201600006106,16,2,2,745,2,1,1,2,5,669
201600006107,16,4,9,815,1,2,1,7,6,61
201600006108,16,5,3,1715,1,2,1,1,1,176
201600006109,16,7,5,2245,2,2,1,1,1,207
201600006110,16,7,30,1230,1,2,1,1,2,207
201600006111,16,8,24,1745,1,2,1,1,3,466
201600006112,16,8,9,1500,1,1,1,1,7,669
201600006113,16,10,20,1805,1,1,1,1,3,337
201600006114,16,11,29,1520,1,2,3,1,3,208
201600006115,16,2,24,1745,1,2,1,1,6,483
201600006116,16,5,12,1845,1,2,3,1,3,483
201600006117,16,6,7,330,3,2,1,1,6,483
201600006118,16,6,11,1645,1,2,1,1,6,684
201600006119,16,7,4,415,3,1,1,1,1,198
201600006120,16,7,10,1700,1,2,1,1,3,384
201600006121,16,8,26,1945,1,2,1,1,6,692
201600006122,16,9,19,2330,3,1,1,1,6,189
201600006123,16,2,10,1915,3,1,1,1,6,556
201600006124,16,1,4,815,2,1,1,8,2,119
201600006125,16,5,22,1430,1,1,1,1,6,682
201600006126,16,6,2,2030,2,1,1,2,7,630
201600006127,16,7,21,2330,3,1,1,1,7,333
201600006128,16,8,1,45,3,1,1,1,7,500
201600006129,16,9,12,530,3,1,1,1,1,377
201600006130,16,9,24,1415,1,1,1,1,7,544
201600006131,16,2,23,800,1,1,1,2,2,468
201600006132,16,3,15,1715,1,2,1,7,3,540
201600006133,16,3,17,1630,1,1,1,1,1,163
201600006134,16,3,27,2015,5,2,1,1,7,540
201600006135,16,5,11,1600,1,2,1,1,6,427
201600006136,16,8,27,2100,1,2,1,1,6,299
201600006137,16,9,21,1300,1,2,1,1,1,742
201600006138,16,9,25,1630,1,2,1,1,7,33
201600006139,16,2,6,30,5,2,1,5,6,408
201600006140,16,4,20,615,2,1,1,1,6,752
201600006141,16,5,21,1745,1,2,1,1,3,6
201600006142,16,5,29,130,5,2,1,2,6,633
201600006143,16,7,17,1145,1,2,1,1,2,355
201600006144,16,8,23,2330,3,2,1,1,6,750
201600006145,16,9,15,800,1,2,1,1,6,260
201600006146,16,5,5,1715,1,1,1,1,7,541
201600006147,16,7,23,2230,3,1,1,1,7,294
201600006148,16,8,28,1700,2,1,1,1,6,89
201600006149,16,9,29,1400,1,1,1,1,7,577
201600006150,16,10,2,2200,3,1,1,8,3,541
201600006151,16,3,27,1445,1,2,1,1,6,206
201600006152,16,6,8,1330,1,1,1,1,3,206
201600006153,16,12,12,900,1,1,1,1,6,206
201600006154,16,2,28,945,1,1,1,1,6,345
201600006155,16,3,9,645,2,2,1,1,6,191
201600006156,16,7,2,1015,1,1,1,1,5,767
201600006157,16,7,2,1545,1,1,1,1,2,287
201600006158,16,8,25,700,1,1,1,1,6,358
201600006159,16,9,6,645,2,1,1,5,5,767
201600006160,16,1,30,2015,5,2,1,9,1,582
201600006161,16,4,2,1715,1,1,1,1,6,582
201600006162,16,4,12,1815,1,2,1,1,6,474
201600006163,16,7,5,1730,1,2,1,1,5,474
201600006164,16,8,20,230,3,1,9,1,6,582
201600006165,16,10,3,1915,3,1,1,1,7,683
201600006166,16,10,11,1100,1,2,6,1,3,582
201600006167,16,10,31,2250,3,2,1,1,1,582
201600006168,16,11,13,1935,3,1,9,2,1,582
201600006169,16,3,9,1545,1,2,1,1,6,157
201600006170,16,3,20,830,1,1,1,8,1,376
201600006171,16,8,11,1130,1,2,1,1,6,157
201600006172,16,9,10,1545,1,1,1,1,1,315
201600006173,16,11,15,1700,3,1,2,2,3,59
201600006174,16,12,15,1445,2,1,1,5,6,193
201600006175,16,12,15,1745,3,2,1,1,6,179
201600006176,16,1,11,745,2,2,1,2,1,301
201600006177,16,2,2,1845,3,1,1,3,1,89
201600006178,16,3,6,2230,3,1,1,1,6,250
201600006179,16,3,15,1715,1,1,1,8,2,89
201600006180,16,4,5,1645,1,1,1,2,6,462
201600006181,16,4,18,1700,1,1,1,7,4,89
201600006182,16,5,4,1700,1,1,1,1,5,571
201600006183,16,6,19,1545,1,1,1,1,6,37
201600006184,16,6,19,1900,1,1,1,1,7,345
201600006185,16,7,10,1030,1,1,6,1,6,462
201600006186,16,7,15,2315,3,1,1,1,6,108
201600006187,16,7,23,700,1,1,1,2,6,527
201600006188,16,8,11,1430,1,1,1,1,3,558
201600006189,16,9,16,1900,2,2,1,1,7,159
201600006190,16,10,9,1600,1,2,1,2,1,374
201600006191,16,11,2,1630,1,1,1,1,6,462
201600006192,16,11,16,1900,3,1,1,2,6,113
201600006193,16,11,22,1945,3,1,1,2,6,462
201600006194,16,11,24,1115,1,2,1,2,7,462
201600006195,16,12,29,1000,1,1,1,5,7,571
201600006196,16,3,12,1500,1,2,1,1,3,215
201600006197,16,4,20,1615,1,2,1,7,1,215
201600006198,16,7,8,645,1,1,1,1,5,305
201600006199,16,7,20,1615,1,1,1,9,3,115
201600006200,16,8,8,1530,1,1,1,1,6,215
201600006201,16,9,22,1400,1,2,1,1,6,430
201600006202,16,3,4,700,2,1,1,2,1,366
201600006203,16,3,31,1315,1,1,1,1,5,434
201600006204,16,4,1,1100,1,2,1,1,6,397
201600006205,16,6,22,1315,1,2,1,1,6,43
201600006206,16,11,30,1815,5,2,1,1,6,432
201600006207,16,2,16,1730,1,1,1,1,6,22
201600006208,16,12,27,1445,1,1,1,1,3,546
201600006209,16,1,6,2040,5,2,3,2,3,95
201600006210,16,12,16,1750,3,2,1,1,6,95
201600006211,16,1,9,2005,5,2,2,8,3,310
201600006212,16,12,21,2245,5,2,2,1,3,310
201600006213,16,1,13,1700,1,2,1,8,3,95
201600006214,16,1,25,1105,1,2,1,1,6,310
201600006215,16,2,8,1100,1,2,3,8,3,310
201600006216,16,2,12,1740,1,2,1,1,6,310
201600006217,16,3,1,1350,1,2,2,8,3,95
201600006218,16,3,6,140,5,2,3,1,3,95
201600006219,16,3,26,1700,1,1,1,1,1,310
201600006220,16,4,1,1250,1,2,2,1,1,310
201600006221,16,4,16,1835,1,1,3,2,2,310
201600006222,16,4,28,1900,1,2,1,1,6,310
201600006223,16,4,26,1945,3,2,3,8,5,95
201600006224,16,5,6,1445,1,2,1,1,6,310
201600006225,16,5,4,1730,1,2,1,1,6,310
201600006226,16,5,11,1855,1,1,1,8,1,23
201600006227,16,5,11,1218,1,2,1,1,6,310
201600006228,16,5,6,1240,1,2,3,1,3,310
201600006229,16,5,14,1835,1,2,3,8,3,310
201600006230,16,5,18,2050,2,2,3,8,3,310
201600006231,16,5,24,1115,1,2,1,1,6,310
201600006232,16,5,28,915,1,2,1,1,6,310
201600006233,16,6,7,1315,1,2,1,2,1,23
201600006234,16,6,16,2050,1,2,1,1,2,23
201600006235,16,6,22,1720,1,2,6,1,3,23
201600006236,16,7,1,1810,1,2,2,1,3,95
201600006237,16,6,23,2000,1,2,1,1,6,1
201600006238,16,7,4,1310,1,2,1,1,6,310
201600006239,16,7,2,1015,1,2,3,1,3,23
201600006240,16,7,28,1205,1,2,3,1,3,310
201600006241,16,8,5,1230,1,1,1,1,6,23
201600006242,16,8,13,1150,1,1,3,1,3,95
201600006243,16,8,10,1140,1,2,6,1,2,23
201600006244,16,9,12,1325,1,2,1,1,3,23
201600006245,16,9,15,815,1,2,1,1,5,23
201600006246,16,8,24,1155,1,2,3,1,2,310
201600006247,16,10,18,1700,1,2,3,1,3,95
201600006248,16,10,27,1715,1,2,1,1,2,23
201600006249,16,10,26,1617,1,2,1,1,3,310
201600006250,16,11,18,1740,5,2,2,2,6,310
201600006251,16,11,26,1130,1,2,1,1,6,95
201600006252,16,11,26,1810,5,2,3,1,3,310
201600006253,16,11,30,1740,1,2,2,1,3,310
201600006254,16,11,30,1600,1,2,2,1,3,23
201600006255,16,12,12,650,5,2,2,1,6,310
201600006256,16,9,15,2000,2,1,1,2,3,277
201600006257,16,2,9,1330,1,1,1,6,1,334
201600006258,16,3,7,215,3,1,1,9,6,29
201600006259,16,3,12,2145,3,1,1,1,6,84
201600006260,16,5,4,2345,5,2,1,1,6,533
201600006261,16,5,29,245,3,1,1,2,6,56
201600006262,16,6,4,2030,1,1,1,1,6,194
201600006263,16,6,23,2030,1,1,1,1,7,536
201600006264,16,7,7,1645,1,2,1,1,6,29
201600006265,16,7,13,2200,3,1,1,8,6,533
201600006266,16,7,20,1615,1,1,1,1,3,69
201600006267,16,7,25,1900,1,2,1,1,6,282
201600006268,16,8,16,215,3,1,9,1,5,69
201600006269,16,10,5,2330,3,1,1,1,7,436
201600006270,16,10,14,1745,1,2,1,1,7,536
201600006271,16,2,18,530,3,1,1,1,2,269
201600006272,16,6,18,2230,3,1,1,1,6,83
201600006273,16,2,26,2100,3,1,1,1,1,359
201600006274,16,12,8,1545,1,1,1,1,7,222
201600006275,16,1,10,2000,5,2,1,2,6,152
201600006276,16,1,24,500,3,1,1,5,6,183
201600006277,16,4,27,1145,1,1,1,1,6,449
201600006278,16,5,15,345,3,1,1,1,6,359
201600006279,16,8,10,1800,1,2,1,1,6,40
201600006280,16,12,10,1500,1,1,1,7,3,40
201600006281,16,8,4,2045,2,1,1,3,1,377
201600006282,16,9,6,745,1,1,9,1,3,377
201600006283,16,9,30,2030,3,1,1,2,6,217
201600006284,16,11,14,415,3,1,1,9,6,39
201600006285,16,1,21,2200,3,1,1,4,6,105
201600006286,16,1,28,845,1,1,1,1,1,380
201600006287,16,3,20,1145,1,1,1,1,1,102
201600006288,16,4,10,1415,1,1,1,1,6,426
201600006289,16,5,27,2330,3,2,1,1,6,189
201600006290,16,8,5,1130,1,1,1,1,6,162
201600006291,16,9,10,1515,1,1,1,1,5,146
201600006292,16,10,19,1015,2,1,1,2,6,548
201600006293,16,12,5,1345,1,1,1,1,6,232
201600006294,16,12,22,1915,3,1,1,1,1,327
201600006295,16,1,12,1015,1,1,2,2,1,208
201600006296,16,10,11,1515,1,1,1,1,2,490
201600006297,16,3,24,1600,1,2,1,1,2,318
201600006298,16,3,29,1915,2,1,1,1,3,557
201600006299,16,5,12,815,1,1,1,8,1,463
201600006300,16,5,24,1600,1,1,1,1,3,272
201600006301,16,12,18,1830,5,1,1,1,1,7
201600006302,16,12,30,2100,5,2,1,1,6,318
201600006303,16,7,21,100,5,2,1,8,6,318
201600006304,16,8,25,1700,1,1,1,7,3,346
201600006305,16,3,15,615,2,2,1,1,6,369
201600006306,16,12,26,1715,3,1,1,2,1,123
201600006307,16,2,22,1900,3,1,1,1,4,291
201600006308,16,3,17,1715,1,1,1,1,6,335
201600006309,16,4,17,1830,1,1,1,1,7,348
201600006310,16,4,20,1715,1,2,1,1,3,132
201600006311,16,7,21,1645,1,2,1,1,4,291
201600006312,16,8,23,1030,1,1,1,1,5,291
201600006313,16,8,30,2215,3,1,1,1,6,132
201600006314,16,10,18,1600,1,2,1,1,6,291
201600006315,16,10,9,1630,1,1,1,1,1,446
201600006316,16,3,4,1645,2,1,1,2,5,288
201600006317,16,7,4,815,1,2,3,2,3,122
201600006318,16,7,30,1745,1,1,1,1,7,454
201600006319,16,8,12,1015,1,1,1,1,1,196
201600006320,16,11,29,1430,1,2,7,7,6,122
201600006321,16,1,8,815,1,1,9,8,7,333
201600006322,16,3,31,1430,1,2,1,1,6,463
201600006323,16,5,16,1730,1,1,2,1,3,229
201600006324,16,8,27,1645,1,1,1,1,3,386
201600006325,16,9,3,30,3,1,1,1,6,386
201600006326,16,1,9,1930,5,2,1,2,6,396
201600006327,16,1,25,2300,3,1,1,1,6,334
201600006328,16,2,20,800,1,1,1,3,6,472
201600006329,16,6,16,1100,1,1,1,1,3,459
201600006330,16,10,24,1930,3,1,1,3,6,348
201600006331,16,12,23,1845,3,1,1,1,1,533
201600006332,16,9,10,1545,1,1,1,1,3,145
201600006333,16,9,30,1130,1,1,1,2,1,324
201600006334,16,4,18,1145,1,1,4,7,1,250
201600006335,16,1,8,2030,5,2,1,1,6,292
201600006336,16,7,2,1900,1,2,1,1,7,48
201600006337,16,10,28,1630,3,1,1,1,7,155
201600006338,16,1,15,1515,1,1,1,6,1,363
201600006339,16,1,25,1530,1,1,1,8,7,153
201600006340,16,4,7,1500,1,1,1,1,7,465
201600006341,16,5,10,1345,1,2,1,8,1,2
201600006342,16,9,13,1330,1,1,1,1,7,8
201600006343,16,11,13,140,3,1,1,8,6,2
201600006344,16,12,28,1715,3,1,1,1,3,535
201600006345,16,1,20,1615,1,1,1,1,2,160
201600006346,16,4,6,1600,1,1,1,1,6,160
201600006347,16,8,25,1200,1,1,1,1,3,273
201600006348,16,11,1,1800,5,2,1,1,5,439
201600006349,16,11,9,1415,1,2,6,2,3,483
201600006350,16,12,4,915,1,1,2,1,6,253
201600006351,16,1,6,1400,3,1,1,3,6,78
201600006352,16,3,7,715,2,2,1,8,6,26
201600006353,16,5,2,1700,1,2,1,1,6,262
201600006354,16,5,16,515,2,1,1,2,6,76
201600006355,16,6,2,2200,3,1,1,2,7,464
201600006356,16,8,5,1200,1,2,6,2,3,78
201600006357,16,10,4,1415,1,1,2,1,3,261
201600006358,16,12,20,1600,1,2,1,1,6,101
201600006359,16,1,4,915,1,1,1,1,7,90
201600006360,16,6,24,2015,2,2,1,1,1,458
201600006361,16,9,8,2200,5,1,1,1,6,355
201600006362,16,9,19,2015,3,1,1,1,7,90
201600006363,16,6,10,1630,1,1,1,1,3,65
201600006364,16,6,12,645,2,2,1,2,7,390
201600006365,16,6,25,315,3,1,1,3,7,61
201600006366,16,6,30,1715,1,2,1,1,6,258
201600006367,16,7,10,1145,1,1,5,1,3,450
201600006368,16,8,13,1615,1,2,1,1,7,65
201600006369,16,9,11,1630,1,1,1,1,6,16
201600006370,16,9,16,915,1,1,1,2,6,16
201600006371,16,9,25,1830,1,1,1,1,1,52
201600006372,16,11,24,1000,1,1,1,5,6,248
201600006373,16,12,10,1115,1,2,1,7,6,258
201600006374,16,1,10,530,3,1,1,1,6,21
201600006375,16,3,27,1215,1,1,1,3,7,367
201600006376,16,5,9,815,1,1,1,1,5,521
201600006377,16,5,20,1445,1,1,6,2,7,367
201600006378,16,7,26,1745,1,1,1,1,7,367
201600006379,16,7,31,1115,1,1,1,1,6,412
201600006380,16,1,3,545,5,1,6,2,7,99
201600006381,16,1,24,1800,5,2,4,8,6,342
201600006382,16,2,15,1800,3,1,1,2,6,465
201600006383,16,2,19,1045,3,1,9,2,6,313
201600006384,16,2,20,1515,1,1,1,2,7,294
201600006385,16,4,29,700,1,2,1,1,5,465
201600006386,16,5,10,600,2,1,3,2,3,327
201600006387,16,5,15,815,1,1,1,1,3,190
201600006388,16,6,30,1545,1,2,1,1,6,465
201600006389,16,7,27,1115,1,2,1,1,1,465
201600006390,16,7,27,1445,1,2,6,1,3,465
201600006391,16,8,2,1630,1,1,1,2,7,204
201600006392,16,8,21,1730,1,1,1,1,7,313
201600006393,16,8,23,1745,1,2,1,1,7,379
201600006394,16,9,1,715,2,1,1,1,6,247
201600006395,16,10,8,2000,3,1,1,1,6,327
201600006396,16,10,21,2000,3,1,1,8,6,204
201600006397,16,11,7,730,1,2,1,1,6,465
201600006398,16,1,15,2115,5,2,1,4,6,530
201600006399,16,2,29,730,2,1,1,1,6,235
201600006400,16,8,6,1000,1,1,1,1,1,88
201600006401,16,8,25,715,1,1,1,7,1,225
201600006402,16,11,20,1800,5,2,3,2,6,234
201600006403,16,1,6,1645,2,2,1,1,6,321
201600006404,16,1,18,800,2,2,1,1,6,321
201600006405,16,3,2,1630,1,1,1,1,6,95
201600006406,16,3,20,1400,1,1,1,1,6,460
201600006407,16,3,22,1000,1,2,1,1,6,321
201600006408,16,4,10,545,3,1,1,1,6,183
201600006409,16,4,20,1600,1,2,1,1,1,305
201600006410,16,4,20,1700,1,1,1,1,5,232
201600006411,16,6,6,1645,1,2,1,1,3,118
201600006412,16,6,27,1515,1,2,1,1,6,219
201600006413,16,7,15,1745,1,2,6,1,6,321
201600006414,16,7,20,1200,1,1,1,1,7,460
201600006415,16,10,31,1815,5,2,1,1,6,352
201600006416,16,11,16,1615,5,2,1,2,6,95
201600006417,16,6,1,1430,1,1,2,1,1,233
201600006418,16,6,14,1330,1,1,1,1,3,304
201600006419,16,6,21,815,1,2,1,1,1,39
201600006420,16,9,9,1030,1,2,1,1,6,304
201600006421,16,11,20,2115,5,2,2,1,3,357
201600006422,16,3,28,1930,2,1,1,3,4,403
201600006423,16,6,24,1845,1,1,1,2,5,79
201600006424,16,7,28,1845,1,1,1,1,6,30
201600006425,16,8,14,1730,1,1,1,1,6,403
201600006426,16,8,28,945,1,2,1,1,6,516
201600006427,16,10,3,900,1,1,3,7,3,403
201600006428,16,1,31,30,3,2,1,3,6,351
201600006429,16,3,11,1530,1,2,1,1,1,158
201600006430,16,8,14,1315,1,1,1,1,6,12
201600006431,16,8,28,2145,5,2,3,1,3,358
201600006432,16,2,4,1745,5,2,1,2,6,116
201600006433,16,2,12,1145,1,1,6,1,1,486
201600006434,16,4,7,1845,1,1,1,1,1,116
201600006435,16,4,19,815,1,1,3,7,3,486
201600006436,16,7,18,1515,1,2,1,1,3,486
201600006437,16,8,6,1430,1,1,1,1,7,75
201600006438,16,11,4,2115,5,1,1,8,7,447
201600006439,16,12,2,1330,1,2,1,7,6,116
201600006440,16,6,6,1300,1,1,1,1,1,408
201600006441,16,7,29,130,5,2,1,1,6,468
201600006442,16,8,6,330,3,1,6,1,6,408
201600006443,16,8,31,1215,1,2,1,1,7,302
201600006444,16,9,6,1200,1,2,3,1,3,468
201600006445,16,10,3,1230,1,2,2,1,3,426
201600006446,16,11,17,730,2,2,1,2,6,468
201600006447,16,11,26,1030,1,2,6,7,3,408
201600006448,16,12,31,1015,1,2,1,1,6,468
201600006449,16,10,15,1700,1,2,1,1,1,116
201600006450,16,9,8,1200,1,1,1,1,1,182
201600006451,16,10,29,1500,1,2,6,1,6,445
201600006452,16,1,2,2245,3,1,1,2,7,218
201600006453,16,1,26,1600,1,1,1,1,1,244
201600006454,16,4,15,1900,1,1,1,1,6,218
201600006455,16,5,7,1030,1,1,1,1,6,115
201600006456,16,5,8,1900,1,1,1,1,1,181
201600006457,16,6,18,1830,1,1,1,2,6,349