Num_Acc,an,mois,jour,hrmn,lum,agg,int,atm,col,com
201600006458,16,8,8,800,1,1,1,1,6,198
201600006459,16,8,7,1030,1,1,1,1,6,349
201600006460,16,10,19,1845,3,1,1,2,1,198
201600006461,16,11,5,1730,5,2,1,2,6,181
201600006462,16,2,22,1515,1,2,1,1,6,196
201600006463,16,3,15,615,2,2,1,4,6,196
201600006464,16,4,10,1600,1,1,1,1,3,196
201600006465,16,4,15,2230,5,1,1,2,6,470
201600006466,16,5,26,2000,1,1,3,1,3,531
201600006467,16,9,9,915,1,2,1,1,3,196
201600006468,16,9,24,1415,1,1,1,1,5,531
201600006469,16,9,29,1130,1,2,3,1,1,196
201600006470,16,10,22,1600,1,1,1,1,1,196
201600006471,16,12,18,1230,1,1,1,1,3,531
201600006472,16,12,20,1930,1,2,1,1,1,196
201600006473,16,2,15,1800,5,2,1,8,3,372
201600006474,16,4,23,1800,1,2,1,8,6,372
201600006475,16,7,16,1045,1,2,1,1,6,372
201600006476,16,8,7,1145,1,1,1,1,6,373
201600006477,16,10,2,830,3,1,1,1,6,328
201600006478,16,3,8,745,1,1,1,2,1,433
201600006479,16,4,2,1145,1,1,1,1,1,28
201600006480,16,4,4,1715,1,1,1,1,5,464
201600006481,16,4,19,1130,1,1,2,1,2,28
201600006482,16,4,28,1000,1,1,1,1,3,146
201600006483,16,5,8,1100,1,1,1,1,1,233
201600006484,16,5,8,1830,1,2,3,1,3,216
201600006485,16,5,14,830,1,2,6,1,3,28
201600006486,16,6,18,1130,1,2,1,2,6,28
201600006487,16,6,18,2200,5,2,1,1,3,55
201600006488,16,7,31,1730,1,1,1,1,3,216
201600006489,16,9,13,1145,1,1,1,1,1,55
201600006490,16,9,19,1400,1,1,1,1,3,192
201600006491,16,10,11,915,1,1,1,1,6,397
201600006492,16,11,8,1215,1,1,1,2,6,233
201600006493,16,12,2,1930,3,1,1,1,3,285
201600006494,16,12,7,1030,3,1,1,5,6,464
201600006495,16,12,19,1430,1,2,1,7,6,55
201600006496,16,1,12,730,2,2,1,1,3,137
201600006497,16,3,7,1530,1,2,1,1,3,131
201600006498,16,4,18,1030,1,1,1,2,3,131
201600006499,16,5,9,1530,1,2,1,1,3,131
201600006500,16,5,7,1315,1,2,1,1,6,137
201600006501,16,6,18,445,5,2,1,1,6,378
201600006502,16,7,5,1900,1,2,1,1,6,131
201600006503,16,9,29,1500,1,2,1,1,3,131
201600006504,16,10,20,2200,3,1,1,1,6,1
201600006505,16,12,8,2100,5,2,9,1,1,137
201600006506,16,1,11,2030,3,1,1,1,2,200
201600006507,16,1,29,1215,1,1,1,1,2,130
201600006508,16,5,13,815,1,1,1,2,7,130
201600006509,16,6,27,1730,1,2,6,1,3,130
201600006510,16,6,29,945,1,1,1,1,6,154
201600006511,16,7,19,1700,1,2,1,7,6,130
201600006512,16,8,12,1845,1,1,1,1,2,130
201600006513,16,9,4,1615,1,2,6,9,3,130
201600006514,16,11,2,1215,1,1,1,1,6,154
201600006515,16,1,22,2330,3,1,1,2,6,348
201600006516,16,2,24,1515,1,1,1,1,7,348
201600006517,16,7,2,900,1,1,1,1,6,557
201600006518,16,7,2,1830,1,1,1,1,1,348
201600006519,16,8,26,1645,1,2,1,1,7,223
201600006520,16,9,13,930,1,1,1,7,6,348
201600006521,16,9,28,1045,1,2,1,7,2,348
201600006522,16,10,28,1915,5,2,9,1,6,348
201600006523,16,6,21,715,1,2,1,1,3,331
201600006524,16,9,11,1545,1,1,1,1,1,203
201600006525,16,3,19,1630,1,1,1,1,3,345
201600006526,16,9,25,1500,1,2,1,1,3,46
201600006527,16,10,13,1715,1,2,9,1,3,46
201600006528,16,1,5,1430,1,2,1,2,6,300
201600006529,16,3,12,1515,1,1,9,1,1,300
201600006530,16,3,20,2030,5,2,1,1,6,127
201600006531,16,5,2,1045,1,2,1,1,6,98
201600006532,16,5,8,1000,1,1,3,1,5,98
201600006533,16,5,27,730,1,2,1,1,6,127
201600006534,16,6,12,530,2,1,1,2,6,98
201600006535,16,6,17,1430,1,2,1,8,3,300
201600006536,16,6,16,1200,1,2,9,8,1,300
201600006537,16,7,15,1,5,2,1,1,6,300
201600006538,16,9,2,815,1,2,1,1,1,300
201600006539,16,9,7,845,1,2,1,1,6,313
201600006540,16,4,11,1545,1,1,1,1,1,299
201600006541,16,4,17,1900,3,1,1,1,6,299
201600006542,16,6,21,1930,1,2,6,1,3,45
201600006543,16,7,20,2030,1,2,1,1,1,411
201600006544,16,9,22,1200,1,1,1,1,1,411
201600006545,16,10,29,1930,3,1,1,1,3,329
201600006546,16,8,30,1630,1,1,1,1,7,436
201600006547,16,3,19,1530,1,1,1,1,1,342
201600006548,16,4,22,2200,3,1,1,1,6,377
201600006549,16,8,1,1845,1,2,1,1,1,543
201600006550,16,8,3,1545,1,1,1,1,6,414
201600006551,16,8,13,1445,1,1,1,1,2,66
201600006552,16,11,5,1915,5,2,1,2,3,414
201600006553,16,1,22,2245,5,2,1,2,7,520
201600006554,16,3,11,1800,1,2,1,1,7,282
201600006555,16,3,27,945,1,1,1,2,3,240
201600006556,16,5,9,1515,1,1,1,1,7,77
201600006557,16,5,21,1445,1,1,1,1,1,122
201600006558,16,7,9,1600,1,1,1,1,3,81
201600006559,16,7,13,1500,1,1,1,1,6,520
201600006560,16,11,8,1745,3,1,1,2,4,282
201600006561,16,10,3,900,1,1,1,1,1,240
201600006562,16,11,3,1545,2,1,1,7,3,61
201600006563,16,12,12,1630,1,1,1,8,1,61
201600006564,16,5,14,1030,1,2,1,8,1,425
201600006565,16,8,6,530,2,1,1,1,2,478
201600006566,16,8,13,2245,3,1,1,1,3,553
201600006567,16,10,7,1245,1,1,1,1,1,302
201600006568,16,10,7,1545,1,1,1,1,1,149
201600006569,16,11,23,1745,3,1,1,1,3,149
201600006570,16,12,14,1615,1,1,1,8,3,244
201600006571,16,3,24,1630,1,1,1,1,7,278
201600006572,16,4,2,645,2,1,1,1,1,509
201600006573,16,4,14,1830,1,1,9,1,3,156
201600006574,16,10,11,2015,3,1,1,1,6,230
201600006575,16,11,30,1315,1,2,1,1,3,67
201600006576,16,2,1,1130,1,2,3,8,3,452
201600006577,16,2,26,1400,1,2,6,1,1,214
201600006578,16,5,17,1615,1,1,1,1,3,5
201600006579,16,6,5,1530,1,2,1,1,3,375
201600006580,16,7,30,1400,1,1,1,1,6,153
201600006581,16,9,6,1645,1,1,1,1,6,375
201600006582,16,11,1,1600,1,2,3,1,5,150
201600006583,16,12,22,645,3,1,1,5,1,214
201600006584,16,1,16,2145,3,1,1,9,1,151
201600006585,16,5,26,2115,3,1,1,1,6,205
201600006586,16,6,19,930,1,1,1,1,6,519
201600006587,16,7,2,1130,1,2,1,8,3,151
201600006588,16,8,5,845,1,1,1,1,1,519
201600006589,16,4,12,1815,1,2,1,2,3,65
201600006590,16,5,16,2000,1,2,1,1,7,350
201600006591,16,5,26,1900,1,2,1,1,2,118
201600006592,16,8,8,815,1,2,6,1,1,551
201600006593,16,12,16,845,2,1,1,5,1,118
201600006594,16,2,8,915,1,1,1,1,5,239
201600006595,16,3,23,1645,1,2,1,1,3,115
201600006596,16,5,8,1100,1,1,1,1,6,63
201600006597,16,5,9,1715,1,1,1,1,3,362
201600006598,16,6,12,915,1,1,3,1,3,143
201600006599,16,8,3,1530,1,1,1,1,6,362
201600006600,16,9,18,200,5,2,1,2,1,490
201600006601,16,10,5,715,2,1,1,1,6,73
201600006602,16,10,31,1430,1,1,1,1,1,239
201600006603,16,12,7,1715,2,1,1,5,6,426
201600006604,16,12,23,1230,1,1,1,1,3,493
201600006605,16,2,21,1615,1,1,1,1,1,125
201600006606,16,4,10,1730,1,1,1,1,6,21
201600006607,16,4,24,845,1,1,1,1,2,125
201600006608,16,5,5,1830,1,1,1,1,1,295
201600006609,16,5,31,1700,1,1,7,1,6,21
201600006610,16,6,20,1730,1,1,1,1,7,21
201600006611,16,7,9,1400,1,1,1,1,3,120
201600006612,16,8,10,1745,1,2,1,1,1,21
201600006613,16,9,23,1645,1,2,6,1,3,21
201600006614,16,9,29,1430,1,2,1,1,3,481
201600006615,16,2,23,1215,1,1,1,2,3,547
201600006616,16,3,20,1630,1,2,1,1,3,486
201600006617,16,4,25,1215,1,2,1,1,2,281
201600006618,16,5,4,1830,1,2,1,1,6,281
201600006619,16,5,12,1930,1,1,1,2,7,196
201600006620,16,5,18,1645,1,1,1,1,7,121
201600006621,16,6,29,2100,1,1,1,1,6,19
201600006622,16,7,6,15,3,1,1,1,6,486
201600006623,16,7,17,2045,1,2,1,1,2,281
201600006624,16,8,6,1745,1,2,9,1,7,281
201600006625,16,8,7,1830,1,1,1,1,6,311
201600006626,16,9,27,1600,1,1,1,1,1,196
201600006627,16,9,29,1315,1,1,1,1,1,422
201600006628,16,10,6,715,1,1,1,1,6,19
201600006629,16,11,3,730,2,1,1,1,7,281
201600006630,16,11,25,2245,3,1,1,1,1,196
201600006631,16,12,7,645,5,2,1,5,6,281
201600006632,16,2,7,2100,3,1,1,9,7,351
201600006633,16,4,6,1530,1,1,1,1,6,75
201600006634,16,5,7,1500,1,1,1,1,7,75
201600006635,16,5,20,1545,1,1,1,1,6,400
201600006636,16,5,29,1045,1,1,1,1,7,544
201600006637,16,6,30,1645,1,1,1,1,1,400
201600006638,16,8,30,1845,1,1,1,1,7,544
201600006639,16,10,16,1430,1,2,1,1,3,416
201600006640,16,11,14,545,3,1,1,1,6,544
201600006641,16,12,6,745,1,1,1,5,7,351
201600006642,16,1,13,1445,1,2,1,2,3,261
201600006643,16,2,18,2315,3,2,1,1,6,327
201600006644,16,4,29,745,1,1,1,1,6,432
201600006645,16,5,18,1430,1,2,1,1,1,330
201600006646,16,11,17,1015,1,2,2,2,3,261
201600006647,16,12,30,1045,1,1,1,5,7,327
201600006648,16,12,30,2015,3,1,8,5,6,261
201600006649,16,1,8,800,2,2,1,1,6,487
201600006650,16,1,14,1800,5,2,1,3,6,474
201600006651,16,1,22,2315,3,1,1,4,7,474
201600006652,16,3,23,1030,1,1,1,2,1,206
201600006653,16,4,18,1815,1,2,1,1,6,339
201600006654,16,7,26,1445,1,1,9,1,2,487
201600006655,16,8,24,130,3,1,1,1,6,339
201600006656,16,12,10,1945,3,1,1,2,7,487
201600006657,16,1,25,930,1,1,1,7,3,110
201600006658,16,1,13,1745,5,2,1,2,6,110
201600006659,16,4,23,1330,1,1,1,2,1,550
201600006660,16,5,26,1515,1,1,1,1,1,334
201600006661,16,6,23,1530,1,1,1,1,1,263
201600006662,16,7,17,145,3,1,1,1,6,160
201600006663,16,7,24,2100,5,1,1,1,6,550
201600006664,16,7,31,2300,3,1,1,1,1,550
201600006665,16,8,13,1115,1,1,1,1,7,263
201600006666,16,9,25,1530,1,1,1,1,6,353
201600006667,16,10,16,1500,1,1,1,1,7,550
201600006668,16,3,1,730,1,2,1,1,6,226
201600006669,16,1,9,1945,3,1,1,1,6,19
201600006670,16,1,12,2130,5,1,1,1,6,146
201600006671,16,2,11,245,5,2,1,1,6,227
201600006672,16,2,12,1745,2,2,1,2,6,146
201600006673,16,3,2,1200,1,1,2,2,3,295
201600006674,16,4,18,915,1,1,1,2,1,295
201600006675,16,5,1,1400,1,2,4,1,1,157
201600006676,16,5,3,1515,1,2,3,1,3,145
201600006677,16,5,4,1330,1,2,3,1,3,367
201600006678,16,7,6,1700,1,1,3,1,2,7
201600006679,16,7,29,1730,1,2,1,1,2,145
201600006680,16,10,23,2315,5,2,3,1,3,227
201600006681,16,10,29,2015,3,1,1,1,6,331
201600006682,16,11,29,330,3,1,1,1,7,367
201600006683,16,12,7,645,2,1,1,4,1,367
201600006684,16,12,11,600,3,1,1,1,7,38
201600006685,16,12,15,745,1,2,1,5,2,143
201600006686,16,12,21,515,3,1,1,1,6,19
201600006687,16,12,29,830,1,1,1,4,7,345
201600006688,16,3,26,1500,1,1,1,1,3,173
201600006689,16,6,8,1045,1,2,1,8,3,209
201600006690,16,6,23,815,1,2,1,1,6,162
201600006691,16,7,8,1100,1,1,3,1,3,164
201600006692,16,7,28,1400,1,1,1,1,3,173
201600006693,16,8,8,1545,1,1,1,1,2,5
201600006694,16,8,14,1045,1,1,1,7,3,5
201600006695,16,9,13,1630,1,1,1,1,7,249
201600006696,16,10,13,1500,1,1,1,1,1,162
201600006697,16,11,17,2130,3,1,1,1,6,26
201600006698,16,3,31,1815,1,2,1,1,3,226
201600006699,16,4,21,1845,1,1,1,1,6,358
201600006700,16,6,11,245,3,2,1,1,6,226
201600006701,16,7,9,2100,1,2,1,1,2,226
201600006702,16,6,26,1445,1,1,1,1,7,142
201600006703,16,6,30,1230,1,1,1,1,6,204
201600006704,16,7,11,1930,1,2,3,1,3,329
201600006705,16,8,23,1245,1,2,1,1,6,329
201600006706,16,8,30,1200,1,2,2,7,6,226
201600006707,16,11,24,1750,5,2,6,1,3,226
201600006708,16,12,1,1545,1,2,1,1,6,226
201600006709,16,6,2,900,1,1,1,2,6,69
201600006710,16,6,9,1715,1,1,1,1,1,351
201600006711,16,6,10,1215,1,1,3,1,2,69
201600006712,16,10,21,145,3,1,1,1,6,379
201600006713,16,10,31,1545,1,1,6,1,7,1
201600006714,16,11,9,915,1,1,2,1,1,231
201600006715,16,11,30,2030,3,1,1,1,1,36
201600006716,16,12,7,745,1,1,1,5,1,16
201600006717,16,12,12,1745,3,1,4,1,3,36
201600006718,16,2,14,1430,1,1,1,8,3,28
201600006719,16,6,1,845,1,2,3,1,1,28
201600006720,16,7,3,400,3,1,1,1,1,269
201600006721,16,11,26,2100,3,1,1,1,7,147
201600006722,16,1,8,1730,5,2,3,3,6,298
201600006723,16,3,16,730,1,1,1,1,5,185
201600006724,16,5,21,800,1,1,1,1,7,298
201600006725,16,6,29,1715,1,1,3,7,5,294
201600006726,16,10,22,1315,1,2,2,1,1,283
201600006727,16,11,16,1400,1,1,1,2,1,185
201600006728,16,12,2,1415,1,1,3,1,7,298
201600006729,16,1,3,2130,3,1,6,2,7,365
201600006730,16,2,1,845,1,1,1,1,6,338
201600006731,16,2,7,1145,1,2,1,2,7,155
201600006732,16,2,26,1800,2,2,1,1,6,365
201600006733,16,3,10,2245,3,1,1,1,6,78
201600006734,16,3,18,1715,1,2,1,1,1,374
201600006735,16,3,1,745,1,2,6,1,3,155
201600006736,16,7,2,1500,1,1,4,1,3,365
201600006737,16,9,2,1145,1,1,1,1,7,78
201600006738,16,9,23,930,1,2,2,1,3,338
201600006739,16,9,27,1515,1,2,6,1,6,374
201600006740,16,9,25,1700,1,1,1,1,2,155
201600006741,16,9,29,1230,1,2,6,1,7,374
201600006742,16,10,12,1730,1,1,1,1,3,374
201600006743,16,10,19,1745,1,1,6,1,4,155
201600006744,16,10,15,1900,3,1,1,1,7,78
201600006745,16,10,31,1445,1,1,1,1,4,374
201600006746,16,10,22,2015,5,2,3,1,3,155
201600006747,16,11,9,1115,1,2,1,1,6,155
201600006748,16,11,19,1445,1,1,1,1,6,155
201600006749,16,12,22,815,1,2,1,1,2,374
201600006750,16,1,4,1145,1,2,1,1,6,222
201600006751,16,1,5,1930,3,1,1,2,3,187
201600006752,16,2,17,1615,1,1,1,1,1,139
201600006753,16,6,24,2145,5,2,1,1,7,355
201600006754,16,6,29,1615,1,2,1,1,7,4
201600006755,16,7,16,1030,1,1,1,1,1,187
201600006756,16,8,5,1330,1,1,1,8,6,138
201600006757,16,8,20,1330,1,2,1,1,3,377
201600006758,16,8,24,1830,1,2,3,1,7,148
201600006759,16,10,18,1445,1,1,1,1,3,96
201600006760,16,10,25,2315,5,2,1,1,6,333
201600006761,16,11,23,1645,1,1,1,1,7,377
201600006762,16,12,1,1430,1,2,1,1,3,17
201600006763,16,2,9,945,1,1,2,1,3,50
201600006764,16,2,19,845,1,1,1,1,6,86
201600006765,16,4,21,1045,1,1,1,1,7,215
201600006766,16,4,28,115,3,1,1,1,6,152
201600006767,16,5,8,200,3,1,6,1,3,127
201600006768,16,5,12,1530,1,2,8,3,6,152
201600006769,16,6,24,1115,1,2,1,1,2,68
201600006770,16,8,3,1445,1,1,1,1,7,68
201600006771,16,8,18,1900,1,2,1,1,6,68
201600006772,16,10,2,745,2,2,1,1,6,356
201600006773,16,11,19,1800,5,2,1,2,7,125
201600006774,16,12,1,1215,1,1,1,1,6,127
201600006775,16,12,2,1800,3,1,1,1,7,81
201600006776,16,12,6,715,2,2,1,5,6,77
201600006777,16,12,6,1230,1,1,1,1,6,200
201600006778,16,12,15,645,2,2,1,9,3,119
201600006779,16,12,30,945,1,1,1,1,3,52
201600006780,16,4,2,1615,1,2,3,1,3,181
201600006781,16,4,8,1630,1,2,1,1,3,347
201600006782,16,6,25,1500,1,2,7,1,6,98
201600006783,16,7,6,900,1,1,1,1,6,306
201600006784,16,1,3,500,3,1,1,1,6,258
201600006785,16,1,3,1715,3,1,3,1,3,242
201600006786,16,2,8,1945,3,1,1,3,2,82
201600006787,16,4,20,1230,1,1,1,1,3,41
201600006788,16,4,15,1930,2,2,1,1,1,82
201600006789,16,5,26,845,1,2,2,1,3,266
201600006790,16,6,25,930,1,1,2,1,1,266
201600006791,16,7,1,1700,1,1,1,7,1,82
201600006792,16,7,15,1945,1,1,3,1,3,82
201600006793,16,9,6,2330,5,2,1,1,6,82
201600006794,16,9,10,900,1,1,1,1,2,242
201600006795,16,9,12,1500,1,2,6,1,3,258
201600006796,16,9,15,500,3,1,1,1,6,37
201600006797,16,9,27,1545,1,1,1,1,3,258
201600006798,16,10,3,1515,1,1,1,1,1,140
201600006799,16,10,6,1330,1,1,2,1,3,91
201600006800,16,10,9,1630,1,1,1,1,7,290
201600006801,16,10,5,1945,3,1,1,1,6,140
201600006802,16,10,14,1745,1,1,2,1,3,266
201600006803,16,10,30,2245,3,1,6,5,6,82
201600006804,16,10,31,1915,3,1,1,5,3,228
201600006805,16,11,2,2215,3,1,1,5,7,242
201600006806,16,11,5,1200,1,1,1,2,6,41
201600006807,16,11,7,815,1,1,1,3,1,242
201600006808,16,11,15,1845,3,1,4,1,2,225
201600006809,16,11,19,1930,3,1,1,1,1,235
201600006810,16,11,21,1745,3,1,1,2,6,225
201600006811,16,12,1,1345,1,2,6,1,1,82
201600006812,16,12,7,715,2,1,1,5,7,91
201600006813,16,12,7,845,1,1,1,1,7,140
201600006814,16,12,10,2000,3,1,1,1,7,228
201600006815,16,12,15,845,1,2,1,5,7,258
201600006816,16,12,19,545,3,1,1,1,6,82
201600006817,16,12,22,1700,5,2,2,1,6,258
201600006818,16,12,28,15,3,1,1,1,7,258
201600006819,16,12,29,755,2,1,1,5,7,242
201600006820,16,12,29,1030,1,1,1,5,7,140
201600006821,16,12,31,1530,1,1,1,8,6,266
201600006822,16,3,6,1215,1,2,3,1,3,255
201600006823,16,3,22,2000,3,1,1,1,2,255
201600006824,16,5,29,1915,2,2,3,2,7,255
201600006825,16,6,10,1500,1,1,1,1,7,251
201600006826,16,7,16,145,3,1,1,8,7,251
201600006827,16,8,18,1100,1,1,1,1,7,364
201600006828,16,9,8,1430,1,1,3,1,3,318
201600006829,16,9,14,1715,1,1,1,1,6,123
201600006830,16,9,30,1845,1,1,1,1,6,287
201600006831,16,10,7,2115,3,1,1,1,7,134
201600006832,16,10,8,1630,1,2,1,1,5,116
201600006833,16,11,4,1415,1,2,1,1,3,287
201600006834,16,11,9,1815,3,1,1,2,2,287
201600006835,16,11,8,1255,1,1,1,1,6,116
201600006836,16,11,26,1530,1,2,1,1,7,318
201600006837,16,1,5,1400,1,2,1,8,6,154
201600006838,16,1,6,1745,5,2,1,2,6,154
201600006839,16,1,6,1745,5,2,1,2,6,154
201600006840,16,1,20,1300,1,2,2,1,3,154
201600006841,16,6,12,1745,1,2,1,1,6,154
201600006842,16,10,27,1900,5,2,2,1,3,154
201600006843,16,11,28,645,3,2,2,8,6,154
201600006844,16,12,6,1200,1,2,1,5,6,154
201600006845,16,12,8,1100,1,2,1,1,4,154
201600006846,16,12,13,1245,1,2,4,1,3,154
201600006847,16,12,27,900,1,2,1,1,3,154
201600006848,16,12,28,1400,1,2,3,1,3,154
201600006849,16,2,19,1245,1,2,1,2,6,270
201600006850,16,5,25,1345,1,2,1,1,6,195
201600006851,16,6,29,2030,1,2,3,1,3,195
201600006852,16,7,5,1100,1,2,1,1,2,384
201600006853,16,7,8,200,3,1,1,1,2,195
201600006854,16,2,11,1745,2,2,1,2,6,135
201600006855,16,4,22,1645,1,2,3,1,3,121
201600006856,16,5,6,1245,1,2,1,1,6,286
201600006857,16,5,23,30,5,2,3,2,6,135
201600006858,16,6,24,1215,1,1,2,1,1,135
201600006859,16,6,25,1045,1,2,1,1,3,120
201600006860,16,6,23,915,1,1,1,1,7,182
201600006861,16,7,12,1530,1,1,1,8,1,135
201600006862,16,7,18,800,1,1,1,1,6,42
201600006863,16,8,4,815,1,2,3,1,3,286
201600006864,16,8,7,1130,1,1,1,1,7,94
201600006865,16,8,15,1900,1,1,6,1,3,135
201600006866,16,9,29,130,3,1,1,1,7,286
201600006867,16,10,8,1700,1,1,1,1,5,135
201600006868,16,11,9,1800,5,2,1,2,6,135
201600006869,16,1,19,1930,4,2,3,4,7,163
201600006870,16,9,13,600,1,1,1,1,6,327
201600006871,16,11,3,1530,1,1,1,1,3,174
201600006872,16,11,11,1745,5,2,6,2,6,309
201600006873,16,11,24,1830,5,2,2,5,3,163
201600006874,16,2,2,1800,5,2,8,1,6,334
201600006875,16,3,19,1545,1,1,1,1,7,279
201600006876,16,5,14,1700,1,1,1,1,7,40
201600006877,16,8,14,1400,1,1,1,1,3,372
201600006878,16,8,11,1230,1,2,3,1,6,40
201600006879,16,9,5,1345,1,2,1,1,3,334
201600006880,16,9,8,1530,1,2,1,1,3,334
201600006881,16,9,10,1930,2,1,1,1,7,106
201600006882,16,9,16,2100,3,1,1,1,2,12
201600006883,16,9,24,1245,1,2,1,1,1,180
201600006884,16,10,2,1415,1,1,1,1,6,106
201600006885,16,10,4,1755,2,2,1,7,4,348
201600006886,16,10,4,1800,2,2,1,7,2,348
201600006887,16,11,3,930,1,1,1,1,6,279
201600006888,16,11,15,330,5,2,3,1,7,372
201600006889,16,12,1,1215,1,2,1,1,6,348
201600006890,16,11,30,1130,1,2,3,1,2,372
201600006891,16,12,16,1715,5,2,6,5,6,334
201600006892,16,12,28,1900,5,2,1,1,6,348
201600006893,16,4,10,1430,1,2,3,1,3,359
201600006894,16,5,18,1645,1,2,1,1,1,63
201600006895,16,5,31,830,1,1,4,2,3,63
201600006896,16,7,3,1030,1,1,1,1,6,63
201600006897,16,7,12,1645,1,1,1,1,2,63
201600006898,16,9,17,1400,1,1,2,2,2,63
201600006899,16,9,19,2015,5,2,3,9,3,63
201600006900,16,9,23,1730,1,2,3,1,1,63
201600006901,16,10,11,1645,1,1,4,2,2,63
201600006902,16,10,18,845,1,1,1,1,6,342
201600006903,16,10,19,1730,1,1,1,1,5,359
201600006904,16,10,21,2015,3,1,1,1,6,63
201600006905,16,10,24,800,2,1,1,2,4,63
201600006906,16,10,27,1145,1,1,1,1,2,63
201600006907,16,10,31,1030,1,2,1,1,3,63
201600006908,16,11,1,2315,5,2,1,1,6,322
201600006909,16,11,6,745,1,1,4,2,6,63
201600006910,16,11,9,1000,1,1,4,1,2,63
201600006911,16,12,2,1800,3,1,1,1,2,63
201600006912,16,12,13,830,2,1,1,5,2,63
201600006913,16,12,18,1030,1,1,1,5,6,63
201600006914,16,3,1,2200,3,2,1,4,1,344
201600006915,16,5,8,1245,1,2,3,1,2,213
201600006916,16,5,25,1400,1,1,1,1,6,247
201600006917,16,6,11,1200,1,2,1,1,5,102
201600006918,16,7,1,845,1,2,1,1,4,89
201600006919,16,7,16,2150,2,2,1,1,6,262
201600006920,16,7,30,800,1,2,3,1,3,89
201600006921,16,8,26,1145,1,2,1,1,6,151
201600006922,16,10,2,1745,1,1,1,1,6,370
201600006923,16,10,14,1330,1,1,6,1,6,292
201600006924,16,10,25,1430,1,1,3,8,3,344
201600006925,16,10,28,1730,2,1,1,1,6,370
201600006926,16,11,4,2000,3,1,1,2,6,247
201600006927,16,11,18,2315,3,1,1,2,6,370
201600006928,16,1,8,1630,2,2,1,3,1,167
201600006929,16,5,19,1515,1,2,4,1,1,60
201600006930,16,6,1,1615,1,1,1,1,3,60
201600006931,16,7,17,100,5,2,1,1,6,60
201600006932,16,1,10,2030,5,2,1,1,6,178
201600006933,16,6,16,330,3,1,1,1,6,538
201600006934,16,7,12,800,1,1,1,1,6,490
201600006935,16,12,2,845,1,1,2,1,3,193
201600006936,16,12,10,2115,3,1,1,5,6,161
201600006937,16,1,14,1845,3,1,1,2,1,227
201600006938,16,2,10,1800,2,1,2,1,6,389
201600006939,16,2,28,1730,1,1,1,1,1,544
201600006940,16,5,14,1130,1,1,2,1,3,326
201600006941,16,6,10,1,5,2,1,1,2,388
201600006942,16,7,30,1515,1,1,1,1,1,326
201600006943,16,2,1,845,1,1,1,1,6,612
201600006944,16,2,8,1315,1,2,3,2,3,411
201600006945,16,4,10,945,1,1,1,7,2,638
201600006946,16,6,6,1515,1,2,6,1,6,612
201600006947,16,8,8,1800,1,1,1,1,6,612
201600006948,16,8,18,1430,1,1,1,1,6,435
201600006949,16,8,24,1745,1,1,1,1,5,239
201600006950,16,8,25,600,2,1,3,1,3,411
201600006951,16,9,25,1815,1,1,1,1,5,435
201600006952,16,10,15,1530,1,2,3,1,3,413
201600006953,16,10,16,1930,3,1,1,1,7,612
201600006954,16,12,10,1400,1,1,1,8,5,413
201600006955,16,2,5,1745,2,2,1,1,7,425
201600006956,16,5,6,1845,1,2,1,1,6,592
201600006957,16,7,19,1400,1,2,1,1,3,217
201600006958,16,11,15,730,2,2,1,2,6,346
201600006959,16,11,20,945,1,1,1,3,7,63
201600006960,16,12,21,2045,3,1,1,1,6,136
201600006961,16,3,25,2245,3,1,1,5,1,167
201600006962,16,6,3,2145,5,2,3,2,6,10
201600006963,16,1,8,800,2,1,1,9,7,33
201600006964,16,6,11,1515,1,1,1,2,7,579
201600006965,16,6,20,1715,1,2,1,2,4,380
201600006966,16,6,23,1915,1,2,1,1,6,380
201600006967,16,6,24,1845,1,1,1,1,1,380
201600006968,16,11,18,800,1,2,1,1,1,380
201600006969,16,12,5,830,2,1,1,7,6,386
201600006970,16,2,19,815,1,1,2,1,3,402
201600006971,16,3,27,645,2,2,1,2,6,9
201600006972,16,4,6,530,3,1,1,1,3,237
201600006973,16,4,16,2330,3,2,1,8,6,155
201600006974,16,6,24,1400,1,1,2,1,3,402
201600006975,16,9,3,1915,1,1,1,1,1,514
201600006976,16,9,7,815,1,1,1,1,2,514
201600006977,16,10,6,1515,1,1,1,6,3,432
201600006978,16,11,22,1300,1,1,2,1,3,402
201600006979,16,12,2,1000,1,1,2,5,3,56
201600006980,16,12,8,1645,2,2,3,1,3,9
201600006981,16,3,30,1600,1,2,1,2,2,250
201600006982,16,4,27,2100,2,1,2,8,3,86
201600006983,16,8,20,1315,1,2,1,1,6,250
201600006984,16,9,24,815,1,1,1,1,7,194
201600006985,16,9,24,945,1,1,1,1,5,250
201600006986,16,10,12,930,1,1,1,5,1,198
201600006987,16,10,22,1045,1,1,1,5,5,250
201600006988,16,1,16,1,5,2,1,2,6,518
201600006989,16,2,22,1645,1,2,9,1,6,568
201600006990,16,3,30,2300,3,2,1,1,6,81
201600006991,16,4,17,1430,1,1,1,1,5,391
201600006992,16,5,7,1700,1,1,3,1,1,310
201600006993,16,6,9,1300,1,2,6,1,3,569
201600006994,16,7,11,1445,1,2,9,1,3,569