Num_Acc,an,mois,jour,hrmn,lum,agg,int,atm,col,com
201600006995,16,7,12,1515,1,1,1,1,5,569
201600006996,16,7,12,845,1,2,2,1,3,391
201600006997,16,9,10,1445,1,2,1,1,6,282
201600006998,16,9,9,1845,1,1,1,1,7,391
201600006999,16,5,12,1930,1,2,1,2,1,597
201600007000,16,6,28,1915,1,1,1,1,1,64
201600007001,16,7,19,1100,1,2,1,1,6,210
201600007002,16,8,14,415,3,1,1,1,7,204
201600007003,16,9,12,915,1,1,1,1,3,331
201600007004,16,9,15,1930,1,2,1,1,3,2
201600007005,16,10,2,915,1,1,1,1,1,204
201600007006,16,10,22,815,1,1,1,1,6,488
201600007007,16,7,17,1430,1,1,1,1,6,328
201600007008,16,7,19,1730,1,1,1,1,2,340
201600007009,16,8,7,1345,1,1,1,1,6,8
201600007010,16,8,8,1045,1,2,1,1,1,647
201600007011,16,10,5,1745,1,2,3,1,2,649
201600007012,16,10,9,1745,1,1,3,1,1,156
201600007013,16,10,20,1430,1,1,1,1,6,17
201600007014,16,11,5,1600,1,1,1,1,1,141
201600007015,16,7,9,1,3,1,1,1,6,635
201600007016,16,7,31,1100,1,1,2,1,3,531
201600007017,16,8,4,1600,1,1,1,2,1,539
201600007018,16,1,14,545,2,1,1,4,7,40
201600007019,16,1,16,1445,1,1,1,9,7,144
201600007020,16,8,2,1230,1,1,1,2,1,507
201600007021,16,9,1,1130,1,2,1,1,7,137
201600007022,16,4,10,915,1,1,1,1,6,427
201600007023,16,4,19,1400,1,2,6,1,2,362
201600007024,16,5,31,1930,1,1,1,1,6,48
201600007025,16,1,22,1045,1,2,1,7,6,6
201600007026,16,4,25,815,1,1,1,1,6,91
201600007027,16,5,5,1745,1,2,1,1,1,6
201600007028,16,7,18,1130,1,1,1,1,7,195
201600007029,16,9,10,215,5,2,1,1,1,6
201600007030,16,9,26,800,1,1,1,5,6,216
201600007031,16,10,4,2015,3,1,1,1,6,149
201600007032,16,10,14,445,3,2,1,1,6,216
201600007033,16,10,29,1645,1,1,8,1,6,429
201600007034,16,12,11,430,3,1,1,1,6,4
201600007035,16,3,29,945,1,1,1,1,5,373
201600007036,16,4,13,1600,1,1,1,1,5,342
201600007037,16,8,20,1545,1,1,1,1,6,120
201600007038,16,9,21,1800,1,2,1,1,3,140
201600007039,16,4,14,1600,1,2,1,1,7,344
201600007040,16,5,8,1615,1,1,1,1,7,349
201600007041,16,7,12,700,1,1,1,1,1,391
201600007042,16,7,24,1915,1,1,1,1,7,363
201600007043,16,8,3,1715,1,1,1,1,6,412
201600007044,16,10,22,1945,3,1,1,1,2,282
201600007045,16,12,2,1515,1,2,1,1,2,115
201600007046,16,12,19,1900,3,1,1,1,1,260
201600007047,16,1,5,1045,1,1,1,1,6,415
201600007048,16,4,9,1615,1,2,1,1,3,156
201600007049,16,4,29,1415,1,2,1,1,3,396
201600007050,16,6,2,30,3,2,1,3,7,125
201600007051,16,7,13,1900,1,1,1,1,2,415
201600007052,16,8,19,1500,1,1,1,1,7,37
201600007053,16,9,1,1600,1,2,1,1,1,3
201600007054,16,11,27,1430,1,1,1,1,6,156
201600007055,16,3,19,800,1,1,1,1,6,209
201600007056,16,6,10,800,1,1,1,1,3,238
201600007057,16,7,21,1600,1,1,1,1,1,375
201600007058,16,9,17,645,2,1,1,2,7,238
201600007059,16,3,11,730,2,1,1,1,1,33
201600007060,16,7,18,1600,1,1,1,1,1,48
201600007061,16,10,24,1015,1,1,1,3,6,250
201600007062,16,12,20,1345,1,2,1,8,3,250
201600007063,16,4,13,1400,1,1,1,1,3,372
201600007064,16,7,4,1015,1,1,1,1,6,428
201600007065,16,10,12,1430,1,2,1,1,1,94
201600007066,16,12,9,1330,1,1,1,1,1,285
201600007067,16,1,12,1915,3,1,1,1,3,295
201600007068,16,1,23,545,3,1,1,1,6,261
201600007069,16,4,12,1630,1,1,2,1,5,295
201600007070,16,4,29,1230,1,2,1,1,3,79
201600007071,16,7,2,1845,1,1,1,1,6,437
201600007072,16,7,5,1145,1,1,1,1,3,68
201600007073,16,8,5,1545,1,1,1,2,7,141
201600007074,16,8,24,1700,1,1,1,1,3,213
201600007075,16,10,6,1015,1,2,1,1,6,187
201600007076,16,11,10,1045,1,1,2,8,3,317
201600007077,16,11,10,2015,5,2,1,3,3,158
201600007078,16,11,11,2045,5,1,1,1,5,437
201600007079,16,11,17,2315,3,1,1,2,5,34
201600007080,16,12,15,845,1,1,2,1,1,68
201600007081,16,12,28,1415,1,1,1,9,6,418
201600007082,16,1,22,715,2,1,1,1,1,259
201600007083,16,4,10,245,4,2,1,2,6,31
201600007084,16,5,1,1715,1,1,1,1,6,106
201600007085,16,5,6,845,1,1,1,1,6,20
201600007086,16,6,12,1200,1,1,1,1,7,370
201600007087,16,9,5,1300,1,1,1,2,1,355
201600007088,16,9,16,1715,1,1,1,8,6,259
201600007089,16,10,22,1945,3,1,9,1,6,31
201600007090,16,11,26,1800,2,1,1,1,3,298
201600007091,16,12,1,1915,3,1,9,1,1,268
201600007092,16,12,5,1845,3,1,1,1,7,254
201600007093,16,10,16,1415,1,2,1,1,3,289
201600007094,16,10,22,1915,3,1,1,5,2,234
201600007095,16,11,30,845,2,2,1,1,2,323
201600007096,16,9,14,2300,3,1,1,1,7,56
201600007097,16,10,30,1400,1,1,1,1,1,422
201600007098,16,11,18,1215,1,1,1,2,7,114
201600007099,16,1,9,130,3,1,1,5,6,64
201600007100,16,2,21,1600,1,1,1,1,6,183
201600007101,16,11,7,1945,3,2,1,1,6,237
201600007102,16,1,25,1615,1,2,1,7,2,353
201600007103,16,6,12,1845,1,1,1,1,5,248
201600007104,16,9,10,15,3,1,1,1,6,353
201600007105,16,5,21,1130,1,1,1,1,1,58
201600007106,16,9,3,1215,1,1,1,1,7,330
201600007107,16,9,9,1800,1,1,1,1,7,251
201600007108,16,9,24,1730,1,2,1,1,7,322
201600007109,16,10,10,2315,3,1,1,1,1,221
201600007110,16,9,28,1645,1,2,9,1,2,253
201600007111,16,10,27,430,3,1,1,5,6,310
201600007112,16,10,29,915,1,1,1,1,7,253
201600007113,16,2,12,2200,3,1,1,2,1,269
201600007114,16,2,19,730,1,1,1,1,7,432
201600007115,16,4,23,1215,1,1,1,2,1,348
201600007116,16,5,13,1115,1,1,1,1,1,37
201600007117,16,6,8,1700,1,1,1,1,2,36
201600007118,16,7,16,1715,1,1,1,1,6,105
201600007119,16,10,28,1530,1,1,1,1,6,447
201600007120,16,5,7,2345,5,2,1,1,6,332
201600007121,16,7,10,1715,1,1,1,1,6,208
201600007122,16,12,4,1615,1,1,1,1,7,60
201600007123,16,1,17,1400,1,1,1,1,3,119
201600007124,16,8,6,1245,1,1,1,1,7,93
201600007125,16,8,19,1230,1,1,1,1,1,513
201600007126,16,4,16,1900,1,1,1,1,1,529
201600007127,16,6,9,1715,1,1,1,1,7,62
201600007128,16,7,3,1700,1,1,1,1,7,28
201600007129,16,9,28,2030,5,2,1,1,6,405
201600007130,16,10,2,730,2,1,1,1,1,529
201600007131,16,12,5,1230,1,1,1,9,6,431
201600007132,16,2,5,1615,1,1,1,8,1,512
201600007133,16,2,8,1215,1,1,1,3,7,512
201600007134,16,3,31,715,2,1,1,5,1,456
201600007135,16,5,15,1815,1,1,1,1,7,118
201600007136,16,5,17,830,1,1,1,1,6,250
201600007137,16,7,17,630,2,1,1,5,7,230
201600007138,16,7,23,1645,1,1,1,1,7,347
201600007139,16,9,14,1030,1,1,1,1,3,118
201600007140,16,9,24,800,1,2,3,1,1,29
201600007141,16,9,27,1645,1,1,1,1,1,442
201600007142,16,10,8,1745,1,1,1,2,2,194
201600007143,16,10,24,1930,5,2,1,2,6,484
201600007144,16,11,26,1515,1,1,1,1,7,440
201600007145,16,3,13,1845,2,2,9,1,6,149
201600007146,16,8,2,1315,1,1,1,2,7,359
201600007147,16,8,23,1745,1,2,1,1,1,171
201600007148,16,2,12,1230,1,1,1,8,3,555
201600007149,16,3,25,815,1,1,3,2,3,179
201600007150,16,8,23,1415,1,1,1,1,7,555
201600007151,16,9,12,15,3,2,1,1,6,535
201600007152,16,11,1,1620,1,1,1,1,2,555
201600007153,16,1,6,1315,1,2,1,3,1,367
201600007154,16,2,28,1500,1,2,1,1,6,38
201600007155,16,4,13,1315,1,2,1,1,6,38
201600007156,16,6,25,900,1,2,1,1,6,371
201600007157,16,8,13,1030,1,2,1,1,7,699
201600007158,16,8,29,715,2,1,9,1,1,699
201600007159,16,9,1,1615,1,2,1,1,1,639
201600007160,16,10,13,1910,5,2,1,2,6,38
201600007161,16,10,19,800,2,2,3,1,3,38
201600007162,16,3,17,1430,1,1,1,1,1,352
201600007163,16,4,10,445,5,2,1,1,6,370
201600007164,16,6,5,1800,1,1,1,1,7,261
201600007165,16,9,13,1800,1,1,1,1,3,106
201600007166,16,1,29,1245,1,1,1,1,7,113
201600007167,16,1,29,1700,1,1,1,1,2,458
201600007168,16,3,17,1530,1,2,3,1,3,295
201600007169,16,5,16,1400,1,2,2,1,3,295
201600007170,16,6,5,1945,1,1,1,1,7,390
201600007171,16,7,25,2345,5,2,1,1,6,442
201600007172,16,8,8,1430,1,1,1,1,3,586
201600007173,16,8,11,1145,1,2,1,1,3,390
201600007174,16,12,2,1020,1,1,1,9,6,132
201600007175,16,3,3,1445,1,2,1,2,1,496
201600007176,16,9,13,1900,1,1,2,1,3,437
201600007177,16,1,9,1200,1,1,1,2,3,391
201600007178,16,3,11,1945,3,1,1,1,6,421
201600007179,16,3,23,330,3,1,1,1,1,599
201600007180,16,1,1,1415,1,1,1,1,6,37
201600007181,16,1,4,1500,1,1,1,1,3,412
201600007182,16,1,22,1845,3,1,1,2,3,541
201600007183,16,1,25,1345,1,1,1,1,5,527
201600007184,16,3,14,1945,3,1,1,1,6,558
201600007185,16,5,16,2300,5,2,1,1,6,461
201600007186,16,6,7,1800,1,1,2,1,3,534
201600007187,16,6,24,1130,1,1,1,1,5,492
201600007188,16,7,1,1815,1,1,3,1,3,712
201600007189,16,8,3,1800,1,2,1,1,3,684
201600007190,16,9,9,1830,2,1,1,1,1,582
201600007191,16,6,4,1145,1,2,1,1,1,600
201600007192,16,6,11,945,1,2,1,1,7,652
201600007193,16,6,19,1415,1,1,9,1,3,360
201600007194,16,8,15,2215,3,1,1,1,4,251
201600007195,16,1,4,1830,3,1,1,2,6,688
201600007196,16,3,22,1315,1,1,1,7,5,506
201600007197,16,6,6,1900,1,1,1,1,1,289
201600007198,16,7,8,1615,1,2,1,1,6,464
201600007199,16,12,3,1455,1,2,2,1,3,368
201600007200,16,12,22,1750,5,2,1,2,6,606
201600007201,16,3,12,200,3,1,1,1,6,89
201600007202,16,2,21,1945,5,2,1,1,6,154
201600007203,16,6,26,1930,1,2,1,1,5,115
201600007204,16,7,25,1515,1,1,1,1,6,134
201600007205,16,7,28,1400,1,1,1,3,7,115
201600007206,16,9,3,2315,3,1,1,1,7,296
201600007207,16,4,18,2000,1,1,1,1,6,4
201600007208,16,5,20,1700,1,1,1,1,1,257
201600007209,16,7,8,200,4,2,1,1,7,364
201600007210,16,9,6,2230,3,2,1,1,6,276
201600007211,16,2,27,2315,3,1,1,1,7,199
201600007212,16,3,19,1430,1,1,1,1,2,696
201600007213,16,4,10,515,5,2,1,1,6,603
201600007214,16,6,11,915,1,2,1,1,7,425
201600007215,16,9,13,1915,1,1,1,7,6,291
201600007216,16,2,26,1600,1,1,2,1,3,80
201600007217,16,2,19,2230,3,1,1,1,6,234
201600007218,16,6,19,2045,1,1,1,1,1,18
201600007219,16,7,9,1145,1,1,1,1,2,223
201600007220,16,9,14,1445,1,1,1,1,6,559
201600007221,16,9,30,1715,1,1,1,1,1,373
201600007222,16,3,15,1200,1,2,3,1,3,250
201600007223,16,3,23,845,1,1,1,1,6,151
201600007224,16,4,3,1115,1,1,1,1,1,46
201600007225,16,9,3,1845,1,1,1,1,2,280
201600007226,16,9,19,630,2,1,1,8,7,95
201600007227,16,9,24,1030,1,1,1,1,1,95
201600007228,16,9,3,1630,1,1,1,7,6,172
201600007229,16,10,4,1800,1,2,6,1,3,95
201600007230,16,11,3,915,2,2,1,1,1,95
201600007231,16,12,15,815,1,1,1,1,7,291
201600007232,16,12,15,1330,1,1,1,2,7,241
201600007233,16,12,28,1830,5,2,1,2,6,95
201600007234,16,1,13,2100,5,2,1,1,3,160
201600007235,16,1,16,930,1,1,1,1,1,121
201600007236,16,2,24,1745,2,2,2,3,3,117
201600007237,16,3,18,1215,1,2,1,1,3,117
201600007238,16,4,20,800,1,2,1,1,3,117
201600007239,16,6,9,1445,1,2,1,1,1,117
201600007240,16,8,3,1830,1,1,1,1,1,160
201600007241,16,1,2,1500,1,1,1,1,1,247
201600007242,16,1,31,1345,1,1,1,2,6,258
201600007243,16,5,11,1145,1,1,1,1,6,238
201600007244,16,5,15,400,3,1,1,1,7,134
201600007245,16,6,1,1415,1,1,1,2,2,232
201600007246,16,7,10,1245,1,1,1,1,3,72
201600007247,16,7,23,1615,1,2,3,1,1,238
201600007248,16,7,24,1530,1,2,1,1,3,31
201600007249,16,9,5,1915,1,2,1,1,6,258
201600007250,16,10,14,1215,1,1,1,3,6,72
201600007251,16,10,26,2130,3,1,1,1,7,232
201600007252,16,10,29,2000,3,1,1,1,1,6
201600007253,16,12,22,1745,2,1,1,2,1,72
201600007254,16,1,15,115,3,1,1,1,3,264
201600007255,16,4,22,1345,1,1,1,1,1,293
201600007256,16,7,1,915,1,1,1,1,1,296
201600007257,16,7,16,1445,1,1,1,1,5,264
201600007258,16,9,3,1345,1,2,1,1,6,152
201600007259,16,9,11,2115,3,1,1,1,6,51
201600007260,16,9,18,815,1,1,1,1,1,57
201600007261,16,10,7,1745,1,1,6,1,6,152
201600007262,16,11,5,1900,3,1,1,1,6,146
201600007263,16,12,3,1600,1,1,1,1,7,146
201600007264,16,3,20,1,5,1,1,1,6,267
201600007265,16,3,26,2245,3,2,1,1,6,17
201600007266,16,4,23,1700,1,1,3,1,1,223
201600007267,16,5,6,1600,1,1,1,1,1,223
201600007268,16,5,2,2030,2,1,1,1,6,253
201600007269,16,5,11,2015,1,1,1,1,1,4
201600007270,16,5,15,1445,1,1,1,1,6,92
201600007271,16,6,16,1645,1,2,1,1,3,35
201600007272,16,7,1,1845,1,1,1,1,3,17
201600007273,16,3,14,1045,1,2,6,1,6,62
201600007274,16,7,31,1730,1,1,1,1,7,111
201600007275,16,8,19,1500,1,1,1,1,1,10
201600007276,16,9,11,1730,1,1,1,1,1,139
201600007277,16,9,21,2345,3,1,1,1,6,62
201600007278,16,10,22,1015,1,1,1,1,2,63
201600007279,16,11,14,1400,1,1,1,1,6,173
201600007280,16,5,19,1445,1,2,1,2,7,79
201600007281,16,7,10,230,3,1,1,1,1,79
201600007282,16,10,24,1345,1,2,1,3,7,286
201600007283,16,11,6,1400,1,2,1,8,1,79
201600007284,16,11,7,1930,5,2,1,2,6,156
201600007285,16,12,23,230,3,1,1,2,6,32
201600007286,16,2,21,1115,1,1,1,2,7,75
201600007287,16,7,23,1545,1,1,1,1,5,185
201600007288,16,7,31,1715,1,1,1,1,6,106
201600007289,16,9,28,830,1,1,1,1,7,305
201600007290,16,12,3,1500,1,2,1,8,7,83
201600007291,16,6,26,900,1,1,1,7,1,86
201600007292,16,8,1,1200,1,2,1,1,7,193
201600007293,16,8,30,1300,1,2,1,1,3,86
201600007294,16,9,17,1600,1,1,1,1,7,2
201600007295,16,11,3,915,2,1,1,7,1,77
201600007296,16,11,27,1500,1,2,1,1,3,86
201600007297,16,2,1,1545,1,1,1,1,1,122
201600007298,16,2,10,1145,1,1,1,1,6,218
201600007299,16,4,3,530,5,2,1,1,6,164
201600007300,16,5,7,1645,1,1,1,1,6,27
201600007301,16,6,10,900,1,1,1,1,3,302
201600007302,16,8,25,830,1,2,1,7,6,59
201600007303,16,9,18,500,3,1,1,1,6,295
201600007304,16,9,27,930,1,2,1,1,6,59
201600007305,16,10,26,2145,3,1,1,1,6,215
201600007306,16,11,5,1730,2,1,1,1,3,59
201600007307,16,11,6,445,3,2,1,2,6,122
201600007308,16,12,12,1730,2,1,1,1,1,256
201600007309,16,12,13,1500,1,2,1,1,6,215
201600007310,16,12,28,100,4,2,1,8,6,295
201600007311,16,7,15,1600,1,1,1,1,6,227
201600007312,16,5,10,1545,1,1,1,1,1,210
201600007313,16,6,12,1015,1,1,2,2,3,360
201600007314,16,8,9,330,5,1,1,1,2,525
201600007315,16,8,10,1800,1,1,1,1,3,574
201600007316,16,8,23,1445,1,2,1,1,1,250
201600007317,16,9,25,500,3,1,1,1,6,126
201600007318,16,9,29,1915,2,2,1,1,1,526
201600007319,16,9,30,1945,3,1,1,2,1,235
201600007320,16,10,15,1800,1,1,2,1,3,360
201600007321,16,10,17,1915,2,1,1,2,3,360
201600007322,16,11,15,1600,1,1,1,1,2,360
201600007323,16,12,26,1445,1,2,1,2,2,235
201600007324,16,2,5,1630,1,2,1,1,4,90
201600007325,16,5,2,1515,1,2,1,1,7,385
201600007326,16,6,19,1130,1,2,1,8,6,372
201600007327,16,7,10,1330,1,2,1,1,6,90
201600007328,16,8,3,1030,1,2,1,1,3,90
201600007329,16,8,29,1600,1,1,1,1,4,481
201600007330,16,10,19,730,5,2,1,1,6,84
201600007331,16,4,1,1515,1,2,1,1,7,545
201600007332,16,6,10,945,1,2,1,1,1,495
201600007333,16,6,24,1330,1,2,6,1,3,137
201600007334,16,8,15,1415,1,1,1,1,6,470
201600007335,16,1,28,700,5,1,1,1,3,550
201600007336,16,4,7,2330,3,1,1,1,1,543
201600007337,16,5,28,1545,1,1,1,1,3,345
201600007338,16,6,26,345,3,1,1,1,6,100
201600007339,16,7,10,2030,1,1,1,1,6,16
201600007340,16,7,20,1045,1,1,1,1,3,550
201600007341,16,11,15,1330,1,1,6,1,3,591
201600007342,16,11,17,1830,3,1,1,1,1,248
201600007343,16,12,7,1745,1,1,1,5,1,543
201600007344,16,2,3,1330,1,1,1,2,6,266
201600007345,16,5,30,1715,2,1,1,2,6,14
201600007346,16,7,19,2000,1,1,1,1,1,10
201600007347,16,8,1,1015,1,2,1,1,5,14
201600007348,16,9,3,1745,1,2,9,7,3,162
201600007349,16,9,29,1400,1,1,1,1,1,14
201600007350,16,10,25,745,2,1,1,5,7,313
201600007351,16,8,4,1700,1,1,1,2,6,98
201600007352,16,6,14,1700,1,1,1,1,3,149
201600007353,16,7,2,1715,1,1,1,1,1,257
201600007354,16,7,3,1245,1,2,1,1,4,73
201600007355,16,9,1,845,1,2,1,7,6,73
201600007356,16,9,15,830,1,1,1,1,1,391
201600007357,16,12,3,845,3,1,1,5,3,378
201600007358,16,5,21,2000,1,1,2,1,3,124
201600007359,16,6,1,830,1,2,2,1,3,269
201600007360,16,7,18,1345,1,1,1,1,1,374
201600007361,16,8,17,2345,3,1,1,1,2,426
201600007362,16,10,7,1715,1,2,1,1,2,269
201600007363,16,10,22,1430,1,1,1,1,7,277
201600007364,16,2,28,315,4,2,1,1,6,336
201600007365,16,3,17,730,1,1,1,5,3,215
201600007366,16,5,28,1045,1,1,1,8,1,398
201600007367,16,6,12,1745,1,2,1,1,3,456
201600007368,16,7,3,1015,1,1,1,1,1,398
201600007369,16,7,4,1500,1,1,1,1,1,420
201600007370,16,7,15,1615,1,1,1,1,4,256
201600007371,16,8,10,1845,1,2,1,1,2,33
201600007372,16,9,6,1700,1,2,1,1,2,189
201600007373,16,9,8,1915,1,1,1,1,3,398
201600007374,16,9,14,1500,1,1,1,1,7,329
201600007375,16,9,24,1000,1,1,1,1,3,420
201600007376,16,11,1,400,4,1,1,1,7,420
201600007377,16,11,4,15,4,1,1,1,6,189
201600007378,16,4,24,1000,1,2,1,1,2,444
201600007379,16,6,23,1745,1,1,1,1,3,555
201600007380,16,7,5,1745,1,2,1,1,3,444
201600007381,16,9,24,1645,1,1,1,1,2,555
201600007382,16,10,8,30,3,1,1,1,7,512
201600007383,16,1,20,1000,1,2,1,8,6,106
201600007384,16,5,23,1600,1,1,1,2,3,86
201600007385,16,9,2,1930,2,1,1,1,6,394
201600007386,16,2,26,1900,3,1,1,1,1,473
201600007387,16,3,17,800,1,1,1,1,1,110
201600007388,16,6,28,1715,1,1,1,1,1,120
201600007389,16,12,5,745,2,1,1,9,5,95
201600007390,16,3,2,1100,1,1,3,2,3,325
201600007391,16,3,20,30,5,1,1,1,1,176
201600007392,16,5,6,1830,1,2,1,1,6,176
201600007393,16,8,22,1730,1,1,1,7,1,325
201600007394,16,9,17,2100,5,2,2,3,3,176
201600007395,16,9,24,1100,1,2,1,1,6,176
201600007396,16,7,30,1545,1,1,2,1,3,24
201600007397,16,10,23,630,3,1,1,1,7,307
201600007398,16,8,27,745,2,1,1,1,1,590
201600007399,16,11,12,1345,1,1,1,8,5,232
201600007400,16,11,29,1745,2,2,1,1,3,588
201600007401,16,12,4,1215,1,2,1,1,6,439
201600007402,16,6,23,1430,1,1,1,1,7,442
201600007403,16,6,25,1930,1,2,1,1,1,47
201600007404,16,6,29,1215,1,2,1,1,3,47
201600007405,16,8,18,1200,1,1,1,1,6,227
201600007406,16,9,5,945,1,1,1,1,1,152
201600007407,16,9,25,2100,3,1,1,1,7,280
201600007408,16,1,30,515,3,1,1,8,6,370
201600007409,16,2,21,1345,1,1,1,1,5,340
201600007410,16,3,4,1700,1,1,1,3,1,370
201600007411,16,6,16,1800,1,2,1,1,6,542
201600007412,16,11,8,1430,1,1,1,1,1,490
201600007413,16,7,1,1930,1,1,1,1,3,558
201600007414,16,10,28,1500,1,1,1,8,6,528
201600007415,16,11,20,1845,5,2,1,1,3,27
201600007416,16,12,20,1015,1,2,1,1,6,263
201600007417,16,7,21,900,1,2,1,1,6,318
201600007418,16,10,7,1900,1,1,1,1,6,244
201600007419,16,1,11,1545,1,1,1,6,6,396
201600007420,16,2,13,1430,1,1,1,2,7,419
201600007421,16,3,5,2015,3,1,1,2,3,534
201600007422,16,4,2,2015,2,2,1,1,1,207
201600007423,16,4,10,1715,1,1,1,1,6,93
201600007424,16,6,18,915,1,1,1,1,1,173
201600007425,16,10,3,1145,1,1,1,1,1,351
201600007426,16,11,22,900,1,1,1,2,3,357
201600007427,16,12,6,1915,5,2,3,5,7,351
201600007428,16,12,10,730,2,1,1,5,5,357
201600007429,16,12,10,230,3,1,1,5,6,295
201600007430,16,12,10,2245,4,2,1,5,6,314
201600007431,16,9,19,400,3,1,1,1,6,282
201600007432,16,9,23,1800,1,1,1,7,6,479
201600007433,16,10,22,300,3,1,9,5,6,38
201600007434,16,12,1,800,1,2,1,1,6,310
201600007435,16,2,8,1345,1,1,1,6,1,417
201600007436,16,8,7,1900,1,1,1,1,3,455
201600007437,16,3,11,145,3,1,1,1,4,350
201600007438,16,3,16,330,3,1,1,1,3,133
201600007439,16,5,31,300,3,1,1,2,7,313
201600007440,16,6,17,800,1,1,1,2,6,384
201600007441,16,8,24,815,1,1,1,1,2,388
201600007442,16,8,27,630,3,1,1,1,7,53
201600007443,16,10,20,100,3,1,1,1,5,384
201600007444,16,12,25,15,3,1,1,1,2,388
201600007445,16,2,14,1700,1,1,1,2,5,404
201600007446,16,2,25,2300,3,1,1,1,2,136
201600007447,16,4,8,845,1,1,1,2,6,124
201600007448,16,3,12,930,1,1,1,1,3,291
201600007449,16,5,22,1215,1,1,1,3,6,27
201600007450,16,5,30,130,3,1,1,3,6,136
201600007451,16,6,13,2215,3,1,1,1,2,466
201600007452,16,7,19,2245,3,1,1,1,6,461
201600007453,16,8,4,1715,1,1,1,1,7,442
201600007454,16,8,7,1200,1,1,1,1,6,442
201600007455,16,8,11,2315,3,1,1,1,7,380
201600007456,16,11,6,1415,1,1,1,4,6,442
201600007457,16,11,11,715,2,1,1,8,6,461
201600007458,16,12,18,515,3,1,1,5,2,350
201600007459,16,1,7,645,3,1,1,2,6,77
201600007460,16,3,15,1600,1,1,1,1,2,438
201600007461,16,5,4,1430,1,1,1,7,1,453
201600007462,16,5,12,1645,1,1,1,8,1,13
201600007463,16,8,8,1200,1,1,1,1,1,438
201600007464,16,9,1,1945,2,1,1,1,1,83
201600007465,16,9,9,715,1,2,1,1,1,13
201600007466,16,9,30,1430,1,1,1,1,3,337
201600007467,16,10,4,1045,1,1,1,1,2,13
201600007468,16,10,31,1800,3,2,1,1,7,438
201600007469,16,11,2,1630,1,2,1,1,2,83
201600007470,16,11,6,745,1,1,1,2,1,453
201600007471,16,12,1,1815,3,1,1,9,3,438
201600007472,16,4,7,1330,1,1,1,1,5,441
201600007473,16,7,24,1015,1,1,1,1,7,125
201600007474,16,7,29,30,5,2,1,1,3,130
201600007475,16,7,30,1100,1,2,1,1,7,158
201600007476,16,8,9,615,1,1,1,1,7,84
201600007477,16,8,14,2300,3,1,1,1,7,314
201600007478,16,10,2,600,1,1,1,1,6,158
201600007479,16,11,28,1630,1,1,1,7,5,256
201600007480,16,2,2,800,1,1,1,2,6,61
201600007481,16,4,23,1845,1,1,1,1,6,186
201600007482,16,9,28,1130,1,2,9,1,6,345
201600007483,16,10,31,1800,3,1,1,1,1,425
201600007484,16,12,6,1400,1,1,2,1,3,425
201600007485,16,12,8,1545,1,2,1,1,3,474
201600007486,16,3,24,1645,1,1,2,1,3,307
201600007487,16,4,5,1530,1,1,1,1,5,263
201600007488,16,5,8,1815,1,1,1,1,7,34
201600007489,16,7,9,530,2,1,1,1,1,200
201600007490,16,7,22,1630,1,1,1,1,3,68
201600007491,16,7,25,1500,1,1,1,1,1,263
201600007492,16,9,3,1930,2,2,1,7,1,328
201600007493,16,10,12,830,1,2,1,1,3,382
201600007494,16,10,13,1630,1,1,2,8,2,263
201600007495,16,11,3,1500,1,1,2,1,3,2
201600007496,16,1,4,1830,3,1,1,2,3,311
201600007497,16,2,20,445,3,1,1,2,6,216
201600007498,16,2,23,1815,2,1,1,2,1,344
201600007499,16,5,1,930,1,2,1,1,6,344
201600007500,16,5,5,2000,1,1,1,1,6,344
201600007501,16,6,11,2300,3,1,1,2,6,365
201600007502,16,7,15,1445,1,1,1,1,1,344
201600007503,16,7,19,1845,1,1,3,1,4,344
201600007504,16,8,20,1930,1,1,1,1,6,419
201600007505,16,9,27,915,1,2,1,1,1,311
201600007506,16,10,7,845,1,1,1,1,5,222
201600007507,16,11,6,1300,1,1,1,1,6,368
201600007508,16,12,19,130,4,1,1,1,6,324
201600007509,16,2,13,815,2,1,1,2,6,71
201600007510,16,4,5,1315,1,1,1,1,3,235
201600007511,16,7,9,15,3,1,1,1,6,378
201600007512,16,7,19,1045,1,1,2,1,3,235
201600007513,16,8,7,1200,1,2,1,1,1,25
201600007514,16,8,23,1445,1,2,1,1,3,91
201600007515,16,9,18,1400,1,1,9,5,1,409
201600007516,16,10,2,1115,1,1,1,1,5,89
201600007517,16,11,15,1700,2,2,1,1,6,25
201600007518,16,3,17,815,1,1,4,1,5,134
201600007519,16,9,30,715,1,1,1,1,6,42
201600007520,16,12,11,1706,3,1,1,5,1,208
201600007521,16,3,7,1500,1,1,1,8,1,37
201600007522,16,3,30,1500,1,2,1,8,3,206
201600007523,16,4,19,1600,1,1,2,1,3,230
201600007524,16,7,9,1145,1,2,1,1,3,206
201600007525,16,10,9,700,2,1,1,1,1,335
201600007526,16,12,1,1000,1,2,1,1,2,206
201600007527,16,12,6,1130,1,1,1,1,1,37
201600007528,16,7,29,1700,1,1,1,1,1,86
201600007529,16,12,4,2230,3,1,1,9,6,484
201600007530,16,2,12,1130,1,2,1,3,6,55
201600007531,16,3,25,1830,1,1,1,8,6,218
201600007532,16,6,23,730,1,2,1,7,5,257
201600007533,16,7,9,1230,1,2,6,1,3,257