Num_Acc,an,mois,jour,hrmn,lum,agg,int,atm,col,com
201600007534,16,7,24,1100,1,2,9,1,1,257
201600007535,16,11,11,1300,1,1,1,1,2,85
201600007536,16,12,27,2245,5,2,1,5,3,50
201600007537,16,7,23,630,1,1,1,1,6,239
201600007538,16,1,20,1700,1,1,2,1,3,255
201600007539,16,3,12,1315,1,2,1,1,1,309
201600007540,16,3,30,1100,1,1,1,2,4,391
201600007541,16,4,24,1145,1,1,1,1,3,255
201600007542,16,8,6,630,5,2,1,1,6,414
201600007543,16,10,29,1130,1,1,1,1,1,332
201600007544,16,10,29,1430,1,1,1,1,3,414
201600007545,16,3,14,915,1,1,1,1,3,264
201600007546,16,3,18,915,1,1,2,7,3,404
201600007547,16,9,1,1300,1,1,1,1,3,442
201600007548,16,9,10,1930,1,1,1,1,7,404
201600007549,16,12,22,700,3,1,1,2,3,209
201600007550,16,5,14,1400,1,1,1,1,2,348
201600007551,16,9,17,1845,1,1,1,8,6,348
201600007552,16,11,20,1345,1,1,2,2,3,388
201600007553,16,5,28,1730,1,1,1,1,6,418
201600007554,16,7,13,1030,1,1,1,8,1,407
201600007555,16,6,4,145,3,1,1,8,7,410
201600007556,16,6,20,1345,1,1,1,1,5,36
201600007557,16,7,8,1730,1,1,1,1,2,245
201600007558,16,9,23,1400,1,1,1,1,7,58
201600007559,16,11,18,545,3,1,1,1,7,418
201600007560,16,12,27,1745,2,1,1,1,1,58
201600007561,16,7,2,2045,2,1,1,1,7,300
201600007562,16,7,6,1645,1,1,1,1,7,415
201600007563,16,8,14,1515,1,1,1,1,2,331
201600007564,16,9,11,330,3,2,1,1,6,199
201600007565,16,9,11,1145,1,1,1,1,6,339
201600007566,16,10,3,930,1,2,1,7,6,434
201600007567,16,10,22,945,1,2,1,1,6,434
201600007568,16,12,30,1530,1,1,1,1,6,535
201600007569,16,1,25,1530,1,1,1,1,1,511
201600007570,16,4,29,1815,1,1,1,1,7,154
201600007571,16,6,30,2330,3,1,1,1,1,488
201600007572,16,7,2,1045,1,1,1,1,1,84
201600007573,16,10,16,1630,1,1,1,1,7,443
201600007574,16,2,27,1600,1,2,1,1,6,284
201600007575,16,3,20,1715,1,1,6,1,1,97
201600007576,16,7,30,1915,1,2,2,1,6,284
201600007577,16,11,10,1345,1,2,8,2,6,57
201600007578,16,2,27,1400,1,1,1,1,6,350
201600007579,16,5,25,1900,1,2,6,1,7,632
201600007580,16,10,21,1415,1,2,1,1,6,13
201600007581,16,1,8,145,3,1,1,9,6,228
201600007582,16,3,17,1715,1,2,6,1,3,228
201600007583,16,4,29,1630,1,2,1,1,6,367
201600007584,16,5,2,2115,5,2,1,1,7,237
201600007585,16,7,9,1930,1,2,1,1,3,228
201600007586,16,8,5,1030,1,2,1,1,6,228
201600007587,16,10,18,2030,5,2,1,2,6,367
201600007588,16,11,22,1315,1,1,1,1,1,4
201600007589,16,1,5,815,1,1,1,2,1,108
201600007590,16,5,15,1200,1,1,1,1,7,471
201600007591,16,5,26,1545,1,2,1,1,3,370
201600007592,16,7,27,1815,1,2,1,1,1,426
201600007593,16,8,10,1615,1,1,1,1,7,463
201600007594,16,3,17,1930,3,1,1,1,1,47
201600007595,16,6,14,2015,1,1,3,1,3,505
201600007596,16,7,13,2145,2,2,1,1,6,47
201600007597,16,10,9,30,3,1,1,1,6,465
201600007598,16,10,21,730,2,1,1,1,1,279
201600007599,16,11,3,2030,3,1,1,1,5,313
201600007600,16,2,22,900,1,1,1,1,6,18
201600007601,16,2,23,2230,5,2,1,9,6,530
201600007602,16,4,3,1745,1,2,1,1,2,529
201600007603,16,7,8,1930,1,1,1,1,1,306
201600007604,16,8,8,1945,1,1,1,1,6,232
201600007605,16,9,2,2015,3,1,4,1,1,19
201600007606,16,10,6,400,5,2,1,1,6,315
201600007607,16,10,24,1545,1,2,1,1,1,22
201600007608,16,12,8,2115,3,1,1,1,6,315
201600007609,16,12,29,1645,1,1,1,1,1,315
201600007610,16,1,13,1815,3,1,1,1,6,197
201600007611,16,4,12,1730,1,2,1,1,1,598
201600007612,16,5,16,1745,1,2,1,1,3,495
201600007613,16,9,1,115,3,1,1,1,7,576
201600007614,16,9,16,1700,1,1,1,1,1,132
201600007615,16,10,7,1330,1,1,3,1,3,111
201600007616,16,11,23,2230,3,1,1,1,6,197
201600007617,16,1,12,1200,1,1,1,2,1,262
201600007618,16,4,15,2300,3,1,1,3,6,600
201600007619,16,5,2,715,1,1,1,2,1,262
201600007620,16,6,6,2045,1,1,1,2,6,219
201600007621,16,6,17,1715,1,2,1,1,6,453
201600007622,16,7,13,2330,5,2,1,1,3,578
201600007623,16,8,2,1700,1,1,1,7,6,231
201600007624,16,8,25,745,1,1,1,1,6,601
201600007625,16,9,2,1330,1,1,2,1,3,343
201600007626,16,9,2,1830,1,1,1,1,6,432
201600007627,16,12,23,1700,2,1,2,1,1,219
201600007628,16,1,24,1830,3,1,1,1,5,440
201600007629,16,2,2,1730,2,1,1,8,4,157
201600007630,16,2,14,2100,3,1,1,1,6,515
201600007631,16,3,6,1730,1,1,1,4,1,440
201600007632,16,3,13,545,3,1,1,1,1,110
201600007633,16,6,22,1800,1,1,1,1,5,634
201600007634,16,6,26,330,3,1,1,1,6,25
201600007635,16,8,5,1700,1,1,1,9,5,201
201600007636,16,9,12,945,1,1,1,1,3,110
201600007637,16,10,3,1045,1,1,1,1,4,282
201600007638,16,10,29,1215,1,2,1,1,3,259
201600007639,16,3,16,930,3,1,1,1,5,318
201600007640,16,4,22,2345,3,1,6,2,6,514
201600007641,16,5,5,1500,1,1,1,1,2,75
201600007642,16,5,6,1515,1,2,1,1,7,307
201600007643,16,6,9,1815,1,1,1,1,6,525
201600007644,16,7,16,1300,1,1,1,1,7,320
201600007645,16,9,9,600,2,2,1,1,6,318
201600007646,16,9,20,745,1,1,1,5,6,413
201600007647,16,10,10,1130,1,1,1,1,7,308
201600007648,16,10,10,715,5,2,1,1,6,413
201600007649,16,10,28,1930,5,1,1,1,6,308
201600007650,16,11,30,600,3,1,1,1,3,318
201600007651,16,3,11,1730,1,1,1,1,1,512
201600007652,16,5,22,1415,1,1,1,1,6,403
201600007653,16,7,24,1315,1,2,1,1,3,411
201600007654,16,7,27,915,1,2,6,1,6,411
201600007655,16,9,8,1630,1,2,3,1,3,411
201600007656,16,9,14,1200,1,2,1,7,6,512
201600007657,16,10,1,2330,3,1,1,2,1,321
201600007658,16,10,10,1815,1,1,1,1,4,240
201600007659,16,10,18,1715,1,1,1,1,5,240
201600007660,16,10,26,1015,1,1,1,1,3,240
201600007661,16,11,29,1015,1,2,1,1,1,411
201600007662,16,1,6,1845,3,2,1,1,6,70
201600007663,16,2,23,1715,1,2,1,1,3,70
201600007664,16,3,25,1805,1,1,1,1,6,70
201600007665,16,4,13,900,1,2,1,1,6,70
201600007666,16,4,26,1115,1,1,6,1,3,70
201600007667,16,5,29,1400,1,1,1,2,7,70
201600007668,16,5,26,1500,1,2,1,1,3,70
201600007669,16,7,27,1830,1,1,1,1,3,70
201600007670,16,9,9,1105,1,1,1,1,7,70
201600007671,16,10,11,1645,1,2,1,1,6,70
201600007672,16,12,1,1625,1,2,1,1,2,70
201600007673,16,12,12,1550,1,2,1,1,6,70
201600007674,16,12,16,1740,5,2,3,1,5,70
201600007675,16,2,21,1530,1,1,1,1,1,537
201600007676,16,3,5,600,5,1,1,1,6,170
201600007677,16,4,19,1915,1,1,3,1,3,177
201600007678,16,5,14,915,1,1,2,5,3,458
201600007679,16,6,12,700,1,1,1,2,7,348
201600007680,16,7,10,1315,1,1,1,1,7,326
201600007681,16,9,6,1500,1,2,1,1,6,408
201600007682,16,10,16,630,3,1,1,1,7,348
201600007683,16,9,13,1715,1,1,4,1,3,534
201600007684,16,8,11,1645,1,1,2,1,3,104
201600007685,16,8,18,1630,1,1,1,2,1,508
201600007686,16,3,4,1430,1,1,2,8,3,543
201600007687,16,7,1,1815,1,1,3,1,3,9
201600007688,16,7,17,1930,1,1,3,1,3,481
201600007689,16,10,4,2045,3,1,1,1,6,389
201600007690,16,12,2,1730,5,2,2,1,3,97
201600007691,16,6,23,1830,1,2,1,1,6,325
201600007692,16,9,8,1115,1,2,1,7,6,13
201600007693,16,6,17,715,1,1,2,8,3,83
201600007694,16,6,19,1815,1,1,1,8,1,331
201600007695,16,9,10,2030,3,1,1,1,6,228
201600007696,16,12,20,2300,3,1,1,1,6,129
201600007697,16,7,7,1645,1,1,1,1,6,535
201600007698,16,11,30,1200,1,2,6,7,3,13
201600007699,16,1,12,1400,1,1,1,2,7,103
201600007700,16,1,25,715,3,2,1,1,1,399
201600007701,16,6,18,700,1,1,1,2,6,133
201600007702,16,8,14,1715,1,2,1,1,7,439
201600007703,16,9,11,1200,1,1,1,1,7,436
201600007704,16,11,18,2015,5,2,1,2,2,206
201600007705,16,2,6,500,3,1,1,1,6,526
201600007706,16,2,6,1645,1,1,1,1,5,252
201600007707,16,2,27,1430,1,1,1,1,4,501
201600007708,16,5,3,1300,1,2,3,1,3,101
201600007709,16,7,28,1715,1,2,1,1,3,526
201600007710,16,10,7,1730,1,1,1,1,2,30
201600007711,16,1,5,730,3,1,1,8,3,365
201600007712,16,6,9,1430,1,2,1,1,3,149
201600007713,16,7,26,1230,1,2,3,1,3,365
201600007714,16,2,29,1600,1,2,1,1,1,235
201600007715,16,4,16,1445,1,1,1,2,7,96
201600007716,16,9,4,2215,3,1,1,2,6,476
201600007717,16,2,25,1300,1,1,2,1,3,68
201600007718,16,5,6,1430,1,1,1,1,7,453
201600007719,16,4,19,1715,1,1,3,1,3,470
201600007720,16,5,3,1530,1,1,1,3,3,470
201600007721,16,6,1,845,1,1,1,2,1,131
201600007722,16,6,25,730,1,1,1,1,6,494
201600007723,16,7,10,1000,1,1,1,1,6,367
201600007724,16,7,17,1130,1,1,1,1,3,367
201600007725,16,8,3,1715,1,1,3,1,3,258
201600007726,16,8,16,1215,1,1,3,1,3,487
201600007727,16,8,31,1100,1,1,1,1,5,470
201600007728,16,10,5,1515,1,1,3,1,3,126
201600007729,16,11,2,715,2,1,1,1,6,130
201600007730,16,1,12,1700,1,2,1,3,6,112
201600007731,16,2,21,1500,1,2,1,1,6,112
201600007732,16,2,20,620,3,1,3,1,1,112
201600007733,16,4,15,1655,1,1,1,1,6,112
201600007734,16,5,11,1640,1,2,1,8,1,112
201600007735,16,5,14,2310,5,2,1,1,3,112
201600007736,16,6,22,800,1,2,3,1,3,112
201600007737,16,7,2,1255,1,2,1,1,6,112
201600007738,16,8,19,1750,1,2,2,1,3,112
201600007739,16,9,9,2130,5,2,2,1,1,112
201600007740,16,9,24,630,3,1,1,1,6,112
201600007741,16,9,29,855,1,2,3,1,3,112
201600007742,16,10,8,2035,5,2,3,1,7,112
201600007743,16,10,22,1225,1,2,3,1,5,112
201600007744,16,11,8,1150,1,2,1,1,4,112
201600007745,16,12,14,1210,1,2,6,1,3,112
201600007746,16,12,8,1400,1,1,1,1,3,112
201600007747,16,5,12,1245,1,1,3,1,1,134
201600007748,16,5,12,1340,1,1,2,1,3,390
201600007749,16,8,25,2230,3,1,1,1,2,111
201600007750,16,9,3,1815,1,1,2,7,3,111
201600007751,16,10,12,1400,1,1,1,1,1,166
201600007752,16,1,24,515,5,2,1,9,6,17
201600007753,16,2,6,830,1,2,1,1,3,292
201600007754,16,3,15,1400,1,2,1,1,6,202
201600007755,16,4,22,1730,1,2,3,1,3,292
201600007756,16,4,23,1145,1,1,1,2,6,202
201600007757,16,6,13,1645,1,1,3,1,3,572
201600007758,16,11,20,1845,3,1,1,1,7,170
201600007759,16,1,7,1745,3,1,1,8,7,148
201600007760,16,6,5,1415,1,1,2,1,3,482
201600007761,16,6,23,1515,1,2,1,1,6,267
201600007762,16,10,28,1700,1,1,4,1,3,482
201600007763,16,4,10,30,5,2,2,1,3,309
201600007764,16,4,15,915,1,1,1,3,1,109
201600007765,16,5,8,2230,3,1,1,1,1,326
201600007766,16,5,28,1545,1,1,1,1,1,575
201600007767,16,9,8,830,1,2,3,1,3,575
201600007768,16,10,21,1315,1,1,1,1,1,431
201600007769,16,11,27,1800,3,1,1,1,3,383
201600007770,16,12,8,530,3,1,1,9,6,431
201600007771,16,12,18,345,3,1,1,1,1,109
201600007772,16,7,10,1515,1,1,1,1,7,260
201600007773,16,8,8,100,3,1,1,1,1,81
201600007774,16,9,6,1130,1,1,8,1,3,310
201600007775,16,1,13,1215,1,1,1,1,3,451
201600007776,16,2,27,1030,1,1,1,1,5,451
201600007777,16,7,29,1115,1,1,2,1,3,339
201600007778,16,9,30,715,2,2,5,1,3,120
201600007779,16,1,14,1930,5,2,1,2,7,561
201600007780,16,5,7,1845,1,1,1,1,7,561
201600007781,16,6,12,1115,1,1,2,2,3,561
201600007782,16,7,6,1115,1,2,9,7,6,561
201600007783,16,11,22,730,2,2,1,1,6,497
201600007784,16,1,20,700,2,1,1,2,7,98
201600007785,16,3,7,1545,1,2,2,2,3,93
201600007786,16,4,8,1730,1,1,1,1,6,537
201600007787,16,1,1,2230,5,2,1,1,6,279
201600007788,16,1,30,1515,1,2,1,3,6,279
201600007789,16,2,12,1915,5,2,1,3,7,26
201600007790,16,6,7,815,1,2,3,1,3,394
201600007791,16,6,20,700,2,1,1,5,1,461
201600007792,16,6,23,1015,1,2,1,1,6,279
201600007793,16,7,6,1400,1,2,3,1,3,279
201600007794,16,7,9,950,1,2,1,1,6,279
201600007795,16,7,22,1900,1,1,1,1,1,446
201600007796,16,9,25,1400,1,1,1,1,3,376
201600007797,16,11,12,1615,2,2,1,1,1,529
201600007798,16,12,27,1515,1,2,1,7,6,279
201600007799,16,4,9,2015,3,1,1,1,6,525
201600007800,16,6,26,1245,1,1,4,1,3,520
201600007801,16,7,4,1230,1,1,3,1,3,37
201600007802,16,7,12,1415,1,2,1,1,2,198
201600007803,16,9,9,1830,1,2,4,1,3,58
201600007804,16,11,15,700,3,1,1,1,5,525
201600007805,16,4,15,1700,1,1,1,1,3,282
201600007806,16,6,21,2200,3,1,1,1,7,527
201600007807,16,6,23,2230,5,2,3,1,3,152
201600007808,16,11,23,1100,1,1,1,1,1,510
201600007809,16,11,23,1600,1,1,1,1,6,181
201600007810,16,12,29,1000,1,1,2,1,3,152
201600007811,16,4,10,1600,1,1,1,1,6,12
201600007812,16,4,10,1515,1,1,1,1,7,93
201600007813,16,7,9,1415,1,1,1,7,1,15
201600007814,16,6,18,200,3,1,1,9,6,56
201600007815,16,7,7,200,5,2,1,1,7,81
201600007816,16,8,3,1945,1,2,6,1,6,33
201600007817,16,10,2,1730,1,1,1,2,6,81
201600007818,16,11,19,2000,5,1,9,1,3,33
201600007819,16,1,6,1730,3,2,1,2,6,67
201600007820,16,1,15,700,3,1,1,4,5,44
201600007821,16,2,24,430,3,1,1,5,6,100
201600007822,16,3,1,745,1,1,1,9,6,59
201600007823,16,3,18,930,1,2,1,1,3,52
201600007824,16,3,24,1230,1,2,1,1,6,52
201600007825,16,3,30,1745,1,1,1,1,6,3
201600007826,16,4,19,1915,1,2,3,7,6,3
201600007827,16,6,2,1300,1,2,1,3,7,5
201600007828,16,7,10,1330,1,2,1,1,3,58
201600007829,16,7,23,1500,1,1,1,1,1,85
201600007830,16,8,9,1300,1,1,1,1,7,54
201600007831,16,8,13,1430,1,1,1,1,7,65
201600007832,16,8,24,800,1,2,1,7,6,52
201600007833,16,8,27,215,3,1,1,1,6,44
201600007834,16,12,9,2030,5,2,1,8,3,52
201600007835,16,12,13,430,3,1,1,1,1,36
201600007836,16,12,26,1745,1,1,1,1,5,52
201600007837,16,3,29,1445,1,1,1,4,7,21
201600007838,16,12,11,430,3,1,1,1,6,17
201600007839,16,12,26,1215,1,1,1,5,3,50
201600007840,16,1,30,1815,3,1,1,1,6,2
201600007841,16,2,12,1345,1,1,1,8,1,134
201600007842,16,4,28,845,1,1,1,1,6,131
201600007843,16,5,10,1315,1,1,1,1,5,72
201600007844,16,6,4,515,2,1,1,1,6,332
201600007845,16,7,16,1345,1,1,1,1,6,344
201600007846,16,8,7,400,3,1,1,1,1,332
201600007847,16,8,28,115,3,1,1,1,2,332
201600007848,16,9,18,845,1,1,1,2,2,19
201600007849,16,10,12,1615,1,1,1,1,1,336
201600007850,16,12,6,1445,1,1,1,1,2,344
201600007851,16,12,9,2100,3,1,1,1,5,344
201600007852,16,1,8,1800,3,1,1,8,7,252
201600007853,16,1,9,1300,1,1,9,2,6,362
201600007854,16,1,14,1615,1,1,1,1,2,156
201600007855,16,1,17,2045,3,1,9,1,6,156
201600007856,16,1,19,1715,1,1,1,1,1,252
201600007857,16,1,30,2045,3,1,1,1,6,124
201600007858,16,1,30,1145,1,1,2,1,3,64
201600007859,16,1,28,1615,1,1,1,1,2,72
201600007860,16,2,1,1000,1,1,3,1,3,64
201600007861,16,2,5,2300,3,2,3,1,6,166
201600007862,16,2,8,1315,1,1,2,1,3,197
201600007863,16,2,15,1515,1,1,3,1,3,124
201600007864,16,3,31,1715,1,1,1,1,6,165
201600007865,16,4,1,1130,1,1,9,1,5,362
201600007866,16,4,9,1530,1,1,1,1,6,64
201600007867,16,4,10,2045,3,1,1,1,6,124
201600007868,16,5,6,1500,1,1,1,1,7,100
201600007869,16,5,30,900,1,1,6,1,2,212
201600007870,16,6,4,1130,1,1,1,1,4,72
201600007871,16,7,1,1445,1,1,1,1,1,206
201600007872,16,7,6,2230,3,1,1,1,6,166
201600007873,16,7,8,1800,1,1,1,1,6,165
201600007874,16,7,13,2115,1,1,1,1,6,206
201600007875,16,7,21,830,1,1,1,1,4,250
201600007876,16,7,27,2345,3,1,1,1,4,72
201600007877,16,8,6,300,3,1,1,1,6,58
201600007878,16,8,11,1415,1,1,1,1,7,37
201600007879,16,8,14,2115,2,1,1,1,4,165
201600007880,16,8,13,1600,1,1,2,1,5,166
201600007881,16,8,17,1645,1,1,1,1,3,165
201600007882,16,9,11,1600,1,1,1,1,1,165
201600007883,16,9,19,2330,3,1,1,1,6,165
201600007884,16,9,21,1845,1,1,1,1,1,197
201600007885,16,9,30,1345,1,1,1,1,6,362
201600007886,16,10,4,840,1,1,1,1,1,144
201600007887,16,10,5,1615,1,1,1,1,6,295
201600007888,16,10,12,1720,1,1,1,1,6,362
201600007889,16,10,16,950,1,1,4,1,7,232
201600007890,16,10,29,1415,1,1,1,1,3,165
201600007891,16,11,4,805,1,1,2,1,6,166
201600007892,16,11,6,1515,1,1,1,1,3,64
201600007893,16,11,10,1715,2,1,2,2,3,166
201600007894,16,11,21,650,3,2,1,6,1,165
201600007895,16,11,28,1925,3,1,3,1,6,197
201600007896,16,12,21,1550,1,1,1,1,6,252
201600007897,16,1,19,1545,1,1,1,1,5,107
201600007898,16,2,7,945,1,2,8,2,1,113
201600007899,16,3,25,1830,1,1,1,1,3,40
201600007900,16,3,8,800,1,1,2,1,3,51
201600007901,16,3,23,800,1,1,1,1,6,34
201600007902,16,4,11,1000,1,1,2,1,3,89
201600007903,16,4,24,1745,1,1,1,6,3,51
201600007904,16,1,18,1645,1,1,1,1,3,95
201600007905,16,8,4,2230,3,1,1,8,7,111
201600007906,16,1,16,630,2,1,1,1,1,60
201600007907,16,4,6,1500,1,2,1,1,3,41
201600007908,16,5,15,1500,1,2,1,1,1,41
201600007909,16,5,31,1800,1,1,1,1,3,60
201600007910,16,6,22,2100,2,1,1,1,1,41
201600007911,16,7,11,1230,1,2,1,1,1,41
201600007912,16,9,17,2015,3,2,1,1,3,62
201600007913,16,11,15,2245,3,1,1,1,1,41
201600007914,16,12,23,1115,1,1,1,1,6,41
201600007915,16,1,7,1330,1,1,1,2,6,48
201600007916,16,3,1,845,1,2,1,1,3,59
201600007917,16,3,2,1745,1,2,3,1,3,59
201600007918,16,4,18,1415,1,1,9,1,3,59
201600007919,16,4,20,1730,1,2,1,1,6,48
201600007920,16,6,17,845,1,2,1,1,6,99
201600007921,16,8,8,1800,1,1,1,1,2,74
201600007922,16,9,14,1815,1,1,1,1,1,99
201600007923,16,6,30,1745,1,1,1,7,3,15
201600007924,16,7,21,1830,1,2,1,1,1,15
201600007925,16,7,30,930,1,2,1,1,6,15
201600007926,16,8,4,800,1,2,1,7,3,15
201600007927,16,8,16,1830,1,2,1,1,3,15
201600007928,16,12,5,1730,2,2,1,1,1,15
201600007929,16,12,8,1930,1,2,1,1,6,15
201600007930,16,5,31,1500,1,1,1,1,3,110
201600007931,16,7,5,815,1,1,2,1,1,110
201600007932,16,7,6,1015,1,2,1,1,1,110
201600007933,16,7,8,900,1,1,1,1,3,110
201600007934,16,9,17,1100,1,2,1,1,7,72
201600007935,16,10,11,1715,1,1,1,1,2,110
201600007936,16,1,7,1045,1,1,1,1,2,4
201600007937,16,2,1,1500,1,1,1,6,7,4
201600007938,16,4,26,1215,1,1,1,1,6,4
201600007939,16,5,29,1630,1,1,1,1,6,4
201600007940,16,7,13,1645,1,1,1,1,5,4
201600007941,16,8,15,1845,1,1,1,1,3,4
201600007942,16,9,18,1615,1,1,1,1,7,4
201600007943,16,10,19,1630,1,1,1,1,7,4
201600007944,16,10,24,1115,1,2,1,1,3,4
201600007945,16,10,26,1645,1,1,1,1,2,4
201600007946,16,1,28,1200,1,2,1,1,3,27
201600007947,16,1,28,1830,3,1,1,8,6,27
201600007948,16,5,1,1300,1,1,1,1,3,66
201600007949,16,6,15,830,1,2,6,1,6,66
201600007950,16,6,17,1630,1,1,1,1,6,27
201600007951,16,7,10,2200,3,1,1,1,1,27
201600007952,16,8,13,345,3,1,2,1,3,66
201600007953,16,8,16,1830,1,1,2,1,3,66
201600007954,16,9,2,1915,1,1,2,1,3,66
201600007955,16,9,7,300,3,1,1,1,6,66
201600007956,16,9,22,1900,1,1,2,1,3,27
201600007957,16,11,27,615,3,1,1,1,6,66
201600007958,16,3,7,1600,1,2,3,1,1,96
201600007959,16,3,13,1545,1,1,1,1,4,96
201600007960,16,6,6,1615,1,1,1,1,5,96
201600007961,16,9,25,445,3,1,1,1,6,96
201600007962,16,2,23,2045,3,1,1,1,6,97
201600007963,16,3,1,545,5,2,1,6,1,97
201600007964,16,3,23,1700,1,1,6,1,6,97
201600007965,16,4,16,1545,1,1,6,1,3,97
201600007966,16,5,1,445,3,1,1,8,6,97
201600007967,16,6,16,1645,1,1,1,1,1,97
201600007968,16,7,19,315,4,2,1,1,6,97
201600007969,16,8,3,515,1,1,6,1,3,97
201600007970,16,8,17,1900,1,1,1,1,7,97
201600007971,16,10,2,1230,1,1,1,1,6,97
201600007972,16,10,25,2230,3,1,1,1,6,97
201600007973,16,11,27,1830,3,1,1,1,5,97
201600007974,16,12,18,545,3,1,1,1,6,97
201600007975,16,12,23,145,3,1,1,1,6,97
201600007976,16,4,13,1915,1,1,9,8,3,100
201600007977,16,5,27,2015,1,1,2,1,3,100
201600007978,16,6,27,1730,1,1,1,1,1,66
201600007979,16,10,30,1015,1,2,1,1,6,100
201600007980,16,12,7,1415,3,2,1,1,6,100
201600007981,16,1,31,1715,1,2,1,1,4,42
201600007982,16,3,18,1100,1,1,1,1,6,30
201600007983,16,3,26,515,5,1,1,1,6,42
201600007984,16,4,28,1700,1,1,1,1,3,42
201600007985,16,5,29,1130,1,1,1,1,1,30
201600007986,16,9,14,1715,1,1,1,2,3,30
201600007987,16,11,11,1600,1,1,1,1,6,42
201600007988,16,11,28,1400,1,2,1,1,7,42
201600007989,16,12,18,1245,1,1,1,1,7,42
201600007990,16,1,31,1645,1,1,1,1,1,22
201600007991,16,2,7,1145,1,1,1,2,1,22
201600007992,16,3,2,1745,1,2,1,1,1,23
201600007993,16,3,10,1645,1,2,1,1,3,23
201600007994,16,3,29,1500,1,1,1,1,1,22
201600007995,16,4,13,900,1,1,1,1,6,23
201600007996,16,4,28,2215,5,2,1,1,6,22
201600007997,16,5,24,1115,1,1,1,1,1,22
201600007998,16,5,29,1545,1,1,1,1,1,22
201600007999,16,6,6,1115,1,2,1,1,2,22
201600008000,16,6,30,1300,1,1,1,1,5,22
201600008001,16,6,30,1715,2,1,1,1,6,22
201600008002,16,7,16,1930,1,2,1,1,3,22
201600008003,16,10,9,900,1,1,1,1,7,22
201600008004,16,11,25,1815,3,1,1,1,1,22
201600008005,16,12,2,915,1,1,9,1,1,22
201600008006,16,6,3,1630,1,1,1,1,1,85
201600008007,16,7,8,1400,1,2,1,1,5,119
201600008008,16,6,8,1930,1,1,1,1,6,13
201600008009,16,7,21,945,1,1,1,1,2,13
201600008010,16,9,14,1600,1,1,1,2,5,73
201600008011,16,11,3,1030,1,1,1,1,3,13
201600008012,16,12,6,715,2,1,1,1,1,46
201600008013,16,3,18,1615,1,1,1,1,1,16
201600008014,16,4,19,715,2,1,1,1,1,86
201600008015,16,5,21,1000,1,2,1,1,5,16
201600008016,16,6,24,1700,1,2,1,1,7,86
201600008017,16,7,9,1700,1,1,1,1,5,31
201600008018,16,7,28,2300,5,2,1,1,6,86
201600008019,16,8,13,1615,1,1,1,1,5,7
201600008020,16,9,17,1245,1,2,9,1,3,86
201600008021,16,11,23,1100,1,2,1,1,6,16
201600008022,16,6,3,2230,3,1,1,1,2,92
201600008023,16,6,29,2330,3,1,6,1,7,14
201600008024,16,7,7,1000,1,1,1,1,6,92
201600008025,16,9,21,1200,1,1,1,1,1,14
201600008026,16,11,3,1845,3,1,1,1,3,14
201600008027,16,11,8,915,1,2,6,1,1,14
201600008028,16,6,19,1615,1,1,1,1,7,35
201600008029,16,7,13,1645,1,1,1,1,1,35
201600008030,16,12,11,400,3,2,1,1,6,35
201600008031,16,3,1,1930,3,1,1,1,1,105
201600008032,16,6,2,1300,1,1,1,1,6,115
201600008033,16,1,12,830,1,1,1,1,3,64
201600008034,16,2,1,1500,1,1,1,1,1,89
201600008035,16,2,19,1845,3,1,1,1,2,116
201600008036,16,2,28,745,1,1,1,1,6,67
201600008037,16,3,18,815,1,1,1,1,1,64
201600008038,16,3,20,1445,1,1,1,1,2,116
201600008039,16,6,25,1715,1,1,1,1,3,76
201600008040,16,7,9,1800,1,2,1,1,3,76
201600008041,16,7,31,1030,2,1,1,3,6,67
201600008042,16,8,19,1545,1,1,6,1,1,76
201600008043,16,9,7,1930,1,2,1,1,1,89
201600008044,16,10,30,645,2,1,1,1,3,67
201600008045,16,11,1,1915,3,1,1,1,2,64
201600008046,16,11,21,1145,1,1,1,3,1,76
201600008047,16,12,6,330,3,1,1,5,7,67
201600008048,16,12,19,1300,1,1,1,1,6,64
201600008049,16,3,10,1600,1,1,1,1,6,82
201600008050,16,7,5,2230,3,1,1,1,1,82
201600008051,16,7,12,1715,1,1,1,1,1,84
201600008052,16,9,4,1630,1,1,1,1,6,84
201600008053,16,10,26,2015,3,1,1,1,7,24
201600008054,16,1,30,1100,1,1,1,1,1,110
201600008055,16,3,5,15,3,1,1,2,7,46
201600008056,16,3,31,1745,1,2,1,1,1,217
201600008057,16,5,15,1145,1,1,1,1,1,97
201600008058,16,5,17,845,1,1,1,1,1,70
201600008059,16,6,11,1645,1,1,1,1,3,24
201600008060,16,6,14,1745,1,1,1,1,1,122
201600008061,16,6,27,1745,1,1,1,1,5,110
201600008062,16,7,7,1840,1,1,2,1,3,110
201600008063,16,7,8,1800,1,1,1,1,1,1
201600008064,16,7,24,1830,1,1,1,2,7,217
201600008065,16,7,31,1100,1,1,1,1,5,97
201600008066,16,12,15,1300,1,1,6,1,1,70
201600008067,16,4,3,200,3,1,6,1,6,143
201600008068,16,5,22,1715,1,1,1,1,1,189
201600008069,16,6,23,1915,1,1,1,1,7,94
201600008070,16,7,12,1445,1,1,1,1,1,94
201600008071,16,8,1,30,3,1,1,1,6,94
201600008072,16,8,1,1430,1,2,1,1,6,94
201600008073,16,8,8,30,3,1,1,1,7,189
201600008074,16,8,9,1100,1,1,6,1,2,230