Num_Acc,an,mois,jour,hrmn,lum,agg,int,atm,col,com
201600008075,16,8,21,1200,1,1,1,1,6,189
201600008076,16,8,30,1615,1,1,1,1,1,230
201600008077,16,11,20,1745,2,1,1,1,1,230
201600008078,16,12,21,1745,3,1,1,1,6,230
201600008079,16,5,20,1615,1,1,3,1,3,79
201600008080,16,5,23,2015,1,1,1,1,7,49
201600008081,16,6,2,1230,1,1,1,1,1,145
201600008082,16,6,14,1145,1,1,1,1,1,116
201600008083,16,7,24,1145,1,1,3,1,3,49
201600008084,16,7,18,830,1,2,1,1,1,49
201600008085,16,9,28,1615,1,1,1,1,6,79
201600008086,16,10,16,1845,2,2,1,1,3,49
201600008087,16,11,12,1715,2,1,1,1,7,108
201600008088,16,11,19,2100,3,1,1,1,6,127
201600008089,16,11,24,600,3,1,1,2,6,116
201600008090,16,4,24,1415,1,2,1,1,7,22
201600008091,16,5,5,1800,1,1,1,1,7,55
201600008092,16,5,17,1615,1,1,1,1,6,31
201600008093,16,7,14,1200,1,1,1,1,6,55
201600008094,16,7,30,1815,1,1,3,1,3,28
201600008095,16,11,3,1015,1,1,1,1,2,59
201600008096,16,1,19,1730,2,2,1,1,6,143
201600008097,16,4,27,1930,2,1,6,1,3,242
201600008098,16,7,7,930,1,1,3,1,3,143
201600008099,16,7,15,30,5,1,1,1,4,152
201600008100,16,8,22,1200,1,1,3,1,1,106
201600008101,16,10,24,345,3,1,1,1,1,106
201600008102,16,5,4,1400,1,1,1,1,6,86
201600008103,16,5,24,1500,1,1,1,1,3,86
201600008104,16,6,27,1100,1,1,1,1,7,96
201600008105,16,7,8,1530,1,2,3,1,3,19
201600008106,16,7,17,1715,1,1,3,1,1,19
201600008107,16,7,18,115,3,1,1,1,6,19
201600008108,16,7,30,1115,1,1,1,1,7,96
201600008109,16,8,14,1800,1,1,1,1,1,226
201600008110,16,9,5,2200,3,1,1,1,7,193
201600008111,16,9,25,1200,1,1,1,1,7,120
201600008112,16,10,8,1215,1,1,1,1,1,100
201600008113,16,10,20,1400,1,1,1,1,6,33
201600008114,16,1,21,1615,1,1,1,1,6,198
201600008115,16,4,2,1645,1,1,1,8,6,33
201600008116,16,4,7,1445,1,1,1,1,7,205
201600008117,16,4,10,2230,3,1,1,1,6,198
201600008118,16,7,1,1630,1,1,1,1,2,154
201600008119,16,7,2,1545,1,1,1,1,7,161
201600008120,16,8,14,1515,1,1,1,1,6,161
201600008121,16,4,10,1145,1,1,1,1,7,69
201600008122,16,5,16,1430,1,1,1,1,6,69
201600008123,16,9,24,1430,1,1,1,1,6,39
201600008124,16,4,29,1530,1,2,1,1,6,76
201600008125,16,6,7,845,1,1,1,1,7,76
201600008126,16,7,13,2345,5,2,1,1,6,8
201600008127,16,2,4,2215,3,1,1,1,7,219
201600008128,16,6,9,1130,1,1,3,1,3,61
201600008129,16,7,2,1115,1,1,1,1,1,173
201600008130,16,7,16,1630,1,1,1,1,1,136
201600008131,16,12,21,300,3,2,1,1,7,6
201600008132,16,2,17,1145,1,1,1,1,6,81
201600008133,16,2,29,1200,1,1,1,1,7,144
201600008134,16,7,5,1200,1,1,1,1,6,189
201600008135,16,7,6,1530,1,1,1,1,7,144
201600008136,16,7,18,1015,1,1,1,1,3,172
201600008137,16,8,25,210,3,1,1,1,6,157
201600008138,16,9,6,1900,1,1,1,1,1,166
201600008139,16,10,1,1100,1,1,1,3,1,166
201600008140,16,10,3,1630,1,1,1,1,7,144
201600008141,16,11,1,1615,1,1,1,1,6,144
201600008142,16,12,14,1330,1,1,1,1,6,172
201600008143,16,3,6,230,3,2,1,1,6,88
201600008144,16,3,21,1630,1,1,3,1,5,188
201600008145,16,4,17,2215,3,1,1,1,6,242
201600008146,16,5,23,1400,1,1,1,1,2,242
201600008147,16,6,12,1830,1,2,1,1,6,88
201600008148,16,7,18,1345,1,1,1,1,1,160
201600008149,16,9,1,145,5,2,1,1,6,151
201600008150,16,12,20,2130,3,1,1,1,6,104
201600008151,16,12,22,1600,1,2,1,1,6,88
201600008152,16,6,10,115,3,1,1,1,6,208
201600008153,16,7,24,1945,1,1,1,2,7,208
201600008154,16,8,28,1215,1,1,1,1,3,141
201600008155,16,9,10,1145,1,2,2,1,1,132
201600008156,16,10,29,1515,1,2,2,1,3,163
201600008157,16,11,2,700,1,1,1,1,1,79
201600008158,16,11,25,300,5,1,1,3,6,49
201600008159,16,4,17,1830,1,1,1,1,3,63
201600008160,16,5,4,1800,1,1,3,1,3,63
201600008161,16,7,1,1130,1,1,3,1,3,245
201600008162,16,8,25,215,3,1,1,1,6,63
201600008163,16,11,18,1730,2,1,1,1,1,152
201600008164,16,11,28,830,1,1,1,7,6,197
201600008165,16,12,18,1130,1,1,1,9,3,242
201600008166,16,7,15,1030,1,1,3,1,1,75
201600008167,16,7,22,845,1,1,1,1,6,123
201600008168,16,4,15,1415,1,1,1,1,7,231
201600008169,16,1,18,2100,3,1,1,4,1,53
201600008170,16,4,4,1445,1,1,1,1,3,103
201600008171,16,4,4,1345,1,2,1,1,6,53
201600008172,16,4,16,1430,1,1,4,1,3,34
201600008173,16,4,29,45,3,1,1,1,6,118
201600008174,16,7,11,1200,1,2,1,1,2,70
201600008175,16,10,11,1015,1,1,1,1,7,172
201600008176,16,11,10,745,2,1,1,1,6,173
201600008177,16,12,30,2130,1,1,1,1,6,173
201600008178,16,1,9,1130,1,1,4,2,1,147
201600008179,16,2,3,1300,1,1,1,6,6,25
201600008180,16,4,27,1130,1,1,1,1,6,56
201600008181,16,5,28,1330,1,1,1,1,7,104
201600008182,16,7,23,1015,1,2,1,1,6,132
201600008183,16,7,24,1215,1,1,1,1,7,9
201600008184,16,9,4,730,1,1,1,1,6,54
201600008185,16,9,11,845,1,1,1,1,6,72
201600008186,16,11,27,1630,2,1,1,5,7,147
201600008187,16,12,15,1745,2,2,1,1,6,29
201600008188,16,12,22,530,3,1,1,9,7,32
201600008189,16,8,25,1330,1,2,1,1,3,2
201600008190,16,11,9,1100,1,1,1,4,7,139
201600008191,16,1,25,745,1,1,1,1,6,68
201600008192,16,2,25,900,1,1,1,1,1,162
201600008193,16,6,4,1115,1,2,1,1,2,170
201600008194,16,7,13,1815,1,1,1,7,5,100
201600008195,16,7,24,300,3,1,1,1,7,68
201600008196,16,10,30,1610,1,1,1,1,5,68
201600008197,16,12,1,1700,2,1,1,7,2,170
201600008198,16,12,30,1000,1,1,3,1,1,162
201600008199,16,7,27,1315,1,1,1,1,7,33
201600008200,16,9,3,1145,1,1,1,1,7,129
201600008201,16,1,1,1200,1,1,1,1,6,87
201600008202,16,1,26,1130,1,1,3,1,3,123
201600008203,16,8,8,1745,1,1,1,1,5,123
201600008204,16,7,11,700,1,1,1,1,7,6
201600008205,16,9,13,830,1,1,1,1,6,6
201600008206,16,10,3,1545,1,1,1,1,6,6
201600008207,16,10,24,1630,1,2,1,1,5,6
201600008208,16,12,11,1330,1,1,1,1,7,58
201600008209,16,7,30,1730,1,1,1,1,1,174
201600008210,16,8,8,1600,1,2,1,1,2,85
201600008211,16,9,13,1430,1,1,1,1,6,79
201600008212,16,2,6,2000,5,1,1,1,3,12
201600008213,16,3,6,1745,2,1,1,1,2,45
201600008214,16,7,1,115,4,1,1,1,6,45
201600008215,16,8,9,915,1,1,1,1,3,108
201600008216,16,10,18,745,1,2,6,1,6,46
201600008217,16,12,10,2130,5,2,3,1,1,46
201600008218,16,6,25,1045,1,1,1,1,7,38
201600008219,16,9,1,1215,1,2,1,1,6,157
201600008220,16,7,30,1800,1,1,1,1,5,106
201600008221,16,11,19,930,1,1,2,1,1,17
201600008222,16,12,16,1930,3,1,1,1,5,84
201600008223,16,3,27,1245,1,1,8,1,3,136
201600008224,16,5,11,845,1,2,6,2,1,65
201600008225,16,6,5,1545,1,1,1,8,7,177
201600008226,16,6,10,1200,1,1,1,1,5,177
201600008227,16,7,9,1345,1,1,1,1,6,177
201600008228,16,12,29,830,1,1,1,1,3,136
201600008229,16,5,27,2030,5,1,1,1,7,15
201600008230,16,7,3,1930,1,1,1,1,1,48
201600008231,16,7,22,2330,4,1,1,1,1,48
201600008232,16,11,8,710,1,1,1,1,3,48
201600008233,16,11,25,1620,1,2,1,1,3,48
201600008234,16,8,7,1400,1,1,1,1,7,77
201600008235,16,8,14,1515,1,2,1,1,7,91
201600008236,16,10,3,845,1,2,1,1,1,19
201600008237,16,11,28,1700,2,2,9,1,3,77
201600008238,16,4,6,1230,1,1,1,1,6,147
201600008239,16,4,14,930,1,2,1,1,1,75
201600008240,16,10,13,1550,1,2,1,2,6,147
201600008241,16,10,11,740,1,2,3,1,1,75
201600008242,16,12,8,1030,1,1,1,1,1,147
201600008243,16,3,7,1530,1,1,1,1,1,151
201600008244,16,3,19,2300,3,1,1,1,7,151
201600008245,16,9,15,1015,1,1,1,1,6,151
201600008246,16,4,7,1745,1,2,1,1,1,149
201600008247,16,4,7,1830,1,1,1,1,4,149
201600008248,16,6,20,745,1,1,1,1,6,149
201600008249,16,7,22,1330,1,1,1,1,1,149
201600008250,16,2,14,1045,1,2,3,1,3,11
201600008251,16,6,18,330,5,2,1,1,1,11
201600008252,16,8,14,320,5,2,1,1,6,121
201600008253,16,12,4,910,1,2,1,1,7,11
201600008254,16,12,18,2330,5,2,1,1,7,121
201600008255,16,1,4,800,1,2,6,1,6,79
201600008256,16,1,22,1630,1,2,1,1,6,79
201600008257,16,2,26,2015,5,2,1,1,6,79
201600008258,16,2,29,2000,5,2,1,1,6,79
201600008259,16,3,11,1845,5,2,1,1,6,138
201600008260,16,3,27,1545,1,2,1,8,3,79
201600008261,16,4,1,115,5,2,1,1,6,79
201600008262,16,4,16,1945,2,1,1,1,6,108
201600008263,16,4,24,1800,1,1,1,1,6,79
201600008264,16,4,23,1600,1,2,1,1,6,79
201600008265,16,5,9,2145,5,2,1,2,6,79
201600008266,16,5,25,1045,1,2,1,1,6,79
201600008267,16,6,17,1530,1,2,1,1,1,138
201600008268,16,7,17,1830,1,2,1,1,6,79
201600008269,16,8,16,900,1,2,1,1,6,79
201600008270,16,8,21,1130,1,2,1,1,1,79
201600008271,16,9,7,1715,1,2,1,1,6,79
201600008272,16,9,9,1130,1,1,9,1,6,79
201600008273,16,9,29,1145,1,2,1,1,6,79
201600008274,16,9,25,1500,1,2,1,1,6,138
201600008275,16,2,15,1430,1,1,1,1,6,58
201600008276,16,9,9,1845,1,1,1,1,3,134
201600008277,16,11,7,1635,1,2,1,1,6,58
201600008278,16,1,15,1330,1,1,1,1,6,157
201600008279,16,5,8,915,1,1,6,1,6,128
201600008280,16,8,6,1715,1,1,1,1,1,157
201600008281,16,9,1,1830,1,2,1,1,2,65
201600008282,16,9,14,800,1,2,1,1,3,157
201600008283,16,9,30,1515,1,2,9,1,1,65
201600008284,16,10,6,1820,1,1,1,1,3,128
201600008285,16,10,15,1515,1,2,1,1,6,65
201600008286,16,10,26,630,3,1,1,8,6,122
201600008287,16,11,29,1630,1,1,6,1,6,128
201600008288,16,12,15,1620,2,2,1,1,1,157
201600008289,16,12,19,1320,1,2,1,2,6,122
201600008290,16,12,19,1500,1,2,4,2,5,122
201600008291,16,6,19,2000,1,1,6,1,2,33
201600008292,16,9,4,845,2,1,1,1,2,126
201600008293,16,8,4,2045,1,1,1,1,5,113
201600008294,16,4,16,1130,1,1,1,1,7,163
201600008295,16,8,6,1430,1,1,1,1,6,163
201600008296,16,1,15,2000,5,2,1,1,5,32
201600008297,16,1,22,715,1,2,1,1,1,150
201600008298,16,1,28,1445,1,1,1,1,3,59
201600008299,16,2,17,815,1,2,1,8,5,32
201600008300,16,2,20,1830,5,2,1,1,3,59
201600008301,16,3,27,315,5,2,1,1,6,150
201600008302,16,4,5,1730,1,1,1,1,2,32
201600008303,16,6,3,1600,1,2,1,1,3,32
201600008304,16,6,24,1730,1,1,1,1,6,59
201600008305,16,6,29,1400,1,1,1,1,3,59
201600008306,16,8,20,945,1,2,1,1,1,32
201600008307,16,9,7,1730,1,2,1,1,6,150
201600008308,16,9,25,1200,1,1,1,1,6,32
201600008309,16,8,17,1745,1,2,1,1,3,59
201600008310,16,9,18,1000,1,1,1,1,1,158
201600008311,16,11,26,2300,3,1,1,5,3,78
201600008312,16,6,4,1815,1,1,1,8,7,125
201600008313,16,8,28,1700,1,1,1,1,1,53
201600008314,16,7,28,1715,1,2,1,1,7,106
201600008315,16,10,23,1320,1,1,1,2,1,66
201600008316,16,2,14,830,1,1,1,1,1,73
201600008317,16,9,25,1515,1,1,1,1,7,73
201600008318,16,7,10,1945,1,1,1,1,3,4
201600008319,16,8,9,945,1,1,1,1,3,86
201600008320,16,8,24,2215,3,1,1,1,7,134
201600008321,16,9,9,1045,1,1,1,1,3,86
201600008322,16,9,28,2230,3,1,1,1,6,4
201600008323,16,10,15,545,3,1,1,8,1,148
201600008324,16,10,16,1515,2,1,1,1,1,148
201600008325,16,10,20,1345,1,1,1,1,2,86
201600008326,16,11,7,1445,1,1,1,1,7,148
201600008327,16,11,9,2230,3,1,1,1,6,134
201600008328,16,11,13,1115,1,1,1,1,1,4
201600008329,16,12,26,1900,3,1,1,1,2,148
201600008330,16,2,13,545,3,1,1,1,7,82
201600008331,16,2,22,1100,1,2,1,1,6,56
201600008332,16,4,23,1045,1,2,1,1,3,56
201600008333,16,6,25,1230,1,1,1,1,7,44
201600008334,16,6,30,2145,3,1,1,1,7,82
201600008335,16,7,24,1945,1,1,1,2,7,40
201600008336,16,7,31,1145,1,1,9,1,6,11
201600008337,16,9,13,1730,1,1,1,1,1,82
201600008338,16,9,22,1645,1,1,9,1,3,56
201600008339,16,10,20,1715,1,1,1,1,2,56
201600008340,16,11,17,2015,3,1,1,1,6,28
201600008341,16,11,19,745,1,1,1,1,3,28
201600008342,16,11,30,1115,1,1,1,1,6,56
201600008343,16,2,16,1230,1,2,9,1,3,124
201600008344,16,3,7,745,1,1,1,1,6,55
201600008345,16,4,11,1815,1,1,9,1,2,55
201600008346,16,4,24,1245,1,1,1,1,7,138
201600008347,16,4,28,1030,1,1,1,1,6,124
201600008348,16,5,8,645,1,1,6,1,6,29
201600008349,16,5,22,1530,1,1,1,1,3,55
201600008350,16,5,25,1430,1,2,1,1,3,81
201600008351,16,5,27,1615,1,1,1,1,1,29
201600008352,16,6,6,1645,1,1,1,1,1,8
201600008353,16,6,18,1745,1,1,1,1,1,133
201600008354,16,6,30,1330,1,1,1,1,3,81
201600008355,16,7,8,1545,1,1,1,1,3,138
201600008356,16,8,1,2000,2,1,2,1,3,133
201600008357,16,8,20,930,1,2,2,1,3,117
201600008358,16,8,25,730,1,1,1,1,7,80
201600008359,16,8,30,445,3,2,1,2,7,55
201600008360,16,9,25,345,3,1,1,1,7,133
201600008361,16,11,14,1700,2,2,1,1,3,29
201600008362,16,12,26,1930,3,1,1,1,6,138
201600008363,16,1,8,1715,1,2,3,1,3,31
201600008364,16,1,12,1000,1,2,1,1,1,73
201600008365,16,3,4,945,1,1,1,1,2,31
201600008366,16,4,6,1700,1,1,1,7,2,75
201600008367,16,4,10,1545,1,1,1,1,1,73
201600008368,16,4,18,830,1,1,1,1,5,73
201600008369,16,5,25,1815,1,1,1,1,3,57
201600008370,16,7,29,1415,1,2,1,1,3,73
201600008371,16,8,26,1800,1,1,1,1,1,26
201600008372,16,9,9,1500,1,2,1,1,5,73
201600008373,16,9,10,2000,3,1,1,1,6,92
201600008374,16,10,16,2215,3,1,1,1,7,57
201600008375,16,11,18,1045,1,1,1,1,6,26
201600008376,16,1,13,1630,1,2,1,1,1,121
201600008377,16,2,1,1715,1,1,1,1,1,128
201600008378,16,3,17,1545,1,1,1,1,6,149
201600008379,16,3,26,1615,1,1,1,7,7,15
201600008380,16,4,10,130,3,1,1,1,6,128
201600008381,16,4,10,1130,1,1,1,1,1,121
201600008382,16,8,18,1230,1,1,1,7,7,14
201600008383,16,9,21,1630,1,1,1,1,2,15
201600008384,16,11,15,1000,1,2,1,7,6,102
201600008385,16,12,3,2100,5,2,3,1,3,102
201600008386,16,2,6,2100,3,1,1,2,7,23
201600008387,16,2,20,1730,1,2,1,1,6,23
201600008388,16,3,7,845,1,1,1,1,4,23
201600008389,16,4,25,1330,1,1,1,1,2,23
201600008390,16,5,4,830,1,1,1,1,2,23
201600008391,16,6,12,1815,1,1,1,1,1,23
201600008392,16,6,26,2145,2,1,1,1,2,143
201600008393,16,7,13,1130,1,1,1,1,3,30
201600008394,16,9,12,2145,3,1,1,1,6,23
201600008395,16,9,14,1800,1,2,1,2,6,23
201600008396,16,9,27,2245,3,1,1,1,1,23
201600008397,16,9,30,1545,1,1,1,1,1,23
201600008398,16,10,1,1700,1,1,1,1,1,143
201600008399,16,10,6,1715,1,1,1,1,2,23
201600008400,16,11,4,1100,1,1,1,7,3,23
201600008401,16,11,4,1245,1,1,1,1,6,143
201600008402,16,11,11,2145,3,1,3,1,3,23
201600008403,16,11,27,1315,1,1,1,1,7,23
201600008404,16,3,9,1545,1,1,1,1,3,83
201600008405,16,4,10,1315,1,1,1,1,4,45
201600008406,16,6,19,1400,1,1,1,1,7,135
201600008407,16,7,23,1045,1,1,6,1,1,84
201600008408,16,8,1,2215,1,1,1,1,1,84
201600008409,16,8,3,1130,1,2,1,1,7,46
201600008410,16,9,29,1145,1,1,1,1,6,135
201600008411,16,10,3,1730,1,2,1,1,6,12
201600008412,16,9,23,1515,1,1,1,1,6,146
201600008413,16,12,14,1145,1,2,1,1,3,150
201600008414,16,3,10,800,1,1,1,1,1,106
201600008415,16,3,19,1400,1,1,1,1,7,77
201600008416,16,3,30,1900,1,1,1,1,1,59
201600008417,16,4,19,745,1,1,1,1,1,77
201600008418,16,4,25,1530,1,1,2,1,3,77
201600008419,16,5,3,1915,1,2,1,1,3,59
201600008420,16,5,9,915,1,1,1,1,6,88
201600008421,16,5,17,1045,1,1,1,1,5,108
201600008422,16,5,25,930,1,1,1,1,3,108
201600008423,16,6,28,1730,1,1,1,1,7,108
201600008424,16,8,22,2300,3,1,1,1,7,108
201600008425,16,10,12,1730,1,2,1,1,1,77
201600008426,16,1,9,1615,1,1,1,8,6,116
201600008427,16,3,2,1200,1,1,9,1,6,116
201600008428,16,3,28,200,3,1,1,1,6,96
201600008429,16,5,2,730,1,1,1,1,1,140
201600008430,16,5,26,1530,1,1,1,1,5,140
201600008431,16,6,4,745,1,1,1,1,3,140
201600008432,16,7,11,615,1,1,1,1,6,89
201600008433,16,8,21,600,1,1,1,1,6,97
201600008434,16,8,21,1645,1,1,1,1,3,87
201600008435,16,10,1,900,1,1,1,2,5,140
201600008436,16,9,9,230,3,1,1,1,6,87
201600008437,16,1,17,1030,1,2,1,1,7,107
201600008438,16,2,3,1730,1,2,1,1,3,99
201600008439,16,2,9,1130,1,2,2,1,3,99
201600008440,16,5,16,1500,1,1,1,1,2,107
201600008441,16,5,31,645,1,1,1,1,1,1
201600008442,16,6,2,1845,1,2,1,1,3,99
201600008443,16,6,12,1745,1,1,1,1,7,107
201600008444,16,6,21,1330,1,1,1,1,1,107
201600008445,16,6,26,715,1,1,1,1,1,107
201600008446,16,7,10,845,2,1,1,1,6,107
201600008447,16,7,11,1715,1,1,1,1,1,107
201600008448,16,7,13,1215,1,2,1,6,7,107
201600008449,16,8,3,830,1,2,1,1,6,1
201600008450,16,8,4,1130,1,1,6,1,3,107
201600008451,16,8,12,1830,1,1,1,1,3,107
201600008452,16,8,16,45,1,1,1,1,5,107
201600008453,16,9,28,1200,1,1,1,1,3,99
201600008454,16,10,11,2030,3,1,1,1,6,107
201600008455,16,10,5,1730,1,1,1,1,3,107
201600008456,16,10,16,1445,1,1,6,1,6,107
201600008457,16,1,5,1145,1,1,1,1,2,79
201600008458,16,2,11,2130,5,2,1,1,6,63
201600008459,16,3,1,2200,5,1,1,1,6,68
201600008460,16,4,18,715,1,1,1,1,6,42
201600008461,16,4,24,1815,1,2,1,1,6,68
201600008462,16,4,30,345,3,1,1,6,2,68
201600008463,16,5,6,1245,1,1,1,1,1,68
201600008464,16,5,17,2045,2,1,1,1,5,68
201600008465,16,6,4,2000,1,1,1,1,1,68
201600008466,16,7,30,1015,1,1,1,1,5,68
201600008467,16,8,25,545,5,1,1,1,6,68
201600008468,16,10,28,1615,1,1,1,1,1,63
201600008469,16,12,11,1530,1,1,1,7,1,68
201600008470,16,12,13,1400,1,1,1,1,1,68
201600008471,16,12,13,1900,3,1,1,1,7,79
201600008472,16,12,17,1230,1,2,6,1,3,42
201600008473,16,7,28,1915,1,2,1,1,6,86
201600008474,16,2,22,800,1,2,1,1,6,115
201600008475,16,3,31,1345,1,2,1,1,6,115
201600008476,16,5,7,1245,1,1,1,1,6,94
201600008477,16,5,31,930,1,2,1,1,6,115
201600008478,16,6,2,830,1,1,1,1,6,94
201600008479,16,7,3,600,3,1,1,1,6,115
201600008480,16,7,22,245,5,2,1,1,1,115
201600008481,16,7,29,1700,1,2,1,1,1,94
201600008482,16,8,8,700,1,1,1,1,1,115
201600008483,16,10,30,1130,1,1,1,1,1,107
201600008484,16,11,7,1600,1,2,1,1,6,115
201600008485,16,2,14,2100,3,1,1,1,6,101
201600008486,16,3,19,1415,1,1,1,1,2,65
201600008487,16,4,15,15,5,1,1,1,1,65
201600008488,16,4,20,930,1,2,1,1,3,119
201600008489,16,6,1,1230,1,1,1,1,3,65
201600008490,16,7,6,215,3,1,1,1,6,101
201600008491,16,7,10,1145,1,1,1,1,3,101
201600008492,16,7,12,1845,1,2,1,1,3,119
201600008493,16,7,13,2215,3,1,1,1,3,65
201600008494,16,7,31,115,3,2,1,1,7,119
201600008495,16,8,11,2245,5,1,1,1,1,65
201600008496,16,8,21,100,3,1,1,1,6,101
201600008497,16,8,23,2000,1,1,1,1,6,119
201600008498,16,9,21,1845,1,1,1,1,6,101
201600008499,16,10,6,1500,1,2,1,1,6,119
201600008500,16,10,11,1615,1,1,1,1,7,65
201600008501,16,10,24,1115,1,1,1,1,6,65
201600008502,16,10,25,2345,3,1,1,1,6,119
201600008503,16,11,15,1830,5,1,1,1,7,65
201600008504,16,12,4,430,3,1,1,1,6,65
201600008505,16,1,15,1045,1,2,1,1,3,53
201600008506,16,2,16,2200,3,2,1,1,7,16
201600008507,16,4,15,1215,1,1,9,1,1,16
201600008508,16,6,5,1145,1,1,1,1,6,35
201600008509,16,6,9,615,1,1,1,1,3,35
201600008510,16,7,31,2115,4,1,6,1,7,35
201600008511,16,8,17,1815,1,1,1,1,6,53
201600008512,16,9,16,2130,5,1,1,1,3,16
201600008513,16,10,3,1515,1,1,1,1,1,35
201600008514,16,10,12,2115,3,1,1,1,6,127
201600008515,16,11,27,1845,5,1,3,1,5,35
201600008516,16,12,4,230,3,1,1,1,6,35
201600008517,16,12,25,1315,1,1,1,1,1,16
201600008518,16,1,1,1800,3,1,1,3,6,47
201600008519,16,7,15,2330,3,2,1,1,6,47
201600008520,16,9,8,2215,3,1,1,1,6,47
201600008521,16,3,4,815,1,2,1,1,2,71
201600008522,16,6,5,915,1,2,1,1,2,71
201600008523,16,7,8,2145,5,2,1,1,6,71
201600008524,16,8,20,615,2,1,6,1,6,71
201600008525,16,9,4,900,1,2,1,1,3,71
201600008526,16,9,29,1700,1,1,1,1,3,71
201600008527,16,3,14,1315,1,1,1,1,1,112
201600008528,16,3,13,1545,1,1,1,1,2,112
201600008529,16,3,14,1345,1,2,6,1,1,112
201600008530,16,4,13,100,3,1,9,1,2,112
201600008531,16,5,15,1200,1,2,6,1,3,112
201600008532,16,7,9,845,1,2,1,1,4,112
201600008533,16,7,8,1730,1,2,1,1,6,112
201600008534,16,8,27,2300,3,1,1,1,7,27
201600008535,16,9,19,1930,1,2,6,1,3,112
201600008536,16,10,10,1030,1,1,1,1,6,27
201600008537,16,11,19,1115,1,1,1,1,1,27
201600008538,16,12,8,915,1,2,1,1,1,112
201600008539,16,12,23,1045,1,1,1,1,1,112
201600008540,16,7,13,1000,1,2,9,1,6,119
201600008541,16,7,16,1000,1,1,1,1,1,34
201600008542,16,12,7,1745,5,2,6,1,1,81
201600008543,16,1,5,810,1,2,3,1,1,54
201600008544,16,1,13,2230,3,1,1,1,1,132
201600008545,16,1,16,1415,1,1,1,6,7,132
201600008546,16,1,30,1300,1,2,1,1,7,132
201600008547,16,2,13,145,3,1,1,1,7,54
201600008548,16,2,24,1730,2,2,2,1,3,54
201600008549,16,2,26,730,1,2,1,1,6,54
201600008550,16,4,4,2015,5,2,1,1,7,54
201600008551,16,5,12,1100,1,1,2,1,3,54
201600008552,16,6,15,1030,1,2,1,1,6,54
201600008553,16,8,27,1700,1,1,3,1,3,132
201600008554,16,10,13,345,3,1,1,2,7,54
201600008555,16,11,25,2130,3,1,1,8,6,54
201600008556,16,12,9,1730,1,2,1,1,2,54
201600008557,16,7,17,2045,1,2,1,1,1,92
201600008558,16,9,6,1445,1,1,6,1,3,92
201600008559,16,10,8,2030,5,2,1,1,6,92
201600008560,16,11,4,1845,5,2,1,2,7,92
201600008561,16,11,4,730,1,1,1,1,1,92
201600008562,16,12,17,1400,1,2,9,1,6,92
201600008563,16,1,26,1845,2,2,3,1,2,129
201600008564,16,2,6,2215,4,1,1,1,6,129
201600008565,16,2,23,1745,1,1,1,1,3,129
201600008566,16,3,10,1700,1,2,1,1,6,129
201600008567,16,8,4,930,1,1,1,1,2,16
201600008568,16,10,12,745,1,2,1,1,6,129
201600008569,16,11,9,1515,1,1,1,1,1,16
201600008570,16,11,30,1230,1,1,1,1,7,16
201600008571,16,11,24,915,1,1,1,1,3,129
201600008572,16,12,4,1915,3,1,1,1,4,129
201600008573,16,1,15,1445,1,2,1,1,1,3
201600008574,16,3,15,715,1,1,1,1,1,3
201600008575,16,4,5,1100,1,1,1,2,1,118
201600008576,16,4,10,1045,1,2,6,1,7,3
201600008577,16,4,24,1545,1,1,1,1,6,105
201600008578,16,5,28,1515,1,1,1,1,6,103
201600008579,16,6,5,30,5,2,1,1,3,3
201600008580,16,6,7,1415,1,1,1,1,7,105
201600008581,16,9,22,1600,1,2,1,1,1,3
201600008582,16,11,15,1615,1,2,1,1,6,3
201600008583,16,2,23,1445,1,1,1,1,1,26
201600008584,16,3,27,1145,1,1,1,2,1,26
201600008585,16,5,20,1745,1,1,1,1,1,74
201600008586,16,6,11,945,1,1,1,1,1,95
201600008587,16,8,7,700,1,1,1,1,6,26
201600008588,16,8,26,1030,1,1,1,1,1,26
201600008589,16,10,1,830,1,1,1,8,1,95
201600008590,16,4,28,2215,3,1,2,1,1,102
201600008591,16,7,24,1930,1,1,1,1,6,102
201600008592,16,8,11,400,3,1,1,1,6,50
201600008593,16,9,28,945,1,1,1,1,6,20
201600008594,16,10,6,1100,1,1,1,1,1,73
201600008595,16,11,20,1500,1,1,1,1,1,73
201600008596,16,12,5,2100,3,1,1,1,6,50
201600008597,16,1,4,1745,5,2,2,1,3,89
201600008598,16,1,6,1500,1,2,1,1,6,89
201600008599,16,4,19,1730,1,1,1,1,1,133
201600008600,16,4,16,645,2,1,1,7,6,76
201600008601,16,5,16,1115,1,2,7,1,6,89
201600008602,16,6,20,1900,1,2,1,1,6,133
201600008603,16,6,26,1200,1,1,9,1,1,52
201600008604,16,7,4,1630,1,2,1,1,6,89
201600008605,16,7,5,1445,1,1,2,1,3,133
201600008606,16,7,10,2030,1,1,1,1,6,89
201600008607,16,7,15,1900,1,2,1,1,6,9
201600008608,16,8,29,1545,1,1,1,1,6,76
201600008609,16,9,6,1300,1,1,1,1,3,14
201600008610,16,11,19,1100,1,1,1,1,7,9
201600008611,16,12,14,730,2,1,1,8,6,14
201600008612,16,11,10,1315,1,1,1,1,6,1
201600008613,16,12,4,1915,3,1,1,1,5,88
201600008614,16,12,18,1430,1,1,2,1,3,108
201600008615,16,12,31,2115,3,1,1,1,1,30
201600008616,16,6,14,1845,1,1,1,1,7,101
201600008617,16,7,24,900,1,1,1,1,6,88