Num_Acc,an,mois,jour,hrmn,lum,agg,int,atm,col,com
201600008618,16,1,28,1830,3,1,2,1,6,29
201600008619,16,3,6,1200,1,1,1,6,6,149
201600008620,16,6,3,1830,1,1,3,1,3,83
201600008621,16,6,25,745,1,2,1,1,7,91
201600008622,16,8,17,1640,1,1,2,1,1,29
201600008623,16,12,27,2315,3,1,1,1,7,135
201600008624,16,6,29,1700,1,1,1,1,1,122
201600008625,16,3,8,1545,1,1,3,9,3,49
201600008626,16,1,11,1445,1,1,1,1,6,19
201600008627,16,1,15,1145,1,2,1,1,6,19
201600008628,16,2,25,1500,1,2,1,1,3,19
201600008629,16,4,3,1830,1,2,1,2,6,19
201600008630,16,4,4,2115,1,1,1,1,6,19
201600008631,16,4,18,1630,1,1,6,1,4,63
201600008632,16,6,5,845,1,2,1,1,6,19
201600008633,16,7,9,1545,1,1,1,1,7,64
201600008634,16,7,31,1030,2,2,1,1,6,19
201600008635,16,10,1,1630,1,2,1,3,3,78
201600008636,16,10,18,715,1,1,9,1,3,19
201600008637,16,10,30,1100,1,1,6,1,7,64
201600008638,16,12,6,1415,1,2,1,1,6,19
201600008639,16,12,13,715,2,1,1,1,3,19
201600008640,16,12,20,1030,1,2,1,2,3,78
201600008641,16,8,14,1245,1,1,1,1,3,15
201600008642,16,9,29,1600,1,1,1,6,7,15
201600008643,16,12,10,900,3,1,1,1,6,137
201600008644,16,4,13,215,3,1,1,1,6,150
201600008645,16,4,25,745,1,1,1,1,3,150
201600008646,16,5,4,1745,1,1,2,1,6,150
201600008647,16,5,18,445,3,1,1,1,1,138
201600008648,16,6,13,1500,1,1,1,1,5,138
201600008649,16,7,30,2000,2,2,1,7,6,138
201600008650,16,8,23,1830,1,2,1,1,6,53
201600008651,16,9,20,2015,3,1,1,6,7,150
201600008652,16,2,19,1700,1,2,1,1,3,57
201600008653,16,8,10,1645,1,2,1,1,1,57
201600008654,16,8,23,1815,1,1,1,1,1,90
201600008655,16,9,29,1200,1,2,1,1,6,57
201600008656,16,11,15,1845,2,2,1,1,3,57
201600008657,16,12,20,800,2,2,1,3,6,57
201600008658,16,1,3,1345,1,2,1,1,5,327
201600008659,16,1,5,2030,3,2,6,1,1,327
201600008660,16,1,21,1215,1,1,1,1,1,327
201600008661,16,1,29,745,1,2,1,1,6,58
201600008662,16,2,4,1415,1,2,1,1,1,327
201600008663,16,3,3,1200,1,1,2,1,3,256
201600008664,16,3,5,1300,1,1,1,1,6,327
201600008665,16,3,18,2045,3,1,1,1,3,256
201600008666,16,3,24,1530,1,2,1,1,5,327
201600008667,16,4,23,1630,1,1,1,1,1,58
201600008668,16,4,29,2215,5,2,9,1,3,22
201600008669,16,5,21,530,3,1,1,1,1,244
201600008670,16,5,25,1700,1,2,9,1,6,22
201600008671,16,5,31,900,1,1,1,1,1,256
201600008672,16,6,25,2015,1,1,1,1,1,58
201600008673,16,7,3,1500,1,1,1,1,7,327
201600008674,16,7,16,930,1,2,1,1,6,327
201600008675,16,8,16,1830,1,1,1,1,6,227
201600008676,16,8,31,845,1,1,1,1,6,256
201600008677,16,9,2,845,1,1,1,1,3,256
201600008678,16,10,23,615,5,2,1,3,3,22
201600008679,16,12,9,1145,1,2,1,1,3,22
201600008680,16,2,3,1630,1,2,1,1,1,344
201600008681,16,6,20,1745,1,2,1,1,3,344
201600008682,16,7,1,2015,1,1,1,1,3,344
201600008683,16,7,12,1700,1,2,6,1,2,344
201600008684,16,7,21,2245,5,2,1,1,6,344
201600008685,16,8,15,2130,5,2,1,1,3,344
201600008686,16,9,2,1300,1,2,1,1,3,344
201600008687,16,9,5,815,1,1,9,1,6,344
201600008688,16,10,2,1830,1,1,1,7,3,344
201600008689,16,10,18,830,5,2,1,1,6,344
201600008690,16,12,18,1415,1,2,1,1,3,344
201600008691,16,1,13,1600,1,2,1,1,6,145
201600008692,16,1,25,745,2,1,9,1,2,145
201600008693,16,2,7,1530,1,1,1,1,7,145
201600008694,16,3,19,1300,1,1,1,1,1,145
201600008695,16,3,26,730,1,1,1,1,3,151
201600008696,16,4,11,1000,1,1,1,1,6,33
201600008697,16,6,8,1645,1,1,1,1,5,145
201600008698,16,7,15,1300,1,1,3,1,3,321
201600008699,16,7,31,1315,1,1,1,1,3,151
201600008700,16,8,20,645,1,2,1,1,3,145
201600008701,16,9,6,1300,1,2,1,1,3,272
201600008702,16,9,8,1215,1,2,1,1,3,296
201600008703,16,9,23,1230,1,1,1,1,1,151
201600008704,16,11,2,1530,1,1,1,1,6,145
201600008705,16,11,17,1930,3,1,1,1,5,33
201600008706,16,12,4,845,1,1,1,8,6,296
201600008707,16,12,5,2030,2,1,1,1,3,151
201600008708,16,12,8,1000,1,1,1,1,2,146
201600008709,16,12,26,1945,2,1,1,1,2,145
201600008710,16,12,28,1830,3,1,1,1,3,294
201600008711,16,1,5,800,2,1,1,1,3,154
201600008712,16,1,3,2000,4,2,6,2,3,154
201600008713,16,1,14,845,1,1,1,1,1,154
201600008714,16,3,29,830,1,1,2,1,3,154
201600008715,16,4,22,1715,1,1,3,2,3,154
201600008716,16,5,16,415,3,1,1,1,6,240
201600008717,16,5,19,830,1,1,6,1,6,154
201600008718,16,7,18,1130,1,1,1,1,4,154
201600008719,16,8,12,845,1,2,1,1,1,154
201600008720,16,10,21,1630,1,2,1,1,6,154
201600008721,16,11,10,815,1,1,1,1,5,240
201600008722,16,12,8,2230,3,1,1,1,3,154
201600008723,16,3,14,630,1,1,1,1,6,322
201600008724,16,6,29,1215,1,1,1,1,6,242
201600008725,16,7,10,245,3,1,1,1,6,297
201600008726,16,7,23,1130,1,1,2,1,1,266
201600008727,16,8,15,2045,1,1,3,1,3,131
201600008728,16,9,3,2045,2,2,9,1,3,276
201600008729,16,9,19,1745,1,1,1,1,5,66
201600008730,16,2,8,1330,1,2,1,1,6,28
201600008731,16,4,13,1600,1,1,1,1,3,96
201600008732,16,5,22,1545,1,1,1,3,3,96
201600008733,16,6,5,1130,1,1,1,1,3,252
201600008734,16,6,30,945,1,1,1,1,3,312
201600008735,16,7,9,2330,3,1,1,1,6,252
201600008736,16,10,9,1500,1,2,1,1,1,252
201600008737,16,10,16,1715,1,1,1,1,1,96
201600008738,16,11,15,1130,1,2,1,1,6,211
201600008739,16,11,24,1215,1,1,1,3,3,96
201600008740,16,11,29,1300,1,1,1,5,6,308
201600008741,16,2,15,1700,2,1,4,1,5,183
201600008742,16,3,16,1245,1,2,2,1,3,183
201600008743,16,3,25,2300,5,1,1,1,3,161
201600008744,16,6,11,1545,1,1,1,1,6,225
201600008745,16,6,18,45,3,2,1,3,6,52
201600008746,16,7,5,1815,1,1,1,1,6,135
201600008747,16,7,29,1030,1,1,1,1,5,183
201600008748,16,12,6,1645,1,1,1,1,1,52
201600008749,16,11,29,1700,2,1,1,1,6,170
201600008750,16,2,8,1015,1,1,1,1,2,310
201600008751,16,5,18,1515,1,1,1,2,1,70
201600008752,16,6,20,945,1,1,1,1,6,70
201600008753,16,6,28,1030,1,2,1,1,3,62
201600008754,16,7,13,1600,1,1,6,1,6,310
201600008755,16,7,18,1215,1,1,1,1,1,100
201600008756,16,7,28,2030,1,2,6,1,6,178
201600008757,16,8,19,1600,1,1,1,1,4,310
201600008758,16,11,19,2045,3,1,1,1,6,84
201600008759,16,11,21,1830,3,1,1,1,7,61
201600008760,16,3,27,530,5,2,1,2,6,97
201600008761,16,4,4,900,1,1,1,1,6,189
201600008762,16,5,30,1445,1,2,1,1,6,189
201600008763,16,5,31,1530,1,1,1,1,6,59
201600008764,16,11,14,1115,1,1,1,1,1,20
201600008765,16,7,15,2000,1,1,1,1,6,199
201600008766,16,8,3,100,3,1,1,1,6,162
201600008767,16,2,10,2015,3,1,1,1,3,162
201600008768,16,8,7,1400,1,1,1,1,7,289
201600008769,16,8,9,1930,1,2,1,1,6,199
201600008770,16,8,28,1500,1,1,1,1,6,162
201600008771,16,8,26,1500,1,1,1,1,2,162
201600008772,16,10,18,1545,1,2,1,1,2,199
201600008773,16,10,25,1545,1,2,1,1,6,199
201600008774,16,5,18,1045,1,1,1,1,2,17
201600008775,16,6,23,1800,1,1,1,1,7,103
201600008776,16,1,28,1530,1,1,1,1,6,229
201600008777,16,3,12,215,3,1,1,1,6,293
201600008778,16,6,6,1815,1,1,1,1,7,284
201600008779,16,7,17,1630,1,1,1,1,6,284
201600008780,16,7,19,1630,1,1,1,1,1,284
201600008781,16,8,5,2045,1,1,1,1,6,293
201600008782,16,8,21,1600,1,1,1,1,7,284
201600008783,16,9,10,945,1,1,1,1,1,229
201600008784,16,11,18,1000,1,2,1,1,6,293
201600008785,16,1,21,830,1,2,1,5,6,25
201600008786,16,7,2,1830,1,1,1,1,6,94
201600008787,16,7,6,1500,1,1,1,1,2,139
201600008788,16,7,7,545,3,1,1,1,5,237
201600008789,16,8,5,1845,1,1,1,1,6,1
201600008790,16,8,17,1300,1,2,6,1,7,300
201600008791,16,9,11,215,3,1,1,1,3,237
201600008792,16,10,13,1030,1,1,1,3,1,139
201600008793,16,10,31,1800,2,2,1,1,6,147
201600008794,16,10,22,815,1,2,1,1,6,85
201600008795,16,6,18,1915,1,1,1,1,7,329
201600008796,16,6,20,815,1,1,1,1,3,299
201600008797,16,10,16,1845,2,1,1,1,6,299
201600008798,16,7,5,830,1,2,1,1,6,142
201600008799,16,7,9,100,3,1,1,1,7,304
201600008800,16,7,15,430,3,1,1,1,6,220
201600008801,16,7,21,1200,1,1,1,1,3,186
201600008802,16,7,25,1930,1,1,1,1,7,230
201600008803,16,11,14,1630,1,2,1,1,2,142
201600008804,16,11,18,1300,1,1,1,2,6,142
201600008805,16,2,23,1845,2,1,1,1,6,35
201600008806,16,6,21,1700,1,1,1,1,1,239
201600008807,16,6,30,1015,1,1,1,1,1,328
201600008808,16,9,5,545,3,1,1,1,6,328
201600008809,16,11,14,1930,3,1,1,1,6,35
201600008810,16,12,7,1345,1,1,1,1,3,10
201600008811,16,1,23,715,2,2,1,2,6,150
201600008812,16,2,8,1830,1,2,1,1,6,150
201600008813,16,2,13,1630,1,1,1,1,6,101
201600008814,16,3,30,1715,1,2,1,1,2,332
201600008815,16,5,6,1730,1,1,1,1,2,332
201600008816,16,6,14,845,1,1,1,1,1,31
201600008817,16,7,3,1530,1,1,1,1,6,332
201600008818,16,8,26,2345,3,1,1,1,7,150
201600008819,16,9,2,2215,5,2,1,1,6,150
201600008820,16,9,20,2045,5,2,1,1,3,31
201600008821,16,10,25,1200,1,2,1,8,1,101
201600008822,16,10,31,1845,3,1,1,1,6,332
201600008823,16,11,30,1745,3,1,1,1,1,150
201600008824,16,1,12,2130,3,1,1,1,6,88
201600008825,16,5,22,1330,1,1,1,2,7,88
201600008826,16,7,15,2345,3,1,1,1,6,88
201600008827,16,7,31,1945,1,2,1,1,6,23
201600008828,16,8,12,1700,1,2,1,1,1,165
201600008829,16,8,22,1030,1,1,1,1,1,23
201600008830,16,9,12,1515,1,2,1,1,1,165
201600008831,16,9,30,2045,5,2,1,1,4,113
201600008832,16,10,19,2000,3,1,1,1,1,24
201600008833,16,2,6,700,1,1,1,1,3,213
201600008834,16,2,12,1845,3,2,1,1,5,157
201600008835,16,4,10,1500,1,2,1,1,2,157
201600008836,16,6,18,15,5,2,6,1,6,157
201600008837,16,7,4,1500,1,1,1,1,1,213
201600008838,16,12,28,1215,1,2,1,1,6,157
201600008839,16,1,15,1700,1,1,1,8,6,413
201600008840,16,3,15,1415,1,1,1,8,5,413
201600008841,16,5,18,1200,1,2,1,1,3,99
201600008842,16,7,14,1830,1,1,1,1,6,410
201600008843,16,7,24,300,3,1,1,1,6,367
201600008844,16,7,27,30,3,1,1,1,6,52
201600008845,16,8,19,2345,4,2,1,1,6,279
201600008846,16,8,22,1,5,2,1,1,6,99
201600008847,16,11,15,1315,1,1,1,1,1,367
201600008848,16,11,24,745,2,1,1,1,3,410
201600008849,16,12,12,845,1,1,1,1,1,413
201600008850,16,12,16,1745,5,2,1,3,6,426
201600008851,16,12,18,100,5,2,1,1,7,89
201600008852,16,5,14,1315,1,1,1,8,7,117
201600008853,16,8,19,845,1,1,1,1,2,378
201600008854,16,11,18,2200,3,1,1,1,6,392
201600008855,16,1,27,1530,1,2,1,1,3,315
201600008856,16,4,22,1745,1,1,1,1,6,190
201600008857,16,9,13,1545,1,1,1,6,6,81
201600008858,16,10,23,830,1,1,1,2,6,286
201600008859,16,2,10,1230,1,1,1,2,3,225
201600008860,16,2,12,1645,1,1,1,2,1,356
201600008861,16,3,5,1145,1,1,2,1,3,195
201600008862,16,4,8,1215,1,1,1,1,3,430
201600008863,16,5,15,1515,1,2,1,1,3,76
201600008864,16,6,21,15,3,1,1,1,7,284
201600008865,16,8,21,1845,1,1,1,1,2,356
201600008866,16,10,10,1800,1,1,1,1,3,225
201600008867,16,10,10,1715,1,1,1,1,1,252
201600008868,16,10,11,1415,1,1,1,1,6,76
201600008869,16,10,13,1200,1,1,1,1,6,76
201600008870,16,12,6,530,3,1,1,1,7,243
201600008871,16,2,9,1730,2,1,1,3,6,343
201600008872,16,2,19,1945,3,1,1,1,1,136
201600008873,16,3,1,115,5,2,1,1,1,49
201600008874,16,5,14,1730,1,2,1,1,6,434
201600008875,16,5,22,830,1,1,1,2,7,348
201600008876,16,5,22,1730,1,1,1,3,1,437
201600008877,16,6,23,630,2,1,1,1,6,418
201600008878,16,8,5,300,3,1,1,2,6,18
201600008879,16,9,10,2200,3,1,1,1,6,259
201600008880,16,9,13,1800,1,1,1,1,3,84
201600008881,16,10,15,1130,1,1,1,1,1,340
201600008882,16,10,18,1330,2,1,1,1,6,288
201600008883,16,11,27,300,3,2,1,1,6,254
201600008884,16,5,8,1530,1,1,1,6,6,275
201600008885,16,7,20,1830,1,1,1,1,7,33
201600008886,16,1,3,1045,1,1,1,1,1,34
201600008887,16,1,28,800,1,1,1,8,1,197
201600008888,16,4,10,30,3,1,1,1,6,293
201600008889,16,4,28,1500,1,2,1,1,3,206
201600008890,16,5,15,2315,5,2,1,1,6,216
201600008891,16,5,31,400,3,1,1,2,7,325
201600008892,16,6,12,1730,1,1,1,1,3,34
201600008893,16,7,1,725,1,1,1,1,1,206
201600008894,16,7,22,945,1,1,1,2,3,158
201600008895,16,9,6,700,2,2,1,1,6,206
201600008896,16,9,18,30,3,1,1,1,1,85
201600008897,16,10,30,930,1,2,1,1,6,206
201600008898,16,11,24,1530,1,1,1,1,6,158
201600008899,16,12,5,1800,3,1,1,1,3,58
201600008900,16,1,15,1400,1,1,1,4,6,36
201600008901,16,1,23,1730,1,1,1,1,6,130
201600008902,16,8,23,1815,1,1,1,1,7,147
201600008903,16,4,14,1715,1,1,1,1,7,336
201600008904,16,1,23,830,1,1,1,8,1,310
201600008905,16,3,1,1100,1,2,1,1,6,103
201600008906,16,4,25,1345,1,1,1,1,6,129
201600008907,16,7,30,1915,1,1,1,1,6,21
201600008908,16,8,5,1430,1,1,1,1,1,358
201600008909,16,8,18,945,1,1,1,1,6,127
201600008910,16,8,30,1315,1,1,1,1,1,358
201600008911,16,9,2,1400,1,1,1,1,6,302
201600008912,16,10,7,1230,1,1,1,1,1,127
201600008913,16,10,18,1815,2,1,1,1,6,263
201600008914,16,1,7,930,1,2,2,1,1,262
201600008915,16,1,9,2045,3,1,1,5,6,262
201600008916,16,2,8,1145,1,2,1,1,6,370
201600008917,16,2,20,1900,3,1,1,1,7,145
201600008918,16,3,23,1130,1,1,1,1,7,262
201600008919,16,6,6,1830,1,2,1,1,3,116
201600008920,16,6,24,730,1,1,1,1,1,255
201600008921,16,7,1,1730,1,2,1,1,2,116
201600008922,16,7,14,1815,1,2,1,1,1,262
201600008923,16,9,20,1330,1,1,1,1,6,255
201600008924,16,10,25,1445,1,1,1,8,1,264
201600008925,16,10,27,1615,1,1,2,1,3,258
201600008926,16,11,19,100,3,1,1,1,6,255
201600008927,16,4,8,215,3,1,1,1,7,124
201600008928,16,6,14,1430,1,1,1,1,7,110
201600008929,16,7,1,1830,1,1,1,1,6,157
201600008930,16,7,11,1645,1,1,1,1,6,431
201600008931,16,9,6,1700,1,1,1,1,6,332
201600008932,16,9,10,1030,1,1,1,1,3,351
201600008933,16,1,16,845,1,1,2,1,3,67
201600008934,16,3,3,1030,1,1,1,2,1,172
201600008935,16,4,14,1815,1,2,1,1,3,203
201600008936,16,5,16,1815,1,1,1,1,6,267
201600008937,16,6,22,1030,1,1,1,1,6,210
201600008938,16,8,9,1645,1,2,1,1,3,98
201600008939,16,9,26,2215,3,1,1,1,4,393
201600008940,16,10,30,1615,1,1,1,7,6,203
201600008941,16,11,27,1015,1,1,1,1,1,233
201600008942,16,12,9,545,3,1,1,1,6,405
201600008943,16,2,5,745,2,2,1,1,6,379
201600008944,16,4,24,1800,1,1,1,1,3,188
201600008945,16,8,6,900,1,1,1,1,6,188
201600008946,16,8,13,1715,1,1,1,1,5,266
201600008947,16,8,28,2015,2,1,1,1,3,379
201600008948,16,12,27,1445,1,1,1,1,4,188
201600008949,16,1,15,1300,1,1,9,1,1,133
201600008950,16,4,18,1800,1,1,1,1,6,3
201600008951,16,5,7,400,3,1,1,1,6,306
201600008952,16,5,31,1715,1,1,1,1,1,306
201600008953,16,7,3,1945,1,1,2,7,3,244
201600008954,16,7,23,700,2,1,1,1,1,75
201600008955,16,11,14,1115,1,2,1,1,1,321
201600008956,16,2,4,1100,1,1,1,1,6,156
201600008957,16,5,21,1415,1,2,1,1,6,156
201600008958,16,6,29,1715,1,1,1,1,3,39
201600008959,16,7,2,230,3,1,1,1,6,206
201600008960,16,8,26,1045,1,1,3,1,3,145
201600008961,16,3,13,945,1,1,1,1,1,258
201600008962,16,4,6,2245,5,2,1,1,7,258
201600008963,16,4,28,1745,1,1,1,1,5,258
201600008964,16,9,28,1715,1,1,1,1,6,258
201600008965,16,9,27,730,1,2,1,1,3,258
201600008966,16,1,5,915,1,1,1,1,6,4
201600008967,16,12,30,1315,1,1,1,1,1,83
201600008968,16,1,23,2100,3,1,1,1,1,6
201600008969,16,2,19,1845,2,2,1,1,3,6
201600008970,16,4,16,445,5,2,1,1,6,123
201600008971,16,6,9,345,3,1,1,1,6,4
201600008972,16,8,15,945,1,2,1,1,1,83
201600008973,16,8,25,815,1,1,6,7,7,6
201600008974,16,9,26,1700,1,2,1,1,3,33
201600008975,16,10,18,615,3,1,1,1,3,83
201600008976,16,11,7,700,2,1,1,1,6,341
201600008977,16,12,24,1845,3,1,1,1,1,123
201600008978,16,3,22,730,1,1,1,1,1,269
201600008979,16,7,8,715,2,2,1,1,6,10
201600008980,16,8,20,1630,1,1,1,1,6,129
201600008981,16,10,3,1700,1,1,1,1,3,10
201600008982,16,10,13,730,2,2,1,3,1,27
201600008983,16,4,2,100,3,1,1,2,1,239
201600008984,16,4,4,845,1,2,1,2,1,132
201600008985,16,10,3,1645,1,2,1,1,6,132
201600008986,16,11,18,1415,1,1,1,2,7,51
201600008987,16,11,26,1845,3,2,9,1,3,307
201600008988,16,5,1,1700,1,1,1,6,7,274
201600008989,16,5,25,930,1,2,1,1,6,305
201600008990,16,7,3,1045,1,1,1,1,2,7
201600008991,16,9,10,1815,1,1,3,1,3,55
201600008992,16,11,8,1500,1,1,1,1,3,275
201600008993,16,11,14,1815,3,1,1,1,3,173
201600008994,16,12,12,1800,5,2,6,1,3,223
201600008995,16,12,16,300,3,1,1,2,7,294
201600008996,16,4,21,1630,1,1,9,2,7,188
201600008997,16,6,19,645,1,2,1,1,3,348
201600008998,16,6,22,2015,2,1,2,1,3,188
201600008999,16,6,24,1515,1,1,1,1,1,147
201600009000,16,7,12,430,3,1,1,1,6,46
201600009001,16,1,30,1400,1,2,1,1,6,80
201600009002,16,5,5,1915,1,1,1,1,7,345
201600009003,16,5,16,1615,1,1,1,1,1,130
201600009004,16,6,19,945,1,2,1,1,2,90
201600009005,16,7,11,800,1,1,1,1,7,130
201600009006,16,7,31,1730,1,1,1,1,1,130
201600009007,16,8,21,1630,1,1,1,1,5,201
201600009008,16,1,6,1400,1,1,1,1,6,37
201600009009,16,1,14,1200,1,2,1,1,7,237
201600009010,16,4,18,645,2,1,1,1,1,227
201600009011,16,5,5,945,1,2,1,7,1,227
201600009012,16,5,7,400,3,1,1,1,6,218
201600009013,16,5,10,1730,1,1,9,1,3,152
201600009014,16,8,11,1900,1,1,1,7,1,187
201600009015,16,8,19,1915,1,2,1,1,1,303
201600009016,16,9,1,330,3,1,1,1,6,29
201600009017,16,10,3,1700,1,1,1,1,5,29
201600009018,16,10,21,830,1,1,1,7,6,167
201600009019,16,11,4,1200,1,1,1,1,2,227
201600009020,16,11,14,1500,1,1,1,1,6,227
201600009021,16,11,27,1715,5,1,1,8,3,227
201600009022,16,12,2,1700,1,1,1,1,5,218
201600009023,16,2,25,1830,3,1,1,2,5,282
201600009024,16,3,23,830,1,1,1,1,1,308
201600009025,16,4,15,1100,1,1,1,1,3,110
201600009026,16,4,30,1500,1,2,3,1,1,279
201600009027,16,5,4,1030,1,1,1,1,6,334
201600009028,16,5,20,1445,1,1,1,1,6,343
201600009029,16,6,10,1700,1,1,1,1,3,299
201600009030,16,7,1,2330,3,1,1,1,6,295
201600009031,16,9,7,2315,3,1,1,1,6,41
201600009032,16,9,30,1945,2,2,1,1,7,334
201600009033,16,10,10,1745,1,2,1,1,1,334
201600009034,16,10,26,1130,1,1,2,2,3,334
201600009035,16,10,31,1830,3,1,1,1,6,334
201600009036,16,12,9,1630,1,2,3,1,3,334
201600009037,16,12,18,1600,1,2,2,1,1,334
201600009038,16,1,18,1130,1,2,1,1,5,288
201600009039,16,2,25,945,1,1,1,1,1,290
201600009040,16,5,12,1915,1,1,1,1,1,96
201600009041,16,5,21,2015,1,1,1,1,1,226
201600009042,16,7,15,1745,1,2,1,1,2,202
201600009043,16,7,20,1615,1,1,1,1,6,230
201600009044,16,8,6,1400,1,1,1,1,2,202
201600009045,16,9,23,1415,1,1,1,1,6,273
201600009046,16,10,23,530,3,1,1,3,7,256
201600009047,16,11,1,2045,3,1,1,1,6,273
201600009048,16,1,5,45,4,1,1,1,6,179
201600009049,16,4,3,1500,1,1,1,3,3,89
201600009050,16,4,8,900,1,1,1,1,1,212
201600009051,16,5,11,1215,1,1,1,2,1,328
201600009052,16,6,9,1830,1,2,1,1,2,12
201600009053,16,6,30,2045,1,2,1,1,2,89
201600009054,16,7,8,330,3,1,1,1,6,179
201600009055,16,7,28,1845,1,1,1,1,1,166
201600009056,16,8,25,400,3,1,1,1,7,12
201600009057,16,2,2,1500,1,1,1,1,3,209
201600009058,16,2,24,730,2,1,1,1,5,221
201600009059,16,3,5,1115,1,1,1,1,6,254
201600009060,16,3,22,2030,3,1,1,1,6,221
201600009061,16,4,20,815,1,1,1,1,5,315
201600009062,16,6,10,1445,1,1,1,1,1,315
201600009063,16,7,6,1915,1,1,1,1,6,178
201600009064,16,7,27,1845,2,1,1,7,7,326
201600009065,16,8,15,1900,1,2,1,1,6,278
201600009066,16,8,23,2330,3,1,1,1,7,278
201600009067,16,8,29,1600,1,1,1,1,1,312
201600009068,16,9,4,1700,1,2,1,1,3,278
201600009069,16,9,16,1600,1,2,1,1,6,221
201600009070,16,9,24,2000,2,1,1,1,6,315
201600009071,16,9,25,1930,2,1,1,1,2,278
201600009072,16,2,19,2000,3,1,1,1,7,61
201600009073,16,3,10,1645,1,1,1,1,1,228
201600009074,16,5,4,1145,1,1,1,1,6,182
201600009075,16,6,1,1630,1,1,1,1,3,228
201600009076,16,6,4,1715,1,1,1,1,2,182
201600009077,16,6,21,2115,2,1,1,1,3,182
201600009078,16,6,29,745,1,1,1,1,6,61
201600009079,16,7,3,1645,1,1,1,1,7,354
201600009080,16,7,19,2030,1,2,1,1,6,281
201600009081,16,7,23,1745,1,1,1,8,1,102
201600009082,16,7,22,1730,1,1,1,1,4,126
201600009083,16,7,29,1300,1,1,1,1,3,182
201600009084,16,8,20,1745,1,1,1,9,3,102
201600009085,16,9,18,1930,2,1,1,1,1,181
201600009086,16,10,15,1800,1,1,1,1,3,88
201600009087,16,10,19,1245,1,1,1,1,2,61
201600009088,16,11,11,1445,1,1,1,1,1,193
201600009089,16,11,22,645,2,1,1,8,1,88
201600009090,16,12,4,630,2,1,1,1,6,184
201600009091,16,12,4,1745,4,1,1,1,6,281
201600009092,16,3,26,1900,1,1,1,1,1,154
201600009093,16,6,9,1300,1,1,1,1,6,229
201600009094,16,7,24,230,3,1,1,1,6,339
201600009095,16,7,26,1215,1,1,1,1,3,283
201600009096,16,8,3,1700,1,1,1,7,1,26
201600009097,16,9,18,1530,1,1,1,1,1,339
201600009098,16,9,29,1815,1,1,1,1,6,26
201600009099,16,11,16,1900,1,1,1,1,6,272
201600009100,16,11,17,1445,1,1,1,1,6,272
201600009101,16,5,14,1230,1,1,1,1,1,87
201600009102,16,9,21,1215,1,2,1,1,3,172
201600009103,16,2,14,845,1,1,1,8,1,2
201600009104,16,5,30,1845,1,1,1,1,6,210
201600009105,16,7,2,2245,3,1,1,1,6,311
201600009106,16,8,28,45,3,1,1,1,7,150
201600009107,16,9,6,1630,1,1,1,1,3,349
201600009108,16,11,22,1700,2,1,1,2,5,150
201600009109,16,4,26,1500,1,1,3,1,3,82
201600009110,16,7,7,1815,1,1,1,1,7,86
201600009111,16,7,29,1500,1,1,1,1,1,43
201600009112,16,11,27,1815,5,2,1,1,6,80
201600009113,16,12,29,1500,1,1,1,1,6,43
201600009114,16,6,27,1500,1,1,4,1,3,119
201600009115,16,8,8,1430,1,1,1,1,1,198
201600009116,16,9,10,1415,1,1,1,1,7,198
201600009117,16,4,9,1330,1,1,1,1,3,75
201600009118,16,5,6,1345,1,1,1,1,1,122
201600009119,16,6,19,1900,1,1,1,1,7,172
201600009120,16,7,25,845,1,1,1,1,7,166
201600009121,16,12,14,1400,1,1,1,8,6,75
201600009122,16,6,11,1545,1,1,1,1,6,166
201600009123,16,3,15,1515,1,1,1,1,6,97
201600009124,16,7,14,2045,1,1,1,7,6,36
201600009125,16,5,14,1130,1,1,1,1,7,88
201600009126,16,6,29,1715,1,1,1,1,6,17
201600009127,16,7,17,1500,1,1,1,1,7,165
201600009128,16,8,17,1330,1,1,1,2,6,18
201600009129,16,10,20,1800,1,1,1,1,1,55
201600009130,16,12,6,1245,1,2,1,1,6,92
201600009131,16,11,28,1300,1,1,1,1,6,128
201600009132,16,9,25,930,3,1,1,1,6,89
201600009133,16,10,25,1800,1,1,1,1,2,177
201600009134,16,2,15,1815,5,2,6,4,7,140
201600009135,16,3,15,1030,1,2,1,1,1,140
201600009136,16,7,21,1545,1,1,1,1,6,177
201600009137,16,1,12,1615,1,2,1,1,6,37
201600009138,16,5,18,745,1,2,1,1,6,37
201600009139,16,7,18,1345,1,2,1,1,1,37
201600009140,16,5,31,800,1,1,1,1,1,37
201600009141,16,8,5,2330,3,1,1,1,3,37
201600009142,16,8,20,730,1,2,1,1,2,37
201600009143,16,8,18,515,1,1,1,1,1,182
201600009144,16,8,28,1415,1,2,1,1,6,224
201600009145,16,12,9,1115,1,1,1,1,2,37
201600009146,16,12,11,945,1,2,6,1,6,37
201600009147,16,12,17,630,3,1,1,1,1,37
201600009148,16,3,23,1430,1,2,1,1,6,227
201600009149,16,6,27,1130,1,2,1,1,1,11
201600009150,16,12,10,1930,3,1,1,1,7,65
201600009151,16,12,13,900,1,1,1,1,4,227
201600009152,16,8,31,1345,1,1,1,7,1,205
201600009153,16,3,14,1630,1,1,6,1,7,55
201600009154,16,5,4,1730,1,1,1,1,1,108
201600009155,16,8,12,1,3,1,1,1,3,174
201600009156,16,9,20,1645,1,2,2,1,1,108