Num_Acc,an,mois,jour,hrmn,lum,agg,int,atm,col,com
201600009157,16,11,25,1915,3,1,1,1,3,195
201600009158,16,1,7,1600,1,1,1,1,3,164
201600009159,16,2,9,45,3,1,1,1,6,164
201600009160,16,2,20,1930,3,1,1,1,3,190
201600009161,16,3,20,1930,5,2,6,1,4,164
201600009162,16,7,18,1700,1,2,1,1,7,190
201600009163,16,7,21,1815,1,1,1,1,6,164
201600009164,16,8,8,1600,1,1,1,1,7,164
201600009165,16,12,14,845,1,1,6,1,6,190
201600009166,16,3,21,1945,5,2,1,1,6,171
201600009167,16,6,21,2145,2,1,1,7,6,171
201600009168,16,9,6,1545,1,2,1,1,6,171
201600009169,16,3,31,1745,1,2,1,1,1,17
201600009170,16,6,24,1530,1,1,1,1,5,180
201600009171,16,6,28,2200,3,1,1,1,3,176
201600009172,16,7,20,2015,1,2,1,1,3,17
201600009173,16,8,18,745,1,1,1,1,6,180
201600009174,16,9,12,700,2,2,1,1,3,176
201600009175,16,2,21,1715,1,2,1,1,1,145
201600009176,16,3,28,1830,1,1,1,1,1,217
201600009177,16,5,8,330,3,1,1,1,6,145
201600009178,16,5,12,2145,5,2,1,1,6,144
201600009179,16,6,9,1700,1,2,1,1,2,170
201600009180,16,8,1,1730,1,1,1,1,1,144
201600009181,16,10,15,1930,2,1,1,1,7,217
201600009182,16,10,15,2230,5,2,1,1,1,145
201600009183,16,10,16,2100,3,1,1,1,1,144
201600009184,16,11,20,145,5,1,1,1,6,226
201600009185,16,1,4,1700,1,1,1,2,1,49
201600009186,16,1,4,1730,4,2,1,8,6,49
201600009187,16,4,6,1800,1,1,1,1,2,160
201600009188,16,6,13,1830,2,1,1,1,3,160
201600009189,16,6,17,915,1,1,1,1,6,49
201600009190,16,7,19,1245,1,1,1,1,7,150
201600009191,16,12,2,1900,5,2,1,1,7,3
201600009192,16,4,1,1345,1,2,1,1,1,8
201600009193,16,4,11,730,2,1,1,1,1,8
201600009194,16,6,23,1930,1,2,1,1,6,8
201600009195,16,9,5,2300,3,2,1,2,1,8
201600009196,16,9,28,1830,1,1,1,1,3,168
201600009197,16,11,17,2145,3,2,1,1,6,8
201600009198,16,12,26,1400,1,2,1,1,1,8
201600009199,16,4,16,1500,1,2,1,1,2,175
201600009200,16,7,26,1615,1,1,1,1,5,175
201600009201,16,8,19,1615,1,1,1,1,3,115
201600009202,16,10,6,145,3,1,1,1,6,175
201600009203,16,3,6,1730,1,1,1,1,3,178
201600009204,16,3,24,630,1,1,1,1,7,24
201600009205,16,4,12,1645,1,1,1,1,1,106
201600009206,16,7,16,1715,1,2,6,7,6,24
201600009207,16,7,23,300,3,2,1,1,6,106
201600009208,16,7,26,1100,1,1,1,1,1,63
201600009209,16,8,7,1530,1,1,1,1,3,24
201600009210,16,8,27,1130,1,1,1,1,6,137
201600009211,16,9,24,230,3,1,1,1,7,15
201600009212,16,10,28,1315,1,2,1,1,6,137
201600009213,16,12,17,1715,2,1,1,1,6,106
201600009214,16,7,5,1345,1,1,1,1,5,148
201600009215,16,7,13,1500,1,2,1,1,1,16
201600009216,16,7,19,1845,1,1,1,1,1,148
201600009217,16,9,20,1900,1,2,1,1,1,16
201600009218,16,10,29,1300,1,1,1,1,3,148
201600009219,16,5,11,1715,1,2,1,2,6,149
201600009220,16,5,21,1600,1,1,1,1,1,90
201600009221,16,6,28,1130,1,1,1,1,5,149
201600009222,16,2,5,1100,1,2,1,1,6,25
201600009223,16,3,26,915,1,2,1,7,6,167
201600009224,16,9,3,830,1,1,1,1,1,167
201600009225,16,10,15,1430,1,1,1,1,3,146
201600009226,16,10,25,1730,1,1,1,1,6,20
201600009227,16,2,14,1430,1,1,1,1,1,230
201600009228,16,5,27,1515,1,1,1,1,3,103
201600009229,16,6,19,1445,1,1,1,1,1,103
201600009230,16,8,8,1430,1,1,1,1,4,103
201600009231,16,12,13,2300,5,2,1,1,6,88
201600009232,16,6,12,630,1,2,1,1,6,228
201600009233,16,6,26,500,2,1,6,1,6,8
201600009234,16,1,27,745,2,2,9,1,6,271
201600009235,16,5,5,430,3,1,1,1,6,271
201600009236,16,6,18,1045,1,1,1,1,6,330
201600009237,16,8,10,915,1,1,1,1,1,271
201600009238,16,8,13,1745,1,1,1,1,1,271
201600009239,16,8,25,1130,1,1,1,1,2,6
201600009240,16,8,26,1100,1,1,1,1,3,271
201600009241,16,8,30,915,1,2,1,1,3,271
201600009242,16,9,5,1530,1,1,1,1,2,209
201600009243,16,9,13,1745,1,1,1,1,3,17
201600009244,16,9,13,1545,1,2,1,1,5,271
201600009245,16,9,17,2015,3,1,1,2,1,6
201600009246,16,9,29,1315,1,1,1,1,2,17
201600009247,16,2,16,1430,1,2,1,1,1,41
201600009248,16,3,7,1645,1,1,1,1,6,114
201600009249,16,3,21,2000,3,1,1,1,2,215
201600009250,16,4,1,1245,1,2,1,1,2,41
201600009251,16,6,3,2330,3,1,1,1,3,41
201600009252,16,6,8,1300,1,2,1,1,2,215
201600009253,16,6,29,1015,1,2,1,1,3,41
201600009254,16,8,2,400,3,1,1,1,6,41
201600009255,16,9,5,1615,1,1,1,1,3,41
201600009256,16,9,4,900,1,1,1,1,1,163
201600009257,16,9,11,845,1,1,1,1,3,41
201600009258,16,9,20,1015,1,2,1,1,3,41
201600009259,16,1,25,730,1,2,1,1,1,247
201600009260,16,3,2,945,1,1,1,1,1,247
201600009261,16,3,18,1130,1,2,1,1,2,247
201600009262,16,5,8,1800,1,1,1,1,6,247
201600009263,16,5,21,1115,1,1,1,1,6,247
201600009264,16,8,3,1330,1,2,1,1,7,247
201600009265,16,8,8,930,1,1,1,1,1,247
201600009266,16,8,8,1030,1,1,1,1,1,247
201600009267,16,8,10,600,2,1,1,1,3,247
201600009268,16,8,12,700,2,2,1,1,1,247
201600009269,16,9,20,1615,1,1,1,1,1,247
201600009270,16,9,15,2215,3,1,1,8,1,362
201600009271,16,10,14,2100,5,2,3,1,5,247
201600009272,16,10,16,1135,1,1,1,1,7,247
201600009273,16,11,8,1648,1,2,1,1,3,247
201600009274,16,11,14,1730,5,2,1,2,2,247
201600009275,16,11,17,630,2,2,3,2,2,247
201600009276,16,11,26,1525,1,2,3,1,1,247
201600009277,16,11,27,1020,1,2,3,1,3,247
201600009278,16,12,18,530,5,2,6,1,6,247
201600009279,16,7,31,1945,1,2,1,1,3,269
201600009280,16,4,21,1100,1,1,1,1,1,127
201600009281,16,7,16,1745,1,1,1,1,5,276
201600009282,16,2,28,1630,1,1,1,3,6,272
201600009283,16,5,8,1915,1,1,1,1,3,189
201600009284,16,1,6,1345,1,1,1,1,3,148
201600009285,16,1,26,2215,3,1,1,1,6,55
201600009286,16,2,15,1230,1,1,1,3,6,355
201600009287,16,2,23,715,1,2,1,1,3,42
201600009288,16,3,2,1415,1,2,1,1,3,42
201600009289,16,3,30,1715,1,2,1,1,6,42
201600009290,16,4,14,1600,1,2,9,1,6,42
201600009291,16,5,12,1400,1,1,1,1,7,42
201600009292,16,5,18,1400,1,1,1,1,2,42
201600009293,16,7,19,645,2,1,1,1,1,350
201600009294,16,8,12,930,1,2,9,1,3,148
201600009295,16,8,18,915,1,1,1,1,3,148
201600009296,16,9,1,1945,1,2,1,1,5,42
201600009297,16,9,2,115,4,1,1,1,2,42
201600009298,16,9,16,1200,1,1,1,2,1,350
201600009299,16,9,19,1430,1,2,1,1,5,350
201600009300,16,10,26,1,3,2,1,5,7,42
201600009301,16,10,29,800,1,2,1,1,3,148
201600009302,16,11,19,800,1,1,1,2,1,355
201600009303,16,11,19,1030,1,1,1,8,7,55
201600009304,16,11,29,815,1,1,1,1,7,42
201600009305,16,12,4,1330,1,1,1,1,7,355
201600009306,16,12,30,1145,1,1,1,1,1,42
201600009307,16,3,15,1600,1,2,1,1,1,224
201600009308,16,5,26,1730,1,1,1,1,1,281
201600009309,16,8,17,1700,1,2,1,1,3,309
201600009310,16,9,11,930,1,1,1,1,6,261
201600009311,16,9,13,1030,1,1,1,1,3,43
201600009312,16,12,5,730,2,2,1,1,3,309
201600009313,16,6,26,1600,1,1,1,1,3,301
201600009314,16,10,6,1045,1,1,1,1,6,314
201600009315,16,2,1,1530,1,1,1,1,7,109
201600009316,16,4,2,1500,1,1,1,1,7,301
201600009317,16,4,24,930,1,1,1,1,7,205
201600009318,16,5,3,1745,1,1,1,1,1,29
201600009319,16,5,7,1630,1,1,1,1,1,314
201600009320,16,5,19,1615,1,2,1,1,1,205
201600009321,16,5,20,1215,1,2,1,1,6,29
201600009322,16,5,22,1215,1,1,1,1,3,205
201600009323,16,5,22,1500,1,1,1,1,1,333
201600009324,16,5,30,1745,1,1,1,1,6,109
201600009325,16,6,5,1900,1,2,1,1,1,205
201600009326,16,7,28,1845,1,2,1,1,3,298
201600009327,16,9,20,600,5,2,1,1,6,172
201600009328,16,9,23,1100,1,1,1,7,3,172
201600009329,16,10,3,1130,1,2,1,1,6,298
201600009330,16,12,30,1815,3,1,1,1,1,265
201600009331,16,1,19,715,2,1,1,1,6,150
201600009332,16,6,11,1030,1,1,1,1,6,150
201600009333,16,8,30,1845,1,1,1,2,1,50
201600009334,16,9,14,1000,1,2,1,1,5,50
201600009335,16,10,16,1730,1,1,1,1,6,49
201600009336,16,5,10,730,1,1,1,1,3,150
201600009337,16,6,14,1645,1,2,1,6,7,93
201600009338,16,8,26,1330,1,2,1,1,6,134
201600009339,16,11,4,400,5,2,1,1,6,134
201600009340,16,11,19,915,1,1,1,1,3,199
201600009341,16,11,19,1645,1,1,1,1,1,296
201600009342,16,11,23,1815,3,1,1,1,1,231
201600009343,16,11,25,1030,1,2,1,1,3,134
201600009344,16,12,10,1700,2,2,1,1,1,168
201600009345,16,2,26,1,3,1,1,1,6,13
201600009346,16,3,11,1215,1,1,1,1,7,96
201600009347,16,3,22,2015,3,1,1,1,3,96
201600009348,16,4,9,2100,5,2,1,2,6,96
201600009349,16,5,11,1100,1,1,1,8,1,96
201600009350,16,5,13,945,1,1,1,1,6,12
201600009351,16,5,25,1345,1,1,1,1,5,354
201600009352,16,5,28,1345,1,1,1,1,3,96
201600009353,16,5,31,830,1,1,1,1,7,218
201600009354,16,6,5,1915,1,2,1,1,3,260
201600009355,16,6,30,1130,1,2,1,1,2,96
201600009356,16,8,20,930,1,2,1,1,6,201
201600009357,16,9,9,845,1,1,1,2,3,96
201600009358,16,9,26,930,1,2,1,1,6,306
201600009359,16,11,14,1130,1,1,1,3,6,341
201600009360,16,12,5,1500,1,2,1,2,6,96
201600009361,16,5,8,2200,3,1,1,1,7,95
201600009362,16,8,14,645,2,1,1,1,7,73
201600009363,16,9,10,630,1,1,1,1,7,73
201600009364,16,5,28,300,3,1,1,1,6,337
201600009365,16,6,16,1400,1,1,1,1,1,23
201600009366,16,9,7,800,2,1,1,1,6,83
201600009367,16,10,27,815,1,1,1,2,1,55
201600009368,16,11,2,1630,3,1,1,1,6,193
201600009369,16,12,12,1500,1,1,1,1,7,59
201600009370,16,12,27,1145,1,1,1,1,7,162
201600009371,16,2,7,630,5,1,1,2,7,251
201600009372,16,3,14,730,1,1,1,1,1,123
201600009373,16,3,28,1730,1,1,1,1,6,251
201600009374,16,7,2,1045,1,1,1,1,3,283
201600009375,16,7,10,1715,1,2,1,1,7,149
201600009376,16,8,23,2000,3,1,1,1,7,123
201600009377,16,9,17,1130,1,1,1,1,5,277
201600009378,16,9,20,1015,1,1,2,1,3,123
201600009379,16,11,22,900,1,2,1,1,2,123
201600009380,16,11,29,1945,3,1,1,1,2,283
201600009381,16,12,5,1600,1,1,1,1,2,123
201600009382,16,12,17,1515,1,1,1,1,6,123
201600009383,16,6,2,1030,1,2,1,1,3,347
201600009384,16,6,4,945,1,2,1,1,3,9
201600009385,16,2,5,730,1,1,1,1,3,87
201600009386,16,2,28,1445,1,1,1,3,3,303
201600009387,16,3,2,2115,5,1,1,1,3,307
201600009388,16,5,5,1030,1,2,1,1,6,225
201600009389,16,6,13,1515,1,1,1,1,6,311
201600009390,16,7,1,715,2,1,1,1,6,311
201600009391,16,7,11,1100,1,1,1,1,3,87
201600009392,16,8,12,1200,1,2,1,1,3,307
201600009393,16,10,2,1445,1,2,1,3,1,307
201600009394,16,10,25,830,1,2,1,2,3,311
201600009395,16,3,4,445,3,1,1,1,7,252
201600009396,16,3,2,1245,1,1,1,1,2,343
201600009397,16,11,1,1815,5,2,1,1,3,207
201600009398,16,11,1,1515,1,1,1,1,6,252
201600009399,16,12,1,1015,3,1,1,1,7,207
201600009400,16,12,1,915,1,2,1,1,4,319
201600009401,16,12,13,1615,1,1,1,1,6,343
201600009402,16,1,13,1549,1,2,1,1,6,23
201600009403,16,4,8,845,1,2,1,1,6,23
201600009404,16,4,15,2130,5,2,3,1,1,23
201600009405,16,4,17,1739,1,2,1,2,1,23
201600009406,16,7,20,2230,5,2,4,1,3,23
201600009407,16,9,18,1025,1,1,1,8,6,23
201600009408,16,10,29,1715,1,2,1,1,6,23
201600009409,16,11,5,800,1,2,1,7,7,23
201600009410,16,11,29,1145,1,2,1,7,6,23
201600009411,16,12,9,1040,1,2,8,7,6,23
201600009412,16,12,21,1645,2,1,6,1,2,23
201600009413,16,1,13,1935,5,2,1,1,3,61
201600009414,16,12,27,1750,5,2,3,1,6,61
201600009415,16,1,18,2017,5,2,1,1,2,61
201600009416,16,1,24,120,5,2,1,1,1,61
201600009417,16,1,31,1535,1,1,1,1,5,61
201600009418,16,3,30,1820,1,2,4,1,3,61
201600009419,16,3,24,1448,1,2,6,1,2,61
201600009420,16,4,1,1559,1,2,1,1,6,61
201600009421,16,4,6,2230,5,1,1,1,7,61
201600009422,16,5,11,5,5,2,1,1,3,61
201600009423,16,5,9,1715,1,2,1,1,4,61
201600009424,16,5,15,607,1,2,1,1,1,61
201600009425,16,5,25,1414,1,2,1,1,6,61
201600009426,16,7,8,1615,1,1,1,1,3,61
201600009427,16,7,10,1840,1,1,1,1,6,61
201600009428,16,7,15,1055,1,2,1,1,3,61
201600009429,16,7,12,1939,1,2,9,1,3,61
201600009430,16,7,26,1750,1,2,1,1,1,61
201600009431,16,8,7,2245,5,2,2,1,3,61
201600009432,16,8,8,1420,1,2,9,1,3,61
201600009433,16,8,26,1228,1,2,6,1,3,61
201600009434,16,9,1,1920,1,1,6,1,3,61
201600009435,16,9,7,1630,1,1,3,1,3,61
201600009436,16,9,14,930,1,2,4,1,3,61
201600009437,16,9,20,1505,1,2,1,1,6,61
201600009438,16,10,12,1255,1,2,6,1,3,61
201600009439,16,10,24,1615,1,2,1,1,2,61
201600009440,16,10,29,2140,5,2,1,1,6,61
201600009441,16,11,14,1425,1,1,1,1,4,61
201600009442,16,8,25,1400,1,1,1,1,6,531
201600009443,16,10,8,1545,1,1,1,1,6,668
201600009444,16,10,19,830,1,1,1,1,2,118
201600009445,16,1,6,1700,1,2,1,8,3,89
201600009446,16,2,20,145,3,1,1,2,6,503
201600009447,16,2,23,715,1,2,1,8,2,503
201600009448,16,3,25,730,1,2,1,1,6,89
201600009449,16,6,22,1630,1,2,1,1,1,255
201600009450,16,8,21,400,5,2,1,1,1,255
201600009451,16,9,21,1200,1,2,1,7,6,668
201600009452,16,1,22,1815,5,2,1,1,4,107
201600009453,16,1,25,1630,1,2,1,1,6,107
201600009454,16,2,23,2045,3,1,1,1,6,346
201600009455,16,6,13,900,1,1,1,8,1,484
201600009456,16,9,9,1315,1,1,1,1,6,484
201600009457,16,9,22,1830,1,1,1,1,6,346
201600009458,16,10,9,1945,5,1,2,1,3,107
201600009459,16,2,25,1415,1,1,1,5,7,567
201600009460,16,3,16,1900,2,1,3,1,3,335
201600009461,16,5,31,1530,1,1,1,3,5,246
201600009462,16,11,20,500,3,1,1,6,7,317
201600009463,16,12,30,2015,3,1,1,5,6,113
201600009464,16,2,2,1300,1,1,2,2,3,206
201600009465,16,3,22,715,1,1,1,1,3,206
201600009466,16,10,7,1600,1,2,1,1,7,140
201600009467,16,1,15,830,1,1,1,9,6,48
201600009468,16,1,31,1230,1,1,1,8,6,263
201600009469,16,5,6,845,1,1,3,1,1,310
201600009470,16,7,7,1945,1,2,1,7,6,381
201600009471,16,5,8,1200,1,2,1,1,7,49
201600009472,16,6,10,2030,1,1,1,1,3,368
201600009473,16,11,18,952,1,1,1,1,1,305
201600009474,16,12,18,1800,3,1,1,2,6,415
201600009475,16,9,26,1230,1,1,1,1,6,591
201600009476,16,12,18,45,5,2,1,1,6,104
201600009477,16,1,6,800,2,2,1,2,6,557
201600009478,16,1,15,1500,1,1,1,3,1,209
201600009479,16,2,27,1545,1,1,1,1,6,30
201600009480,16,5,3,2015,1,1,1,1,3,30
201600009481,16,5,12,845,1,1,1,2,1,407
201600009482,16,7,12,1130,1,1,1,1,6,517
201600009483,16,7,17,1815,1,1,1,1,2,30
201600009484,16,12,6,630,3,1,1,9,6,77
201600009485,16,12,8,2330,3,1,1,1,6,30
201600009486,16,3,16,1715,1,2,1,1,3,470
201600009487,16,6,8,1530,1,1,6,1,7,9
201600009488,16,10,4,800,2,1,1,1,7,3
201600009489,16,10,20,1500,1,1,1,2,7,470
201600009490,16,11,7,530,3,1,6,8,7,506
201600009491,16,11,14,500,5,1,6,1,6,3
201600009492,16,12,10,2015,3,1,6,2,6,3
201600009493,16,12,12,630,2,1,1,5,1,470
201600009494,16,12,13,1745,3,1,1,1,7,3
201600009495,16,3,29,1115,1,2,1,1,6,575
201600009496,16,5,3,2030,2,2,1,1,1,575
201600009497,16,5,21,1745,1,1,1,1,1,128
201600009498,16,5,27,1845,1,1,1,1,1,128
201600009499,16,6,25,945,1,1,1,1,1,160
201600009500,16,10,11,1745,1,2,1,1,7,575
201600009501,16,11,16,745,2,2,1,2,6,160
201600009502,16,12,22,30,3,1,1,3,6,334
201600009503,16,3,27,1800,1,2,3,1,1,398
201600009504,16,4,4,1730,1,1,1,1,6,398
201600009505,16,5,24,130,5,1,1,1,6,389
201600009506,16,9,26,1815,1,1,1,1,3,443
201600009507,16,11,25,745,3,1,1,1,3,576
201600009508,16,12,2,815,1,2,1,1,2,420
201600009509,16,12,2,1800,4,2,1,1,2,389
201600009510,16,3,18,1100,1,1,1,8,6,62
201600009511,16,4,14,1600,1,2,1,2,6,321
201600009512,16,4,25,1615,1,1,1,8,7,623
201600009513,16,4,27,1045,1,1,1,1,6,62
201600009514,16,10,24,2215,3,1,1,2,6,321
201600009515,16,11,9,2215,3,1,1,3,6,321
201600009516,16,11,17,1730,2,1,1,2,1,623
201600009517,16,12,16,1200,1,1,1,8,1,62
201600009518,16,3,10,2030,3,1,1,2,7,265
201600009519,16,7,2,1730,1,2,9,1,3,616
201600009520,16,8,11,1800,1,1,1,1,7,513
201600009521,16,1,7,815,5,2,1,2,6,537
201600009522,16,3,17,1900,5,1,2,9,1,87
201600009523,16,6,24,1330,1,2,1,1,6,537
201600009524,16,8,31,1550,1,1,1,1,6,537
201600009525,16,9,21,815,1,1,2,1,3,522
201600009526,16,9,26,1815,1,1,1,1,6,537
201600009527,16,10,24,1430,1,1,1,1,7,120
201600009528,16,11,16,1630,2,2,9,2,3,537
201600009529,16,1,5,1730,5,2,1,8,6,386
201600009530,16,2,6,1945,3,1,1,1,6,659
201600009531,16,6,5,1230,1,1,2,1,3,179
201600009532,16,9,21,845,1,2,2,1,3,386
201600009533,16,10,1,1615,1,1,1,1,1,179
201600009534,16,12,12,1515,1,2,1,1,6,659
201600009535,16,1,1,1100,1,1,1,2,6,405
201600009536,16,3,2,1945,1,1,1,2,1,405
201600009537,16,7,6,2045,1,1,1,1,7,599
201600009538,16,7,6,1830,1,1,1,1,3,405
201600009539,16,12,24,1930,3,1,1,2,6,99
201600009540,16,3,25,1200,1,1,1,1,4,35
201600009541,16,5,6,1445,1,2,1,7,6,284
201600009542,16,8,4,1030,1,1,6,2,7,98
201600009543,16,1,7,815,2,2,1,3,6,226
201600009544,16,1,21,800,2,2,1,5,1,226
201600009545,16,6,30,1400,1,1,1,1,5,226
201600009546,16,7,12,1330,1,1,1,1,1,671
201600009547,16,7,27,1730,1,2,1,1,2,330
201600009548,16,8,11,1945,1,1,1,1,5,330
201600009549,16,11,14,15,3,1,1,2,6,226
201600009550,16,11,20,1415,1,1,2,2,3,95
201600009551,16,12,5,2115,5,2,1,1,6,330
201600009552,16,12,8,830,1,2,1,1,3,378
201600009553,16,12,9,645,3,1,1,1,7,95
201600009554,16,12,12,1030,1,2,1,2,7,226
201600009555,16,12,16,845,2,1,1,5,6,95
201600009556,16,1,23,1109,1,2,1,8,3,232
201600009557,16,8,5,515,3,1,1,1,6,654
201600009558,16,9,3,1545,1,1,2,1,3,654
201600009559,16,10,21,715,2,2,9,1,6,232
201600009560,16,11,17,930,1,2,1,1,6,99
201600009561,16,12,2,1315,1,2,1,1,1,232
201600009562,16,12,3,1845,5,2,1,1,2,232
201600009563,16,12,8,815,2,1,1,5,6,293
201600009564,16,12,9,415,3,1,1,1,6,412
201600009565,16,12,18,400,3,1,5,5,3,654
201600009566,16,2,2,200,3,1,1,1,2,294
201600009567,16,3,9,1915,3,2,1,8,1,294
201600009568,16,4,9,845,1,2,2,7,3,16
201600009569,16,8,17,1430,1,1,1,1,6,294
201600009570,16,10,27,1745,1,1,1,1,1,1
201600009571,16,11,23,1300,1,2,1,8,6,390
201600009572,16,10,10,1700,1,2,1,1,2,540
201600009573,16,11,9,1635,1,1,2,2,3,81
201600009574,16,12,15,745,2,1,1,5,5,630
201600009575,16,12,15,1545,1,1,1,9,6,568
201600009576,16,4,20,100,5,2,3,1,1,661
201600009577,16,12,5,1245,1,2,1,1,3,661
201600009578,16,12,5,1445,1,2,1,1,6,661
201600009579,16,12,21,1915,3,2,1,2,1,661
201600009580,16,1,5,730,3,1,1,3,2,207
201600009581,16,7,11,500,1,1,1,1,6,207
201600009582,16,7,22,1100,1,1,1,1,2,207
201600009583,16,11,11,915,1,1,1,1,2,41
201600009584,16,11,25,2330,5,2,1,2,3,41
201600009585,16,5,6,1430,1,1,1,1,6,376
201600009586,16,10,5,1015,1,1,1,1,1,332
201600009587,16,10,14,1745,2,1,1,3,2,376
201600009588,16,10,19,800,2,1,1,1,5,332
201600009589,16,11,7,830,1,2,1,4,6,376
201600009590,16,12,9,1815,5,2,1,1,3,376
201600009591,16,1,16,800,1,1,1,9,3,411
201600009592,16,5,23,615,1,1,1,3,3,411
201600009593,16,6,13,2015,2,2,1,8,1,411
201600009594,16,6,24,1145,1,1,2,1,1,338
201600009595,16,7,27,1230,1,1,1,1,3,249
201600009596,16,8,31,715,2,2,1,1,1,243
201600009597,16,9,23,1545,1,1,1,1,5,249
201600009598,16,10,15,2000,3,1,1,1,3,338
201600009599,16,12,28,615,3,1,1,9,7,249
201600009600,16,5,11,145,3,1,1,5,2,587
201600009601,16,6,28,315,3,1,1,1,2,587
201600009602,16,8,29,1915,1,1,1,1,1,587
201600009603,16,11,23,630,5,2,6,2,1,136
201600009604,16,11,23,1915,3,1,1,8,3,44
201600009605,16,11,29,1015,1,1,1,1,6,44
201600009606,16,11,29,1745,3,1,1,1,3,44
201600009607,16,11,29,1900,3,1,1,1,2,136
201600009608,16,5,19,2045,1,1,1,1,3,471
201600009609,16,7,29,1200,1,1,1,1,2,534
201600009610,16,10,28,1900,2,1,1,8,3,534
201600009611,16,11,20,1730,3,1,1,3,3,679
201600009612,16,12,15,1730,2,1,1,8,1,534
201600009613,16,2,17,1330,1,2,1,1,1,272
201600009614,16,3,29,930,1,2,9,1,3,272
201600009615,16,6,9,800,1,1,6,1,7,679
201600009616,16,8,24,1145,1,2,1,1,7,272
201600009617,16,9,5,815,1,1,1,2,4,274
201600009618,16,10,17,1415,1,1,1,2,1,538
201600009619,16,10,24,1730,1,1,1,8,1,272
201600009620,16,11,4,1015,1,2,6,2,7,272
201600009621,16,11,9,1030,1,1,1,2,3,679
201600009622,16,2,18,1900,3,1,1,2,5,8
201600009623,16,3,11,745,1,1,1,1,5,301
201600009624,16,3,12,1845,2,1,1,1,7,462
201600009625,16,5,22,1730,1,1,1,3,5,462
201600009626,16,5,23,1215,1,2,1,2,1,651
201600009627,16,6,24,1730,1,1,1,1,1,656
201600009628,16,6,25,430,3,1,1,1,7,8
201600009629,16,6,28,1830,1,1,1,1,1,379
201600009630,16,10,24,1015,1,1,1,1,6,355
201600009631,16,11,11,730,3,1,1,1,5,119
201600009632,16,11,14,800,1,1,1,1,6,11
201600009633,16,2,19,845,1,1,1,1,5,54
201600009634,16,4,1,1215,1,1,1,1,1,213
201600009635,16,7,29,345,3,1,1,1,6,177
201600009636,16,9,5,1200,1,1,1,2,6,370
201600009637,16,1,4,745,1,1,3,1,3,446
201600009638,16,1,9,1845,5,2,1,1,6,120
201600009639,16,5,7,1315,1,2,1,1,3,39
201600009640,16,6,29,1615,1,1,1,1,3,39
201600009641,16,10,15,1630,1,2,3,1,1,120
201600009642,16,1,9,1500,1,1,1,1,6,535
201600009643,16,1,27,1615,1,1,1,1,7,658
201600009644,16,2,27,1300,1,1,1,1,3,2
201600009645,16,4,9,1600,1,1,1,2,7,658
201600009646,16,6,24,2000,1,1,1,1,1,658
201600009647,16,7,14,445,3,1,1,1,6,658
201600009648,16,9,18,830,1,1,1,1,2,658
201600009649,16,10,5,815,1,1,1,1,1,592
201600009650,16,10,11,1745,1,1,1,1,2,658
201600009651,16,11,27,715,3,1,1,1,2,259
201600009652,16,1,7,2115,5,2,2,1,3,91
201600009653,16,2,16,1230,1,2,1,1,3,199
201600009654,16,3,2,2145,3,1,1,2,4,489
201600009655,16,7,30,1945,1,2,2,1,3,205
201600009656,16,8,12,2030,1,2,1,1,3,205
201600009657,16,8,20,2145,3,1,1,1,3,94
201600009658,16,10,4,830,1,1,1,1,1,205
201600009659,16,4,1,530,3,1,1,1,1,241
201600009660,16,5,30,1715,1,2,1,2,6,351
201600009661,16,8,4,1045,1,2,6,2,3,351
201600009662,16,11,1,1645,1,1,1,1,1,351
201600009663,16,11,18,1445,1,1,1,6,2,509
201600009664,16,12,3,1015,1,2,1,1,6,351
201600009665,16,4,11,1515,1,1,1,1,5,273
201600009666,16,6,17,1200,1,2,2,1,3,437
201600009667,16,1,20,1800,3,1,1,9,5,217
201600009668,16,1,22,1645,2,1,1,3,1,253
201600009669,16,3,17,730,1,2,9,1,2,127
201600009670,16,5,8,1440,1,1,1,1,6,217
201600009671,16,5,31,1945,1,1,6,2,7,127
201600009672,16,6,22,1830,1,1,2,1,3,175
201600009673,16,7,16,1445,1,1,2,1,3,457
201600009674,16,9,2,2145,5,2,1,1,1,455
201600009675,16,11,4,1740,3,1,2,2,3,457
201600009676,16,6,12,145,3,1,1,1,1,100
201600009677,16,7,25,1100,1,1,1,1,7,34
201600009678,16,9,14,1115,1,1,1,1,2,100
201600009679,16,2,12,1300,1,1,1,2,6,534
201600009680,16,4,29,1415,1,1,1,1,1,107
201600009681,16,5,3,1530,1,1,1,1,1,534
201600009682,16,5,29,1745,1,1,1,8,1,107
201600009683,16,7,19,1900,1,1,1,1,6,7
201600009684,16,10,9,1500,1,1,2,1,2,107
201600009685,16,5,26,815,1,1,1,1,1,426
201600009686,16,9,7,2215,3,1,1,1,6,138
201600009687,16,2,4,1815,2,2,1,2,6,470
201600009688,16,7,6,1015,1,1,1,1,5,104
201600009689,16,12,29,1735,3,1,1,5,5,470
201600009690,16,2,6,700,3,1,1,1,1,142
201600009691,16,4,9,1145,1,2,1,1,6,128
201600009692,16,5,9,1815,1,1,1,1,1,142
201600009693,16,5,25,925,1,1,1,1,5,225
201600009694,16,7,11,115,3,1,3,1,6,529
201600009695,16,7,6,815,5,2,1,1,7,142