Num_Acc,an,mois,jour,hrmn,lum,agg,int,atm,col,com
201600009696,16,7,30,1500,1,1,1,1,1,128
201600009697,16,9,6,1845,1,1,1,1,3,270
201600009698,16,10,16,1330,1,2,1,1,3,142
201600009699,16,10,19,910,1,2,1,1,6,128
201600009700,16,4,29,1545,1,1,1,1,7,492
201600009701,16,5,8,1030,1,1,1,1,6,398
201600009702,16,6,4,1245,1,1,1,8,6,151
201600009703,16,7,1,1600,1,2,2,2,3,116
201600009704,16,7,3,2030,1,1,1,8,7,93
201600009705,16,7,29,1645,1,2,1,1,6,30
201600009706,16,8,27,1815,1,1,1,1,7,417
201600009707,16,2,3,1430,1,2,2,1,3,183
201600009708,16,4,14,900,1,1,1,5,1,228
201600009709,16,6,5,1700,1,1,1,8,5,238
201600009710,16,10,30,315,3,1,1,5,7,361
201600009711,16,11,16,1800,5,2,1,2,6,183
201600009712,16,3,10,1815,2,1,1,1,1,466
201600009713,16,4,21,215,3,1,1,1,7,91
201600009714,16,5,4,1915,1,1,1,1,3,508
201600009715,16,6,17,1800,1,1,1,8,1,508
201600009716,16,6,18,1015,1,1,1,1,3,336
201600009717,16,6,30,2115,2,1,1,1,3,154
201600009718,16,10,10,700,2,1,1,1,2,318
201600009719,16,12,23,1230,1,1,2,1,3,219
201600009720,16,5,5,845,1,2,1,1,1,182
201600009721,16,6,27,715,1,1,1,1,6,43
201600009722,16,7,23,2015,1,1,1,1,6,406
201600009723,16,7,31,1430,1,1,1,1,2,116
201600009724,16,9,21,1725,1,1,1,1,6,116
201600009725,16,1,7,1815,3,1,1,2,5,31
201600009726,16,2,15,1600,1,1,1,1,1,192
201600009727,16,4,4,1740,1,1,4,1,6,264
201600009728,16,6,26,1715,1,1,1,1,7,393
201600009729,16,7,1,1815,1,1,1,1,7,486
201600009730,16,7,10,215,3,1,1,1,6,192
201600009731,16,7,15,1800,1,1,1,1,7,31
201600009732,16,8,1,1115,1,1,2,1,3,192
201600009733,16,9,9,1400,1,1,2,1,3,31
201600009734,16,9,12,1200,1,1,1,1,1,527
201600009735,16,9,19,1745,1,1,1,1,1,486
201600009736,16,10,3,841,1,1,1,1,5,486
201600009737,16,11,4,725,2,1,2,2,5,192
201600009738,16,2,29,715,1,1,1,1,7,244
201600009739,16,3,11,1145,1,1,2,1,3,3
201600009740,16,4,18,2130,2,1,1,1,6,477
201600009741,16,5,5,30,3,1,1,9,1,60
201600009742,16,5,14,2100,2,1,2,1,7,88
201600009743,16,6,19,1230,1,1,1,1,6,244
201600009744,16,7,16,1000,1,1,1,1,7,471
201600009745,16,10,19,1200,1,2,2,1,6,88
201600009746,16,12,1,800,1,2,4,1,6,88
201600009747,16,12,5,10,3,1,1,1,6,328
201600009748,16,3,6,2000,3,1,1,3,6,99
201600009749,16,8,6,1045,1,1,1,1,6,110
201600009750,16,9,19,1530,1,1,1,8,1,99
201600009751,16,1,15,430,3,1,1,9,7,115
201600009752,16,8,23,2145,3,1,1,1,6,531
201600009753,16,12,9,1845,3,1,1,1,1,261
201600009754,16,4,11,1200,1,1,1,3,2,153
201600009755,16,5,17,2345,3,1,2,1,3,291
201600009756,16,6,9,1800,1,1,1,1,5,420
201600009757,16,7,21,1930,1,2,1,1,6,153
201600009758,16,10,24,1734,2,1,1,1,2,511
201600009759,16,11,30,2349,3,1,1,1,3,392
201600009760,16,12,7,735,3,1,1,1,5,153
201600009761,16,12,15,1530,1,2,3,8,7,511
201600009762,16,12,15,810,2,2,9,1,6,349
201600009763,16,2,29,1945,5,2,1,1,2,382
201600009764,16,4,24,1830,1,1,1,2,5,196
201600009765,16,4,25,1600,1,2,9,1,6,171
201600009766,16,5,10,2245,3,1,6,2,1,5
201600009767,16,5,15,45,3,1,3,2,3,474
201600009768,16,6,7,2030,2,2,2,1,1,315
201600009769,16,6,23,1530,1,1,1,1,6,94
201600009770,16,7,21,1715,1,2,9,1,1,171
201600009771,16,9,5,630,2,1,1,2,2,196
201600009772,16,10,12,1910,5,2,1,1,6,315
201600009773,16,10,19,1745,1,1,1,3,3,474
201600009774,16,10,31,350,3,1,1,1,6,196
201600009775,16,11,1,815,1,1,1,5,1,5
201600009776,16,11,11,2200,3,1,3,1,5,474
201600009777,16,12,16,1130,1,1,2,1,3,95
201600009778,16,1,3,1530,1,1,1,2,1,231
201600009779,16,3,24,1545,1,2,1,1,3,483
201600009780,16,4,24,1715,1,1,1,2,6,120
201600009781,16,5,26,1745,1,1,1,1,1,126
201600009782,16,6,1,2230,3,1,1,2,6,283
201600009783,16,8,2,1500,1,1,1,3,1,203
201600009784,16,8,5,1900,1,2,1,1,6,283
201600009785,16,8,16,1845,1,1,2,1,7,490
201600009786,16,10,6,2345,3,1,1,1,7,203
201600009787,16,10,30,2020,3,1,1,1,5,483
201600009788,16,1,28,2015,3,1,1,1,2,233
201600009789,16,2,22,1530,1,1,3,1,1,233
201600009790,16,3,14,1715,1,2,6,1,3,344
201600009791,16,5,24,1730,1,1,2,1,3,525
201600009792,16,6,25,1430,1,1,9,1,2,273
201600009793,16,8,13,945,1,1,2,7,3,344
201600009794,16,9,15,1230,1,2,1,1,6,437
201600009795,16,10,3,1930,2,1,1,1,1,437
201600009796,16,10,14,2049,5,2,2,3,6,437
201600009797,16,11,23,2050,3,1,1,1,6,233
201600009798,16,12,22,943,1,1,2,1,1,344
201600009799,16,12,30,1710,2,1,1,5,1,430
201600009800,16,2,29,1505,1,1,9,1,2,239
201600009801,16,3,1,1915,3,1,1,2,1,239
201600009802,16,3,29,1815,1,2,1,2,6,72
201600009803,16,4,13,1345,1,1,1,4,7,26
201600009804,16,5,2,830,1,1,2,7,6,246
201600009805,16,5,30,1915,1,1,1,3,3,32
201600009806,16,6,25,630,2,1,1,2,1,66
201600009807,16,9,29,1230,1,1,1,1,7,530
201600009808,16,4,9,2145,3,1,1,2,7,321
201600009809,16,8,25,915,1,1,1,1,2,286
201600009810,16,1,5,805,2,1,2,2,3,327
201600009811,16,1,20,1345,1,1,1,1,6,190
201600009812,16,8,16,745,1,1,2,1,3,327
201600009813,16,9,1,615,3,1,1,1,2,89
201600009814,16,9,11,1745,1,1,1,1,7,90
201600009815,16,10,2,345,3,1,1,1,6,327
201600009816,16,2,16,830,1,1,1,1,6,59
201600009817,16,3,20,1145,1,1,1,6,3,313
201600009818,16,3,30,1545,1,2,1,1,6,8
201600009819,16,4,24,830,1,1,1,1,7,59
201600009820,16,6,23,2215,5,2,2,1,3,248
201600009821,16,7,23,1300,1,1,1,1,2,62
201600009822,16,7,23,1715,1,1,1,1,1,8
201600009823,16,9,10,15,3,1,1,1,7,93
201600009824,16,11,7,1815,3,1,6,2,7,8
201600009825,16,1,26,1230,1,1,3,1,3,24
201600009826,16,3,20,1815,1,1,1,1,7,116
201600009827,16,5,5,1845,1,2,1,1,6,28
201600009828,16,9,27,715,2,2,1,1,6,179
201600009829,16,12,21,700,5,2,6,1,3,28
201600009830,16,12,27,1045,2,2,1,1,3,317
201600009831,16,3,31,1945,3,1,1,2,6,82
201600009832,16,4,1,800,1,1,1,1,1,316
201600009833,16,5,8,1530,1,1,1,1,1,346
201600009834,16,9,2,1130,1,2,7,1,6,82
201600009835,16,1,16,400,5,2,6,1,6,89
201600009836,16,3,27,2300,3,2,1,1,6,89
201600009837,16,4,4,2100,1,1,3,1,2,126
201600009838,16,6,28,1515,1,1,1,1,2,89
201600009839,16,11,19,1745,3,2,1,1,1,194
201600009840,16,2,4,845,1,2,3,8,3,272
201600009841,16,4,19,2130,2,2,1,1,1,272
201600009842,16,5,17,745,1,1,1,1,6,282
201600009843,16,12,15,830,1,1,1,8,1,272
201600009844,16,2,13,2145,5,2,1,2,6,226
201600009845,16,9,28,1745,1,2,3,1,3,311
201600009846,16,11,10,2315,3,1,1,2,6,173
201600009847,16,11,21,745,2,2,1,1,2,173
201600009848,16,12,13,2345,3,1,1,1,7,335
201600009849,16,3,6,1300,1,2,3,1,3,179
201600009850,16,6,15,945,1,1,1,1,3,59
201600009851,16,6,24,1400,1,1,3,1,3,203
201600009852,16,12,2,2145,3,1,1,1,3,337
201600009853,16,2,17,1000,1,2,2,1,6,155
201600009854,16,3,3,1800,1,2,6,1,3,155
201600009855,16,6,15,730,1,1,1,2,1,155
201600009856,16,6,28,1730,1,1,1,1,6,108
201600009857,16,7,13,1230,1,1,1,8,6,155
201600009858,16,7,18,1345,1,1,1,1,1,155
201600009859,16,7,23,2245,3,1,1,1,6,291
201600009860,16,9,15,615,3,1,1,2,6,291
201600009861,16,11,13,1800,5,1,2,2,3,155
201600009862,16,11,17,330,3,1,1,2,6,291
201600009863,16,11,23,1500,1,2,1,1,6,155
201600009864,16,12,23,1730,3,1,1,1,1,108
201600009865,16,12,29,2045,5,2,1,5,6,108
201600009866,16,4,28,715,2,2,1,1,1,87
201600009867,16,11,18,730,2,1,1,2,3,53
201600009868,16,11,29,800,2,1,1,1,7,87
201600009869,16,1,15,1600,1,1,2,7,3,315
201600009870,16,2,29,700,2,1,1,1,5,51
201600009871,16,3,12,1600,1,1,1,1,6,340
201600009872,16,4,7,900,1,2,1,1,6,268
201600009873,16,4,11,1300,1,1,1,2,1,244
201600009874,16,4,12,1815,1,1,1,1,3,270
201600009875,16,5,26,215,3,1,1,1,6,122
201600009876,16,6,6,700,2,1,1,5,2,340
201600009877,16,6,23,530,1,1,1,5,6,336
201600009878,16,7,14,730,1,1,1,1,6,184
201600009879,16,7,22,1630,1,1,1,1,1,63
201600009880,16,7,30,1715,1,1,2,7,3,63
201600009881,16,12,3,1915,3,1,1,1,7,315
201600009882,16,12,11,630,3,1,1,2,6,63
201600009883,16,12,14,1930,3,2,1,1,3,164
201600009884,16,12,21,1215,1,2,1,1,2,315
201600009885,16,12,31,1430,1,1,1,5,6,244
201600009886,16,1,28,2330,3,1,1,1,6,247
201600009887,16,2,1,1600,1,1,1,1,1,345
201600009888,16,2,5,1700,1,1,1,1,6,239
201600009889,16,2,6,2000,3,1,1,1,6,256
201600009890,16,3,28,645,2,1,1,2,6,322
201600009891,16,6,20,530,2,2,1,1,6,329
201600009892,16,7,7,1845,1,1,2,1,3,211
201600009893,16,7,10,1215,1,1,2,1,3,113
201600009894,16,8,22,2015,1,1,3,1,3,275
201600009895,16,8,28,1800,1,1,1,1,7,129
201600009896,16,10,1,2000,5,2,1,1,5,279
201600009897,16,10,4,1430,1,1,1,1,7,250
201600009898,16,3,6,1615,1,1,1,1,7,77
201600009899,16,9,29,1100,1,1,2,1,5,312
201600009900,16,10,10,845,1,1,2,1,3,85
201600009901,16,12,16,1630,1,2,1,1,6,210
201600009902,16,1,10,1600,1,1,2,2,3,343
201600009903,16,1,15,1715,1,1,1,4,1,61
201600009904,16,1,24,1145,1,2,2,1,3,127
201600009905,16,6,19,1,5,2,1,1,6,158
201600009906,16,8,23,1945,1,2,1,7,6,206
201600009907,16,11,30,1845,2,2,1,1,6,104
201600009908,16,2,29,1815,1,1,3,1,3,293
201600009909,16,8,23,830,2,1,1,7,6,187
201600009910,16,2,14,330,3,1,1,2,6,157
201600009911,16,6,8,745,1,1,1,5,2,137
201600009912,16,11,4,2115,3,1,1,1,1,50
201600009913,16,12,3,1445,1,1,1,1,3,157
201600009914,16,12,28,1800,3,1,1,1,1,119
201600009915,16,2,6,945,1,2,1,1,6,132
201600009916,16,3,24,1145,1,1,1,1,6,159
201600009917,16,4,10,700,2,1,1,5,6,35
201600009918,16,4,17,845,1,1,1,1,6,258
201600009919,16,12,21,930,1,1,1,1,1,30
201600009920,16,1,22,800,1,1,1,8,7,236
201600009921,16,5,13,1545,1,2,1,1,6,191
201600009922,16,9,14,2225,3,1,1,3,1,198
201600009923,16,4,28,745,1,1,1,1,3,125
201600009924,16,6,5,1045,1,1,1,2,7,84
201600009925,16,8,5,1915,1,1,1,1,1,144
201600009926,16,9,3,600,3,1,1,1,6,241
201600009927,16,9,24,600,3,1,1,1,7,272
201600009928,16,12,11,1600,1,1,2,8,3,116
201600009929,16,2,13,30,3,1,1,8,3,38
201600009930,16,6,4,1800,1,2,3,1,3,197
201600009931,16,7,17,1900,1,1,1,1,3,197
201600009932,16,8,27,2345,5,2,1,1,6,38
201600009933,16,8,31,1800,1,2,1,1,6,38
201600009934,16,11,1,1315,1,2,6,1,6,197
201600009935,16,10,31,1630,1,1,1,1,1,180
201600009936,16,5,13,1300,1,1,3,2,3,31
201600009937,16,6,12,1200,1,2,1,1,6,31
201600009938,16,7,21,1430,1,1,1,1,3,242
201600009939,16,8,3,715,2,1,1,1,6,155
201600009940,16,8,22,1600,1,2,1,1,3,175
201600009941,16,8,30,1045,1,2,1,1,6,108
201600009942,16,9,7,1615,1,1,1,1,2,242
201600009943,16,9,19,1930,2,1,2,1,7,164
201600009944,16,11,3,715,2,1,1,5,6,48
201600009945,16,11,20,430,3,1,1,1,6,160
201600009946,16,11,25,815,1,1,1,2,7,242
201600009947,16,12,7,800,2,1,1,1,1,160
201600009948,16,5,21,1130,1,1,1,1,2,290
201600009949,16,4,11,1330,1,1,2,1,3,138
201600009950,16,2,6,1900,3,1,1,1,6,190
201600009951,16,11,24,2030,3,1,1,1,1,28
201600009952,16,1,15,415,3,2,1,9,6,181
201600009953,16,2,14,800,2,1,1,1,6,157
201600009954,16,3,25,230,3,1,1,1,6,55
201600009955,16,5,15,1115,1,1,1,1,2,157
201600009956,16,9,9,1600,1,1,1,1,2,207
201600009957,16,10,23,2245,3,1,1,2,7,66
201600009958,16,11,2,1500,1,1,1,8,1,137
201600009959,16,11,28,1530,1,2,1,7,6,207
201600009960,16,1,9,1545,1,1,1,1,2,100
201600009961,16,3,16,1730,1,2,1,1,2,337
201600009962,16,4,17,1630,1,1,1,1,1,278
201600009963,16,4,22,1230,1,2,1,2,7,201
201600009964,16,5,2,2000,1,1,1,1,6,22
201600009965,16,5,8,1700,1,1,1,1,1,104
201600009966,16,5,11,720,2,1,1,5,2,6
201600009967,16,6,25,1645,1,1,3,7,3,22
201600009968,16,7,10,1015,1,1,1,7,2,358
201600009969,16,8,7,530,2,1,1,1,1,6
201600009970,16,8,25,1215,1,1,2,1,3,358
201600009971,16,8,27,1630,1,1,1,1,1,278
201600009972,16,9,8,1430,1,1,3,1,3,358
201600009973,16,9,11,1715,1,2,1,1,6,122
201600009974,16,10,7,30,3,1,1,1,6,358
201600009975,16,10,24,1815,2,1,1,2,5,22
201600009976,16,11,25,1715,2,1,1,8,7,245
201600009977,16,12,8,1315,1,1,1,1,1,35
201600009978,16,12,8,1600,1,2,2,1,3,34
201600009979,16,2,15,930,3,1,1,8,6,341
201600009980,16,4,17,1615,1,1,1,1,6,147
201600009981,16,5,7,630,1,1,1,1,7,386
201600009982,16,5,21,1030,1,2,9,1,6,116
201600009983,16,7,8,2100,1,1,1,1,7,323
201600009984,16,8,22,1915,1,1,2,1,3,89
201600009985,16,9,2,315,3,1,1,1,6,89
201600009986,16,9,9,500,3,2,1,1,6,89
201600009987,16,10,20,1230,1,1,1,1,6,341
201600009988,16,12,18,1730,3,1,1,5,6,386
201600009989,16,12,24,2000,3,1,1,1,6,89
201600009990,16,5,2,745,1,1,1,1,1,66
201600009991,16,6,10,1330,1,1,1,1,5,196
201600009992,16,6,30,1545,1,1,1,1,1,234
201600009993,16,8,4,1545,1,1,1,1,6,398
201600009994,16,8,7,145,3,1,1,1,6,123
201600009995,16,10,2,1545,1,1,1,1,2,41
201600009996,16,10,29,1845,2,1,1,1,6,66
201600009997,16,1,4,1745,3,1,1,1,6,191
201600009998,16,4,17,330,3,1,1,8,6,208
201600009999,16,5,10,1815,1,1,1,2,1,140
201600010000,16,5,17,1515,1,1,2,1,3,23
201600010001,16,5,27,1215,1,1,1,1,7,52
201600010002,16,7,30,1345,1,1,1,1,1,298
201600010003,16,8,12,645,1,1,1,1,6,227
201600010004,16,12,27,1115,1,1,1,7,7,140
201600010005,16,2,25,1320,1,1,2,1,3,391
201600010006,16,4,18,1000,1,1,1,1,3,284
201600010007,16,6,4,1700,1,1,1,8,3,320
201600010008,16,6,26,945,1,1,1,1,6,189
201600010009,16,12,18,2100,3,1,1,1,3,25
201600010010,16,1,10,645,3,1,1,2,6,103
201600010011,16,1,13,1630,1,2,1,1,6,88
201600010012,16,2,1,1545,1,1,1,1,1,356
201600010013,16,2,18,1200,1,1,1,1,2,356
201600010014,16,2,27,300,3,1,1,1,6,205
201600010015,16,4,13,1800,1,2,1,1,3,88
201600010016,16,5,9,1800,1,2,1,2,6,103
201600010017,16,6,7,2000,1,2,1,2,3,88
201600010018,16,7,1,1,5,2,1,1,6,103
201600010019,16,7,7,1500,1,2,1,1,1,75
201600010020,16,8,13,1345,1,2,1,1,7,88
201600010021,16,8,20,1700,1,2,1,1,1,88
201600010022,16,8,31,1845,1,2,1,7,6,103
201600010023,16,9,15,1715,1,1,3,1,2,75
201600010024,16,9,30,2345,3,1,1,2,6,256
201600010025,16,12,5,1715,3,1,1,5,6,93
201600010026,16,4,4,815,1,1,1,1,6,153
201600010027,16,5,22,1540,1,1,1,2,1,259
201600010028,16,7,10,1215,1,2,1,1,6,382
201600010029,16,7,22,1530,1,1,1,1,1,51
201600010030,16,11,18,1000,1,1,1,1,3,259
201600010031,16,11,21,745,3,1,1,2,6,176
201600010032,16,12,27,1215,1,1,1,1,3,418
201600010033,16,3,3,1005,1,1,2,2,3,61
201600010034,16,3,16,1930,2,1,1,1,7,61
201600010035,16,3,4,1155,1,1,2,1,1,170
201600010036,16,7,15,815,1,1,1,1,7,14
201600010037,16,7,27,815,1,1,9,1,2,178
201600010038,16,10,22,1345,1,1,2,1,3,171
201600010039,16,11,17,1215,1,1,1,8,5,394
201600010040,16,11,29,1000,1,2,1,1,6,45
201600010041,16,1,12,1830,3,1,1,1,2,375
201600010042,16,6,19,1500,1,1,1,1,3,377
201600010043,16,7,6,1830,1,1,1,1,3,1
201600010044,16,7,8,30,3,1,1,1,6,50
201600010045,16,7,27,1445,1,2,3,1,3,293
201600010046,16,7,28,845,1,2,1,1,2,7
201600010047,16,1,27,1715,2,1,1,8,5,46
201600010048,16,2,25,1330,1,1,1,1,3,226
201600010049,16,5,13,2030,1,1,1,1,1,373
201600010050,16,11,10,1545,3,1,1,2,1,130
201600010051,16,12,17,1300,1,1,1,5,7,226
201600010052,16,1,10,1630,1,1,1,2,7,94
201600010053,16,7,28,100,3,1,1,1,6,118
201600010054,16,6,9,1715,1,2,2,1,3,280
201600010055,16,6,22,2000,1,1,1,2,1,144
201600010056,16,11,11,230,3,1,1,2,6,280
201600010057,16,11,13,830,2,1,1,1,6,280
201600010058,16,12,9,2315,3,1,1,1,2,31
201600010059,16,12,14,1615,1,2,1,1,3,280
201600010060,16,1,21,745,2,2,1,1,6,214
201600010061,16,3,18,1400,1,1,1,1,7,232
201600010062,16,5,5,1900,1,2,1,1,6,387
201600010063,16,5,7,1330,1,2,1,1,3,214
201600010064,16,5,15,1730,1,1,1,1,1,373
201600010065,16,7,1,845,1,1,1,2,6,282
201600010066,16,8,20,1315,1,1,1,1,7,161
201600010067,16,10,30,1730,1,1,1,1,1,335
201600010068,16,11,25,1800,3,1,1,1,7,161
201600010069,16,12,22,900,3,1,1,5,6,331
201600010070,16,1,14,1730,2,1,1,1,6,70
201600010071,16,1,21,1315,1,2,1,1,6,48
201600010072,16,4,13,1815,1,2,1,1,3,154
201600010073,16,7,19,1630,1,1,1,1,1,157
201600010074,16,9,26,1015,1,1,2,1,3,6
201600010075,16,12,4,1200,1,1,2,1,3,70
201600010076,16,12,10,1830,3,1,1,1,6,20
201600010077,16,6,4,200,5,2,4,1,6,31
201600010078,16,6,23,1630,1,1,4,7,1,194
201600010079,16,7,31,1545,1,1,1,1,7,90
201600010080,16,9,9,1745,2,2,1,7,6,241
201600010081,16,9,26,1745,1,1,1,1,3,194
201600010082,16,10,11,745,2,2,3,1,5,241
201600010083,16,11,26,445,3,1,1,5,5,74
201600010084,16,2,17,1715,1,2,7,1,6,34
201600010085,16,6,8,1135,1,2,3,1,3,24
201600010086,16,7,8,1445,1,1,1,1,7,191
201600010087,16,9,18,1645,1,2,1,1,6,233
201600010088,16,10,1,515,3,1,1,2,6,151
201600010089,16,9,30,1215,1,1,4,1,3,93
201600010090,16,10,25,1915,2,1,1,1,7,229
201600010091,16,11,11,2315,3,1,1,1,6,93
201600010092,16,12,18,545,5,2,1,5,6,34
201600010093,16,1,6,815,1,2,1,1,1,165
201600010094,16,2,8,1345,1,1,1,2,7,168
201600010095,16,7,13,2345,3,1,1,1,1,53
201600010096,16,8,10,745,1,1,1,1,6,165
201600010097,16,9,3,1845,1,1,1,1,7,213
201600010098,16,9,18,1615,1,2,9,1,1,18
201600010099,16,10,22,1945,3,1,1,1,6,192
201600010100,16,10,26,1415,1,1,1,1,2,96
201600010101,16,11,16,1845,3,1,1,1,7,51
201600010102,16,12,11,1830,3,1,2,5,3,96
201600010103,16,3,14,1745,1,1,1,1,1,186
201600010104,16,4,23,1000,1,1,1,2,7,130
201600010105,16,5,28,1545,1,1,3,1,3,146
201600010106,16,7,9,2245,4,2,1,1,5,143
201600010107,16,7,31,1500,1,1,1,1,7,43
201600010108,16,8,14,1100,1,1,1,1,6,127
201600010109,16,9,23,1530,1,1,1,1,1,221
201600010110,16,10,4,1115,1,1,1,1,1,214
201600010111,16,10,19,1400,1,2,1,1,3,46
201600010112,16,11,18,1800,5,2,1,2,5,46
201600010113,16,12,11,500,3,1,1,1,7,143
201600010114,16,2,22,1845,3,1,1,2,1,9
201600010115,16,3,13,2100,3,1,1,1,6,56
201600010116,16,9,11,1645,1,2,1,1,3,5
201600010117,16,2,25,1615,1,1,1,1,6,171
201600010118,16,3,6,800,1,1,1,1,6,190
201600010119,16,3,12,1415,1,2,1,1,1,140
201600010120,16,3,28,1630,1,1,1,6,7,98
201600010121,16,4,27,730,1,2,1,1,6,88
201600010122,16,8,15,2245,3,1,1,1,6,37
201600010123,16,1,11,745,5,2,1,3,7,3
201600010124,16,1,14,1230,1,2,1,1,3,3
201600010125,16,2,16,1630,1,2,1,1,6,3
201600010126,16,2,22,1745,1,2,1,1,6,3
201600010127,16,4,1,1645,1,1,1,1,2,185
201600010128,16,4,19,1545,1,2,1,1,2,3
201600010129,16,6,8,1500,1,1,1,1,3,185
201600010130,16,6,20,1515,1,2,1,1,3,3
201600010131,16,5,6,700,2,2,1,1,6,171
201600010132,16,6,27,1900,1,1,6,1,6,3
201600010133,16,7,10,915,1,2,1,1,3,3
201600010134,16,8,4,1515,1,1,1,1,3,185
201600010135,16,9,9,1715,1,2,1,1,6,3
201600010136,16,9,22,600,5,1,1,1,3,3
201600010137,16,9,8,1730,1,2,1,1,6,3
201600010138,16,10,4,1655,1,1,1,1,6,161
201600010139,16,10,20,1300,1,1,2,8,3,131
201600010140,16,10,22,1610,1,2,1,1,6,3
201600010141,16,10,28,1000,1,1,1,5,3,3
201600010142,16,11,5,1815,5,2,3,2,7,230
201600010143,16,11,14,1650,1,1,1,1,3,163
201600010144,16,11,14,1755,2,1,2,1,3,131
201600010145,16,12,1,1645,1,2,1,1,1,3
201600010146,16,11,20,515,3,1,1,2,1,43
201600010147,16,6,13,815,1,2,1,8,5,9
201600010148,16,8,25,1745,1,2,1,1,1,243
201600010149,16,1,1,15,3,2,1,8,6,217
201600010150,16,4,7,1445,1,1,1,1,7,55
201600010151,16,6,24,930,1,1,2,1,3,109
201600010152,16,7,8,1700,1,1,1,1,6,2
201600010153,16,7,14,900,1,1,1,1,6,139
201600010154,16,7,22,1945,1,1,1,1,6,81
201600010155,16,8,14,600,2,1,1,1,7,2
201600010156,16,9,24,1045,1,1,1,1,5,109
201600010157,16,1,15,2215,3,1,2,1,1,245
201600010158,16,6,26,1930,1,1,1,1,6,170
201600010159,16,9,15,1000,1,1,1,1,1,59
201600010160,16,5,29,1830,2,1,1,2,1,169
201600010161,16,6,17,1045,1,1,1,1,2,153
201600010162,16,7,10,300,3,2,1,1,6,9
201600010163,16,9,15,1815,1,2,1,1,3,281
201600010164,16,9,24,130,3,1,1,1,7,240
201600010165,16,1,6,2015,3,1,1,1,6,72
201600010166,16,2,3,1715,1,1,1,1,5,242
201600010167,16,2,5,1315,1,1,1,1,1,58
201600010168,16,2,29,230,3,1,1,1,6,31
201600010169,16,4,8,1515,1,1,1,1,2,120
201600010170,16,4,24,1015,1,2,1,1,6,248
201600010171,16,5,26,1515,1,1,1,1,1,72
201600010172,16,6,5,1545,1,2,1,1,1,210
201600010173,16,6,19,1200,1,1,2,1,1,72
201600010174,16,9,2,1130,1,1,1,1,3,82
201600010175,16,9,14,930,1,2,1,1,1,72
201600010176,16,9,21,1745,1,2,1,1,2,22
201600010177,16,1,26,800,1,1,1,1,7,77
201600010178,16,3,24,1315,1,1,1,1,5,123
201600010179,16,5,5,1730,1,2,1,1,7,123
201600010180,16,5,10,245,3,1,1,1,6,232
201600010181,16,6,2,715,1,1,1,2,1,232
201600010182,16,6,19,2245,3,1,1,1,6,123
201600010183,16,6,22,1230,1,1,1,3,1,14
201600010184,16,1,10,1130,1,1,1,3,6,51
201600010185,16,2,4,1945,3,1,3,2,1,278
201600010186,16,2,25,1745,1,1,1,1,1,256
201600010187,16,4,27,1215,1,1,1,1,3,196
201600010188,16,5,5,2145,3,1,1,1,1,226
201600010189,16,6,9,845,1,1,1,7,1,226
201600010190,16,8,15,115,3,2,1,1,6,105
201600010191,16,8,24,815,1,1,1,1,1,178
201600010192,16,8,30,2230,3,1,1,1,6,226
201600010193,16,9,7,1315,1,1,1,1,7,216
201600010194,16,2,18,1630,1,1,1,2,1,192
201600010195,16,2,21,2045,3,1,1,1,7,127
201600010196,16,5,28,1015,1,1,1,1,5,16
201600010197,16,7,19,1100,1,1,1,1,3,108
201600010198,16,7,25,1600,1,1,1,1,1,53
201600010199,16,7,26,1930,1,1,1,1,3,53
201600010200,16,8,13,930,1,1,2,1,3,157
201600010201,16,10,2,1400,1,1,1,1,7,49
201600010202,16,1,10,1715,2,1,1,3,7,28
201600010203,16,4,12,1115,1,1,1,1,3,1
201600010204,16,5,9,1200,1,1,1,1,6,94
201600010205,16,5,29,1645,2,2,1,1,6,115
201600010206,16,5,27,1900,1,2,1,1,3,250
201600010207,16,6,24,530,2,1,1,1,1,85
201600010208,16,7,18,2000,1,1,9,7,7,250
201600010209,16,7,19,2000,1,1,1,1,1,211
201600010210,16,7,22,2015,1,2,1,1,6,6
201600010211,16,8,28,1015,1,2,9,1,3,159
201600010212,16,10,3,1600,1,1,1,1,1,104
201600010213,16,9,14,930,1,1,1,1,5,67
201600010214,16,1,21,1430,1,2,1,7,1,252
201600010215,16,2,26,1745,1,1,1,1,3,252
201600010216,16,4,27,2045,2,1,1,1,6,136
201600010217,16,4,28,1045,1,1,2,1,3,8
201600010218,16,6,8,1645,1,1,1,1,7,71
201600010219,16,8,1,945,1,1,1,1,7,136
201600010220,16,8,6,1300,1,2,2,1,3,136
201600010221,16,11,4,2230,5,2,1,2,6,8
201600010222,16,12,12,745,5,2,2,2,6,288
201600010223,16,12,18,545,5,2,1,5,6,220
201600010224,16,4,16,1500,1,1,1,2,1,70
201600010225,16,8,6,1945,1,2,2,1,6,214
201600010226,16,10,9,1700,1,1,1,1,2,528
201600010227,16,10,18,1745,1,1,1,1,1,97
201600010228,16,1,4,1915,3,1,1,3,6,2
201600010229,16,1,15,845,2,1,1,4,1,234
201600010230,16,2,17,130,3,1,1,1,6,234
201600010231,16,2,27,145,3,1,1,2,1,234
201600010232,16,3,30,345,3,1,1,1,7,234
201600010233,16,3,29,1615,1,2,1,1,1,233
201600010234,16,7,17,100,3,1,1,1,6,233
201600010235,16,8,25,1815,1,1,1,1,5,2