Num_Acc,an,mois,jour,hrmn,lum,agg,int,atm,col,com
201600010236,16,9,11,945,1,1,1,1,7,233
201600010237,16,9,20,1745,1,1,9,1,3,234
201600010238,16,10,5,815,2,1,1,8,5,297
201600010239,16,11,6,245,3,1,1,1,6,234
201600010240,16,12,15,900,1,1,1,8,6,230
201600010241,16,12,26,1700,2,2,7,1,6,233
201600010242,16,3,15,1900,1,1,1,1,7,236
201600010243,16,4,9,1415,1,1,1,1,6,150
201600010244,16,4,28,1000,1,1,6,1,1,31
201600010245,16,5,6,1700,1,1,1,1,7,31
201600010246,16,10,17,1745,1,1,1,1,4,300
201600010247,16,11,18,1215,1,1,1,1,6,236
201600010248,16,11,21,1545,1,1,1,7,1,150
201600010249,16,1,4,1330,1,1,1,2,7,281
201600010250,16,1,12,1900,3,1,1,8,1,241
201600010251,16,1,22,1815,3,1,1,2,2,146
201600010252,16,6,11,445,3,1,1,1,6,146
201600010253,16,7,1,1515,1,1,1,1,7,4
201600010254,16,8,1,1400,1,1,1,1,7,274
201600010255,16,8,16,1900,1,2,1,7,6,241
201600010256,16,10,12,1500,1,1,1,1,1,49
201600010257,16,11,24,1830,3,1,1,1,2,4
201600010258,16,12,2,630,4,2,1,9,1,241
201600010259,16,2,17,1300,1,2,1,1,1,88
201600010260,16,12,10,1500,1,1,1,1,1,88
201600010261,16,5,6,600,2,2,1,1,7,28
201600010262,16,6,6,2355,5,2,1,1,6,20
201600010263,16,6,20,2045,1,2,1,2,6,20
201600010264,16,8,23,2345,5,1,6,1,2,20
201600010265,16,11,3,1445,1,2,1,1,6,20
201600010266,16,11,7,1550,1,2,6,7,3,20
201600010267,16,4,11,1515,1,2,6,1,2,199
201600010268,16,6,20,1000,1,2,6,1,1,199
201600010269,16,6,30,1845,1,2,1,1,7,199
201600010270,16,8,8,245,5,2,1,1,6,199
201600010271,16,9,10,2145,5,2,1,1,1,199
201600010272,16,10,15,1300,1,2,1,1,1,199
201600010273,16,12,27,1800,2,2,1,1,3,199
201600010274,16,1,5,1445,1,1,1,2,1,205
201600010275,16,3,25,1945,3,1,1,2,1,205
201600010276,16,6,23,700,2,1,1,1,6,19
201600010277,16,7,16,915,1,1,1,1,2,169
201600010278,16,12,21,1745,3,1,1,1,5,148
201600010279,16,1,6,1855,5,2,1,1,1,155
201600010280,16,1,15,1500,1,2,3,1,5,4
201600010281,16,1,15,1700,2,2,1,1,3,155
201600010282,16,1,17,435,5,2,1,1,6,155
201600010283,16,1,24,1250,1,2,3,1,1,4
201600010284,16,2,1,1140,1,2,1,1,1,4
201600010285,16,2,9,30,5,2,1,1,6,4
201600010286,16,2,10,1500,1,2,3,1,3,4
201600010287,16,2,10,550,5,2,1,1,7,155
201600010288,16,2,19,2030,5,2,2,1,5,4
201600010289,16,2,23,1600,1,2,3,7,6,4
201600010290,16,3,8,1310,1,2,1,1,3,4
201600010291,16,3,8,1445,1,2,1,1,3,4
201600010292,16,3,10,845,1,2,1,1,6,4
201600010293,16,3,11,900,1,2,3,1,3,4
201600010294,16,3,14,825,1,2,4,1,2,155
201600010295,16,3,19,1246,1,2,1,1,3,4
201600010296,16,3,20,1852,5,2,1,1,3,4
201600010297,16,3,21,1430,1,2,1,1,6,4
201600010298,16,3,29,1550,1,2,2,1,3,4
201600010299,16,3,29,1640,1,2,1,1,5,4
201600010300,16,3,31,755,1,1,2,1,3,4
201600010301,16,4,12,130,5,2,1,1,6,4
201600010302,16,4,12,2029,2,2,1,1,6,155
201600010303,16,4,12,1325,1,2,1,1,1,4
201600010304,16,4,18,1645,1,2,1,1,1,4
201600010305,16,4,20,1550,1,2,3,1,2,155
201600010306,16,4,20,1843,1,2,1,1,6,4
201600010307,16,5,5,730,1,1,1,1,5,155
201600010308,16,5,13,2122,5,2,9,1,3,155
201600010309,16,5,16,2038,1,2,1,1,3,4
201600010310,16,5,17,2048,5,2,2,1,3,4
201600010311,16,5,20,1428,1,2,1,1,6,4
201600010312,16,5,22,2333,4,2,1,1,6,4
201600010313,16,5,24,1323,1,2,2,1,6,4
201600010314,16,5,25,1300,1,2,1,1,3,4
201600010315,16,5,26,1930,1,2,1,1,3,4
201600010316,16,5,28,1955,1,2,2,1,6,4
201600010317,16,6,4,615,2,2,1,1,6,4
201600010318,16,6,4,1600,1,2,2,2,3,4
201600010319,16,6,9,1930,1,2,1,3,1,4
201600010320,16,6,24,830,1,2,3,1,3,4
201600010321,16,6,25,2210,5,1,1,1,5,4
201600010322,16,7,13,845,1,2,1,1,6,4
201600010323,16,7,13,2330,3,2,1,1,6,4
201600010324,16,7,13,2330,5,2,1,1,7,4
201600010325,16,7,17,1500,1,2,1,1,6,155
201600010326,16,7,17,1950,1,2,1,1,4,4
201600010327,16,7,20,948,1,2,1,1,6,4
201600010328,16,7,22,2047,2,1,1,8,7,4
201600010329,16,7,24,100,5,1,1,8,6,4
201600010330,16,7,24,945,1,2,1,1,5,4
201600010331,16,7,24,1550,1,1,1,1,3,4
201600010332,16,7,27,2004,1,2,1,1,5,4
201600010333,16,7,30,333,5,2,1,1,7,4
201600010334,16,7,30,940,1,2,2,1,3,4
201600010335,16,7,30,2239,5,2,1,1,3,4
201600010336,16,8,2,1750,1,2,1,1,6,155
201600010337,16,8,8,2353,5,2,3,1,3,4
201600010338,16,8,10,2141,5,2,3,1,3,4
201600010339,16,8,14,157,5,2,1,1,3,4
201600010340,16,8,20,2025,2,2,1,1,3,4
201600010341,16,8,21,1530,1,2,1,1,3,4
201600010342,16,8,22,1515,1,2,1,1,6,4
201600010343,16,8,23,1308,1,1,1,1,6,155
201600010344,16,8,25,2120,5,1,1,1,3,4
201600010345,16,9,1,2330,5,2,3,1,3,4
201600010346,16,9,3,1530,1,2,1,1,6,4
201600010347,16,9,3,1619,1,2,2,1,3,155
201600010348,16,9,4,625,5,2,1,1,6,4
201600010349,16,9,7,2330,5,1,1,1,6,155
201600010350,16,9,13,1400,1,2,1,1,2,4
201600010351,16,9,14,1110,1,2,1,1,6,155
201600010352,16,9,17,1145,1,2,2,1,3,4
201600010353,16,9,21,1830,1,2,1,8,6,4
201600010354,16,9,22,1800,2,2,1,1,6,155
201600010355,16,9,28,1315,1,1,1,1,1,155
201600010356,16,9,29,1315,1,2,1,1,3,4
201600010357,16,10,2,2130,5,1,1,1,5,155
201600010358,16,10,8,1257,1,2,1,1,3,4
201600010359,16,10,8,2040,5,2,3,1,3,4
201600010360,16,10,11,841,1,1,1,3,1,155
201600010361,16,10,8,1050,1,2,1,1,3,4
201600010362,16,10,21,1430,1,2,1,1,6,4
201600010363,16,10,27,1910,5,2,1,1,6,4
201600010364,16,10,30,915,1,2,1,1,7,155
201600010365,16,11,8,1035,1,2,1,1,6,4
201600010366,16,11,14,1530,1,2,1,1,6,4
201600010367,16,11,22,1111,1,2,1,3,4,4
201600010368,16,11,23,730,2,1,1,2,1,155
201600010369,16,11,28,1505,1,2,1,1,3,155
201600010370,16,11,30,1152,1,2,9,1,6,4
201600010371,16,12,4,1300,1,2,1,1,3,4
201600010372,16,12,6,1727,5,1,1,1,6,4
201600010373,16,12,8,1030,1,2,3,1,3,4
201600010374,16,12,8,1810,5,2,7,1,1,4
201600010375,16,12,27,1210,1,2,6,1,6,4
201600010376,16,1,2,2150,5,2,1,1,3,27
201600010377,16,1,6,940,1,2,1,1,6,27
201600010378,16,1,9,1715,1,2,1,1,6,27
201600010379,16,1,10,950,1,2,3,1,6,123
201600010380,16,1,12,1325,1,2,1,1,4,27
201600010381,16,1,14,1825,5,2,3,1,3,27
201600010382,16,1,25,1600,1,2,1,1,6,27
201600010383,16,1,26,855,1,2,3,1,3,27
201600010384,16,1,27,1525,1,2,1,1,2,123
201600010385,16,1,29,1030,1,2,1,1,6,27
201600010386,16,1,29,1500,1,2,1,1,2,123
201600010387,16,2,6,520,5,2,1,1,1,123
201600010388,16,2,1,1600,1,2,1,1,1,27
201600010389,16,2,5,1430,1,2,1,1,6,27
201600010390,16,2,5,1735,1,2,1,1,3,27
201600010391,16,2,18,1330,1,2,3,1,6,123
201600010392,16,2,11,800,1,2,1,1,6,27
201600010393,16,2,21,1630,1,2,1,1,2,27
201600010394,16,2,23,1910,1,2,1,1,6,27
201600010395,16,2,24,1000,1,2,1,1,3,27
201600010396,16,3,4,1330,1,2,3,1,2,123
201600010397,16,3,7,850,1,2,1,1,6,27
201600010398,16,3,8,1200,1,2,3,1,3,27
201600010399,16,3,11,825,1,2,6,1,6,27
201600010400,16,3,15,1805,1,2,1,1,4,123
201600010401,16,3,18,1845,1,2,6,1,3,27
201600010402,16,3,22,850,1,2,3,1,6,123
201600010403,16,3,24,2020,5,2,3,1,3,27
201600010404,16,3,24,950,1,2,1,1,2,123
201600010405,16,3,29,1000,1,2,1,1,6,27
201600010406,16,3,29,1740,1,2,1,1,6,27
201600010407,16,4,4,950,1,2,1,1,2,27
201600010408,16,4,4,1100,1,2,1,1,3,27
201600010409,16,4,9,335,5,2,1,1,7,123
201600010410,16,4,13,1300,1,2,2,1,2,27
201600010411,16,4,13,1420,1,2,1,1,4,123
201600010412,16,4,14,1815,1,2,3,1,6,27
201600010413,16,4,19,1030,1,2,3,1,6,27
201600010414,16,4,20,835,1,2,1,1,1,27
201600010415,16,4,21,1300,1,2,1,1,3,123
201600010416,16,4,23,1845,1,2,1,1,3,27
201600010417,16,4,24,2020,2,2,3,1,3,123
201600010418,16,4,30,1735,1,2,3,1,3,27
201600010419,16,5,1,1040,1,2,1,1,6,27
201600010420,16,5,4,1435,1,2,1,1,2,27
201600010421,16,5,5,1945,1,2,1,1,6,123
201600010422,16,5,14,800,1,2,1,1,6,123
201600010423,16,5,26,1620,1,2,3,1,2,123
201600010424,16,6,8,1010,1,2,3,1,3,123
201600010425,16,6,10,1815,1,2,1,1,3,27
201600010426,16,6,17,1920,1,2,1,1,6,27
201600010427,16,6,18,920,1,2,1,1,2,123
201600010428,16,6,18,1035,1,2,3,1,3,123
201600010429,16,6,18,1300,1,2,1,1,6,123
201600010430,16,6,18,400,5,2,1,1,6,27
201600010431,16,7,2,1815,1,2,1,1,3,123
201600010432,16,5,28,1915,1,2,1,1,3,123
201600010433,16,7,6,850,1,2,1,1,1,27
201600010434,16,7,6,1700,1,2,1,1,6,27
201600010435,16,7,13,2330,5,2,1,1,3,27
201600010436,16,7,14,1720,1,2,2,1,6,27
201600010437,16,7,14,2135,2,2,2,1,3,27
201600010438,16,7,16,35,5,2,1,1,1,27
201600010439,16,8,5,2022,2,2,4,1,3,27
201600010440,16,7,26,1200,1,2,3,1,3,123
201600010441,16,8,12,1715,1,2,6,1,3,27
201600010442,16,8,15,1240,1,2,6,1,3,27
201600010443,16,8,16,1400,1,2,1,1,2,123
201600010444,16,8,20,1505,1,2,1,1,6,123
201600010445,16,8,22,1930,1,2,1,1,3,123
201600010446,16,9,9,820,1,2,3,1,3,27
201600010447,16,8,23,230,5,2,1,1,3,27
201600010448,16,9,19,1850,1,2,3,1,3,123
201600010449,16,9,20,2230,5,2,1,1,2,123
201600010450,16,9,22,1030,1,2,2,1,6,27
201600010451,16,8,25,1530,1,2,1,1,3,123
201600010452,16,9,30,1610,1,2,1,1,3,123
201600010453,16,10,1,2000,5,2,1,1,3,27
201600010454,16,10,3,1050,1,2,1,1,2,123
201600010455,16,10,3,1806,1,2,3,1,5,123
201600010456,16,10,7,1015,1,2,1,1,7,123
201600010457,16,10,7,1410,1,2,2,1,3,27
201600010458,16,10,8,1320,1,2,1,1,3,27
201600010459,16,10,8,1405,1,2,1,1,2,27
201600010460,16,10,13,1150,1,2,1,3,2,123
201600010461,16,10,13,1315,1,2,3,3,6,27
201600010462,16,10,15,1432,1,2,6,1,3,123
201600010463,16,10,18,1545,1,2,1,1,3,123
201600010464,16,10,22,1535,1,2,1,1,6,123
201600010465,16,10,24,1158,1,1,1,1,6,27
201600010466,16,10,26,1445,1,2,1,1,3,27
201600010467,16,10,27,1515,1,2,9,1,6,123
201600010468,16,10,29,1255,1,2,1,1,3,27
201600010469,16,10,30,1145,1,1,1,1,6,27
201600010470,16,11,1,1845,5,2,1,1,3,27
201600010471,16,11,4,2139,5,2,1,2,3,123
201600010472,16,11,15,1020,1,2,1,1,3,123
201600010473,16,11,16,945,1,2,1,1,3,27
201600010474,16,11,16,1020,1,2,1,1,6,123
201600010475,16,11,17,1150,1,2,1,1,2,123
201600010476,16,11,20,1205,1,2,1,1,3,27
201600010477,16,11,21,1405,1,1,1,2,1,27
201600010478,16,11,21,1920,5,2,1,2,3,27
201600010479,16,11,28,1640,1,2,3,1,3,27
201600010480,16,12,1,2000,5,2,1,1,6,123
201600010481,16,12,5,928,1,1,1,1,5,123
201600010482,16,12,15,650,5,2,2,1,1,27
201600010483,16,12,15,844,1,2,3,1,1,27
201600010484,16,12,16,1800,5,2,1,1,6,123
201600010485,16,12,16,2229,5,2,1,1,1,123
201600010486,16,12,18,1725,5,2,1,1,1,27
201600010487,16,12,19,1300,1,2,1,2,6,27
201600010488,16,12,19,1720,5,2,1,2,6,27
201600010489,16,12,21,645,1,2,1,8,2,123
201600010490,16,12,21,1330,1,2,1,1,2,123
201600010491,16,12,16,1610,1,2,9,1,6,27
201600010492,16,12,28,1625,1,2,1,1,1,27
201600010493,16,1,8,745,1,2,1,1,6,30
201600010494,16,1,12,945,1,2,1,1,7,29
201600010495,16,1,12,1640,1,2,1,1,6,30
201600010496,16,1,15,810,1,2,1,1,3,29
201600010497,16,1,15,916,1,2,1,1,3,29
201600010498,16,1,16,1514,1,2,1,1,1,30
201600010499,16,1,21,1445,1,2,1,1,1,29
201600010500,16,1,27,715,2,2,1,1,6,29
201600010501,16,1,30,1224,1,2,1,1,3,29
201600010502,16,2,4,1541,1,2,1,1,2,29
201600010503,16,2,11,1742,1,2,1,1,1,30
201600010504,16,2,20,854,1,1,1,1,6,30
201600010505,16,3,1,1825,5,2,1,1,6,30
201600010506,16,3,2,1200,1,2,1,1,6,29
201600010507,16,3,8,1120,1,2,1,1,6,30
201600010508,16,3,14,805,1,2,1,1,3,29
201600010509,16,3,19,1652,1,2,1,1,1,29
201600010510,16,3,20,1950,5,2,1,1,3,29
201600010511,16,3,22,755,1,2,1,1,6,29
201600010512,16,3,22,1740,1,2,1,1,7,30
201600010513,16,3,25,1203,1,2,1,1,3,29
201600010514,16,3,30,1015,1,2,1,1,1,30
201600010515,16,4,2,1007,1,2,1,1,3,29
201600010516,16,4,8,1537,1,2,1,1,2,29
201600010517,16,4,11,1508,1,2,1,1,6,30
201600010518,16,4,13,1149,1,2,1,1,6,29
201600010519,16,4,14,1445,1,2,1,1,4,30
201600010520,16,4,19,720,1,2,1,1,3,29
201600010521,16,4,21,1316,1,2,1,1,1,29
201600010522,16,4,22,1153,1,2,1,1,7,29
201600010523,16,4,22,1520,1,2,1,1,3,29
201600010524,16,4,24,1940,1,2,1,1,6,29
201600010525,16,4,12,1700,1,2,1,1,6,29
201600010526,16,4,27,903,1,2,1,1,6,29
201600010527,16,4,29,1620,1,2,1,1,5,30
201600010528,16,4,29,1650,1,2,1,1,6,29
201600010529,16,5,2,1545,1,2,1,1,2,30
201600010530,16,5,7,1152,1,2,1,1,3,29
201600010531,16,5,10,900,1,2,1,1,2,30
201600010532,16,5,12,1348,1,2,1,1,3,29
201600010533,16,5,14,1554,1,2,1,1,3,30
201600010534,16,5,14,1651,1,2,1,1,3,29
201600010535,16,5,16,650,1,2,1,1,6,30
201600010536,16,5,18,2045,2,2,1,1,3,29
201600010537,16,5,19,1920,1,2,1,1,6,29
201600010538,16,5,17,920,1,2,1,1,3,29
201600010539,16,5,21,1120,1,2,1,1,7,30
201600010540,16,5,21,1529,1,2,1,1,3,30
201600010541,16,5,21,1736,1,2,1,1,6,29
201600010542,16,5,21,1800,1,2,1,1,6,29
201600010543,16,5,21,1815,1,2,1,1,6,30
201600010544,16,5,22,1425,1,2,1,1,6,30
201600010545,16,5,23,900,1,1,1,1,6,29
201600010546,16,5,30,932,1,2,1,1,6,29
201600010547,16,6,2,1835,1,1,1,1,6,29
201600010548,16,6,6,1450,1,2,1,1,3,29
201600010549,16,6,12,1950,1,1,1,1,6,30
201600010550,16,6,13,722,1,2,1,1,3,29
201600010551,16,6,14,623,1,2,1,1,6,29
201600010552,16,6,25,1348,1,2,1,1,2,30
201600010553,16,6,29,1425,1,2,1,1,6,29
201600010554,16,7,8,1728,1,2,1,1,1,29
201600010555,16,7,10,1521,1,2,1,1,6,29
201600010556,16,7,20,1650,1,2,1,7,3,29
201600010557,16,7,23,2145,5,2,1,2,5,29
201600010558,16,7,27,934,1,2,1,1,2,29
201600010559,16,8,5,1348,1,1,1,1,3,30
201600010560,16,8,5,1932,1,2,1,1,6,30
201600010561,16,8,5,2340,5,2,1,1,1,29
201600010562,16,8,8,1610,1,2,1,1,3,29
201600010563,16,8,9,1840,1,2,1,1,3,29
201600010564,16,8,10,1900,1,2,1,1,6,29
201600010565,16,8,11,1057,1,2,1,7,6,29
201600010566,16,8,12,1129,1,2,1,1,6,29
201600010567,16,8,15,2335,5,2,1,1,6,29
201600010568,16,8,19,2200,5,2,1,1,3,29
201600010569,16,8,18,1830,1,2,1,1,2,29
201600010570,16,8,24,1740,1,2,1,1,6,29
201600010571,16,9,2,1000,1,2,1,1,1,29
201600010572,16,9,3,30,5,2,1,1,3,29
201600010573,16,9,10,2130,5,2,1,1,3,30
201600010574,16,9,10,1730,1,2,1,1,6,29
201600010575,16,9,9,1226,1,2,1,1,6,29
201600010576,16,9,16,1720,1,2,1,1,6,29
201600010577,16,9,20,1509,1,2,1,1,3,29
201600010578,16,9,23,40,5,2,1,1,6,29
201600010579,16,9,25,114,5,2,1,1,6,29
201600010580,16,9,26,1725,1,1,1,1,1,29
201600010581,16,9,20,2156,5,2,1,1,6,29
201600010582,16,9,30,1353,1,2,1,1,6,30
201600010583,16,10,4,1837,1,2,1,1,3,29
201600010584,16,10,8,1353,1,1,1,1,1,29
201600010585,16,10,3,1345,1,2,1,1,6,29
201600010586,16,10,6,2000,5,2,1,1,3,29
201600010587,16,10,10,1110,1,2,1,1,1,29
201600010588,16,10,12,1258,1,2,1,1,6,29
201600010589,16,10,12,1910,1,2,1,1,6,30
201600010590,16,10,13,1800,5,2,1,1,6,29
201600010591,16,10,14,736,1,2,1,1,6,30
201600010592,16,10,16,1145,1,2,1,1,6,30
201600010593,16,10,20,804,1,2,1,1,6,29
201600010594,16,10,24,400,5,2,1,1,6,29
201600010595,16,10,28,830,1,2,1,1,6,29
201600010596,16,10,30,1711,1,2,1,1,3,29
201600010597,16,11,1,1200,1,2,1,1,3,29
201600010598,16,11,1,1830,5,2,1,1,6,29
201600010599,16,11,3,1840,5,2,1,1,3,29
201600010600,16,11,8,1800,5,2,1,1,3,29
201600010601,16,11,6,837,1,2,1,1,3,30
201600010602,16,11,13,1650,1,2,1,1,6,29
201600010603,16,11,19,2250,5,2,1,1,2,29
201600010604,16,11,18,1334,1,2,1,1,6,29
201600010605,16,11,24,1750,3,1,1,3,6,29
201600010606,16,11,29,855,1,2,1,1,6,30
201600010607,16,12,1,2200,5,2,1,1,3,30
201600010608,16,12,2,1240,1,2,1,1,6,29
201600010609,16,12,3,1731,5,2,1,1,6,30
201600010610,16,12,8,835,1,2,1,1,6,29
201600010611,16,12,10,1650,1,2,1,1,1,29
201600010612,16,12,25,436,5,2,1,1,6,29
201600010613,16,12,27,1045,1,2,1,1,6,29
201600010614,16,12,28,1125,1,2,1,1,6,29
201600010615,16,12,28,1700,2,2,1,1,3,30
201600010616,16,1,1,440,5,2,1,1,6,69
201600010617,16,1,4,815,1,2,1,1,1,69
201600010618,16,1,5,1800,5,2,1,1,3,69
201600010619,16,1,6,1825,2,2,1,1,3,69
201600010620,16,1,7,1335,1,2,1,1,6,69
201600010621,16,1,7,1535,1,2,1,1,6,69
201600010622,16,1,8,1220,1,2,6,1,3,69
201600010623,16,1,9,1410,1,2,1,8,6,69
201600010624,16,1,10,15,5,2,1,1,7,69
201600010625,16,1,10,340,5,2,1,1,7,69
201600010626,16,1,13,810,1,2,4,1,5,69
201600010627,16,1,19,1115,1,2,9,1,3,69
201600010628,16,1,22,1640,2,2,3,1,1,69
201600010629,16,1,23,1000,1,2,1,1,1,69
201600010630,16,1,23,2200,5,2,6,1,7,69
201600010631,16,1,24,1245,1,2,1,1,2,69
201600010632,16,1,22,1740,1,2,4,1,1,69
201600010633,16,1,29,1430,1,2,1,1,3,69
201600010634,16,1,31,1710,1,1,1,1,6,69
201600010635,16,2,1,1020,1,1,6,1,3,69
201600010636,16,2,1,1805,5,2,1,1,2,69
201600010637,16,2,1,1940,5,2,1,1,6,69
201600010638,16,2,3,1625,1,2,1,1,6,69
201600010639,16,2,5,1400,1,2,3,1,7,69
201600010640,16,2,6,1615,1,2,3,1,3,69
201600010641,16,2,5,2342,5,2,1,1,3,69
201600010642,16,2,5,1315,1,2,1,1,3,69
201600010643,16,2,8,1300,1,2,1,1,2,69
201600010644,16,2,13,750,2,1,1,1,6,69
201600010645,16,2,13,750,1,1,1,1,1,69
201600010646,16,2,15,1845,2,2,1,1,7,69
201600010647,16,2,19,1630,1,2,1,1,6,69
201600010648,16,2,19,1735,2,2,3,1,3,69
201600010649,16,2,20,1530,1,2,1,1,2,69
201600010650,16,2,20,2330,5,1,1,1,7,69
201600010651,16,2,21,1830,5,2,1,1,5,69
201600010652,16,2,23,1020,1,2,1,1,7,69
201600010653,16,2,23,1615,1,2,6,1,6,69
201600010654,16,3,2,1655,1,2,1,1,7,69
201600010655,16,3,5,1754,1,2,1,1,7,69
201600010656,16,3,6,2343,5,2,1,1,6,69
201600010657,16,3,7,1320,1,2,3,1,3,69
201600010658,16,3,10,1130,1,1,1,1,7,69
201600010659,16,3,11,2015,5,2,3,1,5,69
201600010660,16,3,20,1730,1,2,1,1,6,69
201600010661,16,3,23,1500,1,1,1,1,7,69
201600010662,16,3,25,1000,1,2,1,1,5,69
201600010663,16,3,27,1115,1,2,1,2,1,69
201600010664,16,3,30,1030,1,2,1,1,6,69
201600010665,16,4,3,150,5,2,6,1,7,69
201600010666,16,4,4,700,1,2,1,1,6,69
201600010667,16,4,6,1536,1,1,1,1,2,69
201600010668,16,4,9,230,5,2,1,1,1,69
201600010669,16,4,18,750,1,2,1,1,3,69
201600010670,16,4,15,1245,1,2,1,1,7,69
201600010671,16,4,15,1415,1,2,1,1,2,69
201600010672,16,4,18,1025,1,1,1,1,4,69
201600010673,16,4,19,1350,1,2,1,1,2,69
201600010674,16,4,22,730,1,2,1,1,6,69
201600010675,16,4,22,910,1,2,1,1,3,69
201600010676,16,4,22,950,1,2,9,1,6,69
201600010677,16,4,22,1300,1,2,1,1,7,69
201600010678,16,4,25,1320,1,2,6,1,2,69
201600010679,16,4,26,1200,1,1,1,1,7,69
201600010680,16,4,26,1900,1,2,1,1,1,69
201600010681,16,4,28,1545,1,2,1,1,7,69
201600010682,16,4,29,2330,5,2,1,1,2,69
201600010683,16,5,3,1517,1,2,1,1,1,69
201600010684,16,5,3,1925,1,2,1,1,5,69
201600010685,16,5,4,1615,1,2,1,1,3,69
201600010686,16,5,6,620,2,2,1,1,7,69
201600010687,16,5,7,1800,1,2,1,1,6,69
201600010688,16,5,11,930,1,2,9,3,2,69
201600010689,16,5,12,335,5,1,1,1,6,69
201600010690,16,5,12,1710,1,2,1,1,6,69
201600010691,16,5,13,1300,1,2,1,1,1,69
201600010692,16,5,13,1320,1,2,1,1,2,69
201600010693,16,5,13,1950,1,2,6,1,3,69
201600010694,16,5,13,2230,5,1,1,1,7,69
201600010695,16,5,14,1740,1,2,1,2,1,69
201600010696,16,5,15,1050,1,2,1,1,2,69
201600010697,16,5,17,1100,1,2,1,1,3,69
201600010698,16,5,17,2025,1,2,1,1,6,69
201600010699,16,5,19,1050,1,2,9,1,3,69
201600010700,16,5,19,1214,1,2,1,1,1,69
201600010701,16,5,22,1545,1,2,1,1,3,69
201600010702,16,5,24,755,1,2,1,1,3,69
201600010703,16,5,25,1350,1,2,1,1,5,69
201600010704,16,5,26,1400,1,2,1,1,3,69
201600010705,16,5,27,1835,1,2,1,1,3,69
201600010706,16,5,28,1410,1,2,1,1,3,69
201600010707,16,5,30,850,1,2,1,1,3,69
201600010708,16,6,1,830,1,2,1,1,2,69
201600010709,16,6,1,1230,1,2,1,8,4,69
201600010710,16,6,3,635,1,2,1,1,7,69
201600010711,16,6,3,1635,1,2,1,2,1,69
201600010712,16,6,3,2010,2,1,1,1,6,69
201600010713,16,6,4,1320,1,2,1,2,3,69
201600010714,16,6,7,1830,1,2,1,8,7,69
201600010715,16,6,9,1100,1,2,1,1,6,69
201600010716,16,6,10,1255,1,2,1,1,6,69
201600010717,16,6,14,1845,1,2,1,1,6,69
201600010718,16,6,17,1145,1,1,1,1,3,69
201600010719,16,6,17,1630,1,2,1,1,6,69
201600010720,16,6,20,1355,1,2,1,1,7,69
201600010721,16,6,20,1850,1,2,2,1,5,69
201600010722,16,6,21,1330,1,2,1,1,3,69
201600010723,16,6,28,1355,1,2,1,1,6,69
201600010724,16,6,28,1739,1,2,4,1,3,69
201600010725,16,7,1,2120,2,2,1,1,7,69
201600010726,16,7,5,1700,1,2,1,1,6,69
201600010727,16,7,6,1800,1,2,1,1,6,69
201600010728,16,7,7,900,1,2,1,1,2,69
201600010729,16,7,8,1250,1,2,1,1,7,69
201600010730,16,7,11,1615,1,2,3,1,3,69
201600010731,16,7,11,2230,5,1,1,1,7,69
201600010732,16,7,12,1815,1,2,1,1,2,69
201600010733,16,7,13,2144,5,2,2,1,3,69
201600010734,16,7,15,1445,1,2,1,1,1,69
201600010735,16,7,16,450,5,2,1,1,3,69
201600010736,16,7,17,1600,1,2,1,1,6,69
201600010737,16,7,22,1630,1,2,1,2,6,69
201600010738,16,7,28,1925,1,2,2,1,6,69
201600010739,16,7,26,1750,1,2,1,1,2,69
201600010740,16,7,28,1045,1,1,1,1,2,69
201600010741,16,8,2,1140,1,2,1,1,3,69
201600010742,16,8,5,1610,1,2,1,1,3,69
201600010743,16,8,6,1720,1,2,1,1,3,69
201600010744,16,8,11,1215,1,1,1,1,3,69
201600010745,16,8,13,1115,1,2,1,1,3,69
201600010746,16,8,14,1930,1,2,1,1,7,69
201600010747,16,8,19,1228,1,2,1,1,2,69
201600010748,16,8,22,1415,1,2,1,1,4,69
201600010749,16,8,23,935,1,2,1,1,6,69
201600010750,16,8,23,1200,1,2,3,1,3,69
201600010751,16,8,26,810,1,2,1,1,7,69
201600010752,16,8,30,1245,1,1,1,1,6,69
201600010753,16,8,30,745,1,2,1,1,6,69
201600010754,16,9,1,1330,1,2,1,1,7,69
201600010755,16,9,2,1035,1,2,1,1,1,69
201600010756,16,9,3,545,2,1,1,1,6,69
201600010757,16,9,6,1310,1,2,1,1,2,69
201600010758,16,9,7,1210,1,1,1,1,2,69
201600010759,16,9,7,1700,1,2,1,1,3,69
201600010760,16,9,8,1930,1,2,1,1,3,69
201600010761,16,9,9,2353,5,1,1,1,6,69
201600010762,16,9,15,1220,1,2,1,1,6,69
201600010763,16,9,15,1815,1,2,1,1,2,69
201600010764,16,9,22,835,1,2,3,1,3,69
201600010765,16,9,23,1820,1,2,1,1,2,69
201600010766,16,9,26,730,1,2,1,1,3,69
201600010767,16,9,29,1730,1,2,1,1,3,69
201600010768,16,9,30,1830,2,2,1,1,2,69
201600010769,16,10,3,710,1,2,1,1,3,69
201600010770,16,10,4,1200,1,2,1,1,7,69
201600010771,16,10,4,1150,1,2,1,1,6,69
201600010772,16,10,7,1030,1,2,1,1,2,69
201600010773,16,10,7,1425,1,2,1,1,3,69
201600010774,16,10,9,920,1,2,1,1,6,69
201600010775,16,10,9,1105,1,2,1,1,1,69
201600010776,16,10,10,815,1,2,1,1,3,69
201600010777,16,10,10,2010,5,2,1,2,2,69
201600010778,16,10,11,1850,1,1,1,1,3,69
201600010779,16,10,19,1105,1,2,3,1,3,69
201600010780,16,10,19,1350,1,2,1,1,1,69
201600010781,16,10,24,818,1,1,1,1,7,69
201600010782,16,10,24,1430,1,2,1,1,3,69
201600010783,16,10,24,1830,5,2,1,1,3,69