Num_Acc,an,mois,jour,hrmn,lum,agg,int,atm,col,com
201600010784,16,10,24,2030,5,2,1,1,3,69
201600010785,16,10,25,915,1,2,4,2,1,69
201600010786,16,10,25,1745,1,1,4,2,3,69
201600010787,16,10,26,1355,1,2,1,1,3,69
201600010788,16,10,26,1640,1,1,3,1,1,69
201600010789,16,10,27,1920,5,2,3,1,3,69
201600010790,16,11,3,730,1,2,1,1,7,69
201600010791,16,11,5,1245,1,1,1,5,6,69
201600010792,16,11,7,1600,1,2,1,1,1,69
201600010793,16,11,10,845,1,2,1,1,7,69
201600010794,16,11,12,655,1,2,1,1,3,69
201600010795,16,11,18,2145,5,2,1,1,6,69
201600010796,16,11,23,1650,1,2,1,1,6,69
201600010797,16,11,24,1905,3,1,1,3,2,69
201600010798,16,11,26,1115,1,2,9,1,3,69
201600010799,16,11,26,1120,1,2,1,1,3,69
201600010800,16,11,29,840,1,2,1,1,1,69
201600010801,16,11,30,1212,1,1,1,1,7,69
201600010802,16,11,30,1300,1,2,1,1,6,69
201600010803,16,12,4,2010,5,2,6,1,6,69
201600010804,16,12,5,1730,1,1,1,1,2,69
201600010805,16,12,6,1600,1,2,1,1,1,69
201600010806,16,12,7,1545,1,2,6,1,1,69
201600010807,16,12,9,1730,2,2,1,1,2,69
201600010808,16,12,10,1600,1,2,1,1,7,69
201600010809,16,12,10,1730,5,2,1,1,2,69
201600010810,16,12,10,1915,5,2,1,1,4,69
201600010811,16,12,13,1800,3,1,1,1,4,69
201600010812,16,12,14,915,1,2,6,1,3,69
201600010813,16,12,14,1315,1,2,7,1,6,69
201600010814,16,12,14,1820,5,2,1,1,3,69
201600010815,16,12,15,1130,1,2,1,1,3,69
201600010816,16,12,17,1415,1,2,1,1,2,69
201600010817,16,12,19,1230,1,2,1,1,2,69
201600010818,16,12,19,1800,5,2,6,2,3,69
201600010819,16,12,20,1650,2,2,1,8,2,69
201600010820,16,12,21,1415,1,2,1,1,6,69
201600010821,16,12,22,605,5,2,1,1,1,69
201600010822,16,12,22,1250,1,2,1,1,7,69
201600010823,16,12,23,1110,1,2,1,1,1,69
201600010824,16,12,30,1020,1,2,6,1,2,69
201600010825,16,1,5,740,4,2,1,1,3,83
201600010826,16,1,9,2100,5,2,1,2,7,83
201600010827,16,1,12,1132,1,2,3,1,3,104
201600010828,16,1,12,1540,1,1,1,1,6,104
201600010829,16,1,31,1,5,2,1,1,3,104
201600010830,16,2,2,2238,5,1,1,1,1,104
201600010831,16,2,4,725,2,2,1,1,5,104
201600010832,16,2,6,2030,5,2,1,1,6,104
201600010833,16,2,1,723,5,2,1,1,5,104
201600010834,16,2,19,2240,5,1,1,1,6,104
201600010835,16,2,27,1910,5,2,1,1,6,83
201600010836,16,2,4,1035,1,2,3,1,6,83
201600010837,16,2,28,1435,1,2,6,1,3,104
201600010838,16,3,17,1210,1,2,1,1,6,104
201600010839,16,3,1,1728,1,2,3,1,3,104
201600010840,16,3,24,1120,1,2,1,1,3,104
201600010841,16,3,29,1620,1,2,1,1,6,83
201600010842,16,3,29,830,1,2,3,1,3,104
201600010843,16,3,30,1150,1,2,1,1,3,83
201600010844,16,2,1,1135,1,2,3,1,2,83
201600010845,16,4,10,120,5,2,1,1,3,83
201600010846,16,4,18,1025,1,2,3,1,6,83
201600010847,16,4,24,433,5,2,1,1,7,83
201600010848,16,4,26,2300,5,2,1,1,7,83
201600010849,16,4,29,2220,5,2,1,1,3,104
201600010850,16,3,26,915,1,2,3,1,1,104
201600010851,16,3,27,1018,1,2,1,1,6,83
201600010852,16,5,3,1318,1,2,1,1,6,83
201600010853,16,5,6,825,1,2,1,1,7,83
201600010854,16,6,12,250,5,2,1,1,6,104
201600010855,16,6,8,1435,1,2,1,1,6,104
201600010856,16,3,21,1200,1,2,3,1,3,83
201600010857,16,6,15,900,1,2,1,1,4,83
201600010858,16,6,22,2140,5,2,1,1,6,104
201600010859,16,6,24,1820,1,2,1,1,5,83
201600010860,16,3,14,1628,1,2,2,1,3,12
201600010861,16,7,5,1425,1,2,1,1,6,104
201600010862,16,7,14,1730,1,2,1,1,1,83
201600010863,16,7,22,2130,2,2,1,1,3,83
201600010864,16,6,21,45,5,2,1,1,6,83
201600010865,16,7,30,2230,5,2,1,1,6,83
201600010866,16,8,9,1810,1,2,1,1,2,104
201600010867,16,8,9,1035,1,2,1,1,6,104
201600010868,16,8,24,1620,1,2,1,1,7,83
201600010869,16,8,28,1830,1,2,1,1,7,83
201600010870,16,8,30,1400,1,2,2,1,6,83
201600010871,16,9,3,1350,1,2,1,1,6,83
201600010872,16,9,14,845,1,2,1,1,6,12
201600010873,16,10,7,845,1,2,1,1,6,83
201600010874,16,10,10,2015,5,2,1,1,3,104
201600010875,16,10,11,330,5,2,6,8,7,83
201600010876,16,9,21,815,1,2,1,1,6,83
201600010877,16,10,17,1027,1,1,2,1,3,12
201600010878,16,10,30,240,5,1,1,1,6,104
201600010879,16,10,19,1950,2,2,1,1,1,104
201600010880,16,11,8,1810,2,2,1,1,2,12
201600010881,16,11,10,1300,1,2,3,1,5,83
201600010882,16,11,15,30,5,2,6,1,6,83
201600010883,16,11,20,329,5,2,1,1,7,104
201600010884,16,11,28,1300,1,2,3,1,4,83
201600010885,16,11,24,1750,2,2,9,2,6,83
201600010886,16,12,9,1236,1,1,1,1,1,83
201600010887,16,12,14,1610,1,2,2,1,3,83
201600010888,16,11,16,1830,3,1,1,8,6,217
201600010889,16,1,1,645,5,2,1,1,6,88
201600010890,16,1,1,1500,1,2,1,1,3,88
201600010891,16,1,1,1430,1,2,1,1,1,88
201600010892,16,1,2,800,1,2,2,2,3,88
201600010893,16,1,2,1930,5,2,2,8,3,88
201600010894,16,1,5,1915,2,2,1,1,3,88
201600010895,16,1,7,1630,1,2,2,1,3,88
201600010896,16,1,7,1745,2,2,1,1,6,88
201600010897,16,1,8,530,5,2,2,1,6,88
201600010898,16,1,8,1830,5,2,3,1,3,88
201600010899,16,1,9,1030,1,2,1,2,5,88
201600010900,16,1,9,1425,1,2,1,1,5,88
201600010901,16,1,9,1900,5,2,1,1,5,88
201600010902,16,1,11,735,2,2,1,1,6,88
201600010903,16,1,11,1415,1,2,2,1,3,88
201600010904,16,1,11,1715,2,2,1,1,6,88
201600010905,16,1,12,1400,1,2,1,1,7,88
201600010906,16,1,12,1430,1,2,1,1,3,88
201600010907,16,1,13,740,1,2,1,1,2,88
201600010908,16,1,13,1435,1,2,1,1,2,88
201600010909,16,1,14,855,1,2,1,3,4,88
201600010910,16,1,14,1155,1,2,1,2,6,88
201600010911,16,1,15,347,3,1,1,2,7,88
201600010912,16,1,16,119,5,1,1,1,6,88
201600010913,16,1,16,1545,1,2,1,1,6,88
201600010914,16,1,16,1650,1,1,2,1,3,88
201600010915,16,1,16,1950,5,2,1,1,2,88
201600010916,16,1,18,820,1,2,1,1,3,88
201600010917,16,1,18,1515,1,2,3,1,3,88
201600010918,16,1,18,2210,5,2,1,1,5,88
201600010919,16,1,19,905,1,2,1,1,3,88
201600010920,16,1,21,1015,1,2,1,1,4,88
201600010921,16,1,22,720,2,2,2,1,3,88
201600010922,16,1,22,515,5,2,1,1,6,88
201600010923,16,1,22,1450,1,2,1,1,6,88
201600010924,16,1,23,520,5,2,2,1,3,88
201600010925,16,1,23,1435,1,2,2,1,3,88
201600010926,16,1,23,1750,2,2,2,1,5,88
201600010927,16,1,24,900,1,2,1,1,6,88
201600010928,16,1,24,1205,1,2,1,1,3,88
201600010929,16,1,24,1530,1,2,9,1,3,88
201600010930,16,1,25,1710,2,2,8,1,6,88
201600010931,16,1,26,1420,1,1,3,1,3,88
201600010932,16,1,26,1510,1,2,1,1,3,88
201600010933,16,1,26,1740,5,1,1,1,4,88
201600010934,16,1,28,1800,1,2,1,1,3,88
201600010935,16,1,29,1715,5,2,1,1,1,88
201600010936,16,1,30,1815,5,2,1,1,6,88
201600010937,16,1,31,1650,1,2,1,1,3,88
201600010938,16,2,1,1110,1,2,1,1,2,88
201600010939,16,2,1,1110,1,2,2,1,3,88
201600010940,16,2,2,740,1,2,1,1,6,88
201600010941,16,2,3,955,1,2,1,1,2,88
201600010942,16,2,5,1330,1,2,1,1,5,88
201600010943,16,2,5,1610,1,2,3,1,3,88
201600010944,16,2,5,1740,5,2,3,1,3,159
201600010945,16,2,6,300,5,1,1,1,7,88
201600010946,16,2,6,2100,5,2,7,2,2,88
201600010947,16,2,8,700,2,2,3,1,3,88
201600010948,16,2,8,1515,1,2,3,1,7,88
201600010949,16,2,9,1930,5,2,1,2,6,88
201600010950,16,2,10,1100,1,1,1,1,3,88
201600010951,16,2,10,950,1,2,1,1,6,88
201600010952,16,2,10,1850,5,2,1,1,4,88
201600010953,16,2,11,1640,1,2,1,1,3,88
201600010954,16,2,12,845,1,2,4,1,1,88
201600010955,16,2,12,1700,2,2,1,3,1,88
201600010956,16,2,13,712,2,2,1,1,6,88
201600010957,16,2,13,1445,1,2,1,1,2,88
201600010958,16,2,13,1900,5,2,3,1,3,88
201600010959,16,2,13,2000,5,2,1,1,6,88
201600010960,16,2,16,1320,1,1,1,1,3,88
201600010961,16,2,16,1450,1,2,1,1,2,88
201600010962,16,2,16,1635,1,2,1,1,6,88
201600010963,16,2,16,1650,1,2,1,1,4,88
201600010964,16,2,18,1515,1,2,2,1,3,88
201600010965,16,2,18,1645,1,2,1,1,6,88
201600010966,16,2,19,830,1,2,1,1,6,88
201600010967,16,2,19,1410,1,2,2,1,6,88
201600010968,16,2,19,1145,1,2,1,1,5,88
201600010969,16,2,19,1330,1,2,6,1,3,88
201600010970,16,2,19,1645,1,2,3,1,3,88
201600010971,16,2,20,2000,5,1,2,1,1,88
201600010972,16,2,22,140,5,2,1,1,1,88
201600010973,16,2,23,1805,2,2,1,1,6,88
201600010974,16,2,24,1325,1,2,3,1,3,88
201600010975,16,2,24,1440,1,2,1,1,3,88
201600010976,16,2,25,1105,1,2,2,1,6,88
201600010977,16,2,25,1645,1,2,1,1,6,88
201600010978,16,2,28,1310,1,2,1,1,6,88
201600010979,16,3,1,800,1,2,1,1,2,88
201600010980,16,3,1,900,1,2,1,1,4,88
201600010981,16,3,1,1100,1,2,1,1,6,88
201600010982,16,3,2,750,1,2,1,1,3,88
201600010983,16,3,2,1910,5,2,1,1,2,88
201600010984,16,3,2,2200,5,2,3,1,6,88
201600010985,16,3,3,900,1,2,1,1,6,88
201600010986,16,3,3,1450,1,2,6,1,2,88
201600010987,16,3,4,750,1,1,1,1,2,88
201600010988,16,3,4,1710,1,2,1,1,2,88
201600010989,16,3,5,2110,5,2,1,1,3,88
201600010990,16,3,8,750,1,2,1,1,3,88
201600010991,16,3,8,630,2,2,1,1,1,88
201600010992,16,3,10,1345,1,2,2,1,3,88
201600010993,16,3,11,800,1,2,2,1,5,88
201600010994,16,3,11,840,1,2,1,1,3,88
201600010995,16,3,11,1600,1,2,1,1,6,88
201600010996,16,3,11,1721,1,2,1,1,3,88
201600010997,16,3,13,2130,5,1,1,1,6,88
201600010998,16,3,13,2257,5,2,2,1,6,88
201600010999,16,3,15,920,1,2,1,1,2,88
201600011000,16,3,15,940,1,2,1,1,3,88
201600011001,16,3,16,2240,5,2,1,2,6,88
201600011002,16,3,17,1045,1,2,1,1,6,88
201600011003,16,3,17,1605,1,2,1,1,6,88
201600011004,16,3,17,2022,5,2,1,1,7,88
201600011005,16,3,18,1205,1,2,1,1,2,88
201600011006,16,3,18,2220,5,2,1,1,6,159
201600011007,16,3,20,530,5,2,1,1,5,88
201600011008,16,3,20,2143,5,2,2,1,3,88
201600011009,16,3,21,1200,1,2,1,1,6,88
201600011010,16,3,21,1850,1,2,1,1,6,88
201600011011,16,3,23,1630,1,2,1,1,2,88
201600011012,16,3,23,1300,1,2,6,1,3,88
201600011013,16,3,23,1700,1,2,3,8,3,88
201600011014,16,2,23,1700,1,2,3,8,3,88
201600011015,16,3,24,1705,1,2,1,1,2,159
201600011016,16,3,25,830,1,2,1,1,3,88
201600011017,16,3,26,522,5,2,1,1,6,88
201600011018,16,3,29,750,1,2,3,1,3,88
201600011019,16,3,30,1030,1,2,2,1,6,88
201600011020,16,3,30,1830,1,2,3,1,3,88
201600011021,16,4,1,715,1,2,2,2,3,88
201600011022,16,4,1,2245,5,2,1,1,6,88
201600011023,16,4,2,315,5,2,1,1,5,88
201600011024,16,4,4,1740,1,2,1,2,6,88
201600011025,16,4,4,1845,2,2,1,2,3,88
201600011026,16,4,6,840,1,1,1,1,6,88
201600011027,16,4,6,1830,1,2,2,1,3,88
201600011028,16,4,6,2030,2,2,3,1,3,88
201600011029,16,4,7,1100,1,2,7,1,6,88
201600011030,16,4,7,1850,1,2,1,1,6,88
201600011031,16,4,7,1650,1,2,1,1,5,88
201600011032,16,4,8,2225,5,2,1,1,2,88
201600011033,16,4,9,1530,1,2,1,1,3,88
201600011034,16,4,10,145,5,2,3,1,6,88
201600011035,16,4,11,1945,1,2,1,1,2,88
201600011036,16,4,12,1400,1,2,1,1,1,88
201600011037,16,4,12,1425,1,2,2,1,1,88
201600011038,16,4,12,1750,1,2,1,1,3,88
201600011039,16,4,13,1400,1,2,1,1,3,88
201600011040,16,4,15,1525,1,2,1,1,3,88
201600011041,16,4,18,810,1,2,1,1,4,88
201600011042,16,4,18,1005,1,2,1,1,6,88
201600011043,16,4,18,930,1,2,1,1,5,88
201600011044,16,4,18,1140,1,2,1,1,6,88
201600011045,16,4,18,1755,1,2,1,1,4,88
201600011046,16,4,18,2215,5,1,1,1,6,88
201600011047,16,4,19,1045,1,2,1,1,5,88
201600011048,16,4,19,1620,1,2,1,1,6,88
201600011049,16,4,19,1750,1,2,1,1,3,88
201600011050,16,4,20,1105,1,2,3,1,3,88
201600011051,16,4,20,2055,5,2,1,1,2,88
201600011052,16,4,21,730,1,2,3,1,3,88
201600011053,16,4,21,755,1,2,1,1,3,88
201600011054,16,4,22,850,1,2,1,1,3,88
201600011055,16,4,22,1317,1,2,1,1,6,88
201600011056,16,4,22,1420,1,2,3,1,3,88
201600011057,16,4,22,1550,1,2,1,1,6,88
201600011058,16,4,25,2210,5,2,2,1,6,88
201600011059,16,4,26,1230,1,2,2,1,6,88
201600011060,16,4,27,740,1,2,3,1,3,88
201600011061,16,4,27,928,1,2,3,1,3,88
201600011062,16,4,28,1600,1,2,3,1,3,88
201600011063,16,4,29,1315,1,2,1,1,3,88
201600011064,16,4,29,2340,5,2,1,1,3,88
201600011065,16,5,1,135,5,2,1,1,3,88
201600011066,16,5,1,1350,1,2,1,1,3,88
201600011067,16,5,2,735,1,2,1,1,6,88
201600011068,16,5,3,750,1,2,1,1,2,88
201600011069,16,5,3,1245,1,2,2,1,6,88
201600011070,16,5,4,900,1,2,3,1,1,88
201600011071,16,5,4,1510,1,2,1,1,6,88
201600011072,16,5,4,1645,1,2,1,1,4,88
201600011073,16,5,4,2058,5,2,3,1,3,88
201600011074,16,5,6,210,4,2,1,1,3,88
201600011075,16,5,6,745,1,2,1,1,1,88
201600011076,16,5,6,1220,1,2,1,1,5,88
201600011077,16,5,6,2115,5,1,1,1,5,88
201600011078,16,5,8,2200,5,2,1,2,3,88
201600011079,16,5,9,1430,1,2,1,1,6,88
201600011080,16,5,10,1100,1,2,2,1,3,88
201600011081,16,5,11,830,1,2,6,2,3,88
201600011082,16,5,13,907,1,2,1,1,6,88
201600011083,16,5,14,1200,1,2,1,1,2,88
201600011084,16,5,16,1610,1,2,1,1,2,88
201600011085,16,5,17,1205,1,1,1,1,1,88
201600011086,16,5,19,1325,1,2,3,1,1,88
201600011087,16,5,19,1600,1,2,3,1,5,88
201600011088,16,5,20,200,5,2,3,1,6,88
201600011089,16,5,21,1059,1,2,3,1,1,88
201600011090,16,5,21,2145,5,2,1,1,6,88
201600011091,16,5,21,2100,5,2,1,1,6,88
201600011092,16,5,22,1810,1,2,3,1,2,88
201600011093,16,5,23,1550,1,2,1,1,6,88
201600011094,16,5,23,1705,1,1,1,1,2,88
201600011095,16,5,23,1840,1,2,1,1,6,88
201600011096,16,5,24,1630,1,2,3,1,3,88
201600011097,16,5,25,915,1,2,1,1,2,88
201600011098,16,5,27,640,1,2,1,1,6,88
201600011099,16,5,30,830,1,2,1,1,3,88
201600011100,16,5,31,250,5,2,1,1,1,88
201600011101,16,5,31,830,1,2,6,1,6,88
201600011102,16,5,31,930,1,2,1,1,2,88
201600011103,16,5,31,1545,1,2,1,1,1,88
201600011104,16,6,1,1810,1,2,3,1,6,88
201600011105,16,6,1,1810,1,2,1,1,2,88
201600011106,16,6,2,755,1,2,1,1,2,88
201600011107,16,6,2,2110,5,2,2,2,6,88
201600011108,16,6,3,1550,1,2,2,1,3,88
201600011109,16,6,3,2300,5,1,1,1,6,88
201600011110,16,6,5,55,5,2,1,1,2,88
201600011111,16,6,5,2130,5,2,1,1,3,88
201600011112,16,6,6,830,1,2,1,1,6,88
201600011113,16,6,6,1010,1,2,1,1,2,88
201600011114,16,6,9,800,1,2,1,1,7,88
201600011115,16,6,9,1100,1,2,3,1,6,88
201600011116,16,6,9,1700,1,2,1,1,3,88
201600011117,16,6,9,1845,1,2,1,3,6,88
201600011118,16,6,10,1320,1,2,1,1,1,88
201600011119,16,6,10,2357,3,2,2,1,3,88
201600011120,16,6,11,2100,4,2,1,1,5,88
201600011121,16,6,12,100,5,2,2,1,3,88
201600011122,16,6,14,1045,1,2,8,1,2,88
201600011123,16,6,14,1130,1,2,1,1,6,88
201600011124,16,6,14,1600,1,2,9,1,2,88
201600011125,16,6,15,1510,1,2,1,2,4,88
201600011126,16,6,17,930,1,2,1,1,6,88
201600011127,16,6,18,1200,1,2,1,1,2,88
201600011128,16,6,18,1623,1,2,2,1,3,88
201600011129,16,6,20,820,1,2,2,1,3,88
201600011130,16,6,21,730,1,2,3,1,3,88
201600011131,16,6,21,1450,1,2,1,1,3,88
201600011132,16,6,22,1715,1,2,2,1,1,88
201600011133,16,6,24,515,2,1,1,1,3,88
201600011134,16,6,24,1400,1,2,1,1,1,88
201600011135,16,6,24,1645,1,2,1,1,1,88
201600011136,16,6,25,55,5,2,3,1,3,88
201600011137,16,6,26,145,5,2,1,1,2,88
201600011138,16,6,26,1245,1,2,1,1,3,88
201600011139,16,6,26,1800,1,2,2,1,1,88
201600011140,16,6,27,1419,1,2,2,1,3,88
201600011141,16,6,28,1215,1,2,1,1,2,88
201600011142,16,6,28,1505,1,2,1,1,5,88
201600011143,16,6,28,2250,5,2,1,1,3,88
201600011144,16,6,28,1935,1,2,3,1,3,88
201600011145,16,6,29,1750,1,2,2,1,3,88
201600011146,16,6,29,1915,1,2,1,1,6,88
201600011147,16,7,2,200,5,2,1,1,1,88
201600011148,16,7,3,1720,1,2,1,1,6,88
201600011149,16,7,4,1501,1,2,1,1,3,88
201600011150,16,7,5,1515,1,2,1,1,1,88
201600011151,16,7,6,945,1,2,1,1,2,88
201600011152,16,7,6,940,1,2,1,1,3,88
201600011153,16,7,6,2140,5,1,1,1,6,159
201600011154,16,7,7,1300,1,2,1,1,3,88
201600011155,16,7,8,1045,1,1,1,1,6,88
201600011156,16,7,8,1400,1,2,3,1,2,88
201600011157,16,7,8,1755,1,2,1,1,2,88
201600011158,16,7,9,1715,1,2,1,1,3,88
201600011159,16,7,9,2015,1,2,1,1,3,88
201600011160,16,7,9,2220,5,2,2,1,3,88
201600011161,16,7,10,245,5,2,1,1,6,88
201600011162,16,7,10,945,1,2,2,1,1,88
201600011163,16,7,10,1230,1,2,1,1,3,88
201600011164,16,7,10,1720,1,2,1,1,3,88
201600011165,16,7,10,1728,1,2,2,1,3,88
201600011166,16,7,10,1915,1,2,2,1,3,88
201600011167,16,7,11,109,5,2,2,1,3,88
201600011168,16,7,11,1110,1,2,1,1,4,88
201600011169,16,7,11,1330,1,2,1,1,2,88
201600011170,16,7,12,540,2,2,9,1,1,88
201600011171,16,7,12,711,1,2,1,1,3,88
201600011172,16,7,12,1255,1,2,1,1,3,88
201600011173,16,7,15,1645,1,2,1,1,6,88
201600011174,16,7,19,930,1,2,1,1,2,88
201600011175,16,7,19,1145,1,2,2,1,1,88
201600011176,16,7,20,1120,1,2,2,1,6,88
201600011177,16,7,21,2315,5,2,2,1,3,88
201600011178,16,7,22,538,2,1,1,1,6,159
201600011179,16,7,22,2325,5,2,3,1,3,88
201600011180,16,7,23,2225,5,2,2,1,3,88
201600011181,16,7,24,2115,1,2,1,1,1,88
201600011182,16,7,25,525,5,2,1,1,2,88
201600011183,16,7,28,1700,1,2,1,1,6,88
201600011184,16,7,29,230,5,1,1,1,6,88
201600011185,16,7,29,1110,1,2,3,1,6,88
201600011186,16,7,29,1220,1,2,1,1,6,88
201600011187,16,7,30,1400,1,2,2,1,3,88
201600011188,16,8,2,1130,1,1,1,1,3,159
201600011189,16,8,2,1630,1,2,2,1,1,88
201600011190,16,8,3,1343,1,2,1,1,3,88
201600011191,16,8,4,645,2,2,2,1,6,88
201600011192,16,8,4,850,1,2,1,1,6,88
201600011193,16,8,5,301,5,1,1,1,7,88
201600011194,16,8,5,2010,1,2,1,1,6,88
201600011195,16,8,6,2340,5,2,1,1,2,88
201600011196,16,8,7,1820,1,2,2,1,6,88
201600011197,16,8,8,1355,1,2,1,1,3,88
201600011198,16,8,8,2255,5,2,1,1,2,88
201600011199,16,8,11,630,2,2,1,1,2,88
201600011200,16,8,12,1110,1,2,2,1,3,88
201600011201,16,8,15,1400,1,2,3,1,3,88
201600011202,16,8,15,344,5,2,1,1,7,88
201600011203,16,8,17,1045,1,2,1,1,1,88
201600011204,16,8,18,1750,1,2,1,1,4,88
201600011205,16,8,19,1850,1,2,2,1,3,88
201600011206,16,8,21,915,1,2,1,1,2,88
201600011207,16,8,22,1215,1,2,1,1,3,88
201600011208,16,8,22,1330,1,2,3,1,1,88
201600011209,16,8,22,1440,1,2,2,1,3,88
201600011210,16,8,22,2240,5,1,2,1,3,159
201600011211,16,8,22,2340,3,1,1,1,6,88
201600011212,16,8,23,430,5,2,1,1,1,159
201600011213,16,8,23,1210,1,2,1,1,2,88
201600011214,16,8,24,1015,1,2,1,1,3,88
201600011215,16,8,24,1810,1,1,1,1,5,159
201600011216,16,8,26,1800,1,2,1,1,4,88
201600011217,16,8,26,2300,5,2,1,1,6,88
201600011218,16,8,27,1215,1,2,1,1,6,88
201600011219,16,8,27,1830,1,2,1,1,6,88
201600011220,16,8,28,1530,1,2,2,1,6,88
201600011221,16,8,29,735,1,2,1,1,3,88
201600011222,16,8,31,850,1,2,2,1,3,88
201600011223,16,8,31,1158,1,1,1,1,6,159
201600011224,16,9,1,1620,1,1,1,1,1,88
201600011225,16,9,2,2100,4,2,6,1,3,88
201600011226,16,9,3,1405,1,2,1,1,2,88
201600011227,16,9,4,1015,1,2,1,1,3,88
201600011228,16,9,6,645,1,2,1,1,3,88
201600011229,16,9,6,1115,1,2,1,1,6,88
201600011230,16,9,6,1338,1,2,1,1,2,88
201600011231,16,9,6,1945,2,2,1,1,3,88
201600011232,16,9,7,1335,1,2,1,1,2,88
201600011233,16,9,7,1830,1,1,1,1,3,88
201600011234,16,9,8,145,5,2,2,1,3,88
201600011235,16,9,9,1445,1,2,1,1,6,88
201600011236,16,9,9,2313,5,2,2,1,3,88
201600011237,16,9,12,510,5,2,2,1,3,88
201600011238,16,9,14,1005,1,2,1,1,6,88
201600011239,16,9,14,1800,1,2,2,1,3,88
201600011240,16,9,14,2000,5,1,2,1,3,88
201600011241,16,9,14,2135,5,2,1,1,3,88
201600011242,16,9,15,1130,1,2,1,1,3,88
201600011243,16,9,16,900,1,2,3,1,7,88
201600011244,16,9,19,1545,1,2,1,1,6,88
201600011245,16,9,19,2209,5,2,1,1,7,159
201600011246,16,9,20,1145,1,2,1,1,2,88
201600011247,16,9,20,1335,1,2,1,1,6,88
201600011248,16,9,20,1645,1,1,2,1,3,88
201600011249,16,9,22,1730,1,2,7,1,3,88
201600011250,16,9,23,745,1,2,1,1,3,88
201600011251,16,9,23,1107,1,2,1,1,6,88
201600011252,16,9,23,2230,5,2,1,1,1,88
201600011253,16,9,25,1630,1,2,1,1,3,88
201600011254,16,9,26,740,1,2,2,1,2,88
201600011255,16,9,27,715,2,2,2,1,3,88
201600011256,16,9,27,1030,1,2,1,1,3,88
201600011257,16,9,27,1420,1,2,1,1,2,88
201600011258,16,9,29,1645,1,2,1,1,2,88
201600011259,16,10,1,1435,1,2,1,1,3,88
201600011260,16,10,2,2225,5,2,2,1,3,88
201600011261,16,10,4,1338,1,2,1,1,1,88
201600011262,16,10,4,2130,5,2,1,1,2,88
201600011263,16,10,7,1300,1,2,9,1,5,88
201600011264,16,10,8,1500,1,2,1,1,3,88
201600011265,16,10,8,1540,1,2,2,1,3,88
201600011266,16,10,8,2128,5,2,2,1,3,88
201600011267,16,10,9,1945,5,2,1,2,1,88
201600011268,16,10,9,2113,5,2,1,2,6,88
201600011269,16,10,10,1430,1,2,1,1,3,88
201600011270,16,10,10,2044,5,2,1,3,6,88
201600011271,16,10,11,715,1,2,1,1,3,88
201600011272,16,10,11,715,1,2,2,1,3,88
201600011273,16,10,13,807,1,2,1,3,6,88
201600011274,16,10,16,2127,5,2,9,1,3,88
201600011275,16,10,18,1730,1,2,1,1,4,88
201600011276,16,10,19,1430,1,2,1,1,2,88
201600011277,16,10,19,2150,5,2,2,1,7,88
201600011278,16,10,20,145,5,2,2,1,3,88
201600011279,16,10,20,1420,1,2,3,1,3,88
201600011280,16,10,20,1900,5,2,1,1,6,88
201600011281,16,10,20,2220,4,2,2,2,3,88
201600011282,16,10,22,1010,1,2,1,1,3,88
201600011283,16,10,22,2220,5,2,2,1,3,88
201600011284,16,10,23,530,5,2,1,2,6,88
201600011285,16,10,24,1740,1,2,1,1,6,88
201600011286,16,10,25,1700,1,2,1,2,6,88
201600011287,16,10,25,2140,5,2,2,1,3,88
201600011288,16,10,27,1130,1,2,1,1,1,88
201600011289,16,10,27,1645,1,2,3,1,3,88
201600011290,16,10,27,1945,5,2,1,1,6,88
201600011291,16,10,27,2005,5,2,1,1,3,88
201600011292,16,10,28,1650,1,2,1,1,2,88
201600011293,16,10,28,1621,1,2,1,1,2,88
201600011294,16,10,29,640,5,2,1,1,6,88
201600011295,16,10,29,745,1,2,1,1,5,88
201600011296,16,10,29,2110,5,1,1,1,6,88
201600011297,16,11,1,115,5,2,1,1,1,88
201600011298,16,11,1,1240,1,2,2,1,3,88
201600011299,16,11,2,1640,1,2,1,1,3,88
201600011300,16,11,3,900,1,2,1,1,1,88
201600011301,16,11,3,1845,5,2,3,1,3,88
201600011302,16,11,4,1200,1,2,1,1,6,88
201600011303,16,11,5,550,5,1,1,2,6,88
201600011304,16,11,5,1120,1,2,1,1,2,88
201600011305,16,11,5,1830,5,1,1,2,4,88
201600011306,16,11,6,134,5,2,1,2,1,88
201600011307,16,11,6,1940,5,2,1,1,3,88
201600011308,16,11,9,645,4,2,1,1,1,88
201600011309,16,11,11,2125,5,2,1,1,6,88
201600011310,16,11,12,530,5,2,1,1,1,88
201600011311,16,11,12,1030,1,2,2,1,3,88
201600011312,16,11,12,1310,1,2,2,1,3,88
201600011313,16,11,12,1615,1,2,2,1,3,88
201600011314,16,11,12,1900,4,2,1,1,3,88
201600011315,16,11,13,320,5,2,1,1,6,159
201600011316,16,11,16,1645,2,2,1,1,3,88
201600011317,16,11,17,1300,1,2,1,1,2,88
201600011318,16,11,18,845,1,2,1,1,4,88
201600011319,16,11,18,1220,1,1,1,1,3,88
201600011320,16,11,18,1735,5,2,1,1,6,88
201600011321,16,11,19,1345,1,2,1,1,2,88
201600011322,16,11,20,1330,1,2,2,1,3,88
201600011323,16,11,20,1920,5,2,1,2,6,88
201600011324,16,11,21,1550,1,2,3,2,6,88
201600011325,16,11,21,2310,5,2,4,2,3,88
201600011326,16,11,22,1110,1,2,1,2,2,88
201600011327,16,11,24,1200,1,2,1,3,6,88
201600011328,16,11,25,820,1,2,1,8,6,88
201600011329,16,11,26,1241,1,2,2,1,3,88
201600011330,16,11,27,1850,5,2,1,1,3,88
201600011331,16,11,27,1955,5,2,1,1,6,88