Num_Acc,an,mois,jour,hrmn,lum,agg,int,atm,col,com
201600011332,16,11,28,815,1,2,4,1,6,88
201600011333,16,11,28,1650,2,2,1,1,7,88
201600011334,16,11,28,1905,5,2,1,1,5,88
201600011335,16,11,29,805,1,1,1,1,3,88
201600011336,16,11,29,1730,1,2,1,1,6,88
201600011337,16,11,30,800,1,2,1,1,1,88
201600011338,16,12,1,1640,2,2,3,1,3,88
201600011339,16,12,2,845,1,2,1,1,2,88
201600011340,16,12,2,850,1,2,1,1,3,88
201600011341,16,12,2,1930,5,2,2,1,3,88
201600011342,16,12,3,2345,5,2,1,1,1,88
201600011343,16,12,3,1855,5,2,3,1,3,88
201600011344,16,12,4,1055,1,1,1,1,3,88
201600011345,16,12,5,1455,1,2,1,1,7,88
201600011346,16,12,7,250,5,2,1,1,1,88
201600011347,16,12,7,915,1,2,3,1,6,88
201600011348,16,12,7,1405,1,2,1,1,6,88
201600011349,16,12,7,2040,5,1,1,1,1,88
201600011350,16,12,8,740,1,2,1,1,6,88
201600011351,16,12,8,1230,1,2,2,1,3,88
201600011352,16,12,8,1600,1,2,3,1,6,88
201600011353,16,12,8,2110,5,2,2,1,3,88
201600011354,16,12,9,830,1,2,1,1,5,88
201600011355,16,12,10,100,5,2,1,1,2,88
201600011356,16,12,10,834,1,2,2,1,3,88
201600011357,16,12,12,1000,1,2,2,1,3,88
201600011358,16,12,13,1210,1,2,3,1,3,88
201600011359,16,12,15,1410,1,2,2,1,1,88
201600011360,16,12,15,1740,5,2,1,1,2,88
201600011361,16,12,17,510,3,2,1,1,3,88
201600011362,16,12,17,605,5,2,3,1,5,88
201600011363,16,12,17,1800,5,2,1,1,6,88
201600011364,16,12,18,1730,2,2,1,1,3,88
201600011365,16,12,19,1315,1,2,1,2,6,88
201600011366,16,12,19,1845,5,2,1,2,6,88
201600011367,16,12,18,20,5,2,1,1,7,88
201600011368,16,12,19,2115,5,2,1,2,6,88
201600011369,16,12,21,1400,1,1,2,1,3,88
201600011370,16,12,22,1415,1,2,2,1,6,88
201600011371,16,12,22,2340,5,2,1,1,1,88
201600011372,16,12,24,115,5,2,1,1,5,88
201600011373,16,12,24,450,5,2,1,1,6,88
201600011374,16,12,25,345,5,2,1,1,6,88
201600011375,16,12,26,1515,1,2,1,1,3,88
201600011376,16,12,27,2010,5,2,1,1,1,88
201600011377,16,12,28,741,5,2,1,1,6,88
201600011378,16,12,28,2250,5,2,1,1,6,88
201600011379,16,12,30,1220,1,2,1,1,3,88
201600011380,16,12,31,1715,1,1,1,1,3,88
201600011381,16,11,29,700,3,2,2,1,3,99
201600011382,16,1,1,230,3,1,1,2,3,300
201600011383,16,1,2,1145,1,1,1,1,7,212
201600011384,16,3,10,815,1,1,1,9,1,207
201600011385,16,4,6,1700,1,2,1,1,1,300
201600011386,16,4,13,815,1,2,6,1,2,303
201600011387,16,7,3,1915,1,1,1,1,3,196
201600011388,16,7,31,500,3,1,1,1,6,303
201600011389,16,9,24,645,2,1,1,1,6,254
201600011390,16,10,5,1345,1,2,1,1,1,303
201600011391,16,12,5,1730,3,1,1,1,3,303
201600011392,16,12,14,1730,5,2,1,1,6,88
201600011393,16,1,9,1700,1,2,1,1,3,515
201600011394,16,1,4,1245,1,2,1,1,7,171
201600011395,16,3,15,1245,1,2,1,1,1,515
201600011396,16,7,1,800,1,2,1,1,3,515
201600011397,16,7,1,1630,1,2,9,1,6,515
201600011398,16,7,26,1915,1,2,1,1,3,605
201600011399,16,7,28,1200,1,2,1,1,6,515
201600011400,16,9,27,700,2,2,1,1,3,515
201600011401,16,5,2,1830,1,1,1,1,6,235
201600011402,16,5,20,730,1,1,1,1,6,45
201600011403,16,7,10,515,4,1,1,1,6,152
201600011404,16,7,25,1445,1,1,1,1,6,142
201600011405,16,4,6,1800,1,1,1,7,3,40
201600011406,16,5,15,730,1,1,1,1,1,40
201600011407,16,5,22,1730,1,1,1,1,3,25
201600011408,16,6,9,2030,1,1,1,1,1,40
201600011409,16,6,26,2100,1,2,1,1,6,40
201600011410,16,7,18,1400,1,1,1,1,1,40
201600011411,16,7,24,1915,1,1,1,1,1,87
201600011412,16,7,28,1600,1,1,1,1,1,40
201600011413,16,8,24,1045,1,1,1,1,5,87
201600011414,16,11,26,1700,3,1,1,1,1,25
201600011415,16,1,18,1330,1,1,1,2,5,45
201600011416,16,3,14,1015,1,2,1,1,6,143
201600011417,16,3,23,1730,1,1,1,1,1,180
201600011418,16,4,19,1430,1,1,1,1,7,174
201600011419,16,4,22,1745,1,1,1,1,3,318
201600011420,16,4,28,745,1,1,1,1,1,318
201600011421,16,6,2,1645,1,2,1,1,1,21
201600011422,16,7,1,1800,1,1,1,1,6,327
201600011423,16,7,31,1300,1,1,1,1,7,195
201600011424,16,8,1,745,1,1,1,1,7,287
201600011425,16,9,16,1615,1,1,3,2,3,318
201600011426,16,12,23,1830,3,2,1,2,6,143
201600011427,16,12,31,1120,1,2,3,1,3,19
201600011428,16,1,20,2045,3,1,1,1,6,231
201600011429,16,1,22,2340,3,1,1,2,1,116
201600011430,16,1,27,735,5,2,3,8,1,19
201600011431,16,1,28,1700,2,2,1,1,6,19
201600011432,16,2,27,55,5,2,3,2,3,19
201600011433,16,2,19,1220,1,2,6,1,3,19
201600011434,16,2,21,1215,1,1,1,1,6,19
201600011435,16,3,17,803,1,2,1,1,2,19
201600011436,16,3,29,1400,1,2,1,1,6,19
201600011437,16,4,4,1720,1,1,1,8,3,19
201600011438,16,4,13,1800,1,1,1,8,1,19
201600011439,16,4,11,1645,1,2,1,1,6,19
201600011440,16,4,16,1650,1,2,2,1,3,19
201600011441,16,6,1,1750,1,1,1,1,3,325
201600011442,16,6,27,2200,5,2,1,1,6,19
201600011443,16,7,11,1750,1,1,1,1,3,19
201600011444,16,7,23,1730,1,1,1,1,2,19
201600011445,16,10,20,910,1,2,6,1,3,19
201600011446,16,11,5,1730,3,1,1,3,3,19
201600011447,16,11,11,505,3,2,1,1,6,231
201600011448,16,12,10,530,5,2,1,1,6,231
201600011449,16,12,15,1220,1,1,6,1,2,19
201600011450,16,2,4,848,1,2,1,1,4,102
201600011451,16,2,11,1125,1,2,1,1,2,70
201600011452,16,3,14,2345,5,2,6,1,6,281
201600011453,16,3,19,2010,5,2,1,1,6,102
201600011454,16,3,28,1105,1,2,3,8,5,70
201600011455,16,4,4,805,1,2,3,1,3,102
201600011456,16,4,4,1520,1,1,6,1,6,316
201600011457,16,4,21,1700,1,2,1,1,6,102
201600011458,16,4,25,920,1,2,1,1,6,102
201600011459,16,5,1,740,1,1,1,1,1,281
201600011460,16,5,20,1725,1,2,1,1,6,281
201600011461,16,5,21,1330,1,2,3,1,7,102
201600011462,16,7,2,1720,1,2,1,1,6,281
201600011463,16,7,13,905,1,2,2,1,3,102
201600011464,16,7,13,1645,1,2,2,1,3,70
201600011465,16,7,14,1325,1,2,3,1,3,102
201600011466,16,7,29,930,1,2,3,1,6,281
201600011467,16,7,23,1850,1,1,1,1,3,281
201600011468,16,8,16,945,1,2,1,1,1,102
201600011469,16,9,29,1650,1,2,1,1,6,102
201600011470,16,10,13,830,2,1,1,2,3,70
201600011471,16,11,12,1130,1,2,1,1,2,281
201600011472,16,11,12,1828,5,2,1,1,4,102
201600011473,16,11,22,1440,1,1,1,2,1,102
201600011474,16,11,27,1930,5,2,6,1,3,102
201600011475,16,3,14,945,1,1,1,1,1,202
201600011476,16,4,30,1945,2,1,1,6,7,202
201600011477,16,6,5,700,1,1,1,1,7,202
201600011478,16,6,29,2315,3,1,1,1,6,144
201600011479,16,8,21,1945,1,1,1,1,1,144
201600011480,16,2,19,1915,5,2,1,8,6,38
201600011481,16,5,23,2230,3,1,1,1,3,41
201600011482,16,5,25,430,2,1,1,1,1,41
201600011483,16,5,24,1500,1,1,1,1,3,38
201600011484,16,5,30,1230,1,2,1,3,1,529
201600011485,16,5,31,1430,1,1,1,2,1,38
201600011486,16,6,10,1700,1,1,1,1,3,38
201600011487,16,6,16,545,1,1,1,1,6,498
201600011488,16,7,17,1045,1,2,1,1,1,498
201600011489,16,9,27,1700,1,2,1,1,6,38
201600011490,16,1,19,1814,5,1,6,1,3,186
201600011491,16,5,14,330,3,1,1,1,7,186
201600011492,16,5,30,1235,1,2,3,1,6,186
201600011493,16,5,21,1100,1,2,1,1,6,186
201600011494,16,6,22,810,1,1,1,1,6,8
201600011495,16,6,23,1035,1,2,1,1,7,186
201600011496,16,6,26,1155,1,2,1,1,6,186
201600011497,16,8,3,1705,1,2,1,1,1,186
201600011498,16,8,7,1825,1,2,1,1,1,186
201600011499,16,6,6,1900,1,1,4,1,3,186
201600011500,16,8,20,1815,1,1,1,1,7,8
201600011501,16,7,12,1730,1,1,1,2,4,8
201600011502,16,11,10,1740,5,2,4,2,6,186
201600011503,16,12,12,850,1,2,1,1,6,186
201600011504,16,12,6,1750,5,2,1,1,6,186
201600011505,16,1,24,1845,5,2,2,1,5,134
201600011506,16,2,4,1600,1,1,1,1,6,282
201600011507,16,4,29,1230,1,1,1,1,3,134
201600011508,16,4,29,1615,1,1,1,1,7,163
201600011509,16,6,4,1715,1,2,1,1,6,123
201600011510,16,7,19,815,1,2,1,1,5,202
201600011511,16,8,22,1445,1,1,1,1,3,134
201600011512,16,10,9,230,5,2,1,1,1,123
201600011513,16,1,9,1615,1,2,1,1,6,397
201600011514,16,2,24,1600,1,2,1,1,6,397
201600011515,16,4,2,245,3,2,1,1,6,27
201600011516,16,4,20,1415,1,1,1,1,7,146
201600011517,16,5,14,800,1,1,1,1,6,257
201600011518,16,7,26,1745,1,1,1,1,1,68
201600011519,16,6,6,1130,1,1,1,1,1,77
201600011520,16,6,20,1400,1,1,1,1,1,77
201600011521,16,7,14,1745,1,2,1,1,6,140
201600011522,16,1,13,715,2,1,1,1,6,249
201600011523,16,1,15,2015,3,1,1,1,6,249
201600011524,16,1,18,2300,3,1,1,1,2,17
201600011525,16,1,20,2230,3,1,1,1,6,26
201600011526,16,2,17,1815,2,1,1,1,6,120
201600011527,16,3,19,1015,1,1,1,1,2,9
201600011528,16,3,30,1745,1,1,1,2,3,9
201600011529,16,4,24,645,2,1,1,1,6,363
201600011530,16,5,21,1900,1,1,1,2,6,537
201600011531,16,5,27,1615,1,1,1,7,1,87
201600011532,16,5,30,1345,1,1,1,2,6,470
201600011533,16,6,1,1130,1,1,1,8,6,569
201600011534,16,6,2,530,2,1,1,2,6,522
201600011535,16,6,14,1400,1,1,1,1,7,601
201600011536,16,6,22,145,4,1,1,1,2,349
201600011537,16,6,28,1445,1,1,1,1,4,17
201600011538,16,7,24,815,1,1,1,1,7,92
201600011539,16,8,13,2045,1,1,1,1,2,319
201600011540,16,8,19,1945,1,1,1,1,2,506
201600011541,16,8,27,215,3,1,1,1,6,169
201600011542,16,9,2,1945,1,1,1,1,2,319
201600011543,16,10,6,800,1,1,1,1,6,363
201600011544,16,11,11,730,1,1,9,1,6,3
201600011545,16,11,27,1315,1,1,1,1,2,111
201600011546,16,12,13,1100,1,1,1,1,2,363
201600011547,16,2,23,2115,3,1,1,1,1,54
201600011548,16,3,12,1930,3,1,1,1,6,105
201600011549,16,1,29,600,2,1,1,9,7,7
201600011550,16,3,1,2100,5,2,1,1,6,118
201600011551,16,3,10,1030,1,1,3,1,3,7
201600011552,16,4,9,1700,1,1,1,1,6,91
201600011553,16,4,28,1345,1,2,1,1,6,189
201600011554,16,10,9,1630,1,2,1,1,6,64
201600011555,16,11,24,1430,1,1,1,5,6,80
201600011556,16,1,17,145,5,2,1,9,6,50
201600011557,16,2,7,1415,1,2,1,1,3,50
201600011558,16,3,27,1000,1,1,1,6,2,50
201600011559,16,5,4,2145,5,2,1,1,3,50
201600011560,16,7,6,1400,1,1,1,1,6,18
201600011561,16,9,1,700,1,2,1,1,3,18
201600011562,16,4,6,1630,1,2,1,1,3,43
201600011563,16,4,19,1815,1,2,1,1,2,80
201600011564,16,7,17,1145,1,1,1,1,6,137
201600011565,16,8,28,115,3,1,1,1,6,80
201600011566,16,3,26,1930,1,2,2,1,2,229
201600011567,16,4,19,1415,1,2,3,1,7,5
201600011568,16,4,27,345,3,1,1,1,7,229
201600011569,16,5,7,2030,2,1,3,1,3,229
201600011570,16,6,16,1615,1,2,1,2,3,5
201600011571,16,6,24,1545,1,1,1,1,1,5
201600011572,16,8,30,1645,1,1,1,1,6,229
201600011573,16,9,3,1930,1,2,1,1,4,229
201600011574,16,9,11,700,2,2,1,1,1,229
201600011575,16,10,28,1645,1,2,1,1,3,5
201600011576,16,10,31,1700,1,2,2,7,1,5
201600011577,16,1,7,545,3,2,1,2,6,142
201600011578,16,3,29,1615,1,1,1,7,6,482
201600011579,16,7,28,530,1,1,1,1,6,142
201600011580,16,8,22,1600,1,1,1,1,1,482
201600011581,16,9,9,1715,1,1,1,1,3,482
201600011582,16,10,4,2330,3,1,1,1,1,505
201600011583,16,11,12,1130,2,1,1,2,1,494
201600011584,16,2,7,1400,1,1,1,4,5,257
201600011585,16,3,9,715,1,2,1,1,6,257
201600011586,16,10,9,2345,3,1,1,1,6,147
201600011587,16,10,20,2315,3,1,1,1,2,545
201600011588,16,3,22,945,1,1,1,7,1,69
201600011589,16,4,2,1115,1,1,1,1,2,458
201600011590,16,4,5,315,3,1,1,1,2,370
201600011591,16,3,31,1630,1,1,1,2,6,441
201600011592,16,5,28,2330,3,1,1,3,6,441
201600011593,16,6,24,1615,1,1,1,1,5,477
201600011594,16,8,5,530,3,1,1,1,6,458
201600011595,16,8,24,2200,3,1,1,1,5,412
201600011596,16,10,17,1350,1,1,1,8,6,412
201600011597,16,10,23,1800,1,1,1,3,1,69
201600011598,16,11,14,705,1,1,1,1,2,370
201600011599,16,11,22,100,3,1,1,1,6,26
201600011600,16,11,24,1225,1,1,1,1,2,1
201600011601,16,11,27,1320,1,1,1,1,7,71
201600011602,16,12,13,2125,3,1,1,1,6,216
201600011603,16,12,26,600,3,1,1,2,6,26
201600011604,16,1,2,1400,1,1,1,1,6,259
201600011605,16,1,12,630,3,1,1,2,2,259
201600011606,16,2,11,330,3,1,1,1,1,829
201600011607,16,5,31,1630,1,1,1,2,6,426
201600011608,16,8,8,1030,1,1,1,3,3,829
201600011609,16,9,3,645,2,1,1,1,2,476
201600011610,16,9,7,1330,1,1,1,1,2,259
201600011611,16,9,7,1500,1,1,1,1,4,839
201600011612,16,10,21,2315,5,2,1,1,6,801
201600011613,16,12,1,1845,3,1,1,1,6,93
201600011614,16,1,17,1630,1,1,1,1,7,204
201600011615,16,1,20,700,2,1,9,8,4,288
201600011616,16,2,7,1545,1,1,1,1,6,428
201600011617,16,3,17,630,2,1,1,1,1,521
201600011618,16,4,26,1600,1,1,9,1,2,685
201600011619,16,5,9,715,2,1,1,1,6,467
201600011620,16,5,9,1315,1,1,1,1,2,313
201600011621,16,6,1,1130,1,1,1,8,2,342
201600011622,16,6,3,1645,1,1,1,8,6,551
201600011623,16,7,11,1815,1,1,1,1,6,417
201600011624,16,7,27,300,3,1,1,1,5,204
201600011625,16,9,27,1715,1,1,1,1,7,741
201600011626,16,10,2,2245,3,1,1,1,5,101
201600011627,16,10,12,1430,1,1,9,1,2,646
201600011628,16,11,7,628,3,1,1,2,2,555
201600011629,16,12,12,325,3,1,1,5,4,2
201600011630,16,1,15,1845,3,1,1,1,4,51
201600011631,16,3,22,2130,3,1,1,1,2,112
201600011632,16,4,4,1630,1,1,1,1,2,103
201600011633,16,4,7,1700,1,1,1,1,2,44
201600011634,16,4,13,945,1,1,1,1,2,105
201600011635,16,4,16,1145,1,1,1,1,4,118
201600011636,16,5,4,745,1,1,1,1,6,37
201600011637,16,5,7,2230,3,1,1,1,7,1
201600011638,16,5,24,700,1,1,1,1,7,67
201600011639,16,6,4,1230,1,1,1,1,3,76
201600011640,16,6,9,2345,3,1,1,1,6,67
201600011641,16,6,17,1015,1,1,1,1,4,103
201600011642,16,6,19,2330,3,1,1,1,4,118
201600011643,16,6,20,615,1,1,1,1,2,103
201600011644,16,7,9,1145,1,1,1,1,1,105
201600011645,16,7,10,1145,1,1,1,1,3,76
201600011646,16,7,17,915,1,1,1,1,6,103
201600011647,16,8,3,1800,1,1,1,1,3,51
201600011648,16,8,5,915,1,1,9,1,2,51
201600011649,16,9,17,930,1,1,1,1,7,37
201600011650,16,9,18,1215,1,1,1,1,7,1
201600011651,16,9,23,1530,1,1,1,1,7,103
201600011652,16,9,27,915,1,1,1,1,3,112
201600011653,16,10,27,1545,1,1,1,1,2,97
201600011654,16,10,27,1815,1,1,1,1,6,103
201600011655,16,11,10,2030,3,1,1,1,5,51
201600011656,16,11,19,515,3,1,1,5,2,118
201600011657,16,12,1,15,3,1,1,1,2,105
201600011658,16,12,4,1315,1,1,1,1,6,51
201600011659,16,11,3,2115,3,1,1,1,4,76
201600011660,16,12,7,2315,3,1,1,1,6,103
201600011661,16,12,9,1545,1,1,1,1,7,103
201600011662,16,12,12,1530,1,1,1,1,2,49
201600011663,16,12,31,1930,3,1,1,1,6,81
201600011664,16,2,1,115,3,1,1,1,1,87
201600011665,16,5,14,2345,3,1,1,1,5,19
201600011666,16,8,15,930,1,1,1,1,6,81
201600011667,16,8,16,1430,1,1,1,1,2,19
201600011668,16,9,10,1200,1,1,1,1,4,221
201600011669,16,10,11,1745,1,1,1,1,2,91
201600011670,16,1,4,815,1,1,3,1,3,686
201600011671,16,1,14,1930,3,1,1,2,1,686
201600011672,16,1,14,1200,1,2,1,1,2,74
201600011673,16,2,3,1100,1,1,1,8,6,393
201600011674,16,3,3,800,1,2,1,1,4,513
201600011675,16,5,3,1615,1,1,1,1,3,584
201600011676,16,6,22,1815,1,1,1,1,1,651
201600011677,16,6,21,2045,1,2,1,1,2,584
201600011678,16,8,4,115,4,2,1,1,6,513
201600011679,16,8,19,915,1,2,1,1,6,686
201600011680,16,11,2,1545,1,1,1,1,5,686
201600011681,16,1,17,1715,2,1,1,1,6,381
201600011682,16,4,16,1215,1,1,9,3,6,368
201600011683,16,6,23,1730,1,2,9,1,5,410
201600011684,16,10,1,1600,1,1,1,2,6,527
201600011685,16,12,12,1600,2,1,1,2,5,445
201600011686,16,1,30,1615,1,1,1,8,6,484
201600011687,16,2,1,515,4,1,1,1,3,457
201600011688,16,4,14,1445,1,1,1,1,3,484
201600011689,16,4,29,1645,1,1,1,2,2,497
201600011690,16,6,17,1445,1,1,1,2,3,484
201600011691,16,6,28,815,1,1,1,1,6,319
201600011692,16,7,9,300,5,1,1,1,1,484
201600011693,16,7,18,1600,1,1,1,1,2,497
201600011694,16,8,11,1830,1,1,1,1,6,102
201600011695,16,8,17,1645,1,1,1,1,3,340
201600011696,16,8,26,1915,2,1,1,1,2,107
201600011697,16,9,5,815,1,1,1,1,6,484
201600011698,16,10,24,1600,1,1,1,1,2,319
201600011699,16,11,19,1815,4,1,1,1,2,705
201600011700,16,12,16,1645,1,1,1,8,6,340
201600011701,16,3,22,1755,1,1,1,1,6,668
201600011702,16,3,27,1515,1,1,1,1,2,89
201600011703,16,4,28,830,1,1,1,1,2,99
201600011704,16,5,13,900,1,1,1,1,7,648
201600011705,16,7,8,2300,3,1,1,1,5,598
201600011706,16,8,3,1215,1,1,1,1,4,81
201600011707,16,7,29,930,1,1,1,1,2,701
201600011708,16,8,28,1030,1,1,1,1,6,188
201600011709,16,9,25,715,2,1,1,1,7,701
201600011710,16,12,23,1445,1,1,1,1,3,332
201600011711,16,12,24,145,3,1,1,2,7,517
201600011712,16,1,26,415,3,1,1,8,3,100
201600011713,16,2,3,345,3,1,1,1,2,369
201600011714,16,2,25,2230,3,1,1,1,2,541
201600011715,16,5,3,200,3,1,1,1,2,149
201600011716,16,5,8,615,1,1,1,1,6,149
201600011717,16,5,10,45,3,1,1,3,2,138
201600011718,16,6,1,1430,1,1,1,1,3,558
201600011719,16,6,6,2000,1,1,1,1,3,254
201600011720,16,6,12,1545,1,1,1,3,6,541
201600011721,16,6,16,1330,1,1,1,1,7,408
201600011722,16,7,9,1000,1,1,1,1,2,19
201600011723,16,7,12,845,1,1,1,1,5,160
201600011724,16,7,12,1945,1,1,1,1,2,138
201600011725,16,7,29,630,1,1,1,1,2,138
201600011726,16,8,10,1100,1,1,9,1,6,138
201600011727,16,8,18,600,3,1,1,2,6,71
201600011728,16,8,23,815,1,1,1,1,3,254
201600011729,16,8,27,300,3,1,1,1,2,254
201600011730,16,9,4,2245,3,1,1,2,2,329
201600011731,16,9,29,2130,3,1,1,1,2,24
201600011732,16,10,8,730,2,1,1,1,7,408
201600011733,16,11,3,1800,3,1,9,1,2,369
201600011734,16,11,8,630,3,1,1,5,2,369
201600011735,16,12,13,1800,2,1,1,1,6,254
201600011736,16,12,24,930,1,1,1,1,7,100
201600011737,16,5,20,2130,3,1,1,1,5,646
201600011738,16,5,21,1645,1,1,1,1,2,408
201600011739,16,6,14,1000,1,1,1,2,1,651
201600011740,16,1,11,2145,3,1,1,2,2,206
201600011741,16,5,10,1215,1,1,1,1,6,19
201600011742,16,7,14,1200,1,1,1,1,2,264
201600011743,16,8,1,1745,1,1,1,1,2,242
201600011744,16,8,14,1030,1,1,1,1,2,115
201600011745,16,11,15,1250,1,1,1,1,2,115
201600011746,16,11,18,1955,3,1,1,2,6,206
201600011747,16,12,9,1225,1,1,1,5,6,206
201600011748,16,1,6,815,2,1,1,8,2,384
201600011749,16,2,8,630,3,1,1,2,5,488
201600011750,16,5,14,1230,1,1,1,1,1,244
201600011751,16,12,1,1830,3,1,1,1,4,47
201600011752,16,11,25,1500,1,1,1,7,3,405
201600011753,16,8,1,1330,1,1,1,1,1,256
201600011754,16,3,4,2345,5,1,1,3,6,276
201600011755,16,3,8,930,1,1,1,8,7,348
201600011756,16,5,30,1600,1,2,1,1,3,449
201600011757,16,7,4,1400,1,1,1,1,4,29
201600011758,16,7,13,1600,1,1,1,1,5,288
201600011759,16,7,21,800,1,2,1,1,5,276
201600011760,16,8,1,1400,1,1,1,1,2,449
201600011761,16,9,23,2015,3,1,1,1,2,29
201600011762,16,9,24,1700,1,1,1,1,1,449
201600011763,16,11,5,1845,3,1,1,3,6,276
201600011764,16,12,8,830,1,1,1,1,2,53
201600011765,16,12,18,1830,3,1,1,1,2,64
201600011766,16,12,22,1615,1,1,1,1,5,348
201600011767,16,5,4,1845,1,2,3,1,3,278
201600011768,16,9,11,1730,1,1,1,1,2,278
201600011769,16,9,5,1000,1,2,9,3,3,278
201600011770,16,10,20,1315,1,2,1,1,3,278
201600011771,16,11,13,1830,5,2,1,2,2,278
201600011772,16,11,26,830,5,2,1,1,3,278
201600011773,16,12,15,1345,1,2,1,1,6,278
201600011774,16,1,6,1430,1,1,1,1,7,15
201600011775,16,3,18,1500,1,1,1,1,6,243
201600011776,16,5,4,30,3,1,1,1,6,169
201600011777,16,5,5,100,3,1,4,1,6,39
201600011778,16,5,10,1430,1,1,3,1,1,137
201600011779,16,6,24,1930,1,1,2,1,3,225
201600011780,16,8,22,1915,1,1,2,1,3,209
201600011781,16,9,1,1645,1,2,6,1,3,247
201600011782,16,9,7,1645,1,1,2,1,3,209
201600011783,16,10,27,1445,1,2,3,1,6,39
201600011784,16,11,29,1915,3,1,1,1,1,5
201600011785,16,1,29,1730,1,1,1,1,1,580
201600011786,16,4,11,1730,1,2,1,2,6,371
201600011787,16,6,15,1015,1,2,1,1,1,580
201600011788,16,8,29,115,5,2,1,1,3,250
201600011789,16,12,24,1045,1,1,1,2,3,604
201600011790,16,5,23,1515,1,2,9,1,6,434
201600011791,16,8,10,900,1,1,6,1,3,472
201600011792,16,10,3,900,1,1,1,1,7,373
201600011793,16,12,31,1530,1,1,9,8,2,354
201600011794,16,2,14,1500,1,1,1,2,7,181
201600011795,16,4,18,1430,1,1,1,1,1,285
201600011796,16,4,19,745,1,1,1,1,5,228
201600011797,16,5,2,1500,1,1,3,1,5,220
201600011798,16,5,30,1630,1,1,1,1,2,280
201600011799,16,7,4,830,1,1,1,1,7,444
201600011800,16,7,4,745,1,2,1,1,1,244
201600011801,16,7,6,1430,1,1,1,1,1,425
201600011802,16,7,12,1430,1,1,1,1,2,213
201600011803,16,7,13,715,1,1,1,1,3,157
201600011804,16,11,23,700,5,1,1,2,3,307
201600011805,16,12,7,745,2,1,1,1,6,436
201600011806,16,12,31,215,3,1,1,5,2,139
201600011807,16,1,26,1700,1,1,1,1,1,283
201600011808,16,4,1,1800,1,2,1,1,1,271
201600011809,16,2,10,730,2,1,1,4,7,398
201600011810,16,4,29,1815,1,1,1,1,3,29
201600011811,16,11,28,645,3,1,3,1,1,493
201600011812,16,4,30,845,1,2,1,1,6,116
201600011813,16,6,5,1730,1,1,1,1,1,182
201600011814,16,9,11,915,1,2,1,1,6,410
201600011815,16,2,9,2015,1,1,1,1,1,87
201600011816,16,3,23,2145,3,1,1,1,2,140
201600011817,16,5,18,1500,1,1,1,1,6,87
201600011818,16,7,14,1500,1,1,1,1,6,116
201600011819,16,8,2,815,1,1,2,1,6,87
201600011820,16,8,29,1400,1,1,1,1,2,116
201600011821,16,11,22,1415,1,1,1,1,2,96
201600011822,16,3,5,2300,3,1,1,2,3,18
201600011823,16,6,3,1745,1,1,1,1,2,133
201600011824,16,8,14,1430,1,1,1,1,3,133
201600011825,16,1,11,1800,3,1,1,1,4,145
201600011826,16,2,20,2315,3,1,1,1,7,154
201600011827,16,3,15,2345,3,1,9,1,2,22
201600011828,16,5,2,1515,1,1,1,1,2,333
201600011829,16,5,5,1015,1,1,1,1,2,189
201600011830,16,5,21,1000,1,1,1,1,2,185
201600011831,16,6,12,1115,1,1,1,1,2,22
201600011832,16,6,14,1930,1,1,1,1,3,257
201600011833,16,6,13,1745,1,1,1,1,3,22
201600011834,16,7,1,1900,1,1,1,1,2,189
201600011835,16,7,4,1645,1,1,1,1,2,117
201600011836,16,7,4,1830,1,1,1,1,1,169
201600011837,16,7,12,730,1,1,1,1,5,22
201600011838,16,8,21,930,1,1,1,1,6,39
201600011839,16,8,26,230,3,1,1,1,2,340
201600011840,16,9,3,1415,1,1,1,1,2,156
201600011841,16,9,11,615,3,1,1,8,1,256
201600011842,16,9,19,1215,1,1,1,1,6,34
201600011843,16,9,19,1630,1,1,1,1,2,240
201600011844,16,10,3,815,1,1,1,1,1,189
201600011845,16,10,9,600,4,1,1,1,6,240
201600011846,16,10,11,630,3,1,1,1,4,294
201600011847,16,10,25,1015,1,1,1,9,2,146
201600011848,16,10,28,1100,1,1,1,1,2,189
201600011849,16,10,29,1730,1,1,1,1,5,146
201600011850,16,11,13,530,3,1,1,1,3,347
201600011851,16,1,1,700,3,1,1,2,7,262
201600011852,16,4,15,2115,3,1,1,1,6,441
201600011853,16,5,1,1630,1,1,1,6,6,379
201600011854,16,7,22,2230,3,1,1,1,2,145
201600011855,16,11,12,1745,2,1,1,1,6,322
201600011856,16,12,28,2330,3,1,1,1,5,145
201600011857,16,1,2,1730,5,2,1,2,1,156
201600011858,16,1,20,1530,1,2,1,8,6,273
201600011859,16,1,16,1845,3,1,1,1,6,96
201600011860,16,5,4,1500,1,2,1,1,6,273
201600011861,16,6,9,1515,1,2,1,1,3,273
201600011862,16,6,4,1645,1,1,1,1,1,141
201600011863,16,6,14,915,1,2,1,1,3,15
201600011864,16,6,25,1715,1,2,6,7,3,156
201600011865,16,7,2,1930,1,1,1,1,6,75
201600011866,16,7,28,1345,1,1,1,1,6,273
201600011867,16,8,9,845,1,2,1,7,3,91
201600011868,16,9,24,1715,1,2,2,1,3,27
201600011869,16,1,4,1015,1,1,1,1,6,93
201600011870,16,2,7,1945,3,1,1,1,2,232
201600011871,16,3,23,2100,3,1,1,8,2,202