Num_Acc,an,mois,jour,hrmn,lum,agg,int,atm,col,com
201600011872,16,3,26,1245,1,1,1,1,5,311
201600011873,16,3,29,1345,1,1,1,8,6,175
201600011874,16,4,30,1130,1,1,1,2,6,164
201600011875,16,5,31,615,2,1,4,3,3,302
201600011876,16,6,10,715,1,1,1,1,6,232
201600011877,16,6,13,1345,1,1,1,1,6,311
201600011878,16,6,22,1630,1,1,1,1,7,164
201600011879,16,7,24,615,1,1,1,1,2,93
201600011880,16,10,2,815,1,1,1,1,2,276
201600011881,16,10,12,830,1,1,1,1,6,24
201600011882,16,10,17,245,3,1,1,1,6,232
201600011883,16,11,8,1200,1,1,1,4,6,175
201600011884,16,11,10,1715,1,1,1,8,3,169
201600011885,16,11,23,2315,3,1,1,1,6,392
201600011886,16,12,3,2100,3,1,1,1,4,28
201600011887,16,12,6,1445,1,1,1,1,6,269
201600011888,16,1,21,100,5,2,6,4,6,304
201600011889,16,2,4,1030,1,1,1,1,6,32
201600011890,16,4,16,1645,1,1,1,1,3,32
201600011891,16,4,14,1445,1,1,1,1,3,114
201600011892,16,5,30,1800,1,1,1,1,1,114
201600011893,16,6,17,745,1,1,1,1,3,114
201600011894,16,7,10,1415,1,1,1,1,3,114
201600011895,16,10,23,530,3,1,1,2,2,37
201600011896,16,11,13,1200,1,1,1,1,1,114
201600011897,16,11,15,1315,1,1,1,1,6,114
201600011898,16,6,7,1945,1,2,1,1,1,405
201600011899,16,6,26,2015,1,2,1,1,3,142
201600011900,16,8,27,1600,1,2,1,1,3,106
201600011901,16,10,18,1245,1,1,1,2,1,407
201600011902,16,2,6,945,1,2,1,1,6,165
201600011903,16,2,13,1330,1,1,1,2,2,405
201600011904,16,3,16,2100,3,1,1,1,6,295
201600011905,16,5,17,800,1,1,1,1,2,606
201600011906,16,8,22,1745,1,1,1,1,7,194
201600011907,16,10,28,1600,1,1,1,1,6,356
201600011908,16,11,24,1950,3,1,1,8,3,405
201600011909,16,12,31,720,3,1,1,5,3,423
201600011910,16,2,3,930,1,1,1,2,7,155
201600011911,16,2,6,845,1,1,1,1,6,155
201600011912,16,2,23,1945,3,1,1,3,5,128
201600011913,16,2,29,1245,1,1,1,8,7,191
201600011914,16,3,31,2030,3,1,1,1,2,184
201600011915,16,7,10,1845,1,1,1,1,5,309
201600011916,16,7,9,2315,3,1,1,1,6,155
201600011917,16,7,22,845,1,1,1,1,5,239
201600011918,16,7,22,1645,1,1,1,3,4,39
201600011919,16,8,24,1615,1,1,1,1,6,179
201600011920,16,10,1,1645,1,1,1,1,7,179
201600011921,16,12,2,2100,3,1,1,1,2,103
201600011922,16,12,12,715,2,1,1,8,3,191
201600011923,16,12,18,645,5,1,1,1,3,184
201600011924,16,1,12,1230,1,1,1,2,6,93
201600011925,16,6,12,1845,1,1,1,1,2,565
201600011926,16,7,28,630,2,1,9,1,1,194
201600011927,16,8,1,1045,1,1,1,1,3,400
201600011928,16,12,1,1530,3,1,1,1,2,331
201600011929,16,6,15,1900,1,1,3,2,4,201
201600011930,16,12,3,630,3,1,1,1,7,276
201600011931,16,11,22,1715,5,2,1,1,6,105
201600011932,16,11,25,1630,1,1,1,1,6,105
201600011933,16,12,20,1355,1,2,2,1,3,105
201600011934,16,12,20,1815,5,2,1,1,6,105
201600011935,16,12,3,2035,5,2,1,1,6,105
201600011936,16,12,13,1010,1,2,1,1,6,105
201600011937,16,1,13,1425,1,2,1,1,6,105
201600011938,16,12,17,1940,5,1,1,1,2,105
201600011939,16,12,27,1800,1,2,1,1,6,105
201600011940,16,1,6,2210,5,2,5,2,6,105
201600011941,16,3,6,1945,3,2,8,1,3,105
201600011942,16,5,10,1330,1,2,3,1,6,105
201600011943,16,6,3,1320,1,2,3,1,6,105
201600011944,16,6,6,1635,1,2,3,1,6,105
201600011945,16,6,26,1930,1,1,1,1,3,105
201600011946,16,7,31,2040,1,2,1,1,3,105
201600011947,16,8,5,1010,1,1,4,1,7,105
201600011948,16,8,31,1020,1,2,3,1,3,105
201600011949,16,9,5,1220,1,1,1,1,6,105
201600011950,16,9,1,2000,5,2,3,1,3,105
201600011951,16,9,15,1707,1,2,1,1,6,105
201600011952,16,10,4,940,1,2,3,1,6,105
201600011953,16,10,5,1650,1,2,1,1,3,105
201600011954,16,10,17,1245,1,2,6,1,3,105
201600011955,16,12,3,1430,1,2,7,7,6,105
201600011956,16,5,24,1015,1,2,1,1,3,551
201600011957,16,5,29,2145,3,1,1,1,1,24
201600011958,16,7,15,1200,1,1,1,1,1,405
201600011959,16,8,12,830,1,1,1,1,1,289
201600011960,16,7,1,1715,1,1,1,3,3,301
201600011961,16,7,6,1845,1,1,1,1,6,682
201600011962,16,7,31,1715,1,1,1,1,4,12
201600011963,16,10,28,430,3,1,1,5,6,36
201600011964,16,3,12,1545,1,1,3,1,3,11
201600011965,16,4,30,15,3,1,1,1,6,11
201600011966,16,7,4,1700,1,1,1,1,6,58
201600011967,16,8,8,1015,1,1,1,1,3,65
201600011968,16,1,10,1315,1,1,1,2,7,491
201600011969,16,6,17,800,1,2,1,1,7,438
201600011970,16,11,21,730,1,1,1,1,1,43
201600011971,16,1,22,1715,2,2,1,1,5,27
201600011972,16,5,24,845,1,2,1,1,3,27
201600011973,16,5,25,1545,1,2,1,1,3,27
201600011974,16,5,28,1730,1,2,1,1,3,43
201600011975,16,6,18,2300,5,2,1,1,3,27
201600011976,16,9,22,1700,1,2,1,1,6,268
201600011977,16,9,27,1715,1,1,1,1,3,43
201600011978,16,11,16,1830,3,1,9,2,1,27
201600011979,16,11,18,1050,1,2,1,8,3,89
201600011980,16,12,18,2015,3,1,1,5,6,43
201600011981,16,4,25,1645,1,2,4,1,1,125
201600011982,16,6,9,1730,1,2,1,1,1,190
201600011983,16,6,23,1315,1,2,1,1,7,244
201600011984,16,6,27,1000,1,1,1,1,3,287
201600011985,16,7,6,1315,1,1,1,7,1,72
201600011986,16,9,2,1830,1,2,1,7,6,244
201600011987,16,10,14,1400,1,2,1,2,1,244
201600011988,16,10,14,1256,1,2,6,2,3,244
201600011989,16,11,8,700,1,2,1,1,1,244
201600011990,16,12,13,945,1,1,1,8,5,72
201600011991,16,4,7,1200,1,1,1,1,3,50
201600011992,16,5,2,1130,1,1,1,1,1,9
201600011993,16,5,13,1630,1,2,1,3,6,9
201600011994,16,5,30,1630,1,1,1,8,1,140
201600011995,16,8,14,1530,1,2,1,1,3,19
201600011996,16,11,18,915,1,1,1,2,3,258
201600011997,16,12,9,553,3,1,1,9,1,245
201600011998,16,2,17,1800,1,1,1,3,1,201
201600011999,16,3,1,1045,1,2,1,2,6,212
201600012000,16,8,8,1230,1,1,2,1,3,130
201600012001,16,8,14,1115,1,1,2,1,3,201
201600012002,16,9,4,1615,1,1,1,1,3,282
201600012003,16,9,11,2230,3,1,1,1,5,212
201600012004,16,12,20,1630,1,1,1,2,6,212
201600012005,16,5,25,830,1,1,1,1,1,200
201600012006,16,9,15,815,1,2,1,1,3,140
201600012007,16,9,18,1515,1,1,9,1,3,153
201600012008,16,11,2,930,1,2,1,1,3,126
201600012009,16,1,4,1645,1,1,1,1,2,95
201600012010,16,1,13,1215,1,1,1,1,5,172
201600012011,16,1,28,900,1,1,1,1,4,172
201600012012,16,2,7,1045,1,1,1,2,6,143
201600012013,16,3,9,1230,1,1,1,2,6,213
201600012014,16,3,14,200,3,1,1,1,6,157
201600012015,16,3,20,100,3,1,1,1,2,213
201600012016,16,4,13,1245,1,1,1,1,7,336
201600012017,16,4,15,1530,1,1,1,1,2,172
201600012018,16,5,17,930,1,1,1,1,2,270
201600012019,16,5,30,1600,1,1,1,1,2,135
201600012020,16,6,7,1100,1,1,1,1,2,157
201600012021,16,6,12,1300,1,1,1,1,2,203
201600012022,16,6,20,815,1,1,1,1,2,95
201600012023,16,7,10,215,3,1,9,1,6,166
201600012024,16,7,16,930,1,1,1,1,4,157
201600012025,16,7,18,530,3,1,1,1,3,32
201600012026,16,7,22,745,1,1,1,1,3,113
201600012027,16,8,2,1230,1,1,1,1,5,172
201600012028,16,8,18,1145,1,1,1,1,4,101
201600012029,16,8,25,945,1,1,1,1,5,213
201600012030,16,9,27,845,1,1,1,1,2,95
201600012031,16,9,28,1830,1,1,1,1,2,213
201600012032,16,10,30,1100,1,1,1,1,4,270
201600012033,16,11,4,1145,1,1,1,1,2,101
201600012034,16,11,19,630,3,1,1,1,2,32
201600012035,16,12,23,2300,3,1,1,1,6,31
201600012036,16,1,12,2100,3,1,1,8,6,270
201600012037,16,1,17,1030,1,1,1,1,4,205
201600012038,16,1,19,1745,2,1,1,3,6,130
201600012039,16,2,15,915,1,1,1,1,3,205
201600012040,16,3,10,1545,1,1,1,1,2,50
201600012041,16,6,11,130,3,1,1,1,2,21
201600012042,16,6,12,2345,3,1,1,2,2,144
201600012043,16,8,8,1615,1,1,1,1,3,474
201600012044,16,8,17,1015,1,1,1,1,1,403
201600012045,16,8,17,1445,1,1,1,1,6,36
201600012046,16,8,27,915,1,1,1,1,6,337
201600012047,16,9,12,2245,5,1,1,1,6,227
201600012048,16,9,18,2330,3,1,1,1,7,270
201600012049,16,10,28,1530,1,1,1,1,6,205
201600012050,16,11,1,930,1,1,1,5,4,337
201600012051,16,11,18,2115,3,1,1,1,2,343
201600012052,16,12,27,1300,1,1,1,1,6,36
201600012053,16,12,27,1645,1,1,1,1,6,155
201600012054,16,2,6,1330,1,1,1,6,1,254
201600012055,16,3,18,2300,5,2,1,1,3,169
201600012056,16,4,8,1000,1,2,1,1,3,254
201600012057,16,5,21,2230,3,1,1,1,1,402
201600012058,16,5,26,1700,1,1,1,1,6,36
201600012059,16,11,29,2145,3,2,1,1,6,506
201600012060,16,12,5,1815,5,2,1,1,3,254
201600012061,16,1,5,1530,1,1,1,1,7,88
201600012062,16,1,9,1345,1,1,3,1,1,61
201600012063,16,1,24,1015,2,1,2,5,1,380
201600012064,16,1,30,1045,1,2,1,1,6,347
201600012065,16,2,14,1415,1,1,1,2,1,174
201600012066,16,2,23,1745,1,1,2,1,3,84
201600012067,16,3,4,1430,1,1,1,2,7,61
201600012068,16,3,6,1530,1,1,1,1,1,194
201600012069,16,3,19,1515,1,1,1,1,2,179
201600012070,16,3,26,1200,1,2,1,1,1,379
201600012071,16,4,1,830,1,2,9,1,7,83
201600012072,16,4,6,1700,1,1,1,1,2,39
201600012073,16,4,17,915,1,2,1,2,7,10
201600012074,16,4,22,1015,1,1,1,1,1,355
201600012075,16,4,27,1645,1,1,1,1,7,295
201600012076,16,5,1,745,1,1,1,3,1,71
201600012077,16,5,23,1515,1,1,1,1,2,301
201600012078,16,5,31,1645,1,2,1,1,6,129
201600012079,16,6,4,1845,1,1,1,3,1,380
201600012080,16,6,10,1800,1,2,1,1,3,250
201600012081,16,6,16,1945,1,1,1,3,1,96
201600012082,16,6,26,2100,2,1,1,1,7,218
201600012083,16,7,9,1700,1,2,1,1,2,301
201600012084,16,7,19,900,1,1,9,1,3,2
201600012085,16,7,21,745,1,2,9,1,6,38
201600012086,16,8,4,1915,1,1,1,1,6,2
201600012087,16,8,7,1500,1,1,1,1,7,140
201600012088,16,8,10,2100,1,1,1,1,7,38
201600012089,16,8,22,1000,1,2,1,1,6,301
201600012090,16,9,24,1200,1,1,1,1,3,4
201600012091,16,9,24,1200,1,2,2,1,3,271
201600012092,16,10,5,40,5,2,6,1,6,250
201600012093,16,10,6,2230,3,1,1,1,6,49
201600012094,16,10,7,2030,3,1,1,1,1,61
201600012095,16,10,14,750,2,2,9,3,6,84
201600012096,16,10,19,1830,2,1,3,1,3,49
201600012097,16,10,27,2020,3,1,6,1,6,4
201600012098,16,10,25,1920,3,1,2,2,3,179
201600012099,16,12,11,645,3,1,1,5,6,380
201600012100,16,1,17,600,3,1,1,1,1,193
201600012101,16,4,19,2230,3,1,1,1,6,272
201600012102,16,7,12,1030,1,1,1,1,2,113
201600012103,16,8,17,1845,1,1,1,3,6,425
201600012104,16,9,27,745,1,1,1,1,6,113
201600012105,16,11,1,1745,3,1,1,1,2,193
201600012106,16,12,15,915,1,1,1,1,4,193
201600012107,16,4,25,1900,1,1,1,1,7,120
201600012108,16,5,4,830,1,1,1,1,2,147
201600012109,16,5,4,2200,3,1,9,1,7,102
201600012110,16,5,4,1545,1,1,1,1,2,483
201600012111,16,7,10,1000,1,1,1,1,2,502
201600012112,16,7,18,1215,1,1,1,1,4,147
201600012113,16,8,5,1045,1,1,1,1,2,147
201600012114,16,8,5,1000,1,1,1,1,6,407
201600012115,16,8,7,2345,1,1,1,1,6,102
201600012116,16,8,18,800,2,1,1,2,6,407
201600012117,16,10,15,1700,1,1,1,1,6,483
201600012118,16,11,7,1,3,1,1,3,6,102
201600012119,16,12,6,2215,3,1,1,1,6,24
201600012120,16,5,3,900,1,2,3,1,3,409
201600012121,16,7,8,1120,1,2,3,1,3,43
201600012122,16,9,6,920,1,2,1,1,6,409
201600012123,16,11,29,1600,1,2,2,7,6,514
201600012124,16,3,16,1230,1,1,1,1,1,573
201600012125,16,3,30,2230,3,1,1,8,6,418
201600012126,16,4,26,2245,3,1,1,8,2,365
201600012127,16,5,21,1015,1,1,1,1,5,536
201600012128,16,7,13,1245,1,1,1,1,6,636
201600012129,16,7,15,1445,1,1,1,1,6,454
201600012130,16,9,19,2130,3,1,1,1,5,536
201600012131,16,10,8,400,3,1,1,1,6,573
201600012132,16,11,2,715,2,1,1,1,2,437
201600012133,16,12,8,2030,3,1,1,1,2,329
201600012134,16,12,13,900,1,1,1,2,6,562
201600012135,16,12,20,1145,1,1,1,1,6,454
201600012136,16,12,26,445,3,1,1,2,6,418
201600012137,16,1,15,1145,1,1,1,1,4,4
201600012138,16,4,20,1015,1,1,1,1,6,4
201600012139,16,5,7,2100,2,1,1,1,7,4
201600012140,16,8,22,600,2,1,1,1,7,235
201600012141,16,2,25,1215,1,1,1,1,6,85
201600012142,16,10,14,2030,3,2,1,2,1,105
201600012143,16,10,19,130,3,1,1,2,2,85
201600012144,16,11,21,1600,1,2,1,8,1,105
201600012145,16,11,29,2315,3,1,6,1,6,581
201600012146,16,12,10,1830,3,2,1,2,1,105
201600012147,16,6,20,1315,1,2,1,1,1,4
201600012148,16,8,23,1345,1,1,1,1,1,276
201600012149,16,2,27,1030,1,1,1,1,3,433
201600012150,16,5,10,1015,1,2,1,1,6,486
201600012151,16,5,23,915,1,2,9,3,6,485
201600012152,16,11,15,1815,5,2,2,1,1,485
201600012153,16,12,21,745,2,2,1,5,6,486
201600012154,16,12,24,1630,1,2,1,1,6,485
201600012155,16,7,27,1600,1,2,1,1,7,52
201600012156,16,8,18,1600,1,1,1,1,1,52
201600012157,16,11,30,1515,1,2,1,1,3,52
201600012158,16,12,31,1300,1,1,1,1,1,212
201600012159,16,10,11,745,2,1,1,1,5,322
201600012160,16,10,26,745,2,2,3,5,5,322
201600012161,16,4,8,1615,1,1,1,1,6,515
201600012162,16,8,19,2045,2,1,1,9,6,197
201600012163,16,5,17,1515,1,1,1,1,1,100
201600012164,16,6,11,1600,1,1,1,3,6,204
201600012165,16,10,31,2143,3,1,1,1,6,73
201600012166,16,11,22,1430,1,1,1,2,4,303
201600012167,16,12,18,1830,3,1,1,1,4,73
201600012168,16,12,22,15,5,1,9,5,6,73
201600012169,16,3,27,1800,1,1,1,2,2,115
201600012170,16,5,21,1800,1,1,1,1,5,75
201600012171,16,5,25,1200,1,1,1,1,6,115
201600012172,16,6,7,1645,1,1,1,1,6,66
201600012173,16,6,10,600,2,1,1,1,6,7
201600012174,16,6,20,945,1,1,1,1,5,27
201600012175,16,7,22,2345,3,1,1,1,1,85
201600012176,16,7,28,745,1,1,1,1,6,174
201600012177,16,8,19,2200,3,1,1,1,6,62
201600012178,16,9,3,730,1,1,1,1,6,62
201600012179,16,9,8,1545,1,1,1,1,3,62
201600012180,16,9,29,1715,1,1,1,1,5,174
201600012181,16,10,26,1715,1,1,1,1,2,280
201600012182,16,7,22,1715,1,1,1,1,1,322
201600012183,16,6,14,1430,1,1,1,1,2,26
201600012184,16,7,8,1745,1,1,1,1,7,202
201600012185,16,7,14,1245,1,1,1,1,6,63
201600012186,16,9,24,1745,1,1,1,1,2,26
201600012187,16,10,11,2015,3,1,1,1,7,26
201600012188,16,11,15,2215,5,1,1,5,2,63
201600012189,16,12,27,1430,1,1,1,1,6,37
201600012190,16,1,14,1700,2,2,1,2,3,50
201600012191,16,4,30,515,2,1,1,2,1,245
201600012192,16,11,18,1645,1,2,2,7,3,251
201600012193,16,8,22,1030,1,1,1,1,7,67
201600012194,16,2,12,1515,1,1,3,3,3,329
201600012195,16,5,4,730,1,1,1,1,3,160
201600012196,16,7,25,1130,1,1,1,1,6,266
201600012197,16,8,29,1430,1,1,1,1,6,63
201600012198,16,10,12,1100,1,2,1,1,1,50
201600012199,16,10,13,745,1,1,1,1,3,266
201600012200,16,10,21,1715,1,1,1,1,3,15
201600012201,16,11,16,645,3,1,1,1,7,321
201600012202,16,11,23,1600,1,1,1,3,1,191
201600012203,16,1,5,2115,3,1,1,2,2,443
201600012204,16,8,26,15,3,1,1,1,2,227
201600012205,16,1,13,1815,3,1,2,8,6,35
201600012206,16,1,31,2015,5,1,1,1,2,113
201600012207,16,3,8,1130,1,1,9,1,2,83
201600012208,16,3,23,1745,1,1,1,1,2,88
201600012209,16,6,3,1745,1,1,1,1,2,104
201600012210,16,6,23,1930,1,1,1,1,6,88
201600012211,16,9,15,945,1,1,1,1,6,149
201600012212,16,9,16,1815,1,1,1,1,2,88
201600012213,16,9,30,815,1,1,1,1,3,88
201600012214,16,10,22,100,3,1,1,1,6,113
201600012215,16,10,23,1300,1,1,1,2,6,88
201600012216,16,11,7,1025,1,1,1,1,2,88
201600012217,16,11,7,1830,3,1,1,1,7,88
201600012218,16,11,13,2045,3,1,1,1,2,88
201600012219,16,11,21,2020,5,1,1,2,6,88
201600012220,16,11,24,740,1,1,1,3,7,88
201600012221,16,11,24,1030,1,1,1,3,6,104
201600012222,16,12,7,721,2,1,1,1,4,88
201600012223,16,12,12,650,3,1,1,1,5,150
201600012224,16,12,30,1110,1,1,1,1,4,150
201600012225,16,1,15,1000,1,1,1,8,6,635
201600012226,16,5,7,230,3,1,1,1,6,29
201600012227,16,9,3,1515,1,1,1,1,6,191
201600012228,16,11,2,1730,3,1,1,1,6,168
201600012229,16,3,10,2015,3,1,1,1,5,80
201600012230,16,3,29,745,1,1,1,1,2,11
201600012231,16,3,31,745,1,1,1,1,2,195
201600012232,16,4,20,1045,1,1,1,1,2,12
201600012233,16,5,27,1745,1,1,1,1,2,218
201600012234,16,7,10,1045,1,1,1,1,7,10
201600012235,16,7,13,2230,3,1,1,1,1,11
201600012236,16,11,21,600,3,1,1,1,3,62
201600012237,16,12,1,2130,3,1,1,1,2,12
201600012238,16,2,18,700,2,1,1,1,3,67
201600012239,16,7,30,930,1,1,1,1,3,460
201600012240,16,9,19,1500,1,1,1,1,2,162
201600012241,16,10,1,1100,1,1,9,2,1,67
201600012242,16,12,30,215,3,1,1,5,4,33
201600012243,16,3,24,2100,3,1,1,2,6,810
201600012244,16,5,12,815,1,1,1,1,6,848
201600012245,16,5,26,500,3,1,1,1,6,73
201600012246,16,8,28,1230,1,1,1,1,6,19
201600012247,16,10,21,1415,1,1,1,1,6,19
201600012248,16,11,10,1845,3,1,1,2,1,163
201600012249,16,8,9,1530,1,2,1,1,3,210
201600012250,16,10,8,1120,1,2,6,1,1,210
201600012251,16,10,17,815,1,1,1,1,2,210
201600012252,16,12,1,1805,2,1,1,1,5,103
201600012253,16,12,2,1515,1,1,3,7,3,277
201600012254,16,1,22,1845,3,1,3,1,3,121
201600012255,16,2,15,745,2,1,1,8,1,96
201600012256,16,3,4,1930,3,1,1,2,1,51
201600012257,16,8,25,1200,1,1,1,1,2,16
201600012258,16,12,1,1000,1,2,1,7,2,61
201600012259,16,1,23,1545,1,1,1,8,1,308
201600012260,16,5,15,45,3,1,1,1,2,193
201600012261,16,7,7,1730,1,1,1,1,7,226
201600012262,16,7,19,1100,1,1,1,1,2,309
201600012263,16,10,15,1330,1,1,1,1,4,794
201600012264,16,11,18,1815,3,1,1,4,6,471
201600012265,16,1,15,2130,3,1,1,1,6,360
201600012266,16,1,29,1815,3,1,1,1,6,405
201600012267,16,5,27,745,1,1,1,3,1,405
201600012268,16,9,18,1915,1,1,1,1,5,700
201600012269,16,1,28,1815,2,1,1,1,1,497
201600012270,16,3,29,1600,1,2,2,1,3,363
201600012271,16,4,13,815,1,2,1,7,2,497
201600012272,16,6,20,1730,1,1,3,2,2,665
201600012273,16,7,8,1145,1,1,1,1,2,105
201600012274,16,3,18,1715,1,2,3,1,1,274
201600012275,16,4,25,915,1,1,2,8,2,567
201600012276,16,6,4,645,2,1,1,1,3,188
201600012277,16,3,23,1600,1,1,2,1,3,222
201600012278,16,4,28,1715,1,1,1,1,3,324
201600012279,16,5,17,1245,1,1,1,1,2,308
201600012280,16,12,16,1300,1,1,2,1,5,385
201600012281,16,12,30,930,1,1,1,5,1,172
201600012282,16,1,11,1530,1,2,1,1,6,282
201600012283,16,7,28,1430,1,1,1,1,1,228
201600012284,16,2,5,1200,1,2,3,1,3,111
201600012285,16,4,8,1630,1,1,1,8,1,86
201600012286,16,2,6,345,3,1,1,1,2,101
201600012287,16,7,8,842,1,1,1,7,5,150
201600012288,16,8,2,1845,1,1,1,1,3,16
201600012289,16,3,31,1800,1,2,1,8,6,374
201600012290,16,5,23,300,3,1,1,3,6,252
201600012291,16,9,19,1200,1,1,1,1,1,107
201600012292,16,5,24,657,1,2,2,7,3,223
201600012293,16,5,8,1430,1,1,1,1,2,34
201600012294,16,1,15,1530,1,1,2,7,3,308
201600012295,16,10,3,1015,1,1,1,1,6,330
201600012296,16,1,12,1230,1,1,1,2,1,61
201600012297,16,1,29,30,3,1,1,2,1,229
201600012298,16,5,21,1900,1,1,2,7,3,267
201600012299,16,6,28,1030,1,2,1,1,1,414
201600012300,16,4,3,1145,1,1,1,1,1,30
201600012301,16,1,2,1030,1,1,1,2,1,23
201600012302,16,3,2,800,1,1,9,1,6,397
201600012303,16,3,5,1400,1,1,1,1,2,503
201600012304,16,6,30,1815,1,1,1,1,2,431
201600012305,16,9,3,1245,1,1,1,1,4,397
201600012306,16,9,23,615,3,1,1,1,6,397
201600012307,16,1,14,2045,3,1,1,1,1,25
201600012308,16,1,21,700,2,1,1,1,2,13
201600012309,16,2,20,1700,1,1,1,1,2,7
201600012310,16,3,8,1600,1,1,1,1,7,25
201600012311,16,3,11,2030,3,1,1,1,2,1
201600012312,16,4,18,1830,1,1,1,1,4,7
201600012313,16,6,6,1545,1,1,1,1,2,73
201600012314,16,7,17,945,1,1,1,1,6,86
201600012315,16,9,16,1615,1,1,1,1,6,60
201600012316,16,12,10,545,3,1,1,1,6,109
201600012317,16,12,31,2230,3,1,1,1,2,40
201600012318,16,1,26,2100,1,1,1,1,6,4
201600012319,16,2,7,215,3,1,1,1,6,79
201600012320,16,2,16,530,3,1,1,1,1,85
201600012321,16,2,23,1830,3,1,1,1,5,4
201600012322,16,2,28,900,1,1,1,8,3,27
201600012323,16,3,19,1600,1,1,1,1,3,4
201600012324,16,3,10,1845,3,1,1,1,4,123
201600012325,16,4,10,2045,2,1,1,1,2,27
201600012326,16,4,18,830,1,1,1,1,6,4
201600012327,16,4,27,1215,1,1,1,6,6,85
201600012328,16,4,28,1530,1,1,1,1,5,4
201600012329,16,4,30,900,1,1,1,1,2,4
201600012330,16,7,2,200,3,1,1,1,2,61
201600012331,16,7,7,845,1,1,1,1,5,161
201600012332,16,7,7,2300,3,1,1,1,7,1
201600012333,16,7,15,1930,1,1,1,1,6,4
201600012334,16,8,2,800,1,1,1,1,3,155
201600012335,16,8,4,2245,1,1,1,7,2,4
201600012336,16,8,4,1630,1,1,1,1,3,161
201600012337,16,8,18,30,4,1,1,1,2,85
201600012338,16,9,17,1700,1,1,1,1,2,133
201600012339,16,9,25,1545,1,1,1,1,1,27
201600012340,16,10,7,1655,1,1,1,7,5,161
201600012341,16,10,16,1555,1,1,1,1,6,4
201600012342,16,10,19,2140,3,1,1,1,2,85
201600012343,16,11,14,602,3,1,1,1,6,27
201600012344,16,1,22,1600,1,1,1,8,6,300
201600012345,16,1,25,1715,1,1,1,1,6,520
201600012346,16,2,8,530,3,1,1,1,5,290
201600012347,16,3,7,845,1,1,1,1,2,198
201600012348,16,3,16,1345,1,1,1,1,6,445
201600012349,16,5,5,1130,1,1,1,1,5,335
201600012350,16,6,8,1630,1,1,1,1,5,80
201600012351,16,7,5,1930,1,1,1,1,6,131
201600012352,16,9,9,1700,1,1,1,3,6,108
201600012353,16,10,12,2015,3,1,1,2,2,305
201600012354,16,6,20,1215,1,1,1,1,1,172
201600012355,16,7,13,1845,1,1,9,1,7,12
201600012356,16,12,15,1400,1,2,1,1,3,172
201600012357,16,2,11,930,3,1,1,2,5,276
201600012358,16,9,25,1845,2,1,1,3,6,213
201600012359,16,10,10,1945,3,1,1,1,6,72
201600012360,16,1,3,1715,1,2,2,2,3,81
201600012361,16,1,15,2000,5,2,1,4,6,81
201600012362,16,1,29,1815,5,1,1,1,2,159
201600012363,16,2,22,2115,5,2,6,2,1,169
201600012364,16,3,1,2015,5,2,1,1,3,81
201600012365,16,3,25,1230,1,2,3,2,3,81
201600012366,16,4,18,1945,2,1,1,2,6,223
201600012367,16,4,24,700,1,2,1,1,6,264
201600012368,16,5,4,1830,1,2,4,1,3,81
201600012369,16,5,28,1430,1,2,1,1,1,159
201600012370,16,5,26,1730,1,2,1,1,6,81
201600012371,16,6,6,1800,1,2,1,3,1,64
201600012372,16,6,14,1745,1,1,1,1,1,81
201600012373,16,5,17,1215,1,2,9,1,6,264
201600012374,16,7,2,330,3,1,1,1,6,81
201600012375,16,7,5,1030,1,2,2,1,6,81
201600012376,16,7,15,1145,1,2,3,1,6,81
201600012377,16,8,16,1600,1,1,1,1,7,221
201600012378,16,8,16,1600,1,1,1,1,1,221
201600012379,16,9,28,1215,1,2,1,1,2,264
201600012380,16,12,1,1330,1,2,2,1,1,81
201600012381,16,12,2,2230,3,1,1,1,1,159
201600012382,16,12,14,1445,1,1,4,1,2,159
201600012383,16,12,30,1845,3,1,1,1,6,14
201600012384,16,1,23,1000,2,2,1,2,6,37
201600012385,16,4,8,1845,1,2,1,1,6,622
201600012386,16,5,4,1500,1,1,1,1,1,622
201600012387,16,7,3,1230,1,2,1,1,1,622
201600012388,16,10,13,945,1,2,1,7,6,37
201600012389,16,11,24,1230,1,1,1,1,5,213
201600012390,16,12,12,730,3,1,1,2,6,635
201600012391,16,12,28,1800,3,1,1,5,1,322
201600012392,16,1,12,1400,1,1,1,4,1,217
201600012393,16,6,28,400,3,1,1,1,2,68
201600012394,16,8,25,915,1,1,1,1,2,285
201600012395,16,10,17,915,2,1,1,1,5,78
201600012396,16,11,4,1730,3,1,1,3,5,78
201600012397,16,6,14,1600,1,1,1,2,5,7
201600012398,16,6,17,1245,1,1,1,1,7,300
201600012399,16,7,3,830,1,1,1,1,7,353
201600012400,16,7,22,1345,1,1,1,1,7,80
201600012401,16,9,25,1900,1,1,1,8,4,93
201600012402,16,10,14,1400,1,1,1,1,3,80
201600012403,16,11,21,845,1,1,1,8,3,375
201600012404,16,12,26,1745,3,1,1,1,7,375
201600012405,16,2,15,815,1,1,1,2,6,316
201600012406,16,6,26,1015,1,1,1,1,7,341
201600012407,16,7,17,2030,1,1,1,1,2,277
201600012408,16,7,24,1,3,2,1,1,6,318
201600012409,16,8,1,1545,1,1,1,1,6,208
201600012410,16,8,5,1200,1,1,1,1,7,277