Num_Acc,an,mois,jour,hrmn,lum,agg,int,atm,col,com
201600012411,16,11,21,430,3,1,1,1,2,109
201600012412,16,12,3,2145,3,1,1,1,6,208
201600012413,16,4,18,815,1,1,1,1,3,129
201600012414,16,10,28,1830,2,1,1,1,1,280
201600012415,16,12,19,1720,1,1,1,1,5,122
201600012416,16,1,20,1330,1,2,1,1,6,122
201600012417,16,2,3,1920,5,2,3,1,3,207
201600012418,16,2,20,1145,1,1,1,1,2,122
201600012419,16,2,10,1920,3,1,1,2,7,122
201600012420,16,3,18,715,1,1,1,1,3,617
201600012421,16,7,12,1400,1,1,1,1,1,617
201600012422,16,9,15,1930,2,1,1,7,2,573
201600012423,16,10,1,2245,3,1,1,1,5,617
201600012424,16,11,24,1700,3,2,6,1,1,553
201600012425,16,8,27,1045,1,1,9,1,4,253
201600012426,16,3,12,2245,5,2,1,1,1,225
201600012427,16,5,30,935,1,2,1,1,6,225
201600012428,16,3,11,1945,2,2,1,1,3,225
201600012429,16,6,21,1215,1,2,4,1,3,225
201600012430,16,5,18,1605,1,2,7,1,6,225
201600012431,16,7,1,1610,1,2,1,1,6,225
201600012432,16,9,4,1115,1,2,1,1,1,225
201600012433,16,9,23,2335,5,2,1,1,6,225
201600012434,16,11,13,2050,5,2,2,1,6,225
201600012435,16,2,21,300,3,1,1,1,6,35
201600012436,16,3,24,1745,1,1,1,1,7,374
201600012437,16,3,29,1615,1,1,1,1,1,48
201600012438,16,7,15,600,2,1,1,1,6,429
201600012439,16,10,4,1735,1,1,1,1,2,254
201600012440,16,10,8,930,1,1,1,1,7,185
201600012441,16,10,9,1725,1,1,1,1,7,374
201600012442,16,10,27,930,1,1,3,5,3,478
201600012443,16,11,18,2223,3,1,1,1,2,243
201600012444,16,6,4,215,3,1,1,1,2,284
201600012445,16,6,6,2215,3,1,9,8,2,29
201600012446,16,6,7,215,3,1,1,8,2,284
201600012447,16,6,21,1615,1,1,1,1,2,284
201600012448,16,6,21,1730,1,1,1,1,5,284
201600012449,16,7,2,1900,1,1,6,8,7,199
201600012450,16,8,4,1115,1,1,1,8,3,527
201600012451,16,8,31,1615,1,1,1,1,5,284
201600012452,16,9,5,1900,1,1,1,1,2,284
201600012453,16,1,7,2015,5,1,1,3,6,208
201600012454,16,2,26,2130,3,1,2,1,1,143
201600012455,16,4,28,1545,1,1,1,1,1,162
201600012456,16,7,2,315,3,1,1,1,6,49
201600012457,16,12,10,1630,2,1,1,1,6,7
201600012458,16,1,8,1200,1,1,9,1,6,208
201600012459,16,2,14,1545,1,2,1,1,1,32
201600012460,16,3,29,1145,1,1,1,1,1,254
201600012461,16,5,31,1430,1,1,1,3,6,112
201600012462,16,9,4,1630,1,1,1,1,1,50
201600012463,16,9,15,830,1,1,1,9,6,243
201600012464,16,10,14,2210,3,1,1,2,6,102
201600012465,16,11,9,654,2,1,1,2,5,102
201600012466,16,12,6,1745,3,1,1,5,4,50
201600012467,16,12,26,1405,1,1,1,1,6,112
201600012468,16,2,14,1700,2,1,1,4,6,166
201600012469,16,3,30,1300,1,1,1,1,1,89
201600012470,16,8,10,1945,1,1,9,1,2,149
201600012471,16,11,21,1830,1,1,1,8,3,149
201600012472,16,2,6,545,3,1,1,1,6,297
201600012473,16,3,29,900,1,1,1,1,7,300
201600012474,16,4,3,1330,1,1,1,1,6,300
201600012475,16,7,31,2030,2,1,1,2,7,103
201600012476,16,8,12,1515,1,1,1,1,6,278
201600012477,16,9,5,1730,1,1,1,1,6,300
201600012478,16,9,20,230,3,1,1,1,2,278
201600012479,16,9,29,1315,1,1,1,1,2,253
201600012480,16,10,10,1130,1,2,4,1,6,300
201600012481,16,11,6,415,4,1,1,1,6,21
201600012482,16,12,5,1615,1,1,1,1,7,300
201600012483,16,12,18,615,3,1,1,1,7,21
201600012484,16,1,12,1445,1,1,1,1,6,228
201600012485,16,2,23,1345,1,1,1,1,7,49
201600012486,16,4,1,1115,1,1,1,1,6,26
201600012487,16,4,9,615,3,1,1,3,6,34
201600012488,16,5,8,630,2,1,1,1,2,7
201600012489,16,5,10,1315,1,1,1,1,5,267
201600012490,16,7,15,1800,1,1,1,1,6,7
201600012491,16,7,23,830,1,1,1,1,6,262
201600012492,16,12,10,1100,1,2,7,8,3,1
201600012493,16,1,8,630,2,1,1,1,7,48
201600012494,16,1,15,1330,1,1,1,1,7,28
201600012495,16,1,27,1515,1,1,1,1,6,26
201600012496,16,2,1,1415,1,1,1,1,6,104
201600012497,16,3,21,1930,3,1,1,1,2,3
201600012498,16,6,23,1045,1,1,1,1,2,3
201600012499,16,1,11,830,2,1,1,2,6,43
201600012500,16,6,4,615,2,1,1,1,2,97
201600012501,16,9,4,1645,1,1,1,1,7,41
201600012502,16,12,3,1615,1,1,1,1,7,78
201600012503,16,12,21,1845,3,1,1,1,5,267
201600012504,16,1,3,1230,1,1,1,1,6,125
201600012505,16,1,14,745,2,1,1,2,5,28
201600012506,16,3,1,1130,1,1,6,1,6,172
201600012507,16,3,5,1400,1,1,1,2,1,123
201600012508,16,4,14,1915,1,1,1,1,6,202
201600012509,16,5,4,1815,1,1,1,1,2,33
201600012510,16,7,10,1930,1,1,1,1,6,33
201600012511,16,9,9,600,2,1,1,1,2,33
201600012512,16,9,25,1000,1,1,1,1,6,121
201600012513,16,10,2,1545,1,1,9,1,2,25
201600012514,16,11,6,1415,1,1,1,5,4,202
201600012515,16,12,10,1315,1,1,1,5,2,149
201600012516,16,12,16,1600,1,1,1,2,2,123
201600012517,16,1,16,1630,1,1,1,1,7,27
201600012518,16,5,24,1000,1,1,1,1,3,348
201600012519,16,6,8,1730,1,1,1,1,5,212
201600012520,16,6,15,2030,2,1,1,1,1,48
201600012521,16,9,7,1030,1,1,1,1,4,266
201600012522,16,1,1,1415,1,1,1,1,6,150
201600012523,16,2,3,1815,3,1,1,8,5,233
201600012524,16,3,16,1745,1,1,1,1,6,448
201600012525,16,6,8,715,1,1,1,1,1,252
201600012526,16,11,14,1700,2,1,1,1,5,219
201600012527,16,12,13,15,3,1,1,2,6,31
201600012528,16,3,26,800,1,2,4,1,3,397
201600012529,16,3,31,2130,5,2,1,1,3,229
201600012530,16,4,27,1245,1,2,1,1,1,431
201600012531,16,5,29,45,5,2,1,1,3,229
201600012532,16,6,26,500,2,1,1,1,1,140
201600012533,16,7,20,2330,3,1,1,1,7,435
201600012534,16,11,12,1130,1,2,2,1,3,229
201600012535,16,12,6,1915,5,2,3,1,6,229
201600012536,16,2,22,1500,1,2,6,2,7,85
201600012537,16,3,2,1700,1,1,1,1,3,85
201600012538,16,4,9,245,5,2,1,1,3,85
201600012539,16,5,28,15,3,1,1,1,3,85
201600012540,16,6,10,2245,5,2,1,1,6,85
201600012541,16,7,6,815,1,1,1,1,3,85
201600012542,16,7,3,1915,1,2,1,1,1,85
201600012543,16,8,9,930,1,2,1,1,1,85
201600012544,16,8,10,1815,2,2,1,1,6,85
201600012545,16,8,27,630,2,1,1,1,6,85
201600012546,16,9,3,800,1,2,3,1,5,85
201600012547,16,9,23,1830,1,2,3,1,3,85
201600012548,16,10,9,1700,1,2,3,1,2,85
201600012549,16,10,11,1915,2,2,1,1,2,85
201600012550,16,10,17,920,1,2,1,1,3,85
201600012551,16,10,2,745,1,2,2,1,3,85
201600012552,16,10,29,1630,1,2,3,1,3,85
201600012553,16,11,29,855,1,1,1,1,5,85
201600012554,16,1,15,800,3,2,1,2,6,466
201600012555,16,3,3,215,3,1,1,3,7,431
201600012556,16,3,19,115,5,2,1,1,1,466
201600012557,16,5,1,1730,1,2,1,1,6,466
201600012558,16,5,10,830,1,1,1,1,1,466
201600012559,16,6,2,1830,1,1,1,1,6,431
201600012560,16,7,28,45,5,1,1,1,1,466
201600012561,16,11,16,845,1,1,1,1,2,466
201600012562,16,2,22,645,2,1,6,5,4,122
201600012563,16,3,6,1500,1,1,6,1,3,122
201600012564,16,3,30,1230,1,1,1,1,7,122
201600012565,16,4,18,1545,1,2,6,1,2,122
201600012566,16,4,27,645,1,1,1,1,1,122
201600012567,16,6,12,645,3,1,1,1,6,122
201600012568,16,9,20,1715,2,1,4,1,1,122
201600012569,16,9,25,1515,1,1,1,1,7,122
201600012570,16,12,16,1945,5,1,6,1,6,122
201600012571,16,2,25,1730,1,1,1,1,7,195
201600012572,16,4,17,545,3,1,1,2,4,8
201600012573,16,5,23,1245,1,1,1,2,6,125
201600012574,16,6,14,2045,1,1,1,1,2,125
201600012575,16,7,13,1645,1,1,1,1,2,462
201600012576,16,10,9,515,3,1,1,1,6,411
201600012577,16,11,25,2100,3,1,1,1,4,73
201600012578,16,12,4,445,3,1,1,1,6,101
201600012579,16,12,13,230,3,1,1,1,2,125
201600012580,16,7,15,800,1,1,1,1,6,246
201600012581,16,7,19,430,3,1,1,1,2,3
201600012582,16,9,18,800,2,1,1,1,6,290
201600012583,16,7,16,1500,1,1,1,1,7,502
201600012584,16,9,9,1100,1,1,1,1,3,123
201600012585,16,10,22,815,1,1,1,1,7,50
201600012586,16,11,6,1245,1,1,1,1,5,126
201600012587,16,12,28,1515,1,1,1,1,7,50
201600012588,16,1,7,800,1,2,1,1,1,269
201600012589,16,4,2,315,5,2,1,1,7,362
201600012590,16,4,3,1745,1,1,1,1,6,92
201600012591,16,4,16,1615,1,1,1,1,6,362
201600012592,16,5,14,745,1,1,1,1,1,139
201600012593,16,6,1,1645,1,1,1,1,7,139
201600012594,16,6,15,1645,1,1,1,1,3,269
201600012595,16,6,16,1115,1,1,1,1,2,362
201600012596,16,6,19,1215,1,1,1,2,6,139
201600012597,16,6,26,1630,1,1,1,1,3,269
201600012598,16,6,30,1330,1,2,1,1,3,362
201600012599,16,7,14,815,1,2,1,1,6,269
201600012600,16,7,20,1600,1,1,1,7,6,269
201600012601,16,3,26,240,3,1,1,1,7,184
201600012602,16,6,3,1845,1,1,4,1,3,268
201600012603,16,6,24,730,1,1,6,1,6,268
201600012604,16,7,3,1830,1,1,1,1,1,268
201600012605,16,7,7,1945,1,2,6,1,6,268
201600012606,16,8,4,2115,5,2,1,3,5,268
201600012607,16,8,27,845,1,2,3,1,5,268
201600012608,16,8,30,1530,1,2,4,1,3,268
201600012609,16,9,14,1645,1,2,4,1,1,268
201600012610,16,1,26,1915,3,1,1,1,3,276
201600012611,16,1,30,2300,3,1,1,1,6,32
201600012612,16,2,18,1400,1,1,1,1,6,99
201600012613,16,3,19,915,1,1,1,1,2,89
201600012614,16,3,23,1500,1,1,1,6,7,32
201600012615,16,4,20,1930,1,1,1,1,7,89
201600012616,16,4,30,1700,1,1,1,1,6,43
201600012617,16,4,28,1830,1,1,1,1,3,99
201600012618,16,5,11,100,3,1,1,1,2,142
201600012619,16,5,18,2200,3,1,1,1,5,32
201600012620,16,6,18,245,3,1,1,1,2,32
201600012621,16,7,12,845,1,1,1,8,7,7
201600012622,16,7,20,500,2,1,1,1,1,32
201600012623,16,8,21,1045,1,1,1,1,2,557
201600012624,16,10,5,123,3,1,1,5,2,213
201600012625,16,11,4,1830,3,1,1,1,1,290
201600012626,16,7,17,645,1,1,1,1,3,27
201600012627,16,9,14,1315,1,1,1,8,2,30
201600012628,16,2,16,1545,1,2,1,1,6,279
201600012629,16,3,11,2230,3,1,1,1,6,279
201600012630,16,3,15,2200,3,1,1,2,7,279
201600012631,16,3,16,1500,1,2,1,4,6,279
201600012632,16,3,18,1730,1,1,1,1,7,42
201600012633,16,3,19,1915,2,1,1,1,1,169
201600012634,16,4,19,1715,1,1,1,1,3,42
201600012635,16,5,7,1130,1,2,1,7,1,279
201600012636,16,5,12,1115,1,1,1,8,7,126
201600012637,16,5,23,1400,1,2,1,8,3,279
201600012638,16,6,24,1615,1,2,1,1,6,279
201600012639,16,7,26,515,5,2,1,1,6,279
201600012640,16,7,30,2015,1,1,1,2,6,169
201600012641,16,8,2,1800,1,1,1,1,7,279
201600012642,16,8,7,2000,2,1,1,1,3,42
201600012643,16,8,30,1615,1,2,1,1,1,279
201600012644,16,9,24,1230,1,2,1,7,3,279
201600012645,16,9,25,315,5,2,1,1,7,256
201600012646,16,10,10,1545,1,1,1,1,3,256
201600012647,16,11,30,1945,5,2,1,1,2,279
201600012648,16,1,17,515,3,1,1,9,6,135
201600012649,16,9,18,530,3,1,6,5,7,244
201600012650,16,12,11,1815,3,1,6,5,6,244
201600012651,16,12,12,1000,1,1,6,8,1,244
201600012652,16,3,22,830,1,1,1,1,2,449
201600012653,16,5,28,2000,1,1,1,1,2,428
201600012654,16,6,1,1315,1,1,1,1,1,44
201600012655,16,6,6,2015,1,1,8,1,3,449
201600012656,16,7,8,1545,1,1,2,1,1,333
201600012657,16,7,19,1845,1,1,1,1,1,629
201600012658,16,8,20,2230,3,1,6,1,6,44
201600012659,16,9,22,930,1,1,3,1,3,613
201600012660,16,11,13,1200,1,1,1,8,1,629
201600012661,16,12,14,400,3,1,1,1,1,44
201600012662,16,12,16,845,1,2,2,1,6,79
201600012663,16,12,21,1730,3,1,2,1,3,571
201600012664,16,8,30,1430,1,2,1,1,7,157
201600012665,16,1,4,1045,1,2,1,1,6,18
201600012666,16,1,11,745,2,2,6,1,6,18
201600012667,16,1,24,1215,1,1,6,1,3,18
201600012668,16,1,13,1700,1,1,1,1,3,152
201600012669,16,3,6,1030,1,2,1,1,1,18
201600012670,16,4,14,900,1,2,1,1,1,152
201600012671,16,4,21,1800,1,2,1,1,5,152
201600012672,16,4,27,1900,1,2,1,1,3,18
201600012673,16,5,14,230,3,1,1,1,3,152
201600012674,16,5,7,1100,1,2,1,1,6,18
201600012675,16,5,26,900,1,1,1,1,2,18
201600012676,16,6,12,1330,1,2,1,1,3,152
201600012677,16,6,23,1800,1,2,1,1,6,18
201600012678,16,6,26,1545,1,1,6,1,6,152
201600012679,16,7,13,1115,1,2,1,1,1,152
201600012680,16,7,16,1900,1,1,1,1,7,152
201600012681,16,8,4,1745,1,2,1,1,2,18
201600012682,16,8,5,1500,1,1,1,6,6,152
201600012683,16,6,2,1830,1,1,9,1,3,18
201600012684,16,9,5,2245,3,1,1,1,1,152
201600012685,16,10,10,1455,1,1,1,1,5,152
201600012686,16,10,19,747,1,1,1,1,2,152
201600012687,16,10,28,1140,1,1,1,1,6,18
201600012688,16,10,30,910,1,2,1,1,3,152
201600012689,16,11,9,1040,1,2,1,2,7,18
201600012690,16,11,23,820,1,1,1,2,5,18
201600012691,16,11,25,1850,5,1,1,1,5,152
201600012692,16,11,26,1200,1,1,1,1,1,152
201600012693,16,11,30,1835,3,2,6,1,6,18
201600012694,16,12,2,750,1,2,1,1,7,18
201600012695,16,12,15,1220,1,1,1,1,6,18
201600012696,16,12,30,1500,1,2,1,1,6,152
201600012697,16,3,24,800,1,2,1,1,3,292
201600012698,16,7,5,1945,1,2,1,1,1,88
201600012699,16,1,4,1745,5,2,1,2,3,244
201600012700,16,1,12,1715,2,2,1,1,3,244
201600012701,16,4,8,1645,1,2,1,1,6,244
201600012702,16,10,7,1015,1,2,1,1,6,244
201600012703,16,10,19,1850,1,2,1,1,3,244
201600012704,16,11,18,2340,5,2,1,1,1,244
201600012705,16,12,1,1645,1,2,2,1,3,244
201600012706,16,12,6,1805,5,2,1,5,3,244
201600012707,16,12,8,1945,5,2,1,1,3,244
201600012708,16,12,11,2145,5,2,1,1,3,244
201600012709,16,12,10,1830,5,2,1,1,6,19
201600012710,16,12,14,1230,1,2,1,1,3,425
201600012711,16,1,8,1745,3,1,1,3,5,120
201600012712,16,7,31,1700,1,1,1,1,1,22
201600012713,16,8,6,1215,1,2,2,1,3,303
201600012714,16,9,2,1830,1,1,1,1,7,120
201600012715,16,3,5,1430,1,1,1,2,7,320
201600012716,16,3,24,1315,1,1,1,1,2,153
201600012717,16,8,25,130,3,1,1,1,7,82
201600012718,16,1,13,1230,1,1,1,1,1,140
201600012719,16,3,19,1145,1,1,1,1,5,254
201600012720,16,4,13,545,3,1,1,3,6,343
201600012721,16,4,21,1500,1,1,1,1,6,422
201600012722,16,5,23,845,1,1,1,1,5,374
201600012723,16,5,26,730,1,1,1,1,6,159
201600012724,16,6,18,500,3,1,1,1,6,422
201600012725,16,6,23,1530,1,1,1,1,6,195
201600012726,16,7,31,1930,1,1,1,1,1,304
201600012727,16,8,11,700,1,1,1,1,7,29
201600012728,16,8,11,945,1,1,1,1,7,195
201600012729,16,8,22,1445,1,1,1,1,6,195
201600012730,16,9,28,2000,2,1,1,1,6,24
201600012731,16,11,1,2045,3,1,1,1,6,159
201600012732,16,10,7,850,1,1,1,1,3,206
201600012733,16,10,12,1215,1,1,2,1,3,31
201600012734,16,11,22,1600,1,2,9,1,6,183
201600012735,16,6,6,1630,1,1,1,1,4,233
201600012736,16,2,16,815,2,1,1,7,4,233
201600012737,16,2,21,1230,1,2,1,1,3,43
201600012738,16,3,6,100,3,1,1,1,1,152
201600012739,16,4,1,1345,1,1,1,1,1,43
201600012740,16,4,2,1045,1,1,1,8,1,152
201600012741,16,4,15,730,2,1,1,7,6,43
201600012742,16,5,9,700,1,1,1,1,1,233
201600012743,16,6,7,1830,1,1,1,1,1,571
201600012744,16,8,28,1115,1,2,4,1,3,152
201600012745,16,9,10,1730,1,2,1,1,2,571
201600012746,16,10,14,845,1,2,1,1,3,43
201600012747,16,1,4,245,3,1,1,2,7,14
201600012748,16,1,21,945,1,1,1,1,2,118
201600012749,16,2,1,1700,1,1,1,1,6,37
201600012750,16,5,19,830,1,2,1,1,1,37
201600012751,16,7,13,2230,4,1,1,1,1,37
201600012752,16,7,18,1630,1,1,1,1,1,112
201600012753,16,9,21,800,1,1,1,1,3,37
201600012754,16,11,10,2200,4,1,1,1,1,37
201600012755,16,10,22,1730,1,1,1,1,2,430
201600012756,16,12,2,1545,1,1,1,8,7,28
201600012757,16,5,14,1045,1,2,1,2,6,32
201600012758,16,5,16,1215,1,1,1,1,5,228
201600012759,16,6,3,2030,1,1,1,8,3,139
201600012760,16,7,24,1445,1,1,1,1,1,32
201600012761,16,10,6,1015,1,1,1,8,6,32
201600012762,16,11,5,1900,3,1,1,2,5,4
201600012763,16,3,27,2000,5,2,1,1,3,59
201600012764,16,4,3,245,3,1,1,1,2,275
201600012765,16,4,14,1000,1,1,1,1,1,275
201600012766,16,5,28,1830,1,1,1,1,1,210
201600012767,16,7,1,1345,1,2,6,1,1,210
201600012768,16,7,7,1630,1,1,1,1,1,210
201600012769,16,7,16,515,3,1,1,1,6,210
201600012770,16,8,21,1115,1,1,3,1,3,131
201600012771,16,9,14,700,3,1,1,8,3,131
201600012772,16,10,12,1020,1,2,1,7,6,210
201600012773,16,10,21,610,3,1,1,1,7,210
201600012774,16,11,10,1145,1,2,1,1,3,210
201600012775,16,11,23,1850,5,1,3,2,3,59
201600012776,16,12,3,2230,4,1,1,1,7,210
201600012777,16,12,18,2055,3,1,1,5,7,210
201600012778,16,12,27,1400,1,1,6,1,3,210
201600012779,16,4,17,730,2,1,1,1,6,259
201600012780,16,7,14,245,3,1,1,1,6,214
201600012781,16,7,17,1145,1,1,1,1,7,248
201600012782,16,7,24,1900,1,1,1,1,3,205
201600012783,16,11,8,1600,1,1,1,1,1,251
201600012784,16,11,25,730,3,1,1,1,4,150
201600012785,16,12,19,1900,5,1,1,2,6,243
201600012786,16,2,8,815,1,1,1,1,1,108
201600012787,16,2,28,1615,1,1,1,1,6,324
201600012788,16,9,27,1145,1,1,1,1,4,108
201600012789,16,10,7,2245,3,1,9,1,2,20
201600012790,16,12,8,1830,3,1,1,1,4,75
201600012791,16,2,12,1430,1,1,1,2,7,255
201600012792,16,4,23,945,1,1,1,2,6,255
201600012793,16,1,16,1100,1,2,1,1,1,474
201600012794,16,2,17,1715,1,1,2,1,3,192
201600012795,16,3,31,1700,1,1,5,2,5,591
201600012796,16,4,30,1315,1,1,1,8,5,291
201600012797,16,3,19,1000,1,1,1,8,1,430
201600012798,16,7,24,1515,1,1,1,1,3,430
201600012799,16,3,14,1815,1,2,1,1,1,553
201600012800,16,4,24,1545,1,1,1,1,1,553
201600012801,16,8,7,1400,1,1,1,1,3,48
201600012802,16,8,22,2115,3,1,1,1,1,48
201600012803,16,9,13,1215,1,2,1,1,3,553
201600012804,16,9,19,915,1,2,1,3,3,553
201600012805,16,11,5,1930,3,2,1,3,6,553
201600012806,16,11,9,915,1,2,1,3,4,553
201600012807,16,2,8,1215,1,1,1,1,6,113
201600012808,16,2,10,1715,1,1,1,1,6,48
201600012809,16,7,4,1345,1,1,1,1,5,113
201600012810,16,7,13,945,1,1,1,1,2,59
201600012811,16,7,17,2100,1,1,1,1,6,59
201600012812,16,7,19,1700,1,1,1,1,2,74
201600012813,16,9,19,600,3,1,1,1,5,59
201600012814,16,2,12,1600,1,1,1,4,4,214
201600012815,16,8,14,800,1,1,1,1,6,138
201600012816,16,8,27,1000,1,1,1,1,6,138
201600012817,16,9,7,1945,2,1,1,1,6,50
201600012818,16,2,3,730,5,2,1,1,1,159
201600012819,16,3,7,630,3,1,1,1,3,337
201600012820,16,3,12,845,1,1,1,1,4,333
201600012821,16,8,24,915,1,2,1,1,6,159
201600012822,16,9,5,830,1,1,1,1,3,108
201600012823,16,9,21,1045,1,1,9,1,3,337
201600012824,16,10,15,1415,1,1,3,1,3,108
201600012825,16,12,6,1415,1,1,1,1,3,333
201600012826,16,12,23,915,1,1,1,1,3,333
201600012827,16,1,12,1215,1,1,1,1,5,373
201600012828,16,2,3,1715,2,1,1,4,2,237
201600012829,16,6,12,230,5,1,1,1,7,274
201600012830,16,11,6,1745,3,1,1,2,3,283
201600012831,16,11,10,1745,5,1,1,3,1,14
201600012832,16,12,18,315,3,1,1,1,1,87
201600012833,16,1,26,1000,1,1,1,1,6,535
201600012834,16,5,4,815,1,1,3,1,2,685
201600012835,16,6,11,1345,1,1,2,1,3,200
201600012836,16,7,13,945,1,2,1,1,2,191
201600012837,16,8,15,1715,1,1,1,1,1,535
201600012838,16,8,26,1145,1,2,3,1,6,515
201600012839,16,9,19,2215,3,1,1,1,3,49
201600012840,16,1,8,1700,1,1,1,1,3,69
201600012841,16,2,11,1900,1,1,1,1,7,51
201600012842,16,3,31,1845,1,1,1,1,3,51
201600012843,16,5,9,730,1,1,1,1,3,51
201600012844,16,5,5,2130,3,1,1,1,6,51
201600012845,16,8,5,845,1,1,1,1,5,51
201600012846,16,9,24,1830,2,1,1,1,3,51
201600012847,16,9,30,745,1,1,1,1,5,51
201600012848,16,11,20,615,3,1,1,1,1,51
201600012849,16,11,25,1515,1,1,1,2,3,9
201600012850,16,12,16,1945,3,1,1,1,3,44
201600012851,16,12,18,1845,3,1,1,1,7,44
201600012852,16,1,28,700,2,1,1,1,2,118
201600012853,16,2,18,30,3,1,9,1,3,118
201600012854,16,3,9,2115,3,1,1,1,2,118
201600012855,16,8,23,1600,1,1,1,1,7,186
201600012856,16,9,7,800,1,1,9,1,6,175
201600012857,16,9,8,1515,1,1,1,1,7,220
201600012858,16,9,23,2345,3,1,1,1,6,75
201600012859,16,9,27,1715,1,1,1,1,6,75
201600012860,16,10,11,745,1,2,1,1,6,82
201600012861,16,11,10,1945,3,1,1,1,6,118
201600012862,16,1,20,1945,3,1,1,1,2,327
201600012863,16,3,27,1645,1,1,1,1,3,113
201600012864,16,6,4,1645,1,1,1,1,3,82
201600012865,16,7,2,1145,1,1,1,1,6,113
201600012866,16,8,13,1100,1,1,1,1,4,300
201600012867,16,5,1,1515,1,1,1,1,6,84
201600012868,16,5,14,1300,1,2,1,1,5,84
201600012869,16,6,20,1500,1,2,6,1,6,84
201600012870,16,8,31,1900,1,1,1,1,1,84
201600012871,16,11,6,1528,1,1,6,1,2,84
201600012872,16,5,3,1215,1,1,1,1,1,18
201600012873,16,5,18,1615,1,1,2,1,5,127
201600012874,16,6,17,1315,1,1,1,1,1,245
201600012875,16,6,29,1000,1,1,1,1,5,110
201600012876,16,8,12,1710,1,1,1,1,2,323
201600012877,16,10,24,830,2,1,1,2,4,377
201600012878,16,10,28,1715,1,1,1,1,6,377
201600012879,16,11,22,1600,1,1,1,1,2,127
201600012880,16,4,5,1145,1,1,1,2,2,209
201600012881,16,7,4,1445,1,1,1,1,7,261
201600012882,16,12,24,2145,3,1,1,1,7,133
201600012883,16,10,14,1020,1,1,1,1,6,94
201600012884,16,12,17,1530,1,1,1,7,2,134
201600012885,16,3,26,2215,3,1,1,1,6,93
201600012886,16,4,25,1345,1,1,1,1,6,354
201600012887,16,5,5,1500,1,1,1,1,3,198
201600012888,16,6,3,2315,3,2,1,1,6,4
201600012889,16,7,13,1,3,1,1,1,6,349
201600012890,16,7,28,1115,1,2,1,1,6,349
201600012891,16,8,9,1830,1,2,3,1,3,349
201600012892,16,11,21,1821,5,2,6,8,6,387
201600012893,16,10,13,1622,1,2,1,2,7,387
201600012894,16,10,19,1630,1,1,1,1,6,60
201600012895,16,12,15,1838,3,1,1,1,2,333
201600012896,16,12,19,1429,1,2,1,1,6,362
201600012897,16,12,27,1855,5,2,1,5,2,297
201600012898,16,12,24,1520,1,2,3,1,3,387
201600012899,16,1,6,1757,5,2,1,2,3,387
201600012900,16,8,3,2025,1,2,6,1,6,343
201600012901,16,1,20,1413,1,1,1,1,1,333
201600012902,16,1,8,1734,2,2,3,1,3,297
201600012903,16,1,22,2046,2,2,2,3,3,387
201600012904,16,1,23,1008,1,2,1,1,2,387
201600012905,16,1,26,852,1,2,6,1,2,333
201600012906,16,1,22,2300,5,2,3,3,3,387
201600012907,16,1,25,1815,5,2,1,1,2,387
201600012908,16,2,18,1030,1,2,1,1,6,362
201600012909,16,2,22,619,5,2,6,1,3,387
201600012910,16,2,22,1209,1,2,2,1,2,387
201600012911,16,2,15,1945,5,2,1,1,6,387
201600012912,16,2,3,1500,1,2,1,1,3,387
201600012913,16,2,15,1950,3,2,1,1,2,81
201600012914,16,2,28,1555,1,2,1,1,6,387
201600012915,16,2,23,2025,5,2,1,1,6,387
201600012916,16,2,24,1320,1,2,1,1,4,387
201600012917,16,3,7,1852,5,2,1,2,6,81
201600012918,16,3,15,1623,1,2,3,1,3,325
201600012919,16,3,9,1230,1,2,1,1,6,387
201600012920,16,3,8,2123,5,2,1,8,6,387
201600012921,16,3,6,2020,4,1,1,1,1,81
201600012922,16,3,29,850,1,2,6,1,6,387
201600012923,16,3,17,1048,1,2,3,1,6,387
201600012924,16,3,25,1414,1,2,1,1,6,387
201600012925,16,4,3,1054,1,2,6,1,3,387
201600012926,16,4,5,1055,1,2,1,1,6,333
201600012927,16,4,6,1735,1,2,1,1,3,387
201600012928,16,4,27,1627,1,2,3,1,3,387
201600012929,16,3,21,1830,1,2,1,1,6,343
201600012930,16,4,16,1329,1,2,1,1,6,387
201600012931,16,4,20,1640,1,2,1,1,3,81
201600012932,16,5,14,1653,1,2,1,1,6,343
201600012933,16,5,24,1722,1,2,2,1,3,387
201600012934,16,5,25,1400,1,2,1,1,3,387
201600012935,16,5,28,2003,1,2,1,1,6,81
201600012936,16,1,16,2220,1,1,1,1,3,387
201600012937,16,7,14,1835,1,2,1,1,6,387
201600012938,16,7,1,1608,1,2,1,1,3,343
201600012939,16,7,1,823,1,2,1,1,6,387
201600012940,16,7,30,951,1,2,3,1,6,387
201600012941,16,7,12,1355,1,2,1,1,3,387
201600012942,16,7,31,1416,1,2,3,1,3,387
201600012943,16,7,28,1820,1,2,3,1,6,387
201600012944,16,8,3,1557,1,2,2,1,1,387
201600012945,16,8,3,1655,1,2,3,1,3,81
201600012946,16,8,12,1830,1,2,1,1,3,333
201600012947,16,8,30,1046,1,2,3,1,3,325
201600012948,16,8,19,1505,1,2,3,1,6,387
201600012949,16,8,19,1743,1,2,1,1,3,387
201600012950,16,9,9,1809,1,2,1,1,6,387