Num_Acc,an,mois,jour,hrmn,lum,agg,int,atm,col,com
201600012951,16,9,12,1939,1,2,1,1,6,387
201600012952,16,9,7,1453,1,2,1,1,6,387
201600012953,16,9,16,1329,1,2,1,1,6,387
201600012954,16,9,27,1443,1,2,3,1,3,362
201600012955,16,9,29,1055,1,2,2,1,2,387
201600012956,16,10,7,109,5,2,1,1,7,343
201600012957,16,10,5,1500,1,1,1,1,2,81
201600012958,16,10,13,1818,2,2,3,2,6,343
201600012959,16,10,11,1516,1,1,1,1,2,333
201600012960,16,10,1,1741,1,2,1,1,6,81
201600012961,16,10,24,1454,1,1,1,2,7,81
201600012962,16,10,22,1,5,2,3,1,3,362
201600012963,16,10,18,1649,1,2,1,1,6,362
201600012964,16,10,30,422,5,2,1,5,2,362
201600012965,16,11,3,742,1,2,3,1,3,387
201600012966,16,11,3,855,1,2,1,1,6,387
201600012967,16,11,5,1514,1,2,3,1,5,387
201600012968,16,11,18,1327,1,2,1,1,6,362
201600012969,16,11,5,1037,1,2,3,1,3,387
201600012970,16,11,8,940,1,2,1,1,3,387
201600012971,16,11,7,1840,5,2,3,1,3,387
201600012972,16,11,8,1039,1,2,2,1,6,387
201600012973,16,12,8,1735,1,2,1,1,6,362
201600012974,16,12,1,1444,1,2,3,1,3,387
201600012975,16,1,27,900,1,2,1,1,6,152
201600012976,16,2,6,600,5,2,6,8,7,152
201600012977,16,8,7,2330,3,1,1,1,6,49
201600012978,16,8,28,2015,2,1,1,8,6,247
201600012979,16,9,21,1600,1,2,6,1,7,212
201600012980,16,12,19,1500,1,1,9,1,6,212
201600012981,16,12,30,615,5,1,1,5,7,124
201600012982,16,4,2,1545,1,1,1,1,1,389
201600012983,16,9,14,2130,3,1,1,1,6,309
201600012984,16,9,24,1615,1,2,1,1,1,343
201600012985,16,9,27,1830,1,2,9,1,1,389
201600012986,16,11,7,700,2,1,9,1,4,389
201600012987,16,11,16,915,1,2,1,3,3,309
201600012988,16,3,3,2015,5,1,1,1,6,38
201600012989,16,3,12,945,1,2,1,1,1,112
201600012990,16,3,25,730,1,1,1,1,1,148
201600012991,16,4,3,1815,1,1,4,1,3,89
201600012992,16,4,13,1700,1,2,1,1,3,105
201600012993,16,7,27,1000,1,1,1,1,2,112
201600012994,16,5,29,2000,1,1,1,1,1,148
201600012995,16,1,2,1230,1,1,1,3,6,258
201600012996,16,3,9,1800,2,1,1,4,5,238
201600012997,16,8,22,1615,1,1,1,1,2,394
201600012998,16,12,17,1630,1,1,1,1,6,62
201600012999,16,2,7,800,2,1,1,8,7,13
201600013000,16,10,25,630,3,1,1,5,6,46
201600013001,16,3,5,1145,1,1,1,8,3,530
201600013002,16,5,10,100,3,1,1,1,6,193
201600013003,16,6,2,830,1,1,1,1,3,530
201600013004,16,6,10,1800,1,1,2,1,3,530
201600013005,16,7,11,30,3,1,1,1,1,193
201600013006,16,8,26,15,3,1,1,1,6,193
201600013007,16,9,26,2000,3,1,9,1,3,352
201600013008,16,12,18,815,1,2,1,5,7,193
201600013009,16,12,31,1815,1,1,1,1,5,31
201600013010,16,2,13,1345,1,1,1,3,6,158
201600013011,16,7,29,30,3,1,1,1,6,97
201600013012,16,9,3,30,3,1,1,1,6,31
201600013013,16,11,29,1415,1,1,9,1,6,31
201600013014,16,2,4,1120,1,1,1,1,6,91
201600013015,16,5,23,1600,1,1,1,6,7,49
201600013016,16,8,23,1530,1,1,1,1,7,75
201600013017,16,9,26,1030,1,1,1,1,6,13
201600013018,16,11,12,1730,2,1,1,1,2,75
201600013019,16,11,27,1430,1,1,1,1,6,112
201600013020,16,1,15,1100,1,2,1,1,6,113
201600013021,16,4,8,1000,1,2,1,1,6,113
201600013022,16,5,20,1645,1,1,1,1,2,80
201600013023,16,6,15,800,1,1,1,1,1,80
201600013024,16,7,11,1600,1,1,1,1,3,113
201600013025,16,7,20,1215,1,2,6,1,3,113
201600013026,16,8,25,1900,1,1,1,1,3,113
201600013027,16,3,9,2200,3,1,1,1,1,183
201600013028,16,6,24,1000,1,1,1,1,3,183
201600013029,16,10,1,545,3,1,1,1,2,183
201600013030,16,10,24,645,3,1,1,1,5,7
201600013031,16,12,16,1200,1,1,1,1,2,118
201600013032,16,12,30,1300,1,1,1,1,6,118
201600013033,16,4,9,1730,1,1,1,1,1,500
201600013034,16,5,17,900,1,2,1,1,1,33
201600013035,16,6,14,1745,1,1,1,1,1,88
201600013036,16,8,13,1500,1,1,1,1,6,356
201600013037,16,8,19,2300,3,1,3,1,1,410
201600013038,16,11,9,1815,3,1,1,1,3,450
201600013039,16,2,15,2000,3,1,1,1,1,206
201600013040,16,7,12,1715,1,1,1,2,3,32
201600013041,16,7,25,645,1,2,1,1,7,352
201600013042,16,8,5,215,4,2,1,1,6,352
201600013043,16,9,8,1500,1,1,6,1,6,352
201600013044,16,10,25,1815,1,1,1,1,3,208
201600013045,16,10,31,1100,1,1,3,1,2,266
201600013046,16,12,6,815,1,2,6,7,6,206
201600013047,16,12,6,815,2,2,9,9,6,266
201600013048,16,12,18,1535,1,1,1,5,7,32
201600013049,16,2,21,1630,1,1,1,8,6,205
201600013050,16,2,29,2045,3,1,1,1,2,151
201600013051,16,4,5,1915,3,1,1,2,2,506
201600013052,16,4,20,715,1,1,1,1,6,463
201600013053,16,5,25,745,1,1,1,8,2,205
201600013054,16,9,16,715,2,1,1,1,7,151
201600013055,16,9,21,1800,1,1,1,1,4,237
201600013056,16,1,29,1730,2,1,1,2,5,397
201600013057,16,5,31,2015,1,2,1,1,3,397
201600013058,16,12,24,2340,5,2,1,1,6,69
201600013059,16,12,4,2130,5,2,1,1,3,69
201600013060,16,1,23,2340,3,1,1,5,1,69
201600013061,16,2,2,1205,1,2,1,1,6,69
201600013062,16,12,22,1600,1,1,1,1,2,69
201600013063,16,1,23,500,5,1,1,3,7,69
201600013064,16,1,27,1240,1,2,1,1,4,69
201600013065,16,1,10,1628,1,1,1,1,6,69
201600013066,16,2,13,600,5,2,3,2,3,69
201600013067,16,2,22,1920,5,2,1,1,6,69
201600013068,16,2,19,2030,3,1,1,1,6,69
201600013069,16,3,9,1357,1,1,1,2,3,69
201600013070,16,3,2,1645,1,2,1,2,5,69
201600013071,16,3,10,1845,1,1,1,1,4,69
201600013072,16,3,13,1114,1,2,1,1,3,69
201600013073,16,3,24,1515,1,2,1,1,6,69
201600013074,16,3,27,1110,1,1,6,1,3,69
201600013075,16,4,11,905,1,1,1,1,1,69
201600013076,16,3,28,1920,2,1,1,1,3,69
201600013077,16,3,21,1625,1,2,1,1,6,69
201600013078,16,4,18,2110,2,2,1,1,3,69
201600013079,16,4,29,1122,1,2,1,1,6,69
201600013080,16,4,3,1225,1,2,1,1,6,69
201600013081,16,4,30,1550,1,2,1,1,1,69
201600013082,16,5,13,645,1,1,1,2,7,69
201600013083,16,4,16,1816,1,1,1,1,5,69
201600013084,16,5,17,1040,1,2,1,1,3,69
201600013085,16,5,15,1440,1,2,1,1,3,69
201600013086,16,5,19,2145,5,2,1,1,3,69
201600013087,16,5,2,2340,5,2,1,1,6,69
201600013088,16,5,15,605,5,2,1,1,3,69
201600013089,16,4,24,1730,1,2,1,1,3,69
201600013090,16,5,28,1455,1,1,6,1,3,69
201600013091,16,5,12,1305,1,1,1,1,3,69
201600013092,16,5,21,1300,1,2,1,1,2,69
201600013093,16,6,13,2147,2,2,1,1,3,69
201600013094,16,6,12,2130,1,1,1,1,3,69
201600013095,16,6,24,220,3,2,1,1,2,69
201600013096,16,6,29,1030,1,2,1,1,3,69
201600013097,16,6,16,1800,1,2,1,1,1,69
201600013098,16,7,1,905,1,1,1,1,3,69
201600013099,16,7,9,510,3,1,1,1,6,69
201600013100,16,6,24,1509,1,2,1,1,4,69
201600013101,16,6,25,2155,2,1,1,1,2,69
201600013102,16,7,28,1702,1,2,1,1,3,69
201600013103,16,7,30,1010,1,2,1,1,3,69
201600013104,16,7,6,2055,1,2,1,1,6,69
201600013105,16,8,16,1220,1,1,1,1,1,69
201600013106,16,8,14,620,2,1,1,1,7,69
201600013107,16,7,26,1900,1,1,1,1,3,69
201600013108,16,7,28,1118,1,2,6,1,2,69
201600013109,16,8,23,1849,1,1,1,1,1,69
201600013110,16,8,11,1515,1,2,3,1,3,69
201600013111,16,8,22,2005,1,1,1,1,3,69
201600013112,16,9,2,1640,1,1,2,1,3,69
201600013113,16,9,9,1438,1,1,1,1,3,69
201600013114,16,9,24,1050,1,2,1,1,6,69
201600013115,16,10,2,450,3,1,1,1,3,69
201600013116,16,9,9,205,5,2,1,1,7,69
201600013117,16,10,4,1740,1,1,1,1,3,69
201600013118,16,10,7,400,5,2,6,1,6,69
201600013119,16,10,20,1215,1,1,1,1,7,69
201600013120,16,10,4,2255,4,2,3,1,3,69
201600013121,16,10,14,1933,5,2,1,3,6,69
201600013122,16,10,20,1715,1,1,1,1,5,69
201600013123,16,10,21,200,5,2,1,1,7,69
201600013124,16,11,15,1815,3,2,1,1,5,69
201600013125,16,11,16,1050,1,1,1,1,6,69
201600013126,16,12,9,1808,2,1,1,1,1,37
201600013127,16,12,17,1930,3,1,1,1,2,69
201600013128,16,1,28,100,3,1,1,2,6,94
201600013129,16,2,24,1700,1,2,6,1,1,44
201600013130,16,3,7,1400,1,1,1,1,5,561
201600013131,16,3,21,1245,1,1,1,1,2,488
201600013132,16,5,5,1915,1,2,1,1,5,555
201600013133,16,5,7,1400,1,1,1,1,3,228
201600013134,16,5,11,2030,2,1,1,1,1,587
201600013135,16,5,28,1000,1,1,1,1,3,89
201600013136,16,9,1,1715,1,1,1,1,4,459
201600013137,16,9,30,30,3,1,9,1,4,358
201600013138,16,10,6,2110,3,1,9,1,2,118
201600013139,16,10,27,850,1,1,1,5,4,467
201600013140,16,10,29,1220,1,1,1,1,3,117
201600013141,16,11,21,705,2,1,1,1,4,118
201600013142,16,12,22,1800,3,1,1,3,4,462
201600013143,16,1,12,620,3,1,1,8,5,306
201600013144,16,6,3,1830,1,1,1,8,7,480
201600013145,16,9,11,1300,1,1,1,1,6,165
201600013146,16,1,4,1820,2,2,1,1,6,262
201600013147,16,1,8,1800,5,2,3,1,3,262
201600013148,16,1,12,1735,1,1,1,1,2,262
201600013149,16,1,14,1045,1,2,3,1,3,262
201600013150,16,12,28,1555,1,2,1,1,3,262
201600013151,16,2,4,1955,1,2,1,1,2,262
201600013152,16,12,30,1250,1,2,1,1,3,262
201600013153,16,12,23,1800,2,1,1,1,2,262
201600013154,16,2,12,1505,1,2,3,2,3,262
201600013155,16,12,23,1625,1,2,1,1,3,262
201600013156,16,2,12,1645,1,2,3,1,1,262
201600013157,16,2,19,1500,1,2,6,1,2,262
201600013158,16,2,21,1745,2,2,3,1,6,262
201600013159,16,3,3,1424,1,2,2,1,1,262
201600013160,16,3,19,307,5,1,1,1,1,262
201600013161,16,3,26,955,1,2,1,1,6,262
201600013162,16,3,16,1035,1,2,1,1,6,262
201600013163,16,3,18,2340,5,2,3,1,3,262
201600013164,16,10,27,1830,2,2,1,1,3,262
201600013165,16,4,5,1730,1,2,3,1,6,262
201600013166,16,4,10,1040,1,2,1,1,6,262
201600013167,16,4,15,755,1,2,3,1,2,262
201600013168,16,4,15,1720,1,2,3,1,1,262
201600013169,16,5,5,900,1,2,1,1,6,262
201600013170,16,5,12,1530,1,2,1,1,1,262
201600013171,16,5,12,1835,1,1,1,1,6,262
201600013172,16,5,24,1630,1,2,1,1,2,262
201600013173,16,5,28,840,1,2,9,1,1,262
201600013174,16,4,28,1318,1,2,6,1,2,262
201600013175,16,5,30,2150,5,2,1,1,6,262
201600013176,16,5,10,725,2,2,6,1,3,262
201600013177,16,6,16,1305,1,2,6,1,3,262
201600013178,16,6,21,1705,1,1,3,1,3,262
201600013179,16,6,23,1405,1,2,1,1,3,262
201600013180,16,6,29,1625,1,2,4,1,1,262
201600013181,16,7,20,2220,5,1,1,1,6,262
201600013182,16,6,20,750,1,2,1,1,4,262
201600013183,16,5,24,1155,1,2,1,1,2,262
201600013184,16,7,4,1400,1,2,1,1,2,262
201600013185,16,8,17,1605,1,1,1,1,2,262
201600013186,16,8,20,35,5,2,3,1,1,262
201600013187,16,8,19,1035,1,2,1,1,6,262
201600013188,16,7,30,1650,1,1,1,1,2,262
201600013189,16,9,14,1440,1,2,1,1,2,262
201600013190,16,8,6,1010,1,2,3,1,3,262
201600013191,16,9,24,1800,1,2,6,1,1,262
201600013192,16,9,23,1100,1,2,3,1,1,262
201600013193,16,9,27,1615,1,2,1,1,6,262
201600013194,16,9,27,1540,1,2,1,1,7,262
201600013195,16,10,5,1240,1,1,1,1,6,262
201600013196,16,10,8,1726,1,2,3,1,3,262
201600013197,16,10,13,1800,1,1,3,2,3,262
201600013198,16,10,18,905,1,2,1,1,2,262
201600013199,16,10,18,945,1,2,1,1,6,262
201600013200,16,10,24,1650,1,2,6,1,3,262
201600013201,16,11,8,1925,3,2,1,1,6,262
201600013202,16,10,28,1640,1,2,1,1,2,262
201600013203,16,10,25,1700,1,1,1,1,2,262
201600013204,16,10,29,400,5,2,1,1,6,262
201600013205,16,10,27,1122,1,2,3,1,6,262
201600013206,16,10,25,950,1,2,6,1,2,262
201600013207,16,11,22,1940,5,1,1,8,2,262
201600013208,16,11,27,515,5,2,3,1,3,262
201600013209,16,11,24,2020,3,2,1,1,2,262
201600013210,16,11,19,414,5,2,1,1,7,262
201600013211,16,11,25,759,2,1,3,1,3,262
201600013212,16,11,24,1245,1,2,1,1,2,262
201600013213,16,11,30,1255,1,2,1,1,3,262
201600013214,16,12,3,850,1,2,6,1,3,262
201600013215,16,12,13,1830,5,2,1,1,6,262
201600013216,16,12,16,1845,5,2,3,1,3,262
201600013217,16,12,17,1200,1,2,4,1,3,262
201600013218,16,1,23,1616,1,2,3,1,3,262
201600013219,16,2,10,800,1,1,1,1,1,299
201600013220,16,4,25,1545,1,1,1,1,2,139
201600013221,16,4,30,1600,1,1,1,1,7,82
201600013222,16,7,20,1845,1,1,1,1,1,246
201600013223,16,7,22,1545,1,1,1,1,3,313
201600013224,16,7,21,1745,1,1,1,1,6,30
201600013225,16,10,6,2015,3,1,1,1,5,313
201600013226,16,6,10,900,1,1,3,1,3,50
201600013227,16,8,5,1145,1,1,9,1,3,91
201600013228,16,9,25,115,3,1,1,1,3,50
201600013229,16,10,11,1415,1,1,9,1,2,91
201600013230,16,10,21,1645,1,1,1,1,1,91
201600013231,16,11,6,1615,1,2,1,1,6,50
201600013232,16,1,25,1630,1,2,1,1,1,36
201600013233,16,3,18,1800,1,1,1,1,3,169
201600013234,16,5,25,2345,3,1,1,1,1,347
201600013235,16,6,17,1430,1,1,1,1,3,169
201600013236,16,7,19,1615,1,2,1,1,4,36
201600013237,16,9,7,830,1,1,1,1,3,169
201600013238,16,10,8,1545,1,2,2,1,3,333
201600013239,16,11,17,1745,3,2,1,1,5,36
201600013240,16,11,17,730,2,1,1,1,4,36
201600013241,16,2,11,300,3,1,1,3,6,34
201600013242,16,7,1,1600,1,1,1,1,6,9
201600013243,16,5,2,1245,1,1,1,1,1,433
201600013244,16,6,20,1030,1,1,1,1,6,286
201600013245,16,7,30,545,3,1,1,8,2,286
201600013246,16,9,3,1915,2,1,9,7,6,458
201600013247,16,9,20,515,3,1,1,1,5,349
201600013248,16,9,26,2100,3,1,1,1,4,107
201600013249,16,9,30,1700,1,1,1,1,2,181
201600013250,16,10,11,710,3,1,1,1,2,458
201600013251,16,11,9,530,3,1,9,3,4,433
201600013252,16,12,9,542,3,1,9,2,2,395
201600013253,16,6,20,1045,1,1,1,1,6,657
201600013254,16,6,20,1330,1,1,1,1,1,657
201600013255,16,7,11,1415,1,1,1,1,2,169
201600013256,16,7,23,1415,1,1,1,1,7,660
201600013257,16,10,15,1225,1,1,1,1,2,660
201600013258,16,12,12,835,3,1,1,2,6,305
201600013259,16,5,17,645,1,1,1,1,6,270
201600013260,16,5,21,530,2,1,1,1,1,124
201600013261,16,8,1,1000,1,1,1,1,6,124
201600013262,16,8,6,1345,1,1,1,1,5,296
201600013263,16,9,3,2200,5,2,3,1,6,585
201600013264,16,10,24,1850,2,1,9,8,2,503
201600013265,16,12,8,725,2,1,1,1,2,76
201600013266,16,1,8,930,1,1,1,8,3,98
201600013267,16,3,15,1530,1,1,1,7,2,215
201600013268,16,4,8,1630,1,1,1,1,6,180
201600013269,16,4,12,2000,1,1,1,1,6,378
201600013270,16,8,5,1515,1,1,1,1,6,138
201600013271,16,8,20,1045,1,1,1,1,6,21
201600013272,16,8,26,1,3,1,1,1,7,2
201600013273,16,8,29,1200,1,1,2,1,3,41
201600013274,16,10,18,1615,1,1,1,1,3,180
201600013275,16,1,31,1630,1,1,1,2,3,241
201600013276,16,5,14,1730,1,1,1,8,1,205
201600013277,16,10,7,1645,1,2,3,1,1,164
201600013278,16,11,22,1900,3,1,1,1,1,241
201600013279,16,12,7,1615,1,2,1,1,6,164
201600013280,16,4,13,1645,1,1,1,1,6,21
201600013281,16,6,20,1230,1,1,1,3,6,131
201600013282,16,6,24,1715,1,1,1,1,1,131
201600013283,16,9,2,1130,1,1,1,1,2,813
201600013284,16,10,11,1600,1,1,1,1,2,131
201600013285,16,11,16,715,2,1,1,2,2,725
201600013286,16,11,24,2045,3,1,1,1,2,718
201600013287,16,12,9,1950,3,1,1,1,6,702
201600013288,16,12,24,1000,1,1,1,8,2,58
201600013289,16,5,25,1600,1,1,1,1,6,1
201600013290,16,8,5,1045,1,1,1,1,2,1
201600013291,16,8,3,1045,1,2,1,1,6,248
201600013292,16,11,11,900,1,1,1,8,6,203
201600013293,16,3,7,1645,1,1,1,4,4,508
201600013294,16,4,4,1430,1,1,1,1,7,191
201600013295,16,4,24,700,2,1,1,1,7,506
201600013296,16,5,11,1015,1,1,1,2,2,159
201600013297,16,6,10,1715,1,1,1,1,1,17
201600013298,16,7,23,1115,1,1,1,1,7,229
201600013299,16,8,31,1430,1,1,1,1,6,534
201600013300,16,9,7,1630,1,1,1,1,5,492
201600013301,16,11,6,1615,2,1,9,4,4,49
201600013302,16,2,28,1600,1,2,6,1,6,89
201600013303,16,12,31,420,3,1,1,1,6,13
201600013304,16,5,3,1015,1,2,1,1,6,89
201600013305,16,5,7,1910,1,2,3,1,6,89
201600013306,16,6,28,1305,1,1,3,1,3,305
201600013307,16,7,12,755,1,2,1,3,6,89
201600013308,16,7,26,2240,5,2,3,1,6,89
201600013309,16,7,29,1055,1,2,6,1,6,89
201600013310,16,10,24,1820,2,2,1,2,5,89
201600013311,16,11,2,1215,1,2,3,1,3,89
201600013312,16,3,11,1405,1,2,1,1,2,145
201600013313,16,5,11,1055,1,1,1,1,6,145
201600013314,16,5,15,1550,1,2,2,1,3,145
201600013315,16,7,20,647,1,1,1,1,1,145
201600013316,16,9,29,907,1,2,6,1,3,145
201600013317,16,9,28,1230,1,2,1,1,3,145
201600013318,16,12,11,1230,1,2,1,1,7,145
201600013319,16,12,19,630,2,1,9,8,7,123
201600013320,16,1,8,1840,2,1,2,1,5,202
201600013321,16,12,24,535,5,2,1,1,6,176
201600013322,16,1,8,2130,3,1,1,2,7,202
201600013323,16,1,25,530,5,1,2,1,3,176
201600013324,16,2,9,1850,1,2,7,2,6,202
201600013325,16,2,15,840,1,2,1,1,2,202
201600013326,16,2,15,1210,1,1,1,1,7,202
201600013327,16,2,26,1205,1,2,3,1,6,202
201600013328,16,3,7,1200,1,2,1,1,3,176
201600013329,16,3,9,1200,1,2,7,3,6,202
201600013330,16,3,25,2015,5,2,3,2,3,146
201600013331,16,4,12,1720,1,2,3,1,2,202
201600013332,16,4,23,1530,1,2,1,1,5,202
201600013333,16,5,11,2200,5,2,1,3,6,202
201600013334,16,5,24,1540,1,1,1,1,7,202
201600013335,16,5,27,1425,1,1,1,1,7,202
201600013336,16,6,1,1710,1,1,1,1,5,202
201600013337,16,6,10,1035,1,2,3,1,6,176
201600013338,16,7,8,1425,1,1,1,1,5,176
201600013339,16,7,22,1305,1,1,1,1,5,176
201600013340,16,7,26,2000,1,1,1,1,6,202
201600013341,16,7,27,1405,1,2,1,1,3,202
201600013342,16,8,23,710,1,1,1,1,7,176
201600013343,16,8,29,1945,1,2,2,1,3,174
201600013344,16,9,1,1725,1,1,1,1,6,176
201600013345,16,9,14,815,1,1,1,1,5,176
201600013346,16,9,24,1052,1,1,1,1,6,202
201600013347,16,9,30,1230,1,2,1,1,7,202
201600013348,16,10,26,1615,1,1,1,1,5,176
201600013349,16,11,6,1840,2,1,1,2,5,202
201600013350,16,11,10,1935,2,2,1,1,6,202
201600013351,16,11,14,1620,1,1,2,1,6,176
201600013352,16,12,2,1430,1,1,1,1,1,176
201600013353,16,12,6,1635,1,2,1,1,6,202
201600013354,16,12,6,1745,3,1,1,1,1,176
201600013355,16,7,22,1630,1,1,1,1,6,145
201600013356,16,12,1,630,3,1,1,1,2,204
201600013357,16,2,26,30,3,1,1,1,7,524
201600013358,16,3,5,1145,1,1,1,2,3,524
201600013359,16,4,19,1645,1,1,1,1,1,266
201600013360,16,6,6,1100,1,1,1,1,7,524
201600013361,16,10,1,2130,3,1,1,2,7,524
201600013362,16,10,21,1830,2,1,1,1,1,212
201600013363,16,12,8,1815,5,2,7,1,6,545
201600013364,16,1,25,645,3,1,1,1,6,229
201600013365,16,3,10,700,2,1,1,1,1,199
201600013366,16,8,6,1700,1,1,1,1,6,283
201600013367,16,9,8,1115,1,1,1,1,6,345
201600013368,16,9,22,1400,1,1,1,1,6,226
201600013369,16,2,5,1515,1,1,1,1,1,77
201600013370,16,4,19,1630,1,1,1,1,1,165
201600013371,16,10,24,1000,1,1,1,2,3,124
201600013372,16,12,19,1715,3,1,1,1,2,215
201600013373,16,1,5,1730,2,1,1,2,7,263
201600013374,16,9,17,120,3,1,1,2,3,130
201600013375,16,11,19,1400,1,1,1,8,1,2
201600013376,16,11,30,930,1,1,1,1,1,2
201600013377,16,2,26,2200,3,1,1,1,5,442
201600013378,16,6,18,1730,1,1,1,3,3,437
201600013379,16,8,10,900,1,1,1,1,2,415
201600013380,16,8,27,900,1,1,1,1,3,216
201600013381,16,9,22,1645,1,2,1,1,5,100
201600013382,16,11,17,1530,1,1,1,1,6,95
201600013383,16,1,5,2050,3,2,1,1,3,1
201600013384,16,1,16,1127,1,1,3,1,3,1
201600013385,16,1,21,1445,1,1,1,1,5,1
201600013386,16,1,21,2125,3,1,1,1,2,1
201600013387,16,2,1,1,5,2,1,1,2,1
201600013388,16,2,7,20,5,2,2,1,7,1
201600013389,16,2,11,1100,1,1,2,1,5,1
201600013390,16,2,13,1950,3,1,1,8,1,1
201600013391,16,2,25,1420,1,1,2,1,6,1
201600013392,16,2,29,1840,5,2,1,1,3,1
201600013393,16,2,25,1830,5,2,1,1,3,1
201600013394,16,3,3,1500,1,1,1,1,3,1
201600013395,16,3,5,220,5,2,1,2,6,1
201600013396,16,3,8,1800,2,2,1,1,6,1
201600013397,16,3,11,2300,3,1,1,1,1,1
201600013398,16,3,12,1930,5,2,1,1,3,1
201600013399,16,3,13,150,5,2,3,1,3,1
201600013400,16,3,15,1045,1,2,1,1,6,1
201600013401,16,1,5,1700,3,2,1,1,6,1
201600013402,16,1,14,1920,5,1,9,2,6,1
201600013403,16,3,24,1830,1,2,1,1,6,1
201600013404,16,3,26,1200,1,1,1,1,6,1
201600013405,16,3,28,2200,5,2,6,1,2,1
201600013406,16,2,28,2100,3,1,1,1,6,1
201600013407,16,4,4,1230,1,1,1,1,2,1
201600013408,16,4,7,1945,1,2,1,1,3,1
201600013409,16,4,11,1345,1,2,6,1,3,1
201600013410,16,4,16,1950,1,1,1,1,2,1
201600013411,16,4,17,1530,1,1,3,1,5,1
201600013412,16,4,13,1940,1,1,1,1,4,1
201600013413,16,4,20,250,4,1,1,1,2,1
201600013414,16,3,22,1600,1,2,6,1,6,1
201600013415,16,4,28,1650,1,2,9,1,7,1
201600013416,16,4,30,1710,1,1,1,2,6,1
201600013417,16,4,30,230,3,1,1,1,6,1
201600013418,16,4,30,1300,1,2,8,1,6,1
201600013419,16,5,1,2100,2,2,6,1,3,1
201600013420,16,5,9,2100,5,2,1,2,3,1
201600013421,16,5,19,1710,1,2,4,1,3,1
201600013422,16,5,30,2040,2,2,1,1,3,1
201600013423,16,5,30,1700,1,2,1,1,6,1
201600013424,16,6,10,2325,3,1,1,1,7,1
201600013425,16,6,22,110,5,2,2,1,2,1
201600013426,16,6,23,855,1,2,6,1,3,1
201600013427,16,4,12,1500,1,2,1,1,6,1
201600013428,16,6,25,1915,1,2,1,1,1,1
201600013429,16,6,21,2015,2,1,1,1,3,1
201600013430,16,6,27,815,1,2,6,1,3,1
201600013431,16,7,3,1215,1,2,1,1,6,1
201600013432,16,6,27,1530,1,1,1,1,6,1
201600013433,16,7,4,430,5,2,1,1,7,1
201600013434,16,5,25,1410,1,1,1,1,3,1
201600013435,16,7,8,1335,1,1,1,1,3,1
201600013436,16,7,8,1402,1,1,1,1,6,1
201600013437,16,7,10,515,5,1,1,1,2,1
201600013438,16,7,25,1230,1,1,1,1,2,1
201600013439,16,8,5,400,3,1,1,1,6,1
201600013440,16,8,12,1450,1,1,3,1,1,1
201600013441,16,8,17,1625,1,2,6,1,3,1
201600013442,16,8,17,1755,1,1,1,1,1,1
201600013443,16,9,1,1720,1,1,1,1,2,1
201600013444,16,9,9,840,1,2,1,1,6,1
201600013445,16,9,9,1645,1,2,1,1,3,1
201600013446,16,9,5,1205,1,2,1,1,3,1
201600013447,16,9,12,750,1,1,1,1,2,1
201600013448,16,9,15,1327,1,1,8,1,3,1
201600013449,16,9,19,845,1,2,1,1,6,1
201600013450,16,9,2,1430,1,2,1,1,6,1
201600013451,16,9,7,830,1,2,1,1,1,1
201600013452,16,9,21,1050,1,2,1,1,6,1
201600013453,16,9,21,1340,1,1,1,1,1,1
201600013454,16,9,24,1845,1,2,1,1,6,1
201600013455,16,8,1,1530,1,1,1,1,6,1
201600013456,16,9,30,740,1,2,1,1,6,1
201600013457,16,10,7,1010,1,2,1,1,6,1
201600013458,16,10,12,750,2,1,1,1,5,1
201600013459,16,10,27,745,2,1,3,1,3,1
201600013460,16,11,13,545,5,1,6,1,7,1
201600013461,16,11,13,1800,5,1,1,1,2,1
201600013462,16,11,15,2235,5,2,1,1,3,1
201600013463,16,11,17,1840,3,1,1,1,6,1
201600013464,16,11,20,2220,5,2,1,1,2,1
201600013465,16,11,29,2230,5,2,1,1,5,1
201600013466,16,12,10,1720,2,2,1,1,1,1
201600013467,16,12,17,1145,1,2,1,1,7,1
201600013468,16,12,21,1750,3,1,1,1,4,1
201600013469,16,12,22,915,1,2,1,1,6,1
201600013470,16,12,23,1015,1,1,1,1,6,1
201600013471,16,1,1,545,5,2,1,2,6,4
201600013472,16,2,2,1945,5,2,1,1,1,4
201600013473,16,2,13,40,5,1,6,9,7,4
201600013474,16,2,18,510,3,1,1,1,6,4
201600013475,16,2,26,1830,1,2,1,1,5,4
201600013476,16,3,3,1940,2,2,2,1,3,4
201600013477,16,3,28,2345,5,2,9,1,3,4
201600013478,16,4,9,1855,1,2,1,1,3,4
201600013479,16,4,20,1925,1,2,1,1,6,4
201600013480,16,4,28,1414,1,2,1,1,6,4
201600013481,16,5,1,540,5,2,1,1,6,4
201600013482,16,5,6,150,5,2,3,1,3,4
201600013483,16,5,25,1620,1,2,4,1,3,4
201600013484,16,6,12,1930,1,2,4,1,6,4
201600013485,16,6,12,1900,1,2,1,1,6,4
201600013486,16,6,19,1955,1,2,6,1,7,4
201600013487,16,6,30,1500,1,1,1,1,6,4
201600013488,16,7,3,220,3,1,1,1,1,4
201600013489,16,7,7,850,1,2,1,1,6,4
201600013490,16,7,14,900,1,2,1,1,6,4
201600013491,16,7,20,1235,1,2,1,7,6,4
201600013492,16,8,29,906,1,2,1,1,6,4
201600013493,16,7,26,1500,1,2,1,1,2,4