Num_Acc,an,mois,jour,hrmn,lum,agg,int,atm,col,com
201600013494,16,10,20,1130,1,2,1,1,3,4
201600013495,16,11,9,1100,1,2,3,8,3,4
201600013496,16,11,23,2320,5,2,9,1,6,4
201600013497,16,11,26,700,2,1,1,1,2,4
201600013498,16,1,3,1245,1,2,1,1,2,5
201600013499,16,1,3,1830,5,2,3,1,2,5
201600013500,16,1,6,945,1,2,1,2,2,5
201600013501,16,1,8,1800,5,2,3,1,3,5
201600013502,16,1,9,2225,5,1,1,1,6,5
201600013503,16,1,11,1920,5,2,1,8,6,5
201600013504,16,1,14,1600,1,2,1,2,6,5
201600013505,16,1,20,1200,1,2,1,1,2,5
201600013506,16,1,20,1740,5,2,1,1,1,5
201600013507,16,1,22,1715,1,2,1,1,3,5
201600013508,16,1,23,820,2,2,1,1,7,5
201600013509,16,1,24,1820,3,1,1,1,1,5
201600013510,16,1,29,1100,1,2,1,1,6,5
201600013511,16,2,3,700,5,1,1,1,1,5
201600013512,16,2,5,950,1,2,1,1,6,5
201600013513,16,2,6,1300,1,2,1,1,6,5
201600013514,16,2,8,1855,1,1,1,1,3,70
201600013515,16,2,11,940,1,2,1,1,6,5
201600013516,16,2,12,2125,5,1,1,1,7,5
201600013517,16,2,16,1355,1,2,1,1,6,5
201600013518,16,2,19,1525,1,2,1,1,6,5
201600013519,16,2,19,1555,1,2,3,1,3,5
201600013520,16,2,20,1030,1,2,3,1,3,5
201600013521,16,2,20,1830,5,1,1,1,1,5
201600013522,16,2,26,830,1,2,6,1,3,5
201600013523,16,2,28,1410,1,2,1,8,6,5
201600013524,16,3,7,1025,1,2,6,1,7,5
201600013525,16,3,10,1730,1,2,1,1,6,5
201600013526,16,3,19,2000,5,2,1,1,6,5
201600013527,16,3,22,740,1,1,1,1,6,5
201600013528,16,3,23,625,1,2,1,1,6,5
201600013529,16,3,31,820,1,2,3,1,6,5
201600013530,16,3,31,930,1,1,1,1,3,5
201600013531,16,4,4,1640,1,2,3,1,3,5
201600013532,16,4,8,450,5,2,1,1,3,5
201600013533,16,4,8,1400,1,2,1,1,6,5
201600013534,16,4,12,1802,1,2,3,1,1,5
201600013535,16,4,19,1840,1,2,3,1,6,5
201600013536,16,4,20,2000,1,2,3,1,3,5
201600013537,16,4,21,645,1,2,2,1,3,5
201600013538,16,4,20,1830,1,2,1,1,6,5
201600013539,16,4,24,1005,1,2,1,1,2,70
201600013540,16,4,26,1300,1,2,1,1,6,5
201600013541,16,4,29,820,1,1,3,1,5,5
201600013542,16,5,1,1415,1,1,1,1,1,5
201600013543,16,4,29,1220,1,1,1,1,2,5
201600013544,16,5,3,1300,1,1,1,1,3,5
201600013545,16,5,3,1800,1,2,2,1,6,5
201600013546,16,5,5,1615,1,1,1,1,6,5
201600013547,16,5,6,845,1,2,1,1,3,5
201600013548,16,5,12,1220,1,2,1,1,1,5
201600013549,16,5,18,850,1,2,1,1,6,5
201600013550,16,5,24,1640,1,2,3,1,3,5
201600013551,16,5,30,1820,1,1,1,1,1,5
201600013552,16,6,4,2150,5,2,1,1,3,5
201600013553,16,6,5,1250,1,2,1,1,6,5
201600013554,16,6,5,2235,5,2,1,1,1,5
201600013555,16,6,6,1620,1,2,3,1,3,5
201600013556,16,6,13,2000,1,2,1,1,6,5
201600013557,16,6,23,1810,1,2,1,1,3,5
201600013558,16,6,23,2035,1,1,1,1,3,5
201600013559,16,6,26,2045,1,1,1,1,3,5
201600013560,16,6,29,1230,1,2,1,1,6,70
201600013561,16,7,2,1030,1,1,1,1,2,5
201600013562,16,7,4,830,1,1,1,1,3,5
201600013563,16,7,5,815,1,1,1,1,2,5
201600013564,16,7,6,1720,1,2,1,1,2,5
201600013565,16,7,9,1915,1,1,2,1,3,5
201600013566,16,7,10,1745,1,2,1,1,6,70
201600013567,16,7,16,2130,1,2,1,1,1,5
201600013568,16,7,18,811,1,1,1,1,4,5
201600013569,16,7,28,845,1,2,9,1,3,5
201600013570,16,7,31,2100,1,2,1,1,2,5
201600013571,16,8,1,1520,1,2,1,1,7,5
201600013572,16,8,4,2130,5,2,3,1,1,5
201600013573,16,8,5,1745,1,2,9,1,3,5
201600013574,16,8,6,935,1,1,1,1,2,5
201600013575,16,8,2,800,1,1,6,1,3,5
201600013576,16,8,8,1715,1,2,1,1,6,5
201600013577,16,8,10,1700,1,2,3,1,1,5
201600013578,16,8,12,945,1,2,2,1,3,5
201600013579,16,8,13,1040,1,2,2,1,3,5
201600013580,16,8,19,1330,1,2,3,1,3,5
201600013581,16,8,23,1230,1,2,4,1,6,5
201600013582,16,8,25,2220,5,1,9,1,6,5
201600013583,16,9,1,1100,1,2,1,1,6,5
201600013584,16,9,4,1815,1,2,1,1,3,5
201600013585,16,8,27,1110,1,2,1,1,6,5
201600013586,16,9,6,810,1,2,1,1,3,5
201600013587,16,9,12,1030,1,2,2,1,3,5
201600013588,16,9,12,1330,1,2,8,1,6,5
201600013589,16,9,27,1930,2,2,1,2,6,5
201600013590,16,9,28,1330,1,1,3,1,3,5
201600013591,16,10,10,2215,5,2,1,1,6,5
201600013592,16,10,13,1600,1,2,1,8,1,5
201600013593,16,10,14,1235,1,1,1,2,3,5
201600013594,16,10,21,1830,5,2,1,1,2,5
201600013595,16,10,26,1940,5,2,2,1,3,70
201600013596,16,10,28,1610,1,2,1,1,1,70
201600013597,16,10,29,1520,1,2,1,1,6,5
201600013598,16,11,3,855,1,1,1,1,2,5
201600013599,16,11,3,1540,1,2,1,1,1,5
201600013600,16,11,4,1900,5,2,1,1,3,5
201600013601,16,11,8,1125,1,2,1,1,3,70
201600013602,16,11,9,1830,5,1,1,1,1,5
201600013603,16,11,11,1720,2,1,1,6,6,5
201600013604,16,11,12,1850,5,2,1,1,6,5
201600013605,16,11,14,935,1,2,3,2,3,5
201600013606,16,11,17,2010,5,2,2,1,3,5
201600013607,16,11,19,1505,1,2,1,1,3,5
201600013608,16,11,23,830,1,2,1,1,6,5
201600013609,16,12,2,1145,1,2,1,1,2,5
201600013610,16,12,3,1254,1,2,1,1,3,5
201600013611,16,12,1,1205,1,2,3,1,3,70
201600013612,16,12,6,1530,1,2,1,1,6,5
201600013613,16,12,7,1610,1,2,1,1,3,5
201600013614,16,12,9,1930,5,2,2,1,1,5
201600013615,16,12,15,1915,5,2,3,2,3,5
201600013616,16,12,18,1500,1,2,1,1,3,5
201600013617,16,12,21,1725,5,2,1,1,2,5
201600013618,16,12,22,1535,1,2,1,1,2,5
201600013619,16,12,25,1300,1,2,3,1,3,5
201600013620,16,12,28,2300,5,2,1,1,6,5
201600013621,16,1,7,1350,1,2,6,1,2,28
201600013622,16,1,7,1745,5,2,1,1,6,28
201600013623,16,1,10,1300,1,2,1,1,3,28
201600013624,16,1,12,1505,1,2,1,1,6,28
201600013625,16,1,13,2045,3,2,1,1,2,28
201600013626,16,1,14,710,2,2,6,2,3,28
201600013627,16,1,17,1800,3,2,3,1,3,28
201600013628,16,1,20,1727,1,2,3,1,3,28
201600013629,16,1,21,1310,1,2,1,1,3,28
201600013630,16,1,21,1330,1,2,3,1,1,28
201600013631,16,1,27,120,5,2,1,1,1,28
201600013632,16,1,28,920,1,2,1,1,2,28
201600013633,16,2,1,830,1,2,1,1,7,28
201600013634,16,2,4,1030,1,2,1,1,2,28
201600013635,16,2,4,1330,1,1,3,1,3,28
201600013636,16,2,4,1620,1,2,2,1,6,28
201600013637,16,2,5,840,1,2,1,1,6,28
201600013638,16,2,5,913,1,2,1,1,6,28
201600013639,16,2,6,1320,1,1,1,1,1,28
201600013640,16,2,10,1015,1,2,1,8,6,28
201600013641,16,2,11,15,5,2,6,1,3,28
201600013642,16,2,22,1100,1,2,6,8,3,28
201600013643,16,2,23,1810,3,2,1,6,3,28
201600013644,16,2,24,2007,2,2,2,1,1,28
201600013645,16,2,26,1000,1,2,1,1,2,28
201600013646,16,2,28,130,5,2,1,3,3,28
201600013647,16,3,2,810,1,2,1,1,1,28
201600013648,16,3,5,1410,1,1,1,1,3,28
201600013649,16,3,9,1830,1,1,1,1,1,28
201600013650,16,3,10,1800,1,2,6,1,2,28
201600013651,16,3,13,1350,1,2,6,8,4,28
201600013652,16,3,14,1110,1,2,1,1,3,28
201600013653,16,3,19,1450,1,2,1,1,2,28
201600013654,16,3,23,1700,1,2,1,1,3,28
201600013655,16,3,26,1540,1,2,3,1,4,28
201600013656,16,4,11,1430,1,2,6,1,3,28
201600013657,16,4,13,1420,1,2,3,1,1,28
201600013658,16,4,15,835,1,2,1,1,1,28
201600013659,16,4,18,1930,1,1,3,1,1,28
201600013660,16,4,18,2130,5,2,6,1,3,28
201600013661,16,4,19,1640,1,1,6,1,3,28
201600013662,16,4,25,1200,1,2,6,1,1,28
201600013663,16,4,27,1430,1,1,2,1,2,28
201600013664,16,5,4,800,1,2,1,1,1,28
201600013665,16,5,4,1840,1,2,1,1,1,28
201600013666,16,5,4,2000,1,2,6,1,1,28
201600013667,16,5,8,1530,1,2,1,1,4,28
201600013668,16,5,12,950,1,2,2,1,3,28
201600013669,16,5,15,1445,1,2,3,1,1,28
201600013670,16,5,16,1615,1,1,1,1,5,28
201600013671,16,5,20,1200,1,2,3,1,1,28
201600013672,16,5,21,1025,1,1,3,1,3,28
201600013673,16,5,25,1825,1,2,3,1,1,28
201600013674,16,5,26,825,1,2,1,1,4,28
201600013675,16,5,26,1920,1,2,1,1,2,28
201600013676,16,6,1,840,1,2,1,1,6,28
201600013677,16,6,1,1830,1,2,3,1,3,28
201600013678,16,6,5,1,3,2,1,1,1,28
201600013679,16,6,4,1600,1,2,6,1,2,28
201600013680,16,6,9,2115,2,2,2,1,3,28
201600013681,16,6,12,40,5,2,1,1,1,28
201600013682,16,6,12,1200,1,2,6,1,3,28
201600013683,16,6,17,1530,1,2,1,1,3,28
201600013684,16,6,18,1050,1,2,1,1,6,28
201600013685,16,6,26,1010,1,2,3,1,1,28
201600013686,16,6,26,1340,1,2,1,1,3,28
201600013687,16,7,4,1420,1,2,6,1,3,28
201600013688,16,7,7,1820,1,2,6,1,6,28
201600013689,16,7,8,920,1,2,6,1,3,28
201600013690,16,7,8,1900,1,2,1,1,2,28
201600013691,16,7,8,1930,1,2,1,1,6,28
201600013692,16,7,14,2110,2,1,2,1,3,28
201600013693,16,7,14,2345,5,2,1,1,7,28
201600013694,16,7,17,1250,1,2,1,1,6,28
201600013695,16,7,21,905,1,2,1,1,6,28
201600013696,16,7,21,1735,1,2,1,1,3,28
201600013697,16,7,21,1755,1,2,3,1,3,28
201600013698,16,7,23,410,5,2,3,1,1,28
201600013699,16,7,25,1445,1,2,1,1,5,28
201600013700,16,7,26,1140,1,1,1,1,1,28
201600013701,16,7,27,2250,5,2,1,1,3,28
201600013702,16,7,29,15,5,2,1,1,1,28
201600013703,16,7,29,1225,1,2,6,1,3,28
201600013704,16,8,4,1100,1,2,1,1,6,28
201600013705,16,8,5,1700,1,2,3,1,6,28
201600013706,16,8,6,1120,1,2,1,1,6,28
201600013707,16,8,14,1015,1,2,1,1,2,28
201600013708,16,8,14,1930,1,2,1,1,3,112
201600013709,16,8,17,1500,1,2,1,1,1,28
201600013710,16,8,18,2115,3,2,2,1,3,28
201600013711,16,8,19,50,5,2,6,1,6,28
201600013712,16,8,20,150,3,1,1,1,7,28
201600013713,16,8,22,1000,1,2,3,1,2,28
201600013714,16,8,22,1350,1,2,1,1,6,28
201600013715,16,8,23,1230,1,2,2,1,3,28
201600013716,16,8,24,1100,1,2,3,1,1,28
201600013717,16,8,24,1420,1,2,3,1,3,28
201600013718,16,8,25,1645,1,2,1,1,3,28
201600013719,16,8,26,1605,1,2,1,1,3,28
201600013720,16,9,4,1030,1,2,3,1,6,28
201600013721,16,9,3,2130,5,2,3,1,1,28
201600013722,16,9,4,1810,1,2,6,1,3,28
201600013723,16,9,5,2150,5,2,1,1,2,28
201600013724,16,9,6,1820,1,2,3,1,6,28
201600013725,16,9,9,2338,3,1,3,1,3,28
201600013726,16,9,11,1750,1,2,3,1,7,28
201600013727,16,9,17,1640,1,2,1,1,6,28
201600013728,16,9,22,820,1,2,1,7,6,28
201600013729,16,9,24,1200,1,2,1,1,2,28
201600013730,16,10,3,845,1,2,1,1,3,28
201600013731,16,10,5,1740,1,2,3,1,3,28
201600013732,16,10,6,1630,1,2,1,2,2,28
201600013733,16,10,7,2200,5,2,1,1,3,28
201600013734,16,10,14,1300,1,1,1,2,1,28
201600013735,16,10,22,1025,1,2,1,1,7,28
201600013736,16,10,24,750,1,2,1,1,4,28
201600013737,16,10,29,1120,1,2,1,1,1,28
201600013738,16,10,29,1620,1,2,1,1,2,28
201600013739,16,11,7,855,1,2,1,1,2,28
201600013740,16,11,9,840,1,2,3,1,6,28
201600013741,16,11,10,1650,1,2,1,1,6,28
201600013742,16,11,14,715,2,2,6,2,3,28
201600013743,16,11,15,755,1,2,6,1,1,28
201600013744,16,11,19,1030,1,2,6,1,3,28
201600013745,16,11,19,2105,5,2,1,1,1,28
201600013746,16,11,21,1325,1,2,1,2,4,28
201600013747,16,11,22,800,1,1,1,3,5,28
201600013748,16,11,24,1920,5,2,1,3,1,28
201600013749,16,11,27,950,1,2,1,1,6,28
201600013750,16,11,27,1910,5,2,6,1,3,28
201600013751,16,11,29,1520,1,2,1,1,6,28
201600013752,16,11,29,1730,1,2,6,1,3,28
201600013753,16,12,7,1515,1,1,1,1,1,28
201600013754,16,12,9,1000,1,2,1,1,2,28
201600013755,16,12,13,1850,3,2,1,1,1,28
201600013756,16,12,21,1820,3,1,1,1,1,28
201600013757,16,12,23,1615,1,2,6,1,3,28
201600013758,16,12,26,1800,1,2,1,1,6,28
201600013759,16,7,9,1900,1,2,1,1,3,368
201600013760,16,1,29,1800,3,2,9,2,6,47
201600013761,16,1,16,1730,2,1,1,6,1,47
201600013762,16,3,12,1825,2,2,1,1,7,63
201600013763,16,5,25,1215,1,2,6,1,3,63
201600013764,16,6,12,1845,1,1,1,1,6,98
201600013765,16,7,24,644,1,2,1,1,6,63
201600013766,16,8,18,1540,1,1,2,1,3,47
201600013767,16,10,29,1415,1,1,1,1,1,63
201600013768,16,1,5,1350,1,2,1,1,2,54
201600013769,16,1,6,1920,5,2,3,1,1,54
201600013770,16,1,8,1210,1,2,1,1,3,54
201600013771,16,1,19,535,5,2,2,2,3,43
201600013772,16,12,7,725,2,1,1,1,6,43
201600013773,16,2,3,1430,1,2,3,1,1,54
201600013774,16,2,8,2100,4,2,1,1,3,54
201600013775,16,2,23,1754,1,2,1,1,6,54
201600013776,16,2,25,745,1,2,1,1,1,102
201600013777,16,3,2,850,1,2,1,1,3,54
201600013778,16,3,3,1700,1,2,1,1,6,54
201600013779,16,2,26,1815,2,2,1,1,3,43
201600013780,16,3,18,1930,5,2,1,1,6,54
201600013781,16,3,20,500,3,1,1,1,2,43
201600013782,16,3,26,1710,1,1,1,1,3,43
201600013783,16,5,3,1616,1,2,1,1,6,54
201600013784,16,5,5,1840,1,1,1,1,5,43
201600013785,16,5,22,1355,1,2,1,1,3,54
201600013786,16,5,23,1212,1,2,1,1,6,43
201600013787,16,6,7,1310,1,2,1,1,2,43
201600013788,16,6,9,1105,1,2,1,1,3,54
201600013789,16,6,27,1728,1,2,3,1,3,102
201600013790,16,6,29,1650,1,1,1,1,4,54
201600013791,16,7,9,1305,1,1,1,1,1,43
201600013792,16,7,14,1655,1,2,9,1,1,54
201600013793,16,7,26,1340,1,2,3,1,3,54
201600013794,16,7,27,1105,1,2,2,1,3,54
201600013795,16,8,14,1,5,1,1,1,2,54
201600013796,16,8,14,1000,1,2,1,1,2,102
201600013797,16,8,10,1230,1,1,1,1,6,54
201600013798,16,8,16,1755,1,2,1,1,5,54
201600013799,16,7,15,1330,1,2,1,1,7,102
201600013800,16,9,2,1838,1,1,1,1,1,43
201600013801,16,9,14,755,1,2,1,1,6,54
201600013802,16,9,20,1855,1,2,6,7,6,102
201600013803,16,9,21,1200,1,2,1,1,2,54
201600013804,16,9,25,1715,1,2,3,1,1,102
201600013805,16,9,26,1400,1,2,6,1,3,102
201600013806,16,9,27,2235,5,2,1,2,2,54
201600013807,16,9,28,1230,1,1,1,1,3,54
201600013808,16,10,5,2050,3,2,1,1,2,43
201600013809,16,10,14,2100,3,1,1,9,6,102
201600013810,16,10,25,1205,1,1,1,8,6,54
201600013811,16,10,27,1220,1,1,8,1,5,54
201600013812,16,11,4,1155,1,2,1,1,6,102
201600013813,16,11,17,905,1,2,9,1,3,54
201600013814,16,11,19,1235,1,2,3,1,1,43
201600013815,16,12,14,930,1,2,6,1,2,102
201600013816,16,12,18,1430,1,2,1,1,3,43
201600013817,16,12,22,1650,1,2,1,1,6,43
201600013818,16,12,24,1430,1,2,3,1,2,43
201600013819,16,1,1,200,5,2,1,1,6,55
201600013820,16,1,1,300,5,2,1,1,6,55
201600013821,16,1,1,400,5,2,1,1,6,55
201600013822,16,1,1,630,2,2,1,1,6,55
201600013823,16,1,1,500,5,2,1,1,6,55
201600013824,16,12,16,525,3,2,1,2,7,55
201600013825,16,1,1,1900,3,2,3,1,2,55
201600013826,16,12,16,900,1,2,1,1,3,55
201600013827,16,1,2,1545,1,2,1,2,2,55
201600013828,16,1,3,15,5,2,2,1,2,55
201600013829,16,1,3,930,1,2,1,1,6,55
201600013830,16,1,3,1200,1,1,1,1,4,55
201600013831,16,11,23,1720,1,2,1,1,6,55
201600013832,16,1,3,2325,5,2,1,2,2,55
201600013833,16,12,28,1330,1,2,1,1,2,55
201600013834,16,1,4,750,1,2,1,1,6,55
201600013835,16,1,4,2130,5,2,1,2,3,55
201600013836,16,1,4,2210,5,2,1,2,6,55
201600013837,16,1,4,2243,5,2,2,2,3,55
201600013838,16,12,28,1330,1,2,9,1,6,55
201600013839,16,1,4,1940,5,2,1,2,1,55
201600013840,16,11,23,2010,5,2,1,1,3,55
201600013841,16,1,5,1200,1,2,1,1,6,55
201600013842,16,12,7,950,1,2,1,1,3,55
201600013843,16,1,5,1509,1,2,1,1,2,55
201600013844,16,1,6,705,2,2,1,1,3,55
201600013845,16,1,6,830,1,2,1,1,6,55
201600013846,16,12,15,1040,1,1,1,1,6,55
201600013847,16,1,6,1045,1,2,1,2,4,55
201600013848,16,1,6,1720,2,2,1,1,3,55
201600013849,16,1,6,1820,5,2,1,1,6,55
201600013850,16,12,13,2020,5,2,1,1,3,55
201600013851,16,1,6,1330,1,1,2,1,3,55
201600013852,16,1,6,1830,2,2,1,1,6,55
201600013853,16,1,7,1820,5,2,1,1,5,75
201600013854,16,12,29,1200,1,2,6,1,2,55
201600013855,16,1,7,930,1,2,1,2,6,55
201600013856,16,1,7,1300,1,2,1,1,7,55
201600013857,16,1,7,1345,1,2,1,1,1,55
201600013858,16,1,7,1245,1,2,3,8,3,55
201600013859,16,1,8,640,5,2,1,1,6,55
201600013860,16,1,8,820,1,2,1,1,3,55
201600013861,16,1,7,2000,5,2,1,1,6,55
201600013862,16,1,2,1900,2,2,1,1,2,55
201600013863,16,1,8,1430,1,2,7,1,1,55
201600013864,16,12,22,2010,5,2,1,1,2,55
201600013865,16,1,8,1350,1,2,1,1,1,75
201600013866,16,1,4,910,1,1,1,1,7,2
201600013867,16,1,8,1925,5,1,3,1,3,55
201600013868,16,1,9,355,5,2,1,1,6,55
201600013869,16,1,6,1230,1,2,1,1,3,55
201600013870,16,1,9,345,5,2,2,1,6,55
201600013871,16,1,9,2130,5,2,1,1,3,55
201600013872,16,1,10,245,5,2,9,1,3,55
201600013873,16,1,10,225,5,2,1,8,6,55
201600013874,16,1,9,1120,1,2,1,1,7,55
201600013875,16,1,10,530,5,2,1,1,6,55
201600013876,16,1,10,700,5,2,2,1,3,55
201600013877,16,1,10,550,5,2,1,1,6,55
201600013878,16,1,9,1950,5,2,1,1,3,55
201600013879,16,1,10,1140,1,1,1,1,1,55
201600013880,16,1,10,1450,1,2,1,1,1,55
201600013881,16,1,10,1530,1,2,3,1,6,55
201600013882,16,1,10,1945,5,1,1,1,1,55
201600013883,16,1,11,930,1,2,2,1,3,55
201600013884,16,1,11,1330,1,2,1,2,3,55
201600013885,16,1,11,1530,1,2,1,1,2,55
201600013886,16,1,12,1115,1,2,1,1,6,55
201600013887,16,1,11,1310,1,2,1,2,1,55
201600013888,16,1,11,1840,5,1,3,1,7,55
201600013889,16,1,6,1650,1,2,1,1,3,75
201600013890,16,1,12,1500,1,2,3,1,6,55
201600013891,16,1,12,1630,1,2,3,1,3,55
201600013892,16,1,12,1630,1,2,1,1,3,55
201600013893,16,1,12,1900,1,2,1,1,3,55
201600013894,16,1,12,2030,5,2,1,1,6,55
201600013895,16,1,12,1645,2,2,1,1,7,55
201600013896,16,1,13,1400,1,2,1,1,6,55
201600013897,16,1,13,1845,5,2,1,1,6,55
201600013898,16,1,13,1800,5,2,1,1,3,55
201600013899,16,1,13,2005,3,2,1,1,1,55
201600013900,16,1,13,1925,5,2,1,1,6,55
201600013901,16,1,11,1300,1,2,2,8,6,55
201600013902,16,1,14,745,1,2,1,2,6,55
201600013903,16,1,14,845,1,2,1,2,2,55
201600013904,16,1,13,1830,5,2,1,1,2,55
201600013905,16,1,13,1850,5,2,1,1,3,55
201600013906,16,1,13,1638,1,2,1,1,2,55
201600013907,16,1,14,1435,1,2,1,1,6,55
201600013908,16,1,14,1810,2,2,1,2,3,55
201600013909,16,1,8,1605,1,2,1,1,3,55
201600013910,16,12,6,710,5,2,1,1,3,55
201600013911,16,1,14,1745,3,2,1,2,3,55
201600013912,16,1,9,1030,1,2,1,1,2,55
201600013913,16,1,15,845,1,2,1,1,5,55
201600013914,16,1,15,830,2,2,2,1,6,55
201600013915,16,1,11,840,1,2,1,6,6,55
201600013916,16,1,15,1200,1,2,1,1,6,55
201600013917,16,1,15,1715,2,1,1,1,7,55
201600013918,16,1,15,2250,5,2,1,1,3,55
201600013919,16,1,16,300,5,2,1,6,6,75
201600013920,16,1,15,1945,5,2,1,1,2,55
201600013921,16,1,16,400,3,2,1,1,1,55
201600013922,16,1,16,1900,5,2,1,1,2,55
201600013923,16,1,16,2045,5,2,1,1,6,55
201600013924,16,1,16,2030,5,2,1,1,1,55
201600013925,16,1,17,145,5,2,1,6,4,55
201600013926,16,10,28,730,1,2,1,1,3,55
201600013927,16,1,4,1315,1,2,1,1,7,55
201600013928,16,1,15,1430,1,2,2,6,3,55
201600013929,16,1,17,1430,1,2,3,1,2,55
201600013930,16,1,17,1810,5,2,1,1,3,55
201600013931,16,1,18,715,2,2,1,1,7,2
201600013932,16,1,18,730,1,2,1,1,1,55
201600013933,16,11,30,1530,1,2,2,1,6,55
201600013934,16,1,18,1115,1,2,3,1,3,55
201600013935,16,1,18,1400,1,2,1,2,2,55
201600013936,16,1,18,1230,1,2,1,2,6,55
201600013937,16,1,18,1620,1,2,1,2,3,55
201600013938,16,1,18,2015,5,2,3,2,1,55
201600013939,16,1,18,1630,1,2,1,2,1,55
201600013940,16,1,19,840,1,2,1,1,5,55
201600013941,16,1,19,1250,1,2,1,1,2,55
201600013942,16,1,15,1125,1,2,3,1,3,55
201600013943,16,1,19,1825,2,1,1,1,3,55
201600013944,16,1,14,1330,1,2,3,2,3,55
201600013945,16,1,19,1520,1,2,1,1,6,55
201600013946,16,1,15,1145,1,2,3,1,3,55
201600013947,16,1,20,1730,2,2,3,1,7,55
201600013948,16,1,19,1230,1,2,3,1,2,55
201600013949,16,1,20,1345,1,2,1,1,3,55
201600013950,16,1,21,910,1,1,1,1,4,55
201600013951,16,1,21,1200,1,2,1,1,6,55
201600013952,16,1,21,1445,1,2,1,1,2,55
201600013953,16,1,21,2345,5,2,6,1,1,55
201600013954,16,1,22,15,5,2,1,1,6,55
201600013955,16,1,19,1800,5,2,1,1,6,55
201600013956,16,1,22,730,1,2,1,1,6,55
201600013957,16,1,21,750,2,2,1,1,3,55
201600013958,16,1,18,930,1,2,1,1,3,55
201600013959,16,1,21,1400,1,2,3,1,2,55
201600013960,16,1,22,1415,1,2,1,1,2,55
201600013961,16,1,23,100,5,2,3,1,3,55
201600013962,16,1,23,1825,5,2,1,1,6,55
201600013963,16,1,23,1730,1,2,3,1,3,55
201600013964,16,1,23,2145,5,2,1,1,3,55
201600013965,16,1,18,2200,5,2,2,1,3,55
201600013966,16,1,23,1950,5,2,1,1,3,55
201600013967,16,1,22,1305,1,2,1,1,2,55
201600013968,16,1,21,1700,5,2,1,8,1,55
201600013969,16,1,24,1145,1,2,3,1,6,55
201600013970,16,1,24,1745,2,2,1,1,3,55
201600013971,16,1,24,1845,2,2,2,1,3,55
201600013972,16,1,24,2000,5,1,1,1,6,55
201600013973,16,1,24,2130,5,2,2,1,3,55
201600013974,16,1,20,1200,1,2,1,1,7,2
201600013975,16,1,23,1510,1,1,1,1,6,2
201600013976,16,1,25,900,1,2,1,1,1,55
201600013977,16,1,25,1345,1,2,1,1,3,55
201600013978,16,1,25,1800,1,2,1,1,6,55
201600013979,16,1,25,1645,2,2,1,1,1,55
201600013980,16,1,25,2130,5,2,1,1,6,55
201600013981,16,1,25,1200,1,2,1,1,6,55
201600013982,16,1,26,830,1,2,3,1,3,55
201600013983,16,1,26,1125,1,2,1,1,3,55
201600013984,16,1,26,1135,1,2,1,8,6,55
201600013985,16,1,26,1500,1,2,1,1,1,55
201600013986,16,1,26,2030,5,2,1,1,1,106
201600013987,16,1,27,1115,1,2,1,1,3,55
201600013988,16,1,22,1430,1,1,1,1,6,55
201600013989,16,1,24,1215,1,2,3,1,3,55
201600013990,16,1,27,1400,1,1,1,1,3,2
201600013991,16,1,27,2030,5,2,1,1,6,55
201600013992,16,1,27,2145,5,2,1,1,3,55
201600013993,16,1,27,2140,5,2,1,1,6,55
201600013994,16,1,20,1215,1,2,1,1,3,55
201600013995,16,1,28,655,5,2,1,1,4,55
201600013996,16,1,26,1640,1,2,1,1,3,55
201600013997,16,1,27,1420,1,2,3,1,2,55
201600013998,16,1,28,1400,1,2,2,1,5,55
201600013999,16,1,28,2100,5,2,2,1,6,55
201600014000,16,1,29,50,5,2,1,1,6,55
201600014001,16,1,23,1837,5,2,1,1,6,55
201600014002,16,1,29,2000,4,2,1,1,3,55
201600014003,16,1,29,2255,5,2,2,1,1,55
201600014004,16,1,29,1120,1,2,1,1,2,55
201600014005,16,1,27,1500,1,2,3,1,3,55
201600014006,16,9,7,1910,1,2,3,1,6,55
201600014007,16,1,27,1415,1,2,1,1,4,55
201600014008,16,9,8,1540,1,2,3,1,7,55
201600014009,16,1,30,1125,1,2,1,1,1,55
201600014010,16,1,30,1300,1,2,2,1,3,55
201600014011,16,1,30,1024,1,1,1,1,1,55
201600014012,16,1,30,1430,1,2,3,1,5,55
201600014013,16,1,30,1525,1,2,2,1,1,55
201600014014,16,1,31,200,5,2,1,1,2,55
201600014015,16,1,31,40,5,2,2,1,3,55
201600014016,16,1,31,545,5,2,3,1,3,55
201600014017,16,1,31,550,5,2,1,8,6,106
201600014018,16,1,28,820,1,2,1,1,1,2
201600014019,16,1,31,1150,1,1,1,1,3,55
201600014020,16,1,31,1258,1,2,2,1,6,55
201600014021,16,1,19,1650,1,2,1,1,3,55
201600014022,16,2,1,1550,1,2,1,1,6,55
201600014023,16,2,1,1850,5,2,1,1,3,55
201600014024,16,1,31,1935,5,2,3,1,1,106
201600014025,16,2,2,815,1,2,1,1,6,55
201600014026,16,2,2,1340,1,2,1,1,1,55
201600014027,16,2,2,1415,1,2,1,1,1,55
201600014028,16,2,2,1530,1,1,1,1,3,55
201600014029,16,2,2,800,1,2,1,1,3,2
201600014030,16,2,3,840,1,2,3,1,1,55
201600014031,16,2,3,1730,1,2,1,1,6,55
201600014032,16,2,4,57,5,2,2,1,3,55
201600014033,16,2,3,1330,1,2,1,1,3,55
201600014034,16,2,4,850,1,2,1,1,7,55
201600014035,16,2,4,1410,1,2,1,1,2,55
201600014036,16,2,4,1400,1,2,1,1,5,55
201600014037,16,2,4,1730,2,2,1,1,3,55
201600014038,16,2,4,1800,2,2,1,1,6,55
201600014039,16,2,3,1530,1,2,1,1,6,55
201600014040,16,1,21,1630,1,2,1,1,2,55
201600014041,16,1,28,1930,1,2,1,1,6,55
201600014042,16,2,5,720,1,2,1,1,3,55
201600014043,16,2,5,940,1,2,2,1,3,55
201600014044,16,2,4,1145,1,2,1,1,6,55
201600014045,16,2,5,1150,1,2,1,1,3,55
201600014046,16,2,5,1415,1,2,1,1,3,55