Num_Acc,an,mois,jour,hrmn,lum,agg,int,atm,col,com
201600014047,16,2,5,2010,5,2,1,1,3,55
201600014048,16,2,5,1810,5,2,1,1,1,55
201600014049,16,2,6,700,3,2,1,1,1,55
201600014050,16,1,13,930,1,2,1,1,3,55
201600014051,16,1,7,1845,2,2,1,1,3,55
201600014052,16,1,27,1100,1,2,3,1,2,55
201600014053,16,2,6,1620,1,2,1,1,4,55
201600014054,16,2,6,2130,5,1,3,1,3,55
201600014055,16,2,6,2320,5,2,1,2,3,55
201600014056,16,2,2,1150,1,2,1,1,2,55
201600014057,16,2,7,1420,1,2,3,1,3,55
201600014058,16,2,7,1500,1,2,3,1,3,55
201600014059,16,2,1,1845,5,2,1,1,3,55
201600014060,16,11,11,1830,5,2,1,2,3,55
201600014061,16,2,7,1945,5,2,1,1,3,55
201600014062,16,2,2,900,1,2,1,1,3,55
201600014063,16,2,7,1415,1,2,3,1,1,55
201600014064,16,1,31,1400,1,2,1,1,4,55
201600014065,16,2,8,1215,1,2,1,1,3,55
201600014066,16,2,5,350,5,2,1,1,6,55
201600014067,16,2,9,50,5,1,1,1,2,55
201600014068,16,2,9,1100,1,2,1,1,1,55
201600014069,16,2,9,1530,1,2,2,1,1,55
201600014070,16,2,9,2045,5,2,1,2,7,55
201600014071,16,2,10,700,1,2,1,1,7,55
201600014072,16,2,10,2010,5,1,1,1,3,55
201600014073,16,2,10,810,1,2,1,1,1,55
201600014074,16,2,11,1220,1,2,1,1,7,55
201600014075,16,2,11,1810,2,2,1,1,7,55
201600014076,16,2,11,2230,5,2,1,1,3,55
201600014077,16,2,12,1015,1,2,1,2,3,55
201600014078,16,2,12,1030,1,2,1,2,6,55
201600014079,16,2,12,1145,1,2,1,3,6,55
201600014080,16,2,13,1130,1,2,1,1,6,55
201600014081,16,2,13,1100,1,2,1,2,6,55
201600014082,16,2,12,2000,4,2,1,1,6,55
201600014083,16,2,13,1615,1,2,1,7,3,2
201600014084,16,2,12,1925,2,1,3,1,6,55
201600014085,16,2,14,300,5,2,3,8,1,55
201600014086,16,2,14,500,5,2,1,2,3,55
201600014087,16,2,14,1750,5,2,1,1,2,55
201600014088,16,2,11,1020,1,1,1,1,6,55
201600014089,16,2,14,1815,2,2,1,1,3,106
201600014090,16,2,15,220,5,2,1,1,2,55
201600014091,16,1,23,1230,1,2,1,1,6,55
201600014092,16,2,15,2215,5,2,1,1,3,55
201600014093,16,2,9,1915,5,2,1,1,5,55
201600014094,16,2,16,835,1,2,1,1,6,75
201600014095,16,2,16,1215,1,2,2,1,3,55
201600014096,16,2,16,1518,1,2,1,1,7,55
201600014097,16,2,16,1600,1,2,1,1,6,55
201600014098,16,2,16,2000,5,2,1,1,6,55
201600014099,16,2,16,2100,5,2,1,1,3,55
201600014100,16,2,15,1630,1,2,3,1,7,55
201600014101,16,2,17,710,2,2,1,1,3,55
201600014102,16,2,17,1330,1,2,1,1,7,55
201600014103,16,2,17,1600,1,2,3,1,6,55
201600014104,16,2,17,1930,1,2,3,1,3,55
201600014105,16,2,17,1900,3,2,1,1,1,55
201600014106,16,2,17,2020,5,2,1,1,1,75
201600014107,16,2,18,1000,1,2,3,1,3,106
201600014108,16,2,18,1630,1,2,7,1,6,55
201600014109,16,2,17,2115,5,2,1,1,3,55
201600014110,16,2,19,1045,1,2,1,1,3,55
201600014111,16,2,3,1232,1,2,1,1,7,55
201600014112,16,2,19,1800,1,1,1,1,6,55
201600014113,16,2,3,900,1,2,1,1,1,55
201600014114,16,2,19,1730,1,2,3,1,3,55
201600014115,16,2,20,930,1,2,1,1,4,55
201600014116,16,2,20,1345,1,2,1,1,3,55
201600014117,16,2,20,1610,1,2,1,1,6,55
201600014118,16,2,20,2130,5,2,1,1,6,55
201600014119,16,2,21,940,1,2,1,7,6,55
201600014120,16,10,20,750,1,2,1,1,7,55
201600014121,16,2,21,1230,1,2,1,1,5,55
201600014122,16,2,21,1530,1,2,3,1,6,55
201600014123,16,2,21,1415,1,2,1,1,1,55
201600014124,16,2,21,1945,5,2,1,1,5,55
201600014125,16,2,21,1345,1,2,2,1,2,55
201600014126,16,2,21,1900,1,2,1,1,3,55
201600014127,16,2,22,950,1,2,3,2,3,55
201600014128,16,2,22,750,1,2,1,2,1,55
201600014129,16,2,10,1250,1,2,3,1,3,55
201600014130,16,2,22,1330,1,2,3,1,1,55
201600014131,16,2,22,1245,1,2,1,8,3,55
201600014132,16,2,22,1550,1,2,1,1,3,55
201600014133,16,2,22,2015,5,2,1,1,3,55
201600014134,16,2,17,1230,1,2,3,1,1,55
201600014135,16,2,21,1730,1,2,1,1,4,55
201600014136,16,2,23,700,1,2,3,1,6,55
201600014137,16,2,23,745,1,2,3,1,3,55
201600014138,16,2,23,1145,1,2,1,1,2,55
201600014139,16,1,29,1505,1,2,2,1,3,55
201600014140,16,2,23,1340,1,2,1,1,7,55
201600014141,16,2,22,1930,2,2,3,1,3,55
201600014142,16,2,23,2250,5,2,1,1,7,55
201600014143,16,2,24,745,1,2,1,1,3,55
201600014144,16,2,15,1110,1,2,1,1,2,55
201600014145,16,2,24,1915,5,2,1,1,3,55
201600014146,16,2,24,1920,5,2,1,1,1,55
201600014147,16,2,23,1845,5,2,1,1,3,55
201600014148,16,2,25,650,2,1,1,1,3,55
201600014149,16,2,7,1255,1,2,1,1,3,55
201600014150,16,2,13,1240,1,2,1,1,4,55
201600014151,16,2,19,1700,1,2,1,1,1,55
201600014152,16,2,25,1400,1,2,3,1,5,55
201600014153,16,2,25,1445,1,2,1,1,1,55
201600014154,16,2,24,1300,1,2,3,1,3,55
201600014155,16,2,25,1845,2,2,2,1,5,55
201600014156,16,2,18,1430,1,2,1,1,1,55
201600014157,16,2,26,915,1,2,1,1,6,55
201600014158,16,2,18,1730,1,2,1,1,6,55
201600014159,16,2,2,1525,1,2,1,1,3,55
201600014160,16,2,23,740,1,2,1,1,2,55
201600014161,16,2,26,1400,1,2,1,1,2,55
201600014162,16,2,26,1700,1,2,2,1,6,55
201600014163,16,2,26,1530,1,2,1,1,3,55
201600014164,16,2,26,2120,5,2,1,2,6,55
201600014165,16,2,26,2240,5,2,4,2,6,55
201600014166,16,2,26,2250,5,2,1,2,6,55
201600014167,16,2,26,845,1,2,3,1,3,55
201600014168,16,2,18,1922,5,2,1,1,6,55
201600014169,16,2,27,1130,1,2,2,2,3,55
201600014170,16,2,26,1730,1,2,1,1,6,55
201600014171,16,2,27,2040,5,2,1,3,6,55
201600014172,16,2,26,1515,1,2,1,1,3,55
201600014173,16,2,27,1745,1,2,3,2,3,55
201600014174,16,2,27,1930,1,2,1,3,7,55
201600014175,16,2,27,2100,5,2,1,3,2,55
201600014176,16,2,28,715,5,2,1,3,6,55
201600014177,16,2,28,1520,1,2,1,1,6,55
201600014178,16,2,28,1820,2,2,1,1,6,55
201600014179,16,2,28,2100,5,2,3,2,3,55
201600014180,16,2,28,2115,5,2,2,2,3,55
201600014181,16,2,28,2230,5,2,1,2,3,55
201600014182,16,2,29,1130,1,2,1,1,1,55
201600014183,16,2,29,1130,1,2,1,1,3,55
201600014184,16,2,29,1630,1,2,1,1,7,55
201600014185,16,2,29,1445,1,2,3,1,3,55
201600014186,16,2,29,1700,1,2,1,1,4,55
201600014187,16,2,29,1900,5,2,1,1,2,55
201600014188,16,2,29,1930,5,2,6,1,3,55
201600014189,16,3,1,730,1,2,1,1,7,55
201600014190,16,3,1,1050,1,2,1,1,4,55
201600014191,16,3,1,1031,1,1,1,1,6,55
201600014192,16,3,1,1040,1,2,1,1,3,55
201600014193,16,2,19,1920,5,2,1,1,6,55
201600014194,16,3,1,1615,1,1,1,1,3,55
201600014195,16,2,26,1100,1,2,1,1,3,55
201600014196,16,3,1,1535,1,2,1,1,6,55
201600014197,16,3,1,1256,1,1,1,1,6,55
201600014198,16,3,1,2130,5,2,1,1,6,55
201600014199,16,3,1,845,1,2,1,1,3,55
201600014200,16,3,1,845,1,2,1,1,3,55
201600014201,16,3,2,1020,1,2,1,1,6,55
201600014202,16,3,1,2000,5,2,3,1,1,55
201600014203,16,3,2,1135,1,2,1,1,3,55
201600014204,16,3,1,1930,5,2,1,1,3,55
201600014205,16,2,23,905,1,2,4,1,3,55
201600014206,16,3,3,800,2,2,1,1,5,55
201600014207,16,3,1,1315,1,2,1,1,6,55
201600014208,16,2,20,1200,1,2,1,1,6,55
201600014209,16,2,26,1040,1,2,3,1,6,55
201600014210,16,3,3,2000,5,2,3,1,3,55
201600014211,16,3,4,1545,1,2,1,1,6,55
201600014212,16,3,4,1750,1,2,1,8,3,55
201600014213,16,3,4,1820,1,2,2,1,3,55
201600014214,16,3,4,2115,5,2,3,1,3,55
201600014215,16,3,4,2020,5,2,1,1,3,55
201600014216,16,3,5,400,5,2,1,2,6,55
201600014217,16,3,4,1530,1,2,1,1,2,55
201600014218,16,3,4,1620,1,2,1,1,6,55
201600014219,16,3,5,530,3,2,2,3,3,55
201600014220,16,3,5,1225,1,2,1,1,5,55
201600014221,16,3,5,2110,5,2,2,1,3,55
201600014222,16,3,5,2145,5,2,1,1,3,55
201600014223,16,2,15,1550,1,2,1,1,3,55
201600014224,16,2,26,1325,1,2,1,1,4,55
201600014225,16,3,6,645,1,2,1,1,1,55
201600014226,16,3,4,1330,1,2,1,1,1,55
201600014227,16,3,6,920,1,2,1,1,5,55
201600014228,16,3,6,1330,1,2,1,1,5,55
201600014229,16,3,6,2030,5,2,1,1,3,55
201600014230,16,3,7,35,4,2,1,1,6,55
201600014231,16,3,7,710,1,2,1,1,3,55
201600014232,16,3,7,730,1,2,1,1,3,55
201600014233,16,3,3,1200,1,2,1,1,5,55
201600014234,16,3,7,1130,1,2,1,1,7,55
201600014235,16,2,25,1940,5,2,1,1,3,55
201600014236,16,3,7,1340,1,2,1,1,7,2
201600014237,16,3,7,1330,1,2,1,1,3,55
201600014238,16,3,7,1320,1,2,1,1,3,55
201600014239,16,3,4,1015,1,2,1,1,3,55
201600014240,16,3,8,725,1,2,4,1,3,75
201600014241,16,3,8,730,1,2,3,1,7,55
201600014242,16,2,13,2045,5,2,1,1,6,55
201600014243,16,3,8,1400,1,2,1,1,3,55
201600014244,16,3,8,1230,1,2,1,1,3,55
201600014245,16,3,8,1500,1,2,8,1,6,55
201600014246,16,3,7,1925,5,2,1,1,3,55
201600014247,16,3,8,1440,1,2,1,1,4,55
201600014248,16,3,8,1815,2,2,1,1,2,55
201600014249,16,3,8,1805,1,2,1,1,2,55
201600014250,16,3,7,1630,1,2,3,1,3,55
201600014251,16,2,26,1045,1,2,1,1,7,55
201600014252,16,3,8,930,1,2,2,1,3,55
201600014253,16,2,24,1515,1,2,3,1,3,55
201600014254,16,3,9,1015,1,2,1,1,6,55
201600014255,16,12,13,1530,2,2,1,1,3,55
201600014256,16,3,7,1430,1,2,2,1,3,55
201600014257,16,3,9,1700,1,2,1,1,3,55
201600014258,16,3,9,2230,5,2,1,1,6,55
201600014259,16,3,3,650,1,2,3,1,6,55
201600014260,16,3,9,900,1,2,1,1,4,55
201600014261,16,3,9,800,1,2,2,1,6,55
201600014262,16,1,9,1400,1,2,2,1,2,55
201600014263,16,3,9,1820,2,2,1,1,3,55
201600014264,16,3,10,1300,1,2,1,1,3,55
201600014265,16,3,10,1639,1,1,1,1,3,55
201600014266,16,3,11,1320,1,2,1,1,2,55
201600014267,16,3,11,1502,1,2,1,1,6,55
201600014268,16,3,11,1540,1,2,1,1,7,55
201600014269,16,3,11,1540,1,2,1,8,2,55
201600014270,16,3,11,2020,5,2,1,1,5,55
201600014271,16,3,9,250,5,2,1,1,7,55
201600014272,16,3,12,120,5,2,3,1,1,55
201600014273,16,3,11,1240,1,2,1,1,6,55
201600014274,16,3,12,1315,1,1,6,1,3,55
201600014275,16,3,11,1915,2,2,6,1,3,55
201600014276,16,3,12,1435,1,2,1,1,7,55
201600014277,16,3,12,2130,5,2,6,1,3,55
201600014278,16,2,10,1335,1,2,3,1,1,55
201600014279,16,3,13,900,1,2,3,1,3,55
201600014280,16,3,13,125,5,2,1,1,3,55
201600014281,16,3,14,656,2,2,1,1,3,55
201600014282,16,3,14,1245,1,2,1,1,6,55
201600014283,16,3,14,1500,1,2,1,1,6,55
201600014284,16,3,14,1730,1,2,2,2,3,55
201600014285,16,3,14,2255,5,2,3,1,3,55
201600014286,16,3,14,2345,5,2,1,1,3,55
201600014287,16,3,15,100,4,2,6,1,3,55
201600014288,16,2,25,1145,1,2,1,1,6,55
201600014289,16,3,15,1730,1,2,1,1,3,55
201600014290,16,3,16,30,5,2,1,1,7,55
201600014291,16,3,16,150,5,2,1,1,2,55
201600014292,16,3,15,1045,1,2,1,1,3,55
201600014293,16,3,15,1045,1,2,1,1,6,55
201600014294,16,3,15,1235,1,2,2,1,3,55
201600014295,16,3,16,720,2,2,1,2,2,55
201600014296,16,3,14,1820,2,2,1,2,1,55
201600014297,16,3,16,915,1,2,1,2,6,55
201600014298,16,3,15,1635,1,2,1,1,1,55
201600014299,16,3,15,1850,2,2,1,1,6,55
201600014300,16,3,16,1340,1,2,3,2,3,55
201600014301,16,3,12,830,1,2,1,1,1,55
201600014302,16,3,6,1010,1,2,3,1,3,55
201600014303,16,3,16,2010,5,2,3,3,6,55
201600014304,16,3,16,1900,5,2,1,2,3,55
201600014305,16,3,15,1530,1,2,1,1,6,55
201600014306,16,3,16,1400,1,2,1,2,6,55
201600014307,16,3,17,1450,1,2,1,1,3,55
201600014308,16,3,17,1500,1,2,3,1,2,55
201600014309,16,3,17,1630,1,2,1,1,3,55
201600014310,16,3,17,1815,1,2,2,1,3,55
201600014311,16,3,16,1850,2,2,1,3,3,55
201600014312,16,3,17,1815,1,2,1,1,6,2
201600014313,16,3,18,710,1,2,1,1,6,55
201600014314,16,3,18,837,1,2,1,1,3,55
201600014315,16,3,17,1815,5,2,1,1,2,55
201600014316,16,3,18,1500,1,2,1,1,3,55
201600014317,16,3,18,1500,1,2,1,1,1,55
201600014318,16,3,18,1630,1,2,1,1,1,55
201600014319,16,3,18,2045,5,2,1,1,2,55
201600014320,16,3,18,2310,5,2,1,1,3,55
201600014321,16,3,18,1900,2,2,2,1,3,55
201600014322,16,3,19,1135,1,2,1,1,2,55
201600014323,16,3,15,1150,1,2,1,1,6,55
201600014324,16,3,16,730,1,2,2,2,3,55
201600014325,16,3,19,1900,2,2,1,1,6,55
201600014326,16,3,20,100,3,2,1,1,6,55
201600014327,16,3,20,1050,1,2,1,1,1,55
201600014328,16,3,19,1330,1,2,2,1,3,55
201600014329,16,3,20,1700,1,2,1,1,1,55
201600014330,16,3,21,745,1,2,1,1,4,55
201600014331,16,3,21,840,1,2,1,1,7,55
201600014332,16,3,21,1200,1,2,3,1,6,55
201600014333,16,3,18,300,5,2,6,1,7,55
201600014334,16,3,21,415,5,2,1,1,3,55
201600014335,16,3,11,420,5,2,1,1,6,55
201600014336,16,2,25,1315,1,2,1,1,7,55
201600014337,16,3,15,830,1,2,1,1,3,55
201600014338,16,3,16,1300,1,2,1,2,2,55
201600014339,16,2,15,1950,1,2,1,1,1,55
201600014340,16,3,22,2200,5,2,3,1,6,55
201600014341,16,3,22,1820,2,2,2,1,3,55
201600014342,16,3,18,830,1,2,1,1,6,55
201600014343,16,3,22,1945,5,2,6,1,6,55
201600014344,16,3,23,1300,1,2,1,1,6,55
201600014345,16,3,23,1230,1,2,1,1,4,55
201600014346,16,3,23,1710,1,2,1,1,3,55
201600014347,16,3,23,1515,1,2,1,1,2,55
201600014348,16,3,24,1535,1,2,1,1,6,55
201600014349,16,3,24,1820,1,2,1,1,3,55
201600014350,16,3,24,130,5,2,2,1,3,55
201600014351,16,3,24,2120,5,2,1,1,3,55
201600014352,16,3,24,1910,5,2,1,1,3,55
201600014353,16,3,25,812,1,1,1,1,6,55
201600014354,16,3,22,820,1,2,2,1,6,55
201600014355,16,3,22,1000,1,2,1,1,6,55
201600014356,16,3,25,1535,1,2,1,1,1,55
201600014357,16,3,25,2145,1,1,3,1,5,55
201600014358,16,3,24,9,5,2,1,1,3,55
201600014359,16,3,26,30,4,2,1,1,7,55
201600014360,16,3,26,1020,1,2,1,1,3,55
201600014361,16,3,25,1430,1,1,1,1,6,55
201600014362,16,2,26,815,1,2,1,1,5,55
201600014363,16,3,8,1330,1,2,3,1,3,55
201600014364,16,3,20,1750,2,1,2,1,3,55
201600014365,16,3,26,1450,1,2,1,1,3,55
201600014366,16,3,26,1520,1,2,1,1,5,55
201600014367,16,3,26,2000,5,2,1,1,2,55
201600014368,16,3,27,2130,5,2,1,1,1,55
201600014369,16,3,27,2020,3,2,1,1,7,55
201600014370,16,3,23,1110,1,2,1,1,6,55
201600014371,16,3,27,1910,5,2,1,8,1,55
201600014372,16,3,23,845,1,2,2,1,2,55
201600014373,16,3,24,1000,1,2,1,1,6,55
201600014374,16,3,28,2020,2,2,1,1,3,55
201600014375,16,3,28,2115,5,2,1,1,2,55
201600014376,16,3,28,1640,1,2,1,1,3,55
201600014377,16,3,29,1145,1,2,1,1,6,75
201600014378,16,3,29,1340,1,2,1,1,3,55
201600014379,16,3,29,1400,1,2,1,1,1,55
201600014380,16,3,29,1500,1,2,1,1,6,55
201600014381,16,3,29,1600,1,2,1,1,3,55
201600014382,16,3,29,2215,5,1,1,1,6,55
201600014383,16,3,29,2200,5,2,2,1,4,55
201600014384,16,3,30,1730,1,2,1,1,6,55
201600014385,16,3,30,1900,1,2,1,1,6,55
201600014386,16,3,30,2120,5,2,1,1,1,55
201600014387,16,3,31,220,5,2,1,1,6,55
201600014388,16,3,31,845,1,2,1,1,6,55
201600014389,16,3,31,1030,1,2,1,1,2,55
201600014390,16,3,31,1045,1,2,1,1,6,55
201600014391,16,3,26,1515,1,2,1,1,4,55
201600014392,16,2,26,1030,1,2,2,1,3,55
201600014393,16,3,31,1225,1,2,1,1,6,55
201600014394,16,3,31,1640,1,2,1,1,3,55
201600014395,16,3,23,2135,5,2,1,1,4,55
201600014396,16,4,1,830,1,1,1,1,6,55
201600014397,16,4,1,1215,1,2,1,1,5,55
201600014398,16,3,31,1300,1,2,1,1,2,55
201600014399,16,3,31,1700,1,2,1,1,6,55
201600014400,16,4,1,1400,1,2,3,2,3,55
201600014401,16,4,1,1510,1,2,1,1,6,55
201600014402,16,4,1,1500,1,2,1,8,2,55
201600014403,16,4,1,1430,1,2,1,1,6,55
201600014404,16,4,1,1500,1,2,1,2,6,55
201600014405,16,4,1,2100,5,2,3,1,3,55
201600014406,16,4,1,2130,5,2,1,1,7,55
201600014407,16,4,2,345,5,2,2,2,1,55
201600014408,16,4,2,855,1,2,1,1,2,55
201600014409,16,4,2,1500,1,2,1,2,1,55
201600014410,16,4,2,1730,1,2,1,2,6,55
201600014411,16,4,2,2345,5,2,1,1,6,55
201600014412,16,4,3,1800,2,2,3,1,2,55
201600014413,16,4,3,2240,5,2,1,2,6,55
201600014414,16,4,3,2120,5,2,1,2,6,55
201600014415,16,4,3,2210,5,2,1,3,7,55
201600014416,16,4,3,2100,5,1,1,1,2,55
201600014417,16,4,1,1200,1,2,1,8,6,55
201600014418,16,4,4,1230,1,2,3,1,3,55
201600014419,16,4,4,1105,1,2,1,1,3,55
201600014420,16,4,5,1500,1,2,1,1,6,55
201600014421,16,4,5,1710,1,2,3,1,3,55
201600014422,16,4,5,1720,1,2,1,1,3,55
201600014423,16,4,5,2000,1,2,1,1,3,55
201600014424,16,4,6,1030,1,2,1,1,6,55
201600014425,16,4,6,1530,1,2,1,1,2,55
201600014426,16,4,6,1700,1,1,1,1,5,55
201600014427,16,4,6,2137,5,2,1,1,1,55
201600014428,16,4,6,2040,5,1,1,1,6,55
201600014429,16,4,7,700,1,2,1,1,3,55
201600014430,16,4,7,800,1,2,1,1,1,55
201600014431,16,4,2,530,5,2,3,2,7,55
201600014432,16,4,7,1350,1,2,1,1,6,55
201600014433,16,4,6,1745,1,2,1,1,3,55
201600014434,16,4,7,2220,5,2,1,1,6,55
201600014435,16,4,7,2130,5,2,1,1,3,55
201600014436,16,4,8,345,5,2,1,1,2,55
201600014437,16,4,8,1545,1,2,1,1,3,2
201600014438,16,4,8,1415,1,2,1,1,6,55
201600014439,16,4,8,1645,1,2,1,1,7,55
201600014440,16,4,8,1645,1,2,3,1,6,55
201600014441,16,4,8,2240,5,2,1,1,3,55
201600014442,16,4,8,2215,5,2,1,1,3,55
201600014443,16,4,9,350,5,1,1,1,6,55
201600014444,16,4,9,830,1,2,7,1,4,55
201600014445,16,4,8,1755,1,2,2,1,1,55
201600014446,16,3,29,1115,1,1,1,1,6,55
201600014447,16,4,9,2245,5,2,2,1,3,55
201600014448,16,4,10,715,2,2,1,1,6,55
201600014449,16,4,10,815,1,2,1,1,2,55
201600014450,16,3,29,1430,1,2,1,1,3,55
201600014451,16,4,10,1410,1,2,1,1,6,55
201600014452,16,4,10,200,5,2,1,1,6,55
201600014453,16,4,8,1930,1,2,1,1,6,55
201600014454,16,4,11,1420,1,2,1,1,1,55
201600014455,16,4,11,1310,1,2,1,1,6,55
201600014456,16,4,11,2330,5,2,1,1,2,55
201600014457,16,4,12,800,1,2,4,1,3,55
201600014458,16,4,12,912,1,2,1,1,3,55
201600014459,16,4,12,1500,1,2,6,1,3,212
201600014460,16,4,15,1200,1,2,1,1,5,55
201600014461,16,4,12,1840,1,1,1,1,3,55
201600014462,16,4,13,845,1,2,1,1,2,55
201600014463,16,4,13,1130,1,2,1,1,6,55
201600014464,16,4,12,2000,1,2,1,1,1,55
201600014465,16,4,12,1300,1,2,3,1,3,55
201600014466,16,4,13,1500,1,2,1,1,5,55
201600014467,16,4,12,1500,1,2,2,1,3,55
201600014468,16,4,13,1540,1,2,1,1,1,2
201600014469,16,4,14,550,5,2,1,1,2,55
201600014470,16,4,11,1040,1,2,3,1,1,55
201600014471,16,4,14,1545,1,2,1,1,1,55
201600014472,16,4,9,1630,1,2,1,1,1,55
201600014473,16,4,14,1930,1,1,1,1,3,55
201600014474,16,4,10,400,3,2,1,1,6,55
201600014475,16,4,15,200,5,2,1,1,6,55
201600014476,16,4,8,1030,1,2,1,1,6,55
201600014477,16,4,13,1645,1,2,9,1,2,55
201600014478,16,4,7,1800,1,2,1,1,2,55
201600014479,16,3,19,1930,1,2,1,1,7,55
201600014480,16,4,15,1600,1,2,1,1,2,55
201600014481,16,4,16,130,5,2,1,1,3,213
201600014482,16,4,16,10,5,2,1,1,1,210
201600014483,16,4,14,1610,1,2,3,1,3,55
201600014484,16,4,14,1430,1,2,3,1,3,55
201600014485,16,3,11,1445,1,2,1,1,6,55
201600014486,16,4,16,1845,1,1,1,1,1,215
201600014487,16,4,14,1330,1,1,2,1,3,55
201600014488,16,4,15,1845,1,2,3,1,3,55
201600014489,16,4,17,430,5,2,1,1,3,210
201600014490,16,4,14,1440,1,2,3,1,3,55
201600014491,16,4,15,1930,1,2,1,1,3,55
201600014492,16,4,16,1845,1,2,3,1,3,215
201600014493,16,4,17,1215,1,2,3,1,3,206
201600014494,16,3,30,1945,2,2,2,1,3,55
201600014495,16,4,17,1400,1,2,1,1,1,207
201600014496,16,4,17,1610,1,2,1,1,2,208
201600014497,16,4,17,1930,1,2,1,1,3,210
201600014498,16,4,18,730,1,2,1,1,7,211
201600014499,16,4,9,1100,1,2,1,1,6,55
201600014500,16,4,8,930,1,2,1,1,6,55
201600014501,16,4,15,1115,1,2,1,1,6,55
201600014502,16,3,30,1600,1,2,1,1,6,55
201600014503,16,4,19,905,1,2,1,1,6,206
201600014504,16,4,19,1035,1,2,1,1,3,203
201600014505,16,3,30,1920,2,2,3,1,3,55
201600014506,16,4,19,1200,1,1,1,1,3,210
201600014507,16,4,18,1600,1,2,1,1,1,211
201600014508,16,4,18,1605,1,2,1,1,3,211
201600014509,16,4,19,1250,1,2,1,1,1,215
201600014510,16,4,14,830,1,2,7,1,6,55
201600014511,16,4,19,1830,1,2,1,1,3,208
201600014512,16,4,14,1120,1,2,1,1,2,55
201600014513,16,4,13,1515,1,2,1,1,2,55
201600014514,16,4,20,1,5,1,1,1,6,208
201600014515,16,4,20,105,3,1,1,1,6,209
201600014516,16,4,20,805,1,2,1,1,2,213
201600014517,16,4,8,1945,1,1,1,1,6,55
201600014518,16,4,20,1055,1,2,1,1,6,214
201600014519,16,4,9,1515,1,2,1,1,7,55
201600014520,16,4,20,1400,1,2,1,1,1,106
201600014521,16,4,20,1630,1,2,1,1,2,215
201600014522,16,4,20,1515,1,2,9,1,1,212
201600014523,16,4,20,1810,1,2,1,1,6,210
201600014524,16,4,20,2000,1,2,3,1,3,208
201600014525,16,4,20,2130,5,2,2,1,3,206
201600014526,16,4,13,1605,1,2,1,1,6,55
201600014527,16,4,19,1329,1,2,1,1,2,214
201600014528,16,4,21,1000,1,2,1,1,7,212
201600014529,16,4,21,740,1,2,1,1,5,210
201600014530,16,4,21,1200,1,2,1,1,3,203
201600014531,16,4,20,1230,1,2,1,1,3,208
201600014532,16,3,30,1015,1,2,1,1,2,55
201600014533,16,4,21,1355,1,2,1,1,7,208
201600014534,16,2,2,1555,1,2,1,1,3,55
201600014535,16,4,21,1725,1,2,1,2,1,209
201600014536,16,4,21,1800,1,2,1,1,3,205
201600014537,16,4,22,800,1,2,1,1,6,205
201600014538,16,4,22,1315,1,2,1,1,6,202
201600014539,16,4,22,1455,1,2,1,8,6,211
201600014540,16,4,22,2145,5,2,1,1,6,206
201600014541,16,4,22,2150,5,2,1,1,3,213
201600014542,16,4,20,1315,1,2,1,1,3,201
201600014543,16,4,22,1210,1,2,1,1,3,208
201600014544,16,4,22,1220,1,2,1,1,2,55
201600014545,16,4,20,1430,1,2,2,1,3,205
201600014546,16,4,23,1450,1,2,1,1,6,204
201600014547,16,4,23,1710,1,2,1,1,7,213
201600014548,16,4,23,2000,2,2,1,1,3,213
201600014549,16,4,23,2050,2,2,2,1,3,205
201600014550,16,4,24,800,1,2,1,1,3,203
201600014551,16,4,15,1020,1,2,1,1,3,55
201600014552,16,4,13,1500,1,2,2,1,3,204
201600014553,16,4,19,1500,1,2,1,1,2,214
201600014554,16,4,21,1215,1,2,1,1,3,205
201600014555,16,4,24,1600,1,2,1,1,7,212
201600014556,16,4,24,1806,1,2,1,1,3,214
201600014557,16,3,10,1810,1,2,1,1,1,55
201600014558,16,4,24,2250,5,2,1,6,4,203
201600014559,16,4,25,127,5,2,1,1,7,208
201600014560,16,4,25,730,1,2,1,1,1,208
201600014561,16,4,25,705,1,2,3,1,3,212
201600014562,16,4,25,1200,1,2,1,1,3,208
201600014563,16,4,19,2000,2,2,1,1,3,215
201600014564,16,4,25,1123,1,2,1,1,6,203
201600014565,16,4,19,1610,1,2,2,1,3,201
201600014566,16,4,1,1640,1,1,1,1,7,55
201600014567,16,4,26,810,1,2,1,1,4,212
201600014568,16,4,20,755,2,2,6,1,6,206
201600014569,16,4,26,850,1,2,1,1,3,208
201600014570,16,4,26,835,1,2,3,1,2,213
201600014571,16,4,11,930,1,2,1,7,6,55
201600014572,16,4,26,1800,1,2,1,1,6,215
201600014573,16,4,25,1450,1,2,1,1,7,206
201600014574,16,4,20,830,1,2,1,1,1,201
201600014575,16,4,26,830,1,2,1,1,3,206
201600014576,16,4,27,850,1,2,2,1,3,204
201600014577,16,4,27,1130,1,1,3,1,2,201
201600014578,16,4,27,1148,1,2,1,1,6,212
201600014579,16,4,27,1625,1,2,1,1,6,201
201600014580,16,4,27,1630,1,2,1,1,7,206
201600014581,16,4,27,1605,1,2,3,1,1,201
201600014582,16,4,22,1030,1,2,1,1,3,205
201600014583,16,4,23,955,1,2,1,1,6,201
201600014584,16,4,28,545,2,2,1,1,3,210
201600014585,16,4,28,1015,1,2,1,1,6,214
201600014586,16,4,28,840,1,2,1,1,3,209
201600014587,16,4,28,1340,1,2,1,1,1,213
201600014588,16,4,28,1430,1,2,1,1,5,215
201600014589,16,4,28,1845,1,2,1,1,3,202
201600014590,16,4,20,1645,1,2,2,1,3,201
201600014591,16,4,20,1300,1,2,1,1,1,209
201600014592,16,4,28,1200,1,2,2,1,3,205
201600014593,16,4,29,900,1,2,1,1,6,212
201600014594,16,4,29,1705,1,2,3,1,3,214
201600014595,16,4,29,1625,1,2,1,1,4,211