Num_Acc,an,mois,jour,hrmn,lum,agg,int,atm,col,com
201600014596,16,4,29,1710,1,1,1,1,6,212
201600014597,16,4,29,1725,1,2,6,1,6,216
201600014598,16,4,29,1830,1,2,1,1,1,214
201600014599,16,4,29,2145,5,2,1,1,5,209
201600014600,16,4,29,2230,5,2,1,1,2,208
201600014601,16,4,29,1950,1,2,3,1,6,209
201600014602,16,4,30,100,5,2,1,1,1,55
201600014603,16,4,29,1840,1,2,1,1,1,210
201600014604,16,4,25,1445,1,2,1,1,2,214
201600014605,16,4,27,815,1,2,1,1,3,209
201600014606,16,4,30,1250,1,2,1,1,6,55
201600014607,16,4,27,1215,1,2,1,1,6,215
201600014608,16,4,30,1740,1,2,1,1,7,106
201600014609,16,5,1,1115,1,2,1,1,3,55
201600014610,16,4,24,1850,2,2,1,1,3,212
201600014611,16,4,30,1420,1,2,8,1,3,55
201600014612,16,4,30,1900,1,2,1,2,3,55
201600014613,16,4,27,810,1,2,3,1,5,205
201600014614,16,3,14,1600,1,2,2,1,3,55
201600014615,16,5,2,1830,1,2,1,1,2,55
201600014616,16,5,2,1615,1,1,1,1,1,55
201600014617,16,5,2,2010,1,2,1,1,3,55
201600014618,16,5,2,845,1,2,2,1,6,55
201600014619,16,5,3,750,1,2,1,1,1,55
201600014620,16,5,2,1000,1,2,1,1,2,55
201600014621,16,5,3,1130,1,2,1,1,1,55
201600014622,16,5,2,1800,1,2,1,1,3,55
201600014623,16,5,3,1750,1,2,1,1,3,55
201600014624,16,5,3,1615,1,2,1,1,7,55
201600014625,16,5,3,1710,1,2,1,1,6,55
201600014626,16,5,3,1900,1,2,1,1,5,55
201600014627,16,5,3,2000,1,2,1,1,3,55
201600014628,16,5,3,2100,2,2,1,1,5,55
201600014629,16,5,3,2120,5,2,1,1,1,55
201600014630,16,5,3,2125,5,2,1,1,1,55
201600014631,16,4,14,1630,1,2,1,1,3,55
201600014632,16,5,4,1245,1,2,3,1,1,55
201600014633,16,5,4,1430,1,2,1,1,6,55
201600014634,16,5,4,1215,1,2,1,1,3,2
201600014635,16,4,21,1345,1,2,1,2,7,206
201600014636,16,5,5,730,1,2,2,1,3,55
201600014637,16,5,5,1030,1,2,1,1,7,55
201600014638,16,3,24,1430,1,2,3,1,6,55
201600014639,16,5,5,1630,1,2,9,1,6,55
201600014640,16,4,30,1830,1,2,1,1,3,55
201600014641,16,5,5,2340,5,2,1,1,3,55
201600014642,16,5,5,2200,3,2,1,1,3,55
201600014643,16,5,6,109,5,2,1,1,5,55
201600014644,16,2,24,745,1,2,7,1,1,55
201600014645,16,5,5,1445,1,2,3,1,2,55
201600014646,16,4,28,1430,1,2,1,1,2,209
201600014647,16,5,6,1000,1,2,1,1,2,55
201600014648,16,4,25,1230,1,2,1,6,3,202
201600014649,16,5,6,2010,1,2,1,1,3,55
201600014650,16,5,6,1710,1,2,1,1,2,55
201600014651,16,5,6,2345,5,2,3,1,3,55
201600014652,16,5,7,1130,1,2,1,1,2,55
201600014653,16,5,7,1115,1,2,1,1,3,55
201600014654,16,5,7,1335,1,2,1,1,7,55
201600014655,16,5,7,1500,1,2,1,1,6,55
201600014656,16,5,3,1800,1,2,1,1,6,55
201600014657,16,4,29,1000,1,2,1,1,3,206
201600014658,16,5,7,2240,5,2,1,1,6,55
201600014659,16,5,8,2200,5,2,1,2,3,55
201600014660,16,4,18,1900,1,2,1,1,7,203
201600014661,16,5,9,909,1,2,1,1,6,55
201600014662,16,5,3,845,1,2,1,1,2,55
201600014663,16,5,9,920,1,2,2,1,3,55
201600014664,16,5,9,1345,1,2,3,1,3,75
201600014665,16,5,9,1130,1,2,1,1,2,55
201600014666,16,5,9,1205,1,2,3,1,1,55
201600014667,16,5,9,1400,1,2,1,1,3,55
201600014668,16,5,9,1430,1,1,1,6,1,55
201600014669,16,5,9,2330,5,2,1,6,3,55
201600014670,16,5,3,1930,1,2,1,1,3,55
201600014671,16,5,10,800,1,2,3,1,6,55
201600014672,16,5,10,750,1,1,2,1,3,55
201600014673,16,5,10,2230,5,2,2,2,1,55
201600014674,16,5,11,645,2,2,1,2,3,55
201600014675,16,5,11,1100,1,2,1,1,3,55
201600014676,16,5,11,1000,1,2,1,2,5,55
201600014677,16,5,11,1440,1,1,1,1,2,55
201600014678,16,5,11,1510,1,2,1,8,2,55
201600014679,16,5,11,1915,1,2,1,1,3,55
201600014680,16,5,12,830,1,2,9,1,3,55
201600014681,16,5,12,840,1,2,1,1,2,55
201600014682,16,5,3,825,1,2,1,1,6,55
201600014683,16,5,12,1645,1,2,1,1,3,55
201600014684,16,5,13,100,5,2,1,1,6,55
201600014685,16,5,13,855,1,2,1,1,2,55
201600014686,16,5,13,832,1,2,1,1,6,55
201600014687,16,5,13,1100,1,1,1,1,2,55
201600014688,16,5,13,2150,5,2,1,1,2,55
201600014689,16,5,14,1,4,2,6,1,5,55
201600014690,16,5,14,1300,1,2,1,1,1,55
201600014691,16,5,15,900,1,2,1,1,3,55
201600014692,16,5,9,1810,1,2,1,1,3,55
201600014693,16,4,20,1740,1,2,3,1,3,205
201600014694,16,5,15,1600,1,2,1,1,3,55
201600014695,16,5,15,1915,1,2,9,1,1,55
201600014696,16,5,16,15,5,1,3,1,6,55
201600014697,16,5,15,1830,1,2,1,1,3,55
201600014698,16,5,14,1720,1,1,1,1,7,55
201600014699,16,4,12,950,1,2,2,1,3,55
201600014700,16,5,16,1800,1,2,1,1,1,2
201600014701,16,5,16,1807,1,2,2,1,2,55
201600014702,16,5,9,1700,1,2,1,1,3,55
201600014703,16,5,17,1135,1,2,1,1,5,55
201600014704,16,5,17,1815,1,2,1,1,2,55
201600014705,16,5,17,1815,1,2,3,1,3,55
201600014706,16,5,17,2010,2,2,1,1,6,55
201600014707,16,5,17,2240,5,2,1,1,3,55
201600014708,16,5,17,2115,5,2,2,1,3,55
201600014709,16,5,18,945,1,2,1,1,3,55
201600014710,16,5,18,820,1,2,1,1,2,55
201600014711,16,5,18,920,1,2,1,1,3,55
201600014712,16,5,18,1100,1,2,1,1,6,55
201600014713,16,5,19,745,1,1,1,1,6,55
201600014714,16,5,19,755,1,2,2,1,2,55
201600014715,16,5,19,955,1,2,1,1,3,55
201600014716,16,5,19,830,1,2,1,1,6,55
201600014717,16,5,19,1205,1,2,1,1,2,55
201600014718,16,5,18,1210,1,2,1,1,6,55
201600014719,16,5,18,1900,1,2,1,1,2,55
201600014720,16,5,19,825,1,1,1,1,6,55
201600014721,16,5,19,2000,1,2,6,1,2,55
201600014722,16,5,17,1225,1,2,1,1,3,55
201600014723,16,5,5,1225,1,2,2,1,1,55
201600014724,16,5,20,1500,1,2,1,1,6,55
201600014725,16,5,20,1800,1,2,1,1,1,55
201600014726,16,5,20,1400,1,2,2,1,3,55
201600014727,16,5,20,2200,5,2,6,1,3,55
201600014728,16,5,20,2040,2,2,1,1,2,55
201600014729,16,5,20,1215,1,2,2,1,7,55
201600014730,16,5,14,1140,1,2,1,1,2,55
201600014731,16,5,13,1750,1,2,1,1,3,55
201600014732,16,5,21,900,1,2,1,1,3,55
201600014733,16,5,21,1000,1,1,1,1,6,55
201600014734,16,5,2,1555,1,2,3,1,6,55
201600014735,16,5,21,1600,1,2,1,1,3,55
201600014736,16,5,15,2040,2,2,1,1,3,55
201600014737,16,5,22,1,5,2,1,1,6,55
201600014738,16,5,15,1830,1,2,1,1,3,55
201600014739,16,5,21,1400,1,2,3,1,6,55
201600014740,16,5,22,400,1,2,1,1,2,55
201600014741,16,5,22,1335,1,2,1,1,3,55
201600014742,16,5,22,2030,1,2,2,1,1,55
201600014743,16,5,23,740,1,2,1,1,6,55
201600014744,16,5,23,840,1,1,1,1,6,55
201600014745,16,3,29,1415,1,2,1,1,6,55
201600014746,16,5,23,1000,1,2,1,1,1,55
201600014747,16,5,23,1740,1,2,1,1,6,55
201600014748,16,5,23,2045,1,2,1,7,6,55
201600014749,16,5,24,820,1,2,3,1,6,55
201600014750,16,5,2,930,1,2,1,1,3,55
201600014751,16,5,20,230,5,2,1,1,6,55
201600014752,16,5,7,1940,2,2,2,1,3,55
201600014753,16,5,20,810,1,2,1,1,5,55
201600014754,16,5,24,1730,1,2,1,1,6,55
201600014755,16,5,24,1340,1,2,1,1,6,55
201600014756,16,5,24,1634,1,2,1,1,6,55
201600014757,16,5,24,1830,1,2,1,1,6,55
201600014758,16,5,24,2000,1,2,1,1,4,55
201600014759,16,5,24,2137,5,2,1,1,7,55
201600014760,16,5,25,1310,1,2,1,1,3,55
201600014761,16,5,24,2026,2,2,3,1,3,55
201600014762,16,5,25,1320,1,2,2,1,6,55
201600014763,16,5,6,1630,1,2,2,1,2,55
201600014764,16,5,25,2135,5,2,1,1,6,55
201600014765,16,5,25,2030,2,2,1,1,3,55
201600014766,16,5,8,1145,1,2,3,1,6,55
201600014767,16,5,25,1610,1,2,1,1,2,55
201600014768,16,5,26,830,1,2,1,1,3,55
201600014769,16,5,12,1435,1,2,2,1,3,55
201600014770,16,5,26,650,1,2,1,1,3,55
201600014771,16,5,23,1215,1,2,1,1,2,55
201600014772,16,5,21,1915,1,2,6,1,3,55
201600014773,16,5,26,1030,1,2,3,1,3,55
201600014774,16,5,24,1955,1,2,1,1,4,55
201600014775,16,5,24,1810,1,2,1,1,3,55
201600014776,16,4,26,1150,1,2,1,1,3,209
201600014777,16,5,24,1415,1,2,2,1,3,55
201600014778,16,5,26,1015,1,2,1,1,3,55
201600014779,16,2,3,1615,1,2,1,1,6,55
201600014780,16,5,27,1300,1,2,1,1,1,55
201600014781,16,5,27,1530,1,2,1,1,2,55
201600014782,16,5,27,1615,1,2,1,1,6,55
201600014783,16,5,27,2200,5,2,3,1,1,75
201600014784,16,5,28,100,5,2,2,1,3,55
201600014785,16,5,28,938,1,2,1,1,3,55
201600014786,16,5,28,1320,1,2,1,1,1,55
201600014787,16,5,28,1545,1,2,1,1,3,55
201600014788,16,5,28,50,5,2,1,2,6,55
201600014789,16,5,29,615,2,2,1,2,6,55
201600014790,16,5,25,1220,1,2,1,1,6,55
201600014791,16,5,28,1745,1,2,2,1,3,55
201600014792,16,5,29,1237,1,2,1,1,7,55
201600014793,16,5,29,1700,1,2,1,1,1,55
201600014794,16,5,29,2200,5,2,1,1,3,55
201600014795,16,5,30,7,5,2,2,1,3,55
201600014796,16,5,30,745,1,2,1,1,2,55
201600014797,16,5,30,920,1,2,1,1,1,55
201600014798,16,5,30,1245,1,2,1,1,5,55
201600014799,16,5,26,1030,1,2,1,1,3,55
201600014800,16,5,30,1800,1,2,1,1,3,55
201600014801,16,5,30,1020,1,2,1,1,6,55
201600014802,16,5,31,750,1,2,1,1,3,55
201600014803,16,5,31,1015,1,2,2,1,6,55
201600014804,16,5,30,1820,1,2,1,1,6,55
201600014805,16,5,31,1140,1,2,1,1,4,55
201600014806,16,5,31,2100,2,2,3,1,2,55
201600014807,16,5,27,1528,1,2,3,1,3,55
201600014808,16,6,1,1135,1,2,3,1,3,207
201600014809,16,6,1,1430,1,2,1,1,3,211
201600014810,16,5,23,900,1,2,2,1,6,55
201600014811,16,6,1,1120,1,2,1,1,3,208
201600014812,16,6,1,1540,1,2,2,1,7,206
201600014813,16,6,1,2130,4,2,1,1,6,203
201600014814,16,6,1,2100,1,2,1,1,7,212
201600014815,16,6,1,2115,2,2,1,1,3,205
201600014816,16,5,31,1435,1,2,1,1,6,55
201600014817,16,6,2,1000,1,1,1,1,3,208
201600014818,16,6,2,1515,1,2,3,1,3,212
201600014819,16,6,2,1450,1,2,1,1,6,216
201600014820,16,6,2,1700,1,2,1,1,2,214
201600014821,16,6,2,1717,1,2,1,1,3,207
201600014822,16,6,2,1750,1,2,3,1,3,206
201600014823,16,6,3,910,1,2,1,1,2,209
201600014824,16,6,3,1000,1,2,1,1,3,208
201600014825,16,5,30,1130,1,1,7,1,6,55
201600014826,16,6,3,1315,1,2,1,1,6,210
201600014827,16,6,3,1355,1,2,3,1,3,213
201600014828,16,6,3,1600,1,1,1,1,2,210
201600014829,16,6,3,1710,1,2,2,1,3,202
201600014830,16,6,3,935,1,2,1,1,3,201
201600014831,16,6,2,1730,1,2,1,1,3,202
201600014832,16,6,1,1400,1,2,1,1,2,213
201600014833,16,6,3,2005,1,2,1,1,1,213
201600014834,16,6,3,1845,1,2,1,1,2,210
201600014835,16,6,4,1410,1,2,1,1,3,215
201600014836,16,6,4,2030,5,2,1,1,2,202
201600014837,16,6,4,1745,1,1,1,1,1,209
201600014838,16,6,4,2000,1,2,1,1,6,203
201600014839,16,6,4,1930,1,2,1,1,6,201
201600014840,16,6,5,730,1,2,1,1,1,208
201600014841,16,5,31,1330,1,2,2,1,6,55
201600014842,16,5,18,820,1,2,2,1,3,55
201600014843,16,6,5,1845,1,2,1,1,6,213
201600014844,16,6,5,10,5,2,1,1,6,215
201600014845,16,6,5,1240,1,2,1,1,6,210
201600014846,16,4,5,1700,1,2,1,1,5,55
201600014847,16,6,6,715,1,2,1,1,3,214
201600014848,16,6,6,1044,1,1,1,1,6,210
201600014849,16,5,25,1700,1,2,1,1,6,55
201600014850,16,6,5,1930,1,2,2,1,3,215
201600014851,16,6,6,2030,2,2,1,1,6,214
201600014852,16,4,26,800,1,2,1,1,2,55
201600014853,16,6,7,930,1,2,1,1,3,210
201600014854,16,6,2,1610,1,2,1,1,2,214
201600014855,16,6,4,445,2,2,1,1,6,209
201600014856,16,6,7,1500,1,1,3,1,3,201
201600014857,16,6,6,1530,1,2,2,1,1,201
201600014858,16,6,8,800,1,2,3,1,1,213
201600014859,16,6,8,850,1,2,1,1,7,204
201600014860,16,6,8,1300,1,2,1,1,1,203
201600014861,16,5,10,910,1,2,2,1,3,55
201600014862,16,6,8,1340,1,2,1,1,3,209
201600014863,16,6,8,1500,1,2,1,1,6,215
201600014864,16,6,8,1440,1,2,1,1,2,211
201600014865,16,6,8,2250,5,2,1,1,6,213
201600014866,16,6,8,1415,1,2,1,1,6,210
201600014867,16,6,7,1900,1,2,2,1,3,201
201600014868,16,6,6,1210,1,2,1,1,1,203
201600014869,16,6,9,1230,1,2,1,1,6,211
201600014870,16,6,9,1550,1,2,1,1,2,214
201600014871,16,6,9,1620,1,2,2,1,1,211
201600014872,16,6,9,1715,1,2,1,1,6,208
201600014873,16,6,9,1745,1,2,2,1,3,202
201600014874,16,6,9,1610,1,2,1,1,3,204
201600014875,16,6,9,1730,1,2,1,1,1,208
201600014876,16,6,9,2125,5,2,2,1,3,206
201600014877,16,5,27,1930,1,2,6,1,6,55
201600014878,16,6,9,930,1,2,1,1,3,206
201600014879,16,6,7,1900,1,2,1,1,6,211
201600014880,16,6,10,430,5,2,1,1,1,210
201600014881,16,6,10,1040,1,2,1,1,2,213
201600014882,16,2,13,1130,1,2,1,2,6,55
201600014883,16,6,10,1320,1,2,1,1,3,209
201600014884,16,6,10,1415,1,2,1,1,2,215
201600014885,16,6,10,1300,1,2,3,1,3,213
201600014886,16,6,10,1830,1,2,2,1,7,203
201600014887,16,6,10,1830,1,2,6,1,7,208
201600014888,16,6,11,815,1,2,1,1,1,214
201600014889,16,6,11,720,1,2,1,1,6,211
201600014890,16,6,8,1220,1,2,1,1,6,213
201600014891,16,6,8,700,1,2,1,1,6,204
201600014892,16,6,11,1728,1,2,1,1,6,214
201600014893,16,6,6,1430,1,2,3,1,2,205
201600014894,16,6,8,1150,1,2,1,1,6,205
201600014895,16,6,12,15,5,2,1,1,7,201
201600014896,16,6,6,1550,1,2,1,1,6,206
201600014897,16,6,6,1830,1,2,1,1,3,204
201600014898,16,6,2,900,1,2,3,1,4,207
201600014899,16,6,11,1700,1,2,1,1,3,2
201600014900,16,6,12,1900,1,2,1,1,3,208
201600014901,16,6,12,2115,5,2,1,1,6,215
201600014902,16,6,12,1345,1,2,1,1,6,213
201600014903,16,6,8,855,1,2,2,1,3,201
201600014904,16,6,8,1200,1,2,2,1,3,206
201600014905,16,6,13,1400,1,2,2,1,1,210
201600014906,16,6,8,1615,1,2,1,1,3,206
201600014907,16,6,13,1430,1,2,1,1,4,213
201600014908,16,6,13,1630,1,2,1,1,5,213
201600014909,16,6,13,1617,1,2,1,1,7,210
201600014910,16,6,13,1815,1,2,1,1,2,214
201600014911,16,6,13,1630,1,2,1,1,6,210
201600014912,16,6,13,1945,2,2,1,1,6,208
201600014913,16,6,14,30,5,2,6,1,3,213
201600014914,16,6,14,500,5,2,1,1,2,201
201600014915,16,6,12,1715,1,2,1,1,6,201
201600014916,16,6,14,630,1,2,1,1,6,205
201600014917,16,6,6,1920,1,2,3,1,3,206
201600014918,16,4,29,1330,1,1,1,1,1,55
201600014919,16,6,14,1130,1,1,1,1,5,212
201600014920,16,6,14,1215,1,1,1,1,3,202
201600014921,16,6,14,1730,1,2,1,1,7,213
201600014922,16,6,14,1950,1,2,2,1,1,210
201600014923,16,6,14,1920,1,2,1,1,6,210
201600014924,16,5,11,1035,1,2,1,1,6,55
201600014925,16,6,4,800,1,2,2,1,1,206
201600014926,16,6,14,1915,1,1,1,1,1,211
201600014927,16,6,15,730,1,2,1,1,3,212
201600014928,16,6,14,1615,1,2,1,1,2,208
201600014929,16,6,15,1500,1,2,1,1,7,2
201600014930,16,6,15,1220,1,2,3,1,2,208
201600014931,16,6,16,200,5,2,7,2,2,208
201600014932,16,6,16,2000,1,2,1,1,3,213
201600014933,16,5,21,1945,1,2,3,1,7,55
201600014934,16,6,3,930,1,2,1,1,3,206
201600014935,16,6,16,1405,1,2,6,2,2,210
201600014936,16,6,16,1600,1,2,1,1,3,208
201600014937,16,6,16,1635,1,2,1,1,2,211
201600014938,16,6,16,1830,1,2,1,1,1,213
201600014939,16,6,17,740,1,2,1,1,3,215
201600014940,16,6,17,815,1,2,2,1,1,215
201600014941,16,6,17,740,1,2,1,1,3,212
201600014942,16,6,17,850,1,2,1,1,3,208
201600014943,16,6,17,1020,1,2,1,1,3,210
201600014944,16,6,7,815,1,2,1,1,3,205
201600014945,16,6,17,1530,1,2,1,1,3,208
201600014946,16,6,18,530,2,2,3,1,3,205
201600014947,16,6,18,1330,1,2,1,1,2,205
201600014948,16,6,18,1650,1,2,1,1,6,216
201600014949,16,6,16,715,2,2,1,1,3,205
201600014950,16,6,19,1900,1,2,1,1,2,214
201600014951,16,6,19,1920,1,2,1,1,6,212
201600014952,16,6,20,115,5,2,2,1,3,206
201600014953,16,6,20,59,5,2,2,1,1,215
201600014954,16,6,11,1900,1,2,1,1,6,215
201600014955,16,6,20,730,1,2,1,1,6,205
201600014956,16,6,20,820,1,2,3,1,3,212
201600014957,16,6,20,1120,1,2,1,1,3,209
201600014958,16,6,19,1640,1,2,1,1,2,209
201600014959,16,6,20,1240,1,2,1,1,1,201
201600014960,16,6,20,1340,1,2,3,1,3,207
201600014961,16,6,19,1854,1,1,1,1,3,212
201600014962,16,6,20,2300,5,2,1,1,1,215
201600014963,16,6,21,205,5,2,1,1,6,212
201600014964,16,6,21,1350,1,2,1,1,6,216
201600014965,16,6,21,1200,1,2,1,1,6,210
201600014966,16,6,21,1330,1,2,1,1,2,203
201600014967,16,6,22,840,1,2,1,1,3,210
201600014968,16,6,22,820,1,2,1,1,6,211
201600014969,16,6,22,1100,1,2,1,1,2,206
201600014970,16,6,22,1525,1,2,1,1,7,203
201600014971,16,6,22,1610,1,2,1,1,3,214
201600014972,16,6,22,1520,1,2,1,1,5,208
201600014973,16,6,22,1745,1,2,3,1,3,202
201600014974,16,6,20,2215,5,2,2,1,6,205
201600014975,16,6,22,1930,1,2,6,1,2,213
201600014976,16,6,22,1930,1,2,1,1,2,210
201600014977,16,6,23,16,5,2,1,1,6,214
201600014978,16,5,17,245,5,2,1,1,3,55
201600014979,16,6,23,845,1,2,1,1,3,216
201600014980,16,6,23,1030,1,2,6,1,1,212
201600014981,16,6,23,1255,1,2,1,1,1,212
201600014982,16,6,23,1630,1,2,1,1,1,207
201600014983,16,6,23,1745,1,2,1,1,2,208
201600014984,16,6,23,2030,1,2,1,1,5,208
201600014985,16,6,24,550,2,2,2,1,3,201
201600014986,16,6,24,525,2,2,6,1,3,208
201600014987,16,6,24,1100,1,2,1,1,2,215
201600014988,16,6,23,1345,1,2,3,1,2,213
201600014989,16,6,24,1915,1,2,1,1,6,215
201600014990,16,6,23,1535,1,2,1,1,3,202
201600014991,16,6,23,1255,1,2,1,1,3,202
201600014992,16,6,25,415,5,2,1,1,3,204
201600014993,16,6,25,955,1,2,1,1,6,211
201600014994,16,6,25,1300,1,2,1,1,1,210
201600014995,16,6,25,1800,1,2,3,1,3,212
201600014996,16,6,25,2055,2,2,2,1,3,204
201600014997,16,6,26,900,1,2,2,1,5,75
201600014998,16,6,22,1050,1,2,1,1,2,204
201600014999,16,6,25,1645,1,2,1,1,6,211
201600015000,16,6,26,1400,1,2,3,1,3,211
201600015001,16,6,10,715,1,2,1,1,4,201
201600015002,16,6,27,145,5,2,1,1,7,211
201600015003,16,6,27,220,5,2,1,1,1,208
201600015004,16,6,26,1730,1,2,1,1,3,214
201600015005,16,6,10,1020,1,2,2,1,6,207
201600015006,16,6,20,1500,1,2,1,1,3,201
201600015007,16,6,4,1020,1,2,1,1,6,207
201600015008,16,6,27,1325,1,2,1,1,1,212
201600015009,16,6,27,1750,1,2,1,1,3,211
201600015010,16,6,27,2100,2,2,2,1,3,202
201600015011,16,6,27,2210,5,2,9,1,3,205
201600015012,16,6,27,2340,5,2,2,1,2,205
201600015013,16,6,14,1246,1,2,2,1,5,205
201600015014,16,6,26,1410,1,2,1,1,2,205
201600015015,16,6,20,1605,1,2,1,1,4,204
201600015016,16,6,27,1130,1,2,3,1,1,204
201600015017,16,6,28,600,1,2,3,1,3,210
201600015018,16,6,19,1655,1,2,1,1,1,205
201600015019,16,6,28,800,1,2,3,1,3,212
201600015020,16,6,26,1915,1,1,1,1,2,204
201600015021,16,6,28,815,1,2,1,1,1,2
201600015022,16,6,29,135,5,2,1,1,3,208
201600015023,16,6,28,1920,1,2,1,1,1,208
201600015024,16,6,29,1550,1,2,1,1,3,215
201600015025,16,6,29,2030,5,2,1,1,2,201
201600015026,16,6,28,1820,1,2,1,1,2,207
201600015027,16,6,30,945,1,2,1,1,3,214
201600015028,16,6,29,1830,1,2,1,1,2,211
201600015029,16,6,29,1400,1,2,1,1,2,214
201600015030,16,6,30,1815,1,2,1,1,2,215
201600015031,16,6,30,2330,5,1,1,1,3,208
201600015032,16,6,30,1800,1,2,1,1,2,208
201600015033,16,6,30,1600,1,2,2,1,3,212
201600015034,16,6,24,1230,1,2,6,1,2,203
201600015035,16,6,23,1445,1,2,2,1,3,206
201600015036,16,6,6,1245,1,2,1,1,1,209
201600015037,16,7,1,1030,1,2,1,1,6,55
201600015038,16,6,28,1130,1,2,1,1,6,205
201600015039,16,6,26,1900,1,2,1,1,3,213
201600015040,16,7,1,2230,5,2,1,1,1,55
201600015041,16,7,2,330,5,2,1,1,7,55
201600015042,16,6,6,1800,1,2,1,1,3,55
201600015043,16,7,2,1010,1,2,1,1,6,55
201600015044,16,7,2,1100,1,2,8,1,6,55
201600015045,16,7,2,900,1,2,1,1,1,55
201600015046,16,7,1,1130,1,2,1,1,6,55
201600015047,16,7,2,1345,1,2,3,1,3,55
201600015048,16,7,2,1340,1,2,1,1,2,55
201600015049,16,7,1,1926,1,2,1,1,6,55
201600015050,16,7,2,1815,1,2,1,1,3,55
201600015051,16,6,24,155,5,2,1,1,6,212
201600015052,16,7,2,2240,5,2,1,1,3,55
201600015053,16,7,2,1840,1,2,1,1,2,55
201600015054,16,6,21,250,5,2,1,1,6,210
201600015055,16,6,21,1145,1,2,1,1,3,205
201600015056,16,6,30,1045,1,2,1,1,2,210
201600015057,16,7,3,1450,1,2,2,1,3,55
201600015058,16,7,3,1850,1,2,1,1,5,55
201600015059,16,7,4,250,5,2,1,1,3,55
201600015060,16,7,4,1020,1,2,1,1,6,55
201600015061,16,7,4,1100,1,2,3,1,3,55
201600015062,16,7,4,1440,1,2,1,1,3,106
201600015063,16,7,4,1925,1,2,1,1,6,55
201600015064,16,7,5,220,3,2,1,1,6,55
201600015065,16,7,5,640,1,2,1,1,7,55
201600015066,16,7,4,1700,1,2,1,1,3,55
201600015067,16,7,5,854,1,2,3,1,6,55
201600015068,16,7,5,1230,1,1,1,1,3,55
201600015069,16,7,5,1925,1,2,1,1,1,55
201600015070,16,7,5,2130,2,2,1,1,6,55
201600015071,16,7,6,206,5,2,1,1,7,55
201600015072,16,7,5,1120,1,2,1,1,1,55
201600015073,16,6,21,1345,1,1,1,1,3,210
201600015074,16,7,6,1015,1,2,1,1,7,55
201600015075,16,7,6,1325,1,2,1,1,1,55
201600015076,16,7,5,1730,1,2,3,1,3,55
201600015077,16,7,6,1445,1,2,1,1,3,55
201600015078,16,7,6,1350,1,2,1,1,3,55
201600015079,16,7,6,1915,3,2,1,1,6,55
201600015080,16,7,6,2310,5,2,1,1,7,55
201600015081,16,7,7,120,5,2,1,1,2,55
201600015082,16,7,7,30,5,2,1,1,3,55
201600015083,16,7,7,125,5,2,1,1,2,55
201600015084,16,7,5,1415,1,2,1,1,1,55
201600015085,16,7,6,1600,1,2,1,1,3,55
201600015086,16,6,18,1650,1,2,1,1,2,204
201600015087,16,7,8,105,5,1,1,1,7,55
201600015088,16,7,5,1920,1,2,1,1,6,55
201600015089,16,7,6,1715,1,2,1,1,3,55
201600015090,16,7,8,800,1,2,1,1,3,55
201600015091,16,7,8,1630,1,2,1,1,3,55
201600015092,16,7,8,1610,1,2,1,1,6,55
201600015093,16,7,8,1340,1,2,1,1,5,55
201600015094,16,7,8,1230,1,2,1,1,3,55
201600015095,16,7,8,1745,1,2,1,1,3,55
201600015096,16,7,8,2000,1,2,1,1,3,55
201600015097,16,7,8,2140,5,2,1,1,3,55
201600015098,16,7,9,100,5,2,1,1,6,55
201600015099,16,7,8,2035,1,2,1,1,2,55
201600015100,16,7,8,1750,1,2,1,1,3,55
201600015101,16,6,7,1810,1,2,2,1,3,206
201600015102,16,6,27,1530,1,2,3,1,6,201
201600015103,16,7,9,1700,1,2,1,1,2,55
201600015104,16,7,9,420,5,2,1,1,3,55
201600015105,16,7,10,225,5,2,1,1,6,55
201600015106,16,7,9,1840,1,2,1,1,5,55
201600015107,16,7,6,1235,1,2,1,1,6,55
201600015108,16,7,10,1650,1,2,1,1,3,55
201600015109,16,7,10,2115,5,2,1,1,3,55
201600015110,16,7,11,730,1,2,1,1,2,55
201600015111,16,7,11,745,1,2,1,1,2,55
201600015112,16,7,11,950,1,2,1,1,3,55
201600015113,16,7,11,1230,1,2,1,1,3,55
201600015114,16,7,1,830,1,2,1,1,3,55
201600015115,16,7,11,1400,1,2,1,1,4,55
201600015116,16,7,11,2210,5,2,8,1,3,55
201600015117,16,7,12,50,5,2,1,1,7,55
201600015118,16,7,12,245,5,2,1,1,3,55
201600015119,16,7,9,1845,1,1,1,1,3,55
201600015120,16,7,12,650,1,2,3,1,3,55
201600015121,16,7,12,745,1,2,1,1,7,55
201600015122,16,7,12,1100,1,2,3,1,3,55
201600015123,16,7,11,1840,1,2,1,1,2,55
201600015124,16,7,12,1812,1,2,1,1,3,55
201600015125,16,7,13,140,5,1,1,1,6,55
201600015126,16,7,13,30,5,2,1,1,6,55
201600015127,16,7,13,1020,1,2,1,1,2,55
201600015128,16,7,13,1330,1,2,3,1,6,55
201600015129,16,7,13,1605,1,2,1,1,2,55
201600015130,16,7,13,1600,1,1,1,1,6,2
201600015131,16,7,13,1620,1,2,1,1,6,55
201600015132,16,7,14,20,5,2,1,1,6,55
201600015133,16,7,13,1240,1,2,1,1,4,55
201600015134,16,7,14,755,1,2,1,1,2,55
201600015135,16,7,13,1245,1,2,3,1,3,55
201600015136,16,7,7,1230,1,2,6,1,3,55
201600015137,16,7,14,1400,1,1,3,1,3,2
201600015138,16,7,9,1145,1,2,1,1,3,55
201600015139,16,7,1,1725,1,2,1,1,6,55
201600015140,16,7,4,730,1,2,1,1,2,55
201600015141,16,7,15,830,1,2,3,1,6,55
201600015142,16,7,2,1620,1,2,1,1,3,55