Num_Acc,an,mois,jour,hrmn,lum,agg,int,atm,col,com
201600015143,16,7,15,1410,1,2,1,1,6,55
201600015144,16,7,15,1415,1,2,1,1,2,55
201600015145,16,7,2,1930,1,2,1,1,2,55
201600015146,16,7,14,1530,1,2,1,1,6,55
201600015147,16,7,15,1210,1,2,1,1,6,55
201600015148,16,7,16,1100,1,2,1,1,6,55
201600015149,16,7,16,2150,5,2,6,1,3,55
201600015150,16,7,17,635,1,2,1,1,2,55
201600015151,16,7,17,550,1,2,2,1,3,55
201600015152,16,7,17,1120,1,1,1,1,6,55
201600015153,16,7,1,830,1,2,1,1,3,55
201600015154,16,7,12,1920,1,2,1,1,3,55
201600015155,16,7,18,6,5,2,1,1,3,55
201600015156,16,7,18,120,5,2,1,1,6,55
201600015157,16,7,18,705,1,2,1,1,2,55
201600015158,16,7,18,730,1,2,1,1,2,55
201600015159,16,7,18,1045,1,2,1,1,4,55
201600015160,16,7,16,1830,1,2,1,1,6,55
201600015161,16,7,7,1550,1,2,3,1,3,55
201600015162,16,6,30,2040,1,2,2,1,3,201
201600015163,16,7,18,1030,1,2,1,1,1,55
201600015164,16,7,18,1430,1,2,1,1,4,55
201600015165,16,6,18,1620,1,2,1,2,3,201
201600015166,16,6,26,2355,5,2,1,1,1,55
201600015167,16,7,18,1330,1,2,1,1,4,55
201600015168,16,7,19,535,2,2,1,1,6,55
201600015169,16,7,5,1630,1,1,1,1,7,55
201600015170,16,7,18,2045,2,2,1,1,6,55
201600015171,16,7,19,1430,1,2,3,1,3,55
201600015172,16,7,19,1800,1,2,1,1,3,55
201600015173,16,7,19,1700,1,2,1,1,3,55
201600015174,16,7,19,1845,1,2,1,1,3,55
201600015175,16,7,20,54,5,2,1,1,3,55
201600015176,16,7,20,630,1,2,1,1,7,55
201600015177,16,7,20,915,1,2,1,1,6,55
201600015178,16,7,20,1715,1,2,1,1,6,55
201600015179,16,7,20,1810,1,2,1,1,6,55
201600015180,16,7,20,2150,5,2,1,1,3,55
201600015181,16,7,21,1445,1,2,1,1,7,55
201600015182,16,7,21,1800,1,2,1,1,6,55
201600015183,16,7,21,1630,1,2,1,1,6,55
201600015184,16,7,21,1815,1,2,1,1,1,55
201600015185,16,5,15,2245,5,1,2,1,3,55
201600015186,16,7,21,2100,2,2,1,1,1,55
201600015187,16,7,21,2241,5,2,1,1,1,55
201600015188,16,7,22,115,5,2,1,1,6,55
201600015189,16,7,15,1040,1,2,3,1,2,55
201600015190,16,7,20,2000,1,2,9,1,5,55
201600015191,16,7,22,855,1,2,1,1,6,55
201600015192,16,7,22,1325,1,2,1,1,6,55
201600015193,16,7,22,1730,1,2,1,1,3,55
201600015194,16,7,22,1930,1,2,1,1,1,55
201600015195,16,7,23,1,5,2,1,1,3,55
201600015196,16,7,23,945,1,2,1,1,6,55
201600015197,16,7,23,1215,1,2,1,1,1,55
201600015198,16,7,23,1210,1,2,1,2,1,55
201600015199,16,7,23,2250,5,2,2,1,3,55
201600015200,16,7,23,2230,5,2,1,1,2,55
201600015201,16,7,24,733,1,2,1,1,3,55
201600015202,16,7,5,1300,1,2,3,1,3,55
201600015203,16,7,24,1440,1,1,1,1,3,55
201600015204,16,7,20,245,5,2,1,1,3,55
201600015205,16,7,23,1700,1,2,1,1,6,55
201600015206,16,7,25,940,1,2,1,1,7,55
201600015207,16,7,25,830,1,2,1,1,1,55
201600015208,16,7,21,1130,1,2,1,1,2,55
201600015209,16,7,25,1630,1,2,1,1,6,55
201600015210,16,7,25,1730,1,2,1,1,3,55
201600015211,16,7,25,1845,1,2,1,1,3,55
201600015212,16,7,24,1400,1,2,1,1,2,55
201600015213,16,7,26,830,1,2,1,1,5,55
201600015214,16,7,25,1110,1,2,1,1,5,55
201600015215,16,7,26,1300,1,2,1,1,1,55
201600015216,16,7,26,1615,1,2,1,1,5,55
201600015217,16,7,26,1800,1,2,3,1,2,55
201600015218,16,7,26,2025,2,2,1,1,6,55
201600015219,16,7,26,2215,5,2,1,1,3,55
201600015220,16,7,26,1750,1,2,2,1,6,55
201600015221,16,7,25,1130,1,2,3,1,1,55
201600015222,16,7,27,830,1,2,6,1,3,55
201600015223,16,7,27,1420,1,2,1,1,6,55
201600015224,16,7,27,1400,1,2,3,1,3,55
201600015225,16,7,27,1620,1,2,1,1,2,55
201600015226,16,7,27,1725,1,2,1,1,6,55
201600015227,16,7,27,1445,1,2,3,1,3,55
201600015228,16,7,27,1750,1,2,3,1,3,55
201600015229,16,7,28,1830,1,2,1,1,6,55
201600015230,16,7,28,855,1,2,1,1,6,55
201600015231,16,7,28,1440,1,2,1,1,6,55
201600015232,16,7,28,1515,1,1,1,1,6,55
201600015233,16,7,27,1930,1,2,1,1,6,55
201600015234,16,7,28,2030,1,2,1,1,6,55
201600015235,16,7,28,2045,1,2,1,1,2,2
201600015236,16,7,29,530,5,2,2,1,3,55
201600015237,16,7,28,1915,1,1,1,1,2,55
201600015238,16,7,7,600,1,2,1,1,3,55
201600015239,16,7,29,1610,1,2,1,1,6,55
201600015240,16,7,29,2220,5,2,1,1,2,55
201600015241,16,7,29,2245,5,2,6,1,6,55
201600015242,16,7,30,200,5,2,2,1,3,55
201600015243,16,7,30,400,5,2,1,1,3,55
201600015244,16,7,30,700,1,2,1,1,1,55
201600015245,16,7,30,2100,5,2,3,1,3,55
201600015246,16,7,30,1950,1,2,2,1,3,55
201600015247,16,7,30,1910,1,2,1,1,4,75
201600015248,16,6,25,1145,1,2,1,1,4,55
201600015249,16,7,31,940,1,2,1,1,6,55
201600015250,16,7,28,1150,1,2,8,1,6,55
201600015251,16,7,25,1900,1,2,1,1,3,55
201600015252,16,7,31,1950,1,2,3,1,3,55
201600015253,16,7,29,1630,1,2,1,1,3,55
201600015254,16,7,31,620,1,2,3,1,3,55
201600015255,16,7,31,1248,1,2,1,1,6,55
201600015256,16,7,28,810,1,2,1,1,3,55
201600015257,16,8,2,1300,1,2,2,1,3,55
201600015258,16,8,2,1355,1,2,1,1,6,55
201600015259,16,8,2,1410,1,2,7,1,4,55
201600015260,16,8,2,2015,2,2,1,1,6,55
201600015261,16,8,3,910,1,2,1,1,6,55
201600015262,16,8,3,1730,1,2,3,1,1,55
201600015263,16,8,3,1430,1,2,2,1,3,55
201600015264,16,8,2,2130,5,2,2,1,1,55
201600015265,16,8,4,1110,1,2,1,1,3,55
201600015266,16,8,1,800,1,2,1,1,2,55
201600015267,16,8,4,1300,1,1,1,1,6,55
201600015268,16,7,24,1830,1,2,1,1,3,55
201600015269,16,8,4,1430,1,2,1,1,2,55
201600015270,16,8,4,2000,1,2,2,1,3,55
201600015271,16,8,5,100,5,2,1,2,1,55
201600015272,16,8,5,1010,1,2,1,1,5,55
201600015273,16,7,12,1530,1,2,1,1,3,55
201600015274,16,8,5,1810,1,2,2,1,6,55
201600015275,16,8,5,1800,1,2,1,1,6,55
201600015276,16,8,5,2130,5,2,1,1,6,55
201600015277,16,7,29,1300,1,2,1,1,3,55
201600015278,16,8,6,430,5,2,3,1,7,55
201600015279,16,8,2,1000,1,2,3,1,6,55
201600015280,16,8,3,1230,1,2,1,1,2,55
201600015281,16,8,6,1150,1,2,7,1,1,55
201600015282,16,8,7,200,5,2,1,1,6,55
201600015283,16,8,7,400,5,2,1,1,3,55
201600015284,16,8,7,1945,1,2,3,1,3,55
201600015285,16,8,8,1020,1,2,6,1,6,55
201600015286,16,8,8,1225,1,2,1,1,2,55
201600015287,16,8,8,1530,1,2,1,1,6,55
201600015288,16,8,8,2320,5,2,2,1,6,55
201600015289,16,8,8,2110,5,2,2,1,3,55
201600015290,16,8,1,1845,1,2,1,1,2,55
201600015291,16,8,9,1130,1,2,3,1,3,55
201600015292,16,8,9,1330,1,2,1,1,3,55
201600015293,16,8,9,1350,1,2,1,1,6,55
201600015294,16,8,9,1630,1,2,1,1,2,55
201600015295,16,8,9,1700,1,2,1,8,6,55
201600015296,16,8,9,1815,1,2,1,1,6,55
201600015297,16,8,10,900,1,2,1,1,6,55
201600015298,16,8,11,1445,1,2,1,1,1,55
201600015299,16,8,11,1430,1,2,1,1,6,55
201600015300,16,8,11,1700,1,2,1,1,3,55
201600015301,16,8,11,2030,1,2,1,1,2,55
201600015302,16,8,10,1810,1,2,1,5,2,55
201600015303,16,8,11,1830,1,2,1,1,3,55
201600015304,16,8,12,900,1,2,4,1,2,55
201600015305,16,8,12,1000,1,2,1,1,3,55
201600015306,16,8,12,1810,1,2,1,1,3,55
201600015307,16,8,12,1900,1,2,1,1,6,55
201600015308,16,8,13,10,5,2,1,1,3,55
201600015309,16,8,13,1225,1,2,1,1,2,55
201600015310,16,8,8,1030,1,2,1,1,6,55
201600015311,16,8,13,1700,1,2,1,1,6,55
201600015312,16,8,13,310,5,2,1,1,6,55
201600015313,16,8,13,2130,5,2,1,1,2,55
201600015314,16,8,14,210,5,2,1,1,6,55
201600015315,16,8,14,430,5,2,2,1,3,55
201600015316,16,8,13,1415,1,2,1,1,3,55
201600015317,16,8,14,1300,1,2,1,1,7,55
201600015318,16,8,15,615,2,2,1,1,3,55
201600015319,16,8,14,800,1,2,1,1,3,55
201600015320,16,8,15,1145,1,2,1,1,4,55
201600015321,16,8,15,140,5,2,1,1,3,55
201600015322,16,8,15,2330,5,2,1,1,1,55
201600015323,16,8,15,1630,1,2,1,1,1,55
201600015324,16,8,11,1820,1,2,9,1,3,55
201600015325,16,8,16,2200,5,2,1,1,6,55
201600015326,16,8,16,1300,1,2,1,1,1,55
201600015327,16,8,17,430,4,1,1,1,6,55
201600015328,16,8,17,730,1,2,6,1,3,55
201600015329,16,8,17,1040,1,2,1,1,4,55
201600015330,16,8,13,1145,1,2,1,1,3,55
201600015331,16,8,12,915,1,2,1,1,5,55
201600015332,16,8,17,2120,5,2,1,1,3,55
201600015333,16,8,18,30,5,2,1,1,7,55
201600015334,16,8,17,2350,5,2,1,1,3,55
201600015335,16,8,17,1845,1,2,1,1,3,55
201600015336,16,6,29,1230,1,2,9,1,2,55
201600015337,16,8,5,1420,1,2,1,1,1,55
201600015338,16,8,18,1615,1,2,1,1,2,55
201600015339,16,8,18,1950,2,1,1,1,6,55
201600015340,16,8,18,530,5,2,1,1,6,55
201600015341,16,8,19,645,2,2,1,1,2,55
201600015342,16,8,19,1220,1,2,1,1,3,55
201600015343,16,8,19,2155,5,2,1,1,1,55
201600015344,16,8,18,1730,1,1,2,1,1,55
201600015345,16,8,20,1000,1,2,2,1,6,55
201600015346,16,8,20,1600,1,2,3,8,3,55
201600015347,16,8,20,2350,5,2,1,1,3,55
201600015348,16,8,21,330,5,2,1,1,6,55
201600015349,16,8,21,1650,1,2,1,1,3,55
201600015350,16,8,21,2140,5,2,1,1,6,55
201600015351,16,8,22,845,1,2,1,1,3,55
201600015352,16,8,22,1615,1,2,1,1,6,55
201600015353,16,8,22,1655,1,2,1,1,6,55
201600015354,16,8,22,1950,1,1,1,1,5,55
201600015355,16,8,17,1900,1,2,3,1,3,55
201600015356,16,8,23,1230,1,2,1,1,1,55
201600015357,16,8,19,845,1,2,3,1,1,55
201600015358,16,8,23,1506,1,2,2,1,3,55
201600015359,16,8,23,1730,1,2,1,1,2,55
201600015360,16,8,23,1445,1,2,1,1,7,55
201600015361,16,8,23,1930,1,2,1,1,1,55
201600015362,16,8,23,2000,2,2,1,1,2,55
201600015363,16,8,21,410,5,2,1,1,6,55
201600015364,16,8,17,1700,1,2,1,1,6,55
201600015365,16,8,22,1900,1,2,1,1,5,55
201600015366,16,8,22,1220,1,2,6,1,1,55
201600015367,16,8,24,1110,1,2,3,1,3,55
201600015368,16,8,24,1451,1,2,1,1,6,55
201600015369,16,8,24,1200,1,2,1,1,3,55
201600015370,16,8,25,515,5,1,1,1,3,55
201600015371,16,8,24,1200,1,2,3,1,3,55
201600015372,16,7,29,2015,2,2,1,1,5,55
201600015373,16,8,8,640,1,1,1,1,3,55
201600015374,16,8,24,1900,1,2,1,1,6,55
201600015375,16,8,24,1800,1,2,1,1,3,55
201600015376,16,8,24,1818,1,2,1,1,6,55
201600015377,16,8,25,1330,1,2,6,1,3,55
201600015378,16,8,25,1755,1,1,1,1,6,55
201600015379,16,8,25,1910,1,2,1,1,2,55
201600015380,16,8,26,810,1,2,1,1,1,55
201600015381,16,8,26,650,1,2,1,1,1,55
201600015382,16,8,21,1840,1,2,1,1,3,55
201600015383,16,8,17,945,1,1,1,1,3,55
201600015384,16,8,26,1230,1,2,1,1,6,55
201600015385,16,8,26,330,5,2,2,1,3,55
201600015386,16,8,25,2125,5,2,3,1,2,55
201600015387,16,8,26,120,5,2,1,1,6,55
201600015388,16,8,26,1930,1,2,2,1,2,55
201600015389,16,8,26,2310,5,2,1,1,3,55
201600015390,16,8,27,920,1,2,1,1,3,55
201600015391,16,8,27,1230,1,2,3,1,3,55
201600015392,16,8,27,1430,1,2,1,1,3,55
201600015393,16,8,27,1530,1,2,2,1,3,55
201600015394,16,8,27,1930,1,2,4,1,3,55
201600015395,16,8,28,245,5,2,1,1,3,55
201600015396,16,8,28,2225,5,2,2,1,3,55
201600015397,16,8,28,2115,5,2,1,1,4,55
201600015398,16,8,28,2300,5,2,1,1,3,55
201600015399,16,8,28,1050,1,2,1,1,2,55
201600015400,16,8,29,900,1,2,1,1,1,55
201600015401,16,8,25,1215,1,2,2,1,3,55
201600015402,16,8,23,1630,1,2,1,1,6,55
201600015403,16,8,29,1745,1,2,3,1,3,55
201600015404,16,8,30,750,1,2,1,1,1,55
201600015405,16,8,29,1955,1,2,1,1,6,55
201600015406,16,8,30,810,1,2,4,1,3,55
201600015407,16,8,30,1300,1,2,1,1,6,55
201600015408,16,8,25,1815,1,2,1,1,2,55
201600015409,16,8,30,1415,1,2,1,1,2,55
201600015410,16,8,30,1800,1,1,3,1,6,55
201600015411,16,8,30,1930,1,2,1,1,4,55
201600015412,16,8,30,2100,5,2,1,1,6,55
201600015413,16,8,31,1,5,2,1,1,6,55
201600015414,16,8,31,508,2,2,1,1,6,55
201600015415,16,8,30,1850,1,2,3,1,3,55
201600015416,16,8,30,1920,1,2,1,2,3,55
201600015417,16,8,31,1700,1,2,1,1,5,55
201600015418,16,8,30,1800,1,2,1,1,1,55
201600015419,16,8,31,2020,2,2,1,1,3,55
201600015420,16,8,31,2130,3,2,1,1,2,55
201600015421,16,8,31,1800,1,2,1,1,6,55
201600015422,16,8,31,1515,1,2,1,1,5,55
201600015423,16,9,1,1000,1,2,1,1,3,2
201600015424,16,9,1,1300,1,2,3,1,3,55
201600015425,16,9,1,1340,1,2,1,1,6,55
201600015426,16,9,1,1200,1,2,1,1,3,55
201600015427,16,9,1,1600,1,2,1,1,3,55
201600015428,16,9,1,2230,5,2,1,1,3,55
201600015429,16,8,25,1530,1,2,1,1,3,55
201600015430,16,9,2,1030,1,2,1,1,2,55
201600015431,16,9,2,1530,1,2,1,1,3,55
201600015432,16,9,2,1720,1,2,1,1,7,55
201600015433,16,9,2,2330,5,2,9,1,1,55
201600015434,16,9,2,2325,1,2,1,1,1,55
201600015435,16,9,3,1105,1,2,1,1,3,55
201600015436,16,8,31,1200,1,2,1,1,6,55
201600015437,16,8,30,730,1,2,2,1,7,55
201600015438,16,9,4,130,5,2,1,1,3,55
201600015439,16,9,4,500,5,2,3,1,3,55
201600015440,16,9,4,1130,1,2,1,1,6,55
201600015441,16,9,4,1030,1,1,1,1,6,2
201600015442,16,9,4,1700,1,2,1,1,3,55
201600015443,16,9,4,1820,1,2,2,1,3,55
201600015444,16,9,4,1610,1,2,1,1,1,55
201600015445,16,8,31,932,1,2,2,1,3,55
201600015446,16,9,5,655,5,2,3,1,1,55
201600015447,16,9,5,815,1,2,1,1,4,55
201600015448,16,9,5,1500,1,2,2,1,3,55
201600015449,16,9,5,1430,1,2,2,1,1,55
201600015450,16,9,5,1250,1,2,1,1,3,55
201600015451,16,9,5,2130,5,2,5,1,3,55
201600015452,16,9,3,1040,1,2,1,1,6,55
201600015453,16,9,3,1900,1,2,3,1,6,55
201600015454,16,8,30,1030,1,2,1,1,6,55
201600015455,16,8,31,1740,1,2,1,1,6,55
201600015456,16,9,1,1730,1,2,1,1,3,55
201600015457,16,9,6,1600,1,2,1,1,1,55
201600015458,16,9,6,1250,1,2,1,1,2,55
201600015459,16,9,6,1915,1,2,1,1,6,55
201600015460,16,9,7,1615,1,2,1,1,3,55
201600015461,16,9,7,410,5,2,1,1,6,55
201600015462,16,9,7,2115,5,2,2,1,3,55
201600015463,16,9,7,2230,5,2,1,1,1,55
201600015464,16,9,2,530,5,2,1,1,3,55
201600015465,16,9,8,915,1,2,1,1,7,55
201600015466,16,9,8,1000,1,2,6,1,5,55
201600015467,16,9,8,1015,1,2,2,1,3,55
201600015468,16,9,8,1230,1,2,1,1,6,55
201600015469,16,9,8,1435,1,1,1,1,3,55
201600015470,16,9,8,1820,1,2,1,1,6,2
201600015471,16,9,8,2015,5,2,1,1,6,55
201600015472,16,9,9,30,5,1,1,1,7,55
201600015473,16,9,9,835,1,2,3,1,3,55
201600015474,16,9,9,840,1,2,1,1,3,55
201600015475,16,9,5,1200,1,2,1,1,6,55
201600015476,16,9,9,1000,1,2,1,1,5,55
201600015477,16,9,9,1330,1,2,1,1,6,55
201600015478,16,9,6,1130,1,2,1,1,1,55
201600015479,16,9,6,900,1,2,1,1,6,55
201600015480,16,9,9,1635,1,2,2,1,3,55
201600015481,16,9,9,2130,5,2,1,1,2,55
201600015482,16,9,10,10,5,2,1,1,3,55
201600015483,16,9,10,1045,1,2,1,1,2,55
201600015484,16,9,6,840,1,2,1,1,3,55
201600015485,16,9,10,1420,1,2,1,1,7,55
201600015486,16,9,10,1430,1,2,1,1,1,55
201600015487,16,9,10,1315,1,2,5,1,3,55
201600015488,16,9,6,1215,1,1,1,1,3,55
201600015489,16,9,6,645,2,2,1,1,6,55
201600015490,16,9,11,1430,1,2,1,1,6,55
201600015491,16,9,11,1420,1,2,1,1,2,55
201600015492,16,8,9,1130,1,1,2,1,3,55
201600015493,16,9,11,1625,1,2,1,1,3,55
201600015494,16,9,11,2105,5,2,1,1,2,2
201600015495,16,9,11,2150,5,2,1,1,6,55
201600015496,16,7,17,2330,5,2,1,1,6,55
201600015497,16,9,12,36,5,1,1,1,6,55
201600015498,16,9,11,1030,1,2,1,1,3,55
201600015499,16,9,12,830,1,2,1,1,6,55
201600015500,16,9,5,1700,1,2,3,1,6,55
201600015501,16,9,12,1500,1,2,1,1,6,55
201600015502,16,9,6,1838,1,2,1,1,2,55
201600015503,16,9,12,2345,5,2,1,1,2,55
201600015504,16,9,11,1820,1,2,2,1,3,55
201600015505,16,9,12,1730,1,2,1,1,5,55
201600015506,16,9,13,930,1,2,3,1,3,75
201600015507,16,9,12,2018,2,2,1,1,3,215
201600015508,16,9,13,1150,1,2,3,1,3,55
201600015509,16,9,9,1000,1,2,3,1,3,55
201600015510,16,9,14,215,5,2,1,1,7,55
201600015511,16,9,14,110,5,1,1,1,7,55
201600015512,16,9,7,840,1,2,2,1,6,55
201600015513,16,8,31,1630,1,2,1,1,4,55
201600015514,16,9,8,645,1,2,1,1,6,55
201600015515,16,9,14,520,5,2,1,1,2,55
201600015516,16,9,14,805,1,2,1,1,6,55
201600015517,16,9,14,1310,1,2,1,2,1,55
201600015518,16,9,14,1245,1,2,1,2,2,55
201600015519,16,9,13,1330,1,2,1,1,7,55
201600015520,16,9,14,1510,1,2,1,2,3,55
201600015521,16,9,14,1615,1,2,1,1,3,55
201600015522,16,9,14,1820,1,2,6,1,7,55
201600015523,16,9,15,700,1,2,1,8,7,55
201600015524,16,9,15,745,1,2,1,1,6,55
201600015525,16,8,25,1030,1,2,1,1,6,55
201600015526,16,9,15,1640,1,2,3,1,3,55
201600015527,16,9,15,1700,1,2,1,1,3,55
201600015528,16,9,15,145,5,2,9,1,6,55
201600015529,16,9,16,445,5,2,1,3,6,55
201600015530,16,9,16,840,1,1,1,1,6,55
201600015531,16,9,16,750,1,1,3,2,3,106
201600015532,16,9,16,1020,1,2,1,1,1,55
201600015533,16,9,9,1640,1,2,1,1,3,55
201600015534,16,9,15,1945,5,2,1,1,2,55
201600015535,16,9,16,2020,5,2,1,1,6,2
201600015536,16,9,17,30,5,2,1,1,6,55
201600015537,16,9,16,1615,1,2,1,1,3,55
201600015538,16,9,15,1520,1,2,1,1,3,55
201600015539,16,9,17,725,2,2,2,1,3,55
201600015540,16,9,17,830,1,2,1,1,4,55
201600015541,16,9,17,1200,1,2,1,1,7,55
201600015542,16,9,17,1715,1,2,1,1,6,55
201600015543,16,9,5,1815,1,2,7,1,6,55
201600015544,16,9,12,1615,1,2,1,1,6,55
201600015545,16,9,8,1100,1,2,1,1,6,55
201600015546,16,9,19,815,1,2,1,1,6,55
201600015547,16,9,19,805,1,2,1,1,3,55
201600015548,16,9,19,840,1,2,3,1,3,55
201600015549,16,9,19,1315,1,2,2,1,3,55
201600015550,16,8,20,1430,1,2,3,1,3,55
201600015551,16,9,19,1800,1,2,1,1,6,55
201600015552,16,9,19,1945,2,2,2,1,2,55
201600015553,16,8,24,1430,1,2,1,1,3,55
201600015554,16,9,20,530,5,2,1,1,6,55
201600015555,16,9,18,1730,1,2,1,1,2,55
201600015556,16,9,1,1130,1,2,1,1,7,55
201600015557,16,9,20,730,1,2,1,1,5,55
201600015558,16,9,20,1525,1,2,1,1,2,55
201600015559,16,9,17,305,5,2,2,1,3,55
201600015560,16,9,20,1850,1,2,1,1,3,55
201600015561,16,9,20,1825,1,2,1,1,1,55
201600015562,16,9,21,745,1,2,1,1,1,55
201600015563,16,9,16,1640,1,2,1,1,6,55
201600015564,16,9,21,1500,1,2,5,1,3,55
201600015565,16,9,21,1340,1,2,1,1,6,55
201600015566,16,9,21,1550,1,2,6,1,2,55
201600015567,16,9,21,1900,1,2,1,1,2,55
201600015568,16,9,22,10,1,1,1,1,1,106
201600015569,16,9,21,1200,1,2,1,1,3,55
201600015570,16,9,21,1045,1,2,1,7,3,55
201600015571,16,9,15,1950,1,2,2,1,3,55
201600015572,16,9,22,1830,1,2,1,1,3,2
201600015573,16,9,22,2345,3,2,1,1,6,55
201600015574,16,9,23,820,1,2,3,7,3,75
201600015575,16,9,20,1215,1,2,1,1,2,55
201600015576,16,9,23,1745,1,2,3,1,5,55
201600015577,16,9,23,2030,5,2,4,1,3,55
201600015578,16,9,23,2315,3,2,2,1,4,55
201600015579,16,9,21,1819,1,2,2,1,3,55
201600015580,16,9,22,1345,1,1,1,1,2,55
201600015581,16,9,24,1300,1,2,3,1,1,55
201600015582,16,9,24,1700,1,2,1,1,3,55
201600015583,16,9,24,2130,5,2,3,1,3,55
201600015584,16,9,25,210,5,2,1,1,3,55
201600015585,16,9,23,1725,1,2,1,1,1,55
201600015586,16,9,25,430,5,2,1,1,3,55
201600015587,16,9,25,450,5,2,3,1,3,55
201600015588,16,9,22,1100,1,2,1,1,2,55
201600015589,16,9,25,1345,1,2,3,1,3,55
201600015590,16,9,25,1820,1,2,1,1,6,55
201600015591,16,9,25,130,5,2,1,1,3,55
201600015592,16,9,25,2330,5,2,1,1,1,55
201600015593,16,9,23,1920,2,2,2,1,3,55
201600015594,16,9,26,700,1,2,1,1,5,55
201600015595,16,9,26,1400,1,2,6,1,6,55
201600015596,16,9,26,1420,1,2,3,1,1,75
201600015597,16,9,26,2120,5,2,1,1,6,55
201600015598,16,9,27,950,1,2,6,1,2,55
201600015599,16,9,27,910,1,2,1,1,3,55
201600015600,16,9,27,1400,1,2,4,1,3,55
201600015601,16,9,3,1650,1,2,2,1,3,55
201600015602,16,9,27,1508,1,2,6,1,3,55
201600015603,16,9,27,1705,1,2,1,1,2,55
201600015604,16,9,27,1645,1,2,1,1,6,55
201600015605,16,9,28,615,5,2,1,1,7,55
201600015606,16,9,28,530,5,1,1,1,1,55
201600015607,16,9,28,930,1,2,4,1,4,55
201600015608,16,9,28,1120,1,2,1,1,2,55
201600015609,16,9,28,930,1,2,2,1,3,55
201600015610,16,9,27,2000,5,2,1,2,1,55
201600015611,16,9,22,1440,1,2,1,1,6,55
201600015612,16,9,28,1415,1,2,1,1,2,55
201600015613,16,9,28,1400,1,2,1,1,2,55
201600015614,16,9,28,1330,1,2,1,1,1,2
201600015615,16,9,28,2130,5,2,2,1,3,55
201600015616,16,9,27,1840,2,2,4,3,3,55
201600015617,16,9,21,1925,1,2,1,1,6,55
201600015618,16,9,29,1645,1,1,1,1,7,55
201600015619,16,9,29,1945,5,2,2,1,3,55
201600015620,16,9,29,2030,5,2,1,1,3,55
201600015621,16,9,29,2150,5,2,1,1,3,55
201600015622,16,9,29,2150,5,2,1,1,7,55
201600015623,16,9,29,1220,1,2,1,1,6,55
201600015624,16,9,30,830,1,2,1,1,7,106
201600015625,16,9,29,1830,1,2,1,1,1,2
201600015626,16,9,30,1330,1,2,1,2,2,55
201600015627,16,9,29,1650,1,2,1,1,6,55
201600015628,16,9,29,1930,2,2,1,1,6,55
201600015629,16,9,30,1330,1,2,1,3,4,55
201600015630,16,9,29,1645,1,2,1,1,3,55
201600015631,16,9,30,2040,5,2,1,1,6,55
201600015632,16,9,30,1900,5,2,3,1,3,55
201600015633,16,9,30,2145,5,2,1,1,3,55
201600015634,16,9,30,2315,5,2,1,1,7,55
201600015635,16,9,30,1900,2,2,1,1,2,55
201600015636,16,10,1,530,5,2,1,2,7,55
201600015637,16,9,17,1540,1,2,2,1,3,55
201600015638,16,10,1,1155,1,2,1,2,6,106
201600015639,16,10,1,1715,1,2,2,1,3,55
201600015640,16,9,20,715,1,2,1,1,1,55
201600015641,16,10,1,1200,1,2,1,2,2,55
201600015642,16,10,2,1010,1,2,1,1,6,55
201600015643,16,10,2,1310,1,2,6,1,3,55
201600015644,16,10,3,1825,1,2,1,1,2,55
201600015645,16,10,3,800,1,2,1,1,2,55
201600015646,16,10,3,830,1,2,3,1,5,55
201600015647,16,10,3,840,2,2,1,1,6,55
201600015648,16,10,3,1030,1,1,1,1,1,55
201600015649,16,9,12,1220,1,2,3,1,3,55
201600015650,16,9,22,1500,1,2,1,1,3,55
201600015651,16,10,3,1430,1,2,1,1,1,55
201600015652,16,10,3,1550,1,2,6,1,3,55
201600015653,16,10,3,1835,2,2,2,1,5,55
201600015654,16,10,3,2150,5,2,1,1,3,55
201600015655,16,10,3,2100,5,2,1,1,6,55
201600015656,16,10,3,2120,5,2,2,1,3,55
201600015657,16,10,4,20,5,2,1,1,6,55
201600015658,16,9,20,1835,1,2,1,1,2,55
201600015659,16,10,3,1205,1,2,3,1,3,55
201600015660,16,10,3,1815,1,2,1,1,3,55
201600015661,16,10,3,1515,1,2,1,1,6,55
201600015662,16,10,4,1500,1,2,1,1,3,55
201600015663,16,10,4,1400,1,2,1,1,3,55
201600015664,16,10,4,1710,1,2,1,1,5,55
201600015665,16,10,4,1730,1,2,1,1,3,55
201600015666,16,10,4,2150,5,2,7,1,5,55
201600015667,16,10,4,1900,1,2,1,1,2,55
201600015668,16,10,4,1320,1,2,1,1,6,55
201600015669,16,9,22,1500,1,2,1,1,6,55
201600015670,16,10,4,1800,1,2,1,1,3,55
201600015671,16,10,4,1830,1,2,1,1,6,55
201600015672,16,10,3,1640,1,2,3,1,6,55
201600015673,16,10,5,850,1,2,1,1,6,55
201600015674,16,10,5,1500,1,2,1,1,1,55
201600015675,16,10,5,1525,1,2,1,1,1,55
201600015676,16,10,5,1645,1,2,1,1,2,55
201600015677,16,8,31,2055,2,2,1,1,6,55
201600015678,16,10,5,2115,4,2,6,1,3,55
201600015679,16,10,6,630,5,2,1,1,3,55
201600015680,16,10,6,1315,1,2,1,1,3,55
201600015681,16,10,6,1230,1,2,1,2,1,55
201600015682,16,10,6,1400,1,2,3,3,7,55
201600015683,16,10,6,1630,1,2,1,2,3,55
201600015684,16,10,6,1900,5,2,1,2,3,55
201600015685,16,10,5,1615,1,2,1,1,6,55
201600015686,16,10,7,845,1,2,1,1,2,55
201600015687,16,10,7,830,1,2,1,1,1,55
201600015688,16,10,7,1315,1,2,1,1,3,75
201600015689,16,10,7,1315,1,2,1,1,6,55
201600015690,16,9,28,1055,1,2,1,1,3,55
201600015691,16,10,7,2320,5,2,1,1,3,55
201600015692,16,10,7,1230,1,2,1,1,3,55
201600015693,16,10,8,725,2,2,2,1,6,55