Num_Acc,an,mois,jour,hrmn,lum,agg,int,atm,col,com
201600015694,16,10,8,1345,1,1,1,1,7,2
201600015695,16,10,3,1155,1,2,1,1,6,55
201600015696,16,10,8,1355,1,2,1,1,4,55
201600015697,16,10,8,1620,1,2,6,1,3,55
201600015698,16,10,9,500,5,2,2,1,3,55
201600015699,16,10,8,1930,2,2,2,1,7,55
201600015700,16,9,30,905,1,2,1,1,6,55
201600015701,16,10,9,1200,1,2,1,1,2,55
201600015702,16,9,30,1100,1,2,1,1,2,55
201600015703,16,10,3,1845,1,2,2,1,6,55
201600015704,16,10,5,740,1,2,3,1,3,55
201600015705,16,10,9,1420,1,2,1,1,3,55
201600015706,16,10,4,1720,1,2,1,1,3,55
201600015707,16,10,9,1910,5,2,1,1,1,55
201600015708,16,10,9,2145,5,2,1,1,3,55
201600015709,16,10,10,55,5,2,2,1,3,55
201600015710,16,10,10,150,5,1,1,1,7,55
201600015711,16,10,10,830,1,2,1,1,3,55
201600015712,16,10,10,915,1,2,6,1,2,55
201600015713,16,10,9,2000,5,2,6,1,3,55
201600015714,16,9,28,1430,1,2,1,1,3,55
201600015715,16,10,4,1620,1,2,1,1,6,55
201600015716,16,10,10,2340,5,2,1,1,3,55
201600015717,16,10,11,620,2,2,1,1,3,55
201600015718,16,10,10,2000,5,2,1,1,6,55
201600015719,16,10,11,1145,1,2,1,1,3,55
201600015720,16,10,11,1550,1,2,6,1,3,55
201600015721,16,9,2,2200,5,2,1,1,6,55
201600015722,16,10,12,5,3,1,1,1,7,55
201600015723,16,10,11,2320,5,2,1,1,6,55
201600015724,16,10,11,1150,1,2,1,1,6,55
201600015725,16,10,6,935,1,2,3,1,3,55
201600015726,16,10,11,1200,1,2,9,1,3,55
201600015727,16,10,12,715,5,2,9,1,6,55
201600015728,16,9,28,1845,2,2,1,1,6,55
201600015729,16,10,12,840,1,2,6,1,3,55
201600015730,16,10,11,1100,1,2,1,1,2,55
201600015731,16,9,29,1315,1,2,1,1,6,55
201600015732,16,10,12,950,1,2,1,1,6,55
201600015733,16,10,12,1545,1,2,1,1,3,55
201600015734,16,10,13,912,1,2,1,1,3,55
201600015735,16,10,13,718,2,2,1,2,2,55
201600015736,16,10,13,1230,1,2,1,1,3,55
201600015737,16,10,13,1820,2,2,1,1,3,55
201600015738,16,10,13,2015,5,2,1,8,6,55
201600015739,16,10,1,800,1,2,1,2,2,55
201600015740,16,10,14,1610,1,2,1,8,2,55
201600015741,16,10,14,1430,1,2,1,2,1,55
201600015742,16,10,14,1930,5,2,1,1,4,55
201600015743,16,10,16,100,5,2,2,1,3,55
201600015744,16,10,16,10,5,2,2,1,3,55
201600015745,16,10,16,645,2,2,1,1,5,55
201600015746,16,10,15,1920,2,2,1,1,6,55
201600015747,16,10,11,1130,1,2,2,1,3,55
201600015748,16,10,16,2300,5,2,1,1,6,55
201600015749,16,10,11,1105,1,2,1,1,6,55
201600015750,16,10,17,820,1,2,1,1,6,55
201600015751,16,10,17,1330,1,2,1,1,1,55
201600015752,16,9,30,1300,1,2,1,2,6,55
201600015753,16,10,17,1730,1,2,1,3,4,55
201600015754,16,10,17,1900,2,2,1,8,1,55
201600015755,16,10,17,1120,1,2,1,1,3,55
201600015756,16,10,18,800,2,2,1,1,3,55
201600015757,16,10,17,1825,3,1,1,3,7,2
201600015758,16,10,18,1415,1,2,1,1,3,55
201600015759,16,9,3,1030,1,2,3,1,3,55
201600015760,16,10,18,2200,5,1,1,1,1,55
201600015761,16,10,7,1230,1,2,1,1,6,55
201600015762,16,10,19,530,5,2,1,1,6,55
201600015763,16,10,19,747,2,2,1,1,6,55
201600015764,16,10,7,830,1,2,1,1,6,55
201600015765,16,10,19,955,1,2,1,1,2,55
201600015766,16,10,19,910,1,1,1,1,6,55
201600015767,16,10,19,1330,1,2,1,1,6,55
201600015768,16,10,15,1220,1,2,2,1,3,55
201600015769,16,6,27,1815,1,2,1,1,2,55
201600015770,16,10,19,2335,5,2,2,1,3,55
201600015771,16,10,19,1130,1,2,1,1,3,55
201600015772,16,10,20,900,1,2,1,1,6,55
201600015773,16,10,20,925,1,1,1,1,5,55
201600015774,16,10,16,1130,1,2,1,1,6,55
201600015775,16,10,20,1500,1,2,3,1,6,55
201600015776,16,10,20,2000,5,2,1,1,4,55
201600015777,16,10,20,2130,5,2,1,1,3,55
201600015778,16,10,16,1115,1,2,1,1,6,55
201600015779,16,10,20,1705,1,2,1,1,6,55
201600015780,16,10,21,740,1,2,1,1,3,55
201600015781,16,10,21,1310,1,2,9,1,1,55
201600015782,16,10,21,1545,1,2,1,1,3,55
201600015783,16,10,21,1245,1,2,3,1,3,2
201600015784,16,10,21,1620,1,2,1,1,3,55
201600015785,16,10,21,2300,5,2,1,1,7,55
201600015786,16,10,22,210,5,2,1,1,7,55
201600015787,16,10,22,900,1,2,1,1,7,2
201600015788,16,10,22,1300,1,2,1,1,6,55
201600015789,16,10,22,1545,1,2,1,1,6,55
201600015790,16,10,22,1610,1,2,1,2,1,55
201600015791,16,10,22,2140,5,2,1,2,7,55
201600015792,16,10,23,2310,5,2,3,1,3,55
201600015793,16,10,24,6,5,2,1,1,3,55
201600015794,16,10,24,250,5,2,1,1,6,55
201600015795,16,9,9,1930,2,2,2,1,2,55
201600015796,16,10,23,710,1,2,3,2,3,55
201600015797,16,10,12,1010,1,2,1,1,6,55
201600015798,16,10,12,700,2,2,1,1,3,55
201600015799,16,10,24,1200,1,2,1,1,3,55
201600015800,16,10,24,1236,1,2,1,1,3,55
201600015801,16,10,20,1230,1,2,1,1,7,55
201600015802,16,10,24,2000,1,2,1,1,3,55
201600015803,16,10,25,1005,1,2,1,2,2,55
201600015804,16,10,25,1340,1,2,1,1,1,55
201600015805,16,10,25,1600,1,2,1,1,6,55
201600015806,16,10,25,1945,5,2,1,1,6,55
201600015807,16,10,25,2045,5,1,1,1,3,55
201600015808,16,10,25,2300,5,2,3,1,3,55
201600015809,16,10,5,1330,1,2,1,1,6,55
201600015810,16,10,26,1345,1,2,1,1,6,55
201600015811,16,10,26,1355,1,2,1,1,3,55
201600015812,16,10,26,1915,2,2,1,1,2,55
201600015813,16,10,4,1445,1,2,9,1,6,55
201600015814,16,10,27,1340,1,2,1,1,2,55
201600015815,16,10,27,1410,1,2,3,1,3,55
201600015816,16,10,27,1630,1,2,1,1,6,55
201600015817,16,10,27,1800,1,2,1,1,1,55
201600015818,16,10,27,2350,5,2,1,1,2,55
201600015819,16,10,28,45,5,2,1,1,2,55
201600015820,16,10,28,945,1,2,1,1,6,55
201600015821,16,10,17,1015,1,2,2,1,3,55
201600015822,16,10,28,1220,1,2,1,1,2,55
201600015823,16,10,17,735,1,1,2,1,6,55
201600015824,16,10,15,1630,1,2,1,1,5,55
201600015825,16,10,28,1630,1,2,1,1,6,55
201600015826,16,10,28,1715,1,1,1,1,3,55
201600015827,16,10,28,2130,5,1,1,1,3,55
201600015828,16,10,28,2115,1,1,2,1,3,55
201600015829,16,10,21,1900,2,2,1,1,2,55
201600015830,16,10,29,720,2,2,1,1,5,55
201600015831,16,10,24,1500,1,2,1,1,6,55
201600015832,16,10,29,1015,1,2,1,1,6,55
201600015833,16,10,5,1140,1,2,1,1,2,55
201600015834,16,10,29,1015,1,1,1,1,6,55
201600015835,16,10,30,600,5,2,1,1,7,55
201600015836,16,10,30,510,5,2,1,1,3,55
201600015837,16,10,30,605,5,2,1,1,2,55
201600015838,16,10,30,615,5,2,1,1,6,55
201600015839,16,10,28,1515,1,2,1,1,6,55
201600015840,16,10,29,1900,2,2,1,1,6,2
201600015841,16,10,13,1230,1,1,1,1,3,55
201600015842,16,10,30,1230,1,2,1,1,3,55
201600015843,16,10,23,1815,1,2,1,1,6,55
201600015844,16,10,30,2025,5,2,1,1,6,55
201600015845,16,10,14,730,1,2,1,1,6,55
201600015846,16,10,18,1648,1,2,1,1,6,55
201600015847,16,10,31,1006,1,2,2,1,6,55
201600015848,16,10,31,1340,1,1,1,1,6,55
201600015849,16,10,31,1450,1,1,1,1,4,55
201600015850,16,10,31,1630,1,2,1,1,1,55
201600015851,16,10,31,1845,4,2,1,1,6,55
201600015852,16,10,31,2230,5,2,3,1,1,55
201600015853,16,10,31,1140,1,2,1,1,3,55
201600015854,16,11,1,645,1,2,1,1,1,55
201600015855,16,10,31,1900,3,1,1,1,5,55
201600015856,16,10,31,2100,5,2,1,1,6,55
201600015857,16,10,27,2010,5,2,1,1,3,55
201600015858,16,10,27,1450,1,2,1,1,2,55
201600015859,16,11,2,1546,1,2,1,1,3,55
201600015860,16,11,2,2130,5,2,3,1,3,75
201600015861,16,11,2,2230,5,2,1,1,6,55
201600015862,16,10,21,720,2,2,3,1,3,55
201600015863,16,11,3,735,2,2,1,1,5,55
201600015864,16,11,3,1000,1,2,1,7,6,55
201600015865,16,11,3,815,1,2,4,9,6,55
201600015866,16,10,28,1700,1,2,1,1,4,55
201600015867,16,11,3,1345,1,2,1,1,6,55
201600015868,16,11,2,1945,5,2,1,1,3,55
201600015869,16,11,3,1845,5,2,1,1,6,2
201600015870,16,11,3,1945,5,2,1,1,1,55
201600015871,16,11,3,2110,5,2,1,1,1,55
201600015872,16,11,3,2245,5,2,3,1,6,55
201600015873,16,10,30,1035,1,2,1,1,6,55
201600015874,16,11,3,1930,5,2,1,1,2,55
201600015875,16,10,10,1745,1,2,1,1,3,55
201600015876,16,11,2,1745,2,2,1,1,3,55
201600015877,16,10,28,1730,1,2,1,1,6,55
201600015878,16,11,4,915,1,2,1,7,1,2
201600015879,16,11,4,1035,1,2,3,1,3,55
201600015880,16,11,4,1300,1,2,1,1,3,55
201600015881,16,11,4,1410,1,2,1,1,6,55
201600015882,16,10,26,1125,1,2,1,1,6,55
201600015883,16,11,4,1500,1,2,2,1,3,55
201600015884,16,10,26,1020,1,2,1,1,6,55
201600015885,16,11,4,1240,1,2,1,1,3,55
201600015886,16,11,4,2135,5,2,1,2,3,55
201600015887,16,11,4,845,1,2,2,1,2,55
201600015888,16,11,5,530,5,2,3,8,2,55
201600015889,16,11,5,415,5,2,1,2,1,55
201600015890,16,11,2,1514,1,1,1,1,2,55
201600015891,16,11,4,1500,1,2,6,1,3,55
201600015892,16,11,5,1800,1,2,3,1,2,55
201600015893,16,11,5,1710,2,2,1,1,6,55
201600015894,16,9,23,1950,5,2,1,1,4,55
201600015895,16,11,6,1220,1,2,1,1,4,55
201600015896,16,11,6,1655,2,2,1,1,3,55
201600015897,16,11,6,1720,5,2,3,1,3,55
201600015898,16,11,7,630,1,2,1,1,6,55
201600015899,16,11,7,845,1,2,1,1,4,55
201600015900,16,11,4,2015,2,2,2,1,3,106
201600015901,16,11,7,940,1,2,3,1,3,55
201600015902,16,11,7,1430,1,2,1,1,3,55
201600015903,16,11,7,1315,1,2,1,1,6,55
201600015904,16,11,7,1800,5,2,1,1,6,75
201600015905,16,11,7,1815,5,2,2,1,6,55
201600015906,16,11,7,420,5,2,1,1,6,55
201600015907,16,11,7,1920,5,2,1,1,1,55
201600015908,16,11,8,750,1,2,3,1,3,55
201600015909,16,11,8,1000,1,2,1,1,3,55
201600015910,16,11,8,925,1,2,1,1,3,55
201600015911,16,11,5,800,1,2,1,1,6,55
201600015912,16,11,8,2000,5,2,1,1,6,55
201600015913,16,11,8,1100,1,2,2,1,3,55
201600015914,16,11,9,700,2,2,1,2,3,55
201600015915,16,11,9,1145,1,2,1,8,2,55
201600015916,16,11,8,1750,5,2,1,1,6,55
201600015917,16,11,5,1115,1,2,1,1,3,55
201600015918,16,11,4,1055,1,1,1,1,6,55
201600015919,16,11,9,1200,1,2,3,8,3,55
201600015920,16,11,9,1140,1,2,1,2,2,55
201600015921,16,11,9,1410,1,2,6,1,6,55
201600015922,16,11,9,1300,1,2,3,1,3,55
201600015923,16,11,4,855,1,2,1,1,2,55
201600015924,16,11,9,1910,5,2,3,1,5,75
201600015925,16,11,8,1915,3,2,1,1,6,55
201600015926,16,11,10,447,5,2,2,1,3,55
201600015927,16,11,10,1040,1,2,1,1,3,55
201600015928,16,11,9,1310,1,2,1,3,3,55
201600015929,16,10,29,1825,1,2,1,1,6,55
201600015930,16,11,10,1515,1,2,2,1,3,55
201600015931,16,11,11,155,5,2,3,1,3,55
201600015932,16,11,11,1515,1,2,1,1,3,55
201600015933,16,11,11,1745,5,2,1,1,2,55
201600015934,16,11,11,1810,3,2,2,1,1,55
201600015935,16,11,11,1925,5,2,1,1,1,55
201600015936,16,11,11,2210,4,2,1,1,3,55
201600015937,16,11,11,2215,5,2,1,1,2,55
201600015938,16,11,11,2314,5,2,9,1,1,55
201600015939,16,11,12,545,5,2,3,1,3,55
201600015940,16,11,12,900,1,2,3,1,4,55
201600015941,16,11,12,530,3,2,3,1,3,55
201600015942,16,11,12,2110,5,2,9,1,2,55
201600015943,16,11,12,2010,5,2,9,1,3,55
201600015944,16,11,12,2045,5,2,9,1,6,55
201600015945,16,11,12,1050,1,2,2,1,1,55
201600015946,16,11,12,2010,5,2,1,1,4,55
201600015947,16,11,13,1325,1,1,6,1,3,55
201600015948,16,11,13,2145,5,2,1,1,2,55
201600015949,16,11,14,545,5,2,1,1,6,55
201600015950,16,10,22,1800,1,2,1,1,7,55
201600015951,16,11,14,1000,1,2,1,2,2,55
201600015952,16,11,14,1730,2,2,1,1,1,55
201600015953,16,11,15,900,1,2,1,1,5,55
201600015954,16,11,15,800,1,2,1,1,2,55
201600015955,16,11,15,1130,1,2,1,1,3,55
201600015956,16,11,14,1730,2,2,1,1,3,55
201600015957,16,11,15,1800,5,2,8,1,6,55
201600015958,16,11,15,1230,1,1,1,1,2,55
201600015959,16,11,15,1315,1,2,1,1,5,55
201600015960,16,11,15,1700,1,2,2,1,7,55
201600015961,16,11,5,330,5,2,2,2,3,55
201600015962,16,11,15,1910,5,2,1,1,2,55
201600015963,16,11,15,1845,4,2,1,1,1,55
201600015964,16,11,16,735,1,2,3,1,6,55
201600015965,16,11,16,825,1,2,1,1,6,55
201600015966,16,11,13,1230,1,2,1,1,3,55
201600015967,16,11,16,1300,1,2,1,1,6,55
201600015968,16,11,16,1550,1,2,1,1,1,55
201600015969,16,11,16,2245,5,2,3,1,3,55
201600015970,16,11,17,840,1,2,1,1,6,55
201600015971,16,11,17,800,1,2,1,1,3,55
201600015972,16,11,17,605,2,2,1,1,6,55
201600015973,16,11,17,1045,1,2,1,1,4,55
201600015974,16,11,4,1419,1,2,1,1,6,55
201600015975,16,11,12,1210,1,2,1,1,2,55
201600015976,16,11,17,1320,1,2,1,1,6,55
201600015977,16,11,7,640,5,2,1,1,6,55
201600015978,16,11,17,1600,1,2,7,1,3,55
201600015979,16,11,17,1950,5,2,1,1,2,55
201600015980,16,11,17,1950,5,2,2,1,3,55
201600015981,16,11,18,40,5,2,1,1,6,55
201600015982,16,11,18,1115,1,2,1,1,3,55
201600015983,16,11,18,1510,1,2,1,1,3,55
201600015984,16,11,18,1600,1,2,1,1,6,55
201600015985,16,11,18,1300,1,2,1,8,7,55
201600015986,16,11,18,1645,1,2,1,8,3,55
201600015987,16,11,18,2020,5,2,1,2,3,55
201600015988,16,11,18,345,5,2,1,1,7,55
201600015989,16,11,19,230,5,2,1,1,6,55
201600015990,16,11,19,600,5,2,1,9,3,55
201600015991,16,11,19,850,1,2,1,1,3,55
201600015992,16,11,19,1830,5,2,1,1,3,55
201600015993,16,11,19,2120,5,2,2,1,3,55
201600015994,16,11,9,1900,3,2,1,1,2,55
201600015995,16,11,17,745,2,2,9,1,3,55
201600015996,16,11,20,1630,1,2,1,1,3,55
201600015997,16,11,20,2030,5,2,1,2,2,55
201600015998,16,11,20,2330,5,2,1,2,6,55
201600015999,16,11,21,525,5,2,1,2,6,55
201600016000,16,11,19,1915,5,2,2,1,3,55
201600016001,16,11,21,1010,1,2,1,3,6,55
201600016002,16,11,17,1200,1,2,2,1,6,55
201600016003,16,11,20,2015,5,2,1,2,1,55
201600016004,16,11,8,1300,1,2,1,1,7,55
201600016005,16,11,10,1220,1,2,4,1,3,55
201600016006,16,11,22,458,5,2,1,3,2,55
201600016007,16,11,22,1712,1,1,1,1,6,55
201600016008,16,11,22,2115,3,1,1,1,7,2
201600016009,16,11,22,1210,1,1,1,2,1,55
201600016010,16,11,21,1230,1,2,3,3,2,55
201600016011,16,11,22,810,1,2,3,3,6,55
201600016012,16,11,23,815,1,2,1,1,5,55
201600016013,16,11,23,942,1,2,1,1,3,55
201600016014,16,11,23,1045,1,2,1,1,3,55
201600016015,16,11,23,1310,1,2,1,1,7,55
201600016016,16,11,23,1635,2,2,1,1,2,55
201600016017,16,11,24,1200,1,2,1,1,3,55
201600016018,16,11,24,1710,2,2,1,3,7,55
201600016019,16,11,25,1,5,2,1,2,6,55
201600016020,16,11,25,1430,1,2,1,1,6,75
201600016021,16,11,25,1900,5,2,8,1,6,55
201600016022,16,11,25,1810,5,2,1,1,2,55
201600016023,16,11,25,2105,5,2,1,8,6,55
201600016024,16,11,25,2100,5,2,3,3,6,55
201600016025,16,11,25,1806,5,2,1,2,6,55
201600016026,16,11,21,1745,5,2,3,3,4,55
201600016027,16,11,27,200,5,2,1,1,1,55
201600016028,16,11,27,210,5,2,9,1,2,55
201600016029,16,11,27,330,5,2,1,1,6,55
201600016030,16,11,26,1550,1,2,9,1,1,55
201600016031,16,11,26,1855,5,2,1,1,3,55
201600016032,16,11,27,2144,5,2,1,1,6,55
201600016033,16,11,17,1157,1,2,3,1,1,55
201600016034,16,11,23,1215,1,2,3,1,3,55
201600016035,16,11,28,715,2,2,1,1,2,55
201600016036,16,11,28,1250,1,2,1,1,5,55
201600016037,16,11,28,1330,1,2,1,1,2,55
201600016038,16,11,4,1930,1,2,1,1,5,55
201600016039,16,11,28,1500,1,2,1,1,3,55
201600016040,16,11,28,1830,5,2,1,1,6,55
201600016041,16,11,28,1830,5,2,1,1,3,55
201600016042,16,11,29,700,1,2,1,1,4,55
201600016043,16,11,22,1010,1,2,2,2,6,55
201600016044,16,11,29,1110,1,2,1,1,3,55
201600016045,16,11,29,1215,1,2,1,1,3,55
201600016046,16,11,29,1810,3,1,1,1,5,55
201600016047,16,11,29,1900,5,2,1,1,6,106
201600016048,16,11,28,1640,2,2,1,1,6,55
201600016049,16,11,30,745,1,2,2,1,5,55
201600016050,16,11,30,900,2,2,3,1,2,55
201600016051,16,11,30,634,1,2,1,1,6,55
201600016052,16,11,30,1500,1,2,3,1,5,55
201600016053,16,11,30,1215,1,2,1,1,5,55
201600016054,16,11,30,1610,1,2,1,1,6,55
201600016055,16,11,30,1800,5,2,1,1,3,55
201600016056,16,11,30,1500,1,2,1,1,6,55
201600016057,16,12,1,1845,5,2,1,1,3,55
201600016058,16,12,1,1830,5,2,1,1,6,55
201600016059,16,12,2,205,1,1,1,1,6,55
201600016060,16,12,1,2030,5,1,1,1,6,55
201600016061,16,11,3,1000,1,2,1,1,7,55
201600016062,16,12,2,1205,1,2,3,1,2,55
201600016063,16,10,3,2000,5,2,1,1,3,55
201600016064,16,12,2,1445,1,2,1,1,1,55
201600016065,16,12,2,1800,5,2,1,1,6,55
201600016066,16,12,2,2215,5,2,2,1,3,55
201600016067,16,12,1,1820,5,2,1,1,2,55
201600016068,16,12,3,1805,5,2,1,1,6,55
201600016069,16,12,3,2025,5,2,2,1,6,55
201600016070,16,11,26,1800,5,2,4,1,1,55
201600016071,16,12,4,915,1,2,6,1,3,55
201600016072,16,11,17,1715,2,2,1,1,6,55
201600016073,16,12,5,835,1,2,1,1,3,106
201600016074,16,12,5,805,1,2,1,1,6,55
201600016075,16,12,5,1835,5,2,1,1,1,55
201600016076,16,12,6,740,1,2,3,1,3,55
201600016077,16,12,5,1605,1,2,1,1,3,55
201600016078,16,12,1,1900,5,2,1,1,3,55
201600016079,16,12,6,1745,5,2,1,1,6,55
201600016080,16,12,6,1845,5,2,1,1,3,55
201600016081,16,12,6,1045,1,2,1,1,3,55
201600016082,16,12,6,1100,1,2,1,1,7,55
201600016083,16,12,7,900,1,2,1,1,4,75
201600016084,16,12,7,745,1,2,1,1,1,55
201600016085,16,12,7,1215,1,2,1,1,6,55
201600016086,16,12,7,1245,1,2,1,1,6,55
201600016087,16,12,7,1240,1,2,1,1,3,55
201600016088,16,12,7,1650,2,2,1,1,3,55
201600016089,16,12,7,2030,5,2,1,1,4,55
201600016090,16,12,3,1845,5,2,2,1,6,55
201600016091,16,12,5,1045,1,2,2,1,3,55
201600016092,16,12,8,1800,5,2,1,1,6,55
201600016093,16,12,8,2135,5,2,3,1,7,55
201600016094,16,12,9,740,1,2,1,1,6,55
201600016095,16,12,9,1115,1,1,1,1,6,55
201600016096,16,12,9,1200,1,2,2,1,6,55
201600016097,16,12,9,1500,1,2,1,1,6,55
201600016098,16,12,9,1630,1,2,3,1,3,55
201600016099,16,12,9,1617,1,2,1,1,6,55
201600016100,16,12,9,1715,2,2,1,1,6,55
201600016101,16,12,9,1540,1,2,4,1,7,55
201600016102,16,12,9,1830,5,2,1,1,7,55
201600016103,16,12,9,1930,5,2,1,1,6,55
201600016104,16,12,10,10,5,2,3,1,3,55
201600016105,16,11,25,830,1,2,1,1,3,55
201600016106,16,12,10,1820,5,2,2,1,3,55
201600016107,16,12,11,25,5,2,1,1,1,55
201600016108,16,12,11,53,5,2,1,1,3,55
201600016109,16,12,10,2220,5,2,3,8,7,55
201600016110,16,12,5,1635,1,2,1,1,3,55
201600016111,16,12,11,1555,1,2,6,1,2,55
201600016112,16,12,11,145,5,2,1,1,1,55
201600016113,16,12,11,2220,5,2,2,1,3,55
201600016114,16,12,12,1245,1,2,2,1,3,55
201600016115,16,12,9,1100,1,2,1,1,6,55
201600016116,16,12,12,1540,1,2,1,1,6,55
201600016117,16,12,12,1545,1,2,3,1,3,55
201600016118,16,12,12,1345,1,2,1,1,3,55
201600016119,16,12,12,2030,5,2,1,1,6,55
201600016120,16,12,12,2100,5,2,1,1,3,55
201600016121,16,12,12,2050,5,2,1,1,1,55
201600016122,16,12,12,2120,5,2,1,1,1,55
201600016123,16,12,12,1220,1,2,1,1,2,55
201600016124,16,12,13,800,1,2,1,1,7,55
201600016125,16,12,13,930,1,2,3,1,3,55
201600016126,16,12,13,1655,5,2,1,1,6,55
201600016127,16,12,14,810,1,1,1,1,3,55
201600016128,16,12,14,1640,1,2,1,1,1,55
201600016129,16,12,15,715,2,2,1,1,6,55
201600016130,16,12,15,730,2,2,1,1,3,55
201600016131,16,12,15,1100,1,2,1,1,6,55
201600016132,16,12,15,1105,1,2,1,1,6,55
201600016133,16,12,14,1831,2,2,1,1,2,55
201600016134,16,12,15,1330,1,2,1,1,3,55
201600016135,16,12,15,1600,1,2,1,1,6,55
201600016136,16,12,15,2020,5,2,1,2,6,55
201600016137,16,12,15,1830,5,2,1,1,6,75
201600016138,16,12,16,745,2,2,2,1,1,55
201600016139,16,12,16,915,1,2,3,1,3,55
201600016140,16,12,16,1600,1,2,1,1,2,55
201600016141,16,12,16,1620,1,2,1,1,6,55
201600016142,16,12,16,1640,2,2,9,1,6,55
201600016143,16,12,16,1810,5,2,1,1,3,55
201600016144,16,12,16,2345,5,2,1,1,3,55
201600016145,16,12,17,10,5,2,1,1,6,55
201600016146,16,12,17,1920,5,2,3,1,1,55
201600016147,16,12,16,1420,1,2,3,1,3,55
201600016148,16,12,16,1345,1,2,1,1,6,55
201600016149,16,12,18,1540,1,2,2,1,3,55
201600016150,16,12,18,1925,5,2,1,1,7,55
201600016151,16,12,19,1830,5,2,1,2,6,55
201600016152,16,12,20,129,5,2,1,8,3,55
201600016153,16,11,29,830,1,2,1,1,1,55
201600016154,16,12,20,2035,5,2,1,8,5,55
201600016155,16,12,21,1211,1,1,1,1,2,55
201600016156,16,12,21,1330,1,2,3,1,6,55
201600016157,16,12,17,1145,1,2,1,1,4,55
201600016158,16,12,14,1230,1,2,6,1,3,55
201600016159,16,12,22,740,1,2,1,1,2,55
201600016160,16,12,22,1415,1,2,1,1,6,55
201600016161,16,12,22,1915,5,2,1,1,6,55
201600016162,16,12,17,1115,1,2,1,1,3,55
201600016163,16,12,23,600,5,2,9,1,2,55
201600016164,16,12,23,800,2,2,1,1,1,55
201600016165,16,12,21,2020,5,2,1,1,6,55
201600016166,16,12,16,1400,1,2,1,1,6,55
201600016167,16,12,23,1500,1,2,2,1,6,55
201600016168,16,12,23,1730,5,2,1,1,2,55
201600016169,16,12,23,1820,5,2,1,1,3,55
201600016170,16,12,24,1030,1,2,3,1,1,55
201600016171,16,12,21,1230,1,2,1,1,2,55
201600016172,16,12,24,1430,1,2,1,1,3,55
201600016173,16,12,24,1400,1,1,1,1,5,2
201600016174,16,12,24,1720,1,2,3,1,3,55
201600016175,16,12,23,1840,5,2,1,1,2,2
201600016176,16,12,25,1110,1,2,1,1,3,55
201600016177,16,12,25,1900,5,2,3,1,6,55
201600016178,16,12,25,2000,1,1,1,1,2,55
201600016179,16,12,26,500,5,2,1,1,1,55
201600016180,16,12,26,1230,1,2,1,1,7,55
201600016181,16,12,26,1455,1,2,1,1,6,55
201600016182,16,12,26,1445,1,2,2,1,5,55
201600016183,16,12,26,1920,1,2,9,1,3,55
201600016184,16,12,26,1730,5,2,1,1,4,55
201600016185,16,12,27,1,5,2,1,1,3,55
201600016186,16,12,27,445,5,2,1,1,6,55
201600016187,16,12,27,1120,1,2,1,1,4,55
201600016188,16,12,27,1500,1,2,1,1,2,55
201600016189,16,12,27,1500,1,2,1,1,6,55
201600016190,16,12,27,2015,5,2,1,1,7,55
201600016191,16,12,27,2130,5,2,1,1,3,55
201600016192,16,12,9,1315,1,2,2,1,3,55
201600016193,16,12,27,1823,5,2,1,1,6,55
201600016194,16,12,27,1700,1,2,3,1,5,55
201600016195,16,12,9,1800,3,2,3,1,1,55
201600016196,16,12,28,1300,1,2,1,1,3,55
201600016197,16,12,28,1940,5,2,1,1,5,55
201600016198,16,12,23,1100,1,2,3,1,6,55
201600016199,16,12,27,1145,1,2,7,1,6,55
201600016200,16,12,29,530,5,2,1,1,6,55
201600016201,16,12,29,1015,1,2,1,1,3,55
201600016202,16,12,17,1820,1,2,1,1,3,55
201600016203,16,12,25,1110,1,2,9,1,3,55
201600016204,16,12,29,1720,2,2,1,1,6,55
201600016205,16,12,29,1835,5,2,1,1,3,55
201600016206,16,12,29,2230,5,2,1,1,6,55
201600016207,16,12,30,1330,1,2,1,1,1,55
201600016208,16,12,30,1620,1,2,1,1,3,55
201600016209,16,12,30,1750,2,2,3,1,1,55
201600016210,16,12,31,1021,1,2,1,1,6,55
201600016211,16,12,31,1230,1,2,1,1,6,55
201600016212,16,12,31,1645,1,2,3,1,3,55
201600016213,16,12,31,1850,4,2,1,1,3,55
201600016214,16,12,31,1500,1,2,1,1,1,55
201600016215,16,12,16,1500,1,2,1,1,2,56
201600016216,16,12,15,1405,1,1,1,1,1,39
201600016217,16,12,23,1155,1,2,1,1,4,56
201600016218,16,12,16,1921,3,1,1,1,1,56
201600016219,16,12,3,1800,5,2,1,1,1,26
201600016220,16,9,26,1720,1,2,1,1,1,56
201600016221,16,2,7,1805,2,1,1,1,1,26
201600016222,16,1,10,1730,4,2,1,1,1,56
201600016223,16,3,4,1250,1,2,1,1,6,56
201600016224,16,1,6,1215,1,2,3,1,3,56
201600016225,16,1,31,1730,1,2,1,1,6,77
201600016226,16,1,6,1410,1,2,1,1,4,56
201600016227,16,1,15,1334,1,2,3,1,1,56
201600016228,16,2,5,900,1,2,1,1,6,39
201600016229,16,2,17,1500,1,2,1,1,4,77
201600016230,16,2,25,1210,1,2,1,1,6,56
201600016231,16,2,2,1606,1,2,1,1,6,26