Num_Acc,an,mois,jour,hrmn,lum,agg,int,atm,col,com
201600016232,16,2,6,1755,2,1,1,1,6,39
201600016233,16,2,14,600,2,1,1,1,1,26
201600016234,16,3,2,1145,1,2,1,1,6,39
201600016235,16,3,3,1115,1,1,1,9,6,39
201600016236,16,3,5,1810,1,1,1,1,2,56
201600016237,16,3,7,2015,3,1,1,1,7,39
201600016238,16,3,17,1600,1,1,1,2,2,39
201600016239,16,3,25,2030,5,2,1,1,5,56
201600016240,16,3,31,1000,1,2,1,1,2,77
201600016241,16,6,6,1034,1,1,1,1,5,56
201600016242,16,5,28,445,3,1,1,1,1,56
201600016243,16,4,16,650,5,2,1,1,6,56
201600016244,16,4,1,1400,1,1,1,2,1,56
201600016245,16,4,16,1830,1,1,1,1,1,56
201600016246,16,4,19,1625,1,1,1,1,2,77
201600016247,16,6,24,1200,1,2,1,1,2,77
201600016248,16,4,25,715,2,2,1,1,3,56
201600016249,16,4,28,1710,2,2,1,1,3,77
201600016250,16,4,29,1210,1,2,1,1,2,56
201600016251,16,4,29,1250,1,2,1,1,2,26
201600016252,16,5,23,2000,2,1,1,1,4,39
201600016253,16,5,24,751,2,1,1,1,3,39
201600016254,16,5,28,230,3,1,1,1,6,39
201600016255,16,6,1,2030,2,1,1,1,1,56
201600016256,16,9,3,2040,2,2,1,1,6,26
201600016257,16,6,29,1524,1,2,3,1,3,56
201600016258,16,5,21,1330,1,1,1,1,6,39
201600016259,16,7,3,2130,3,1,1,1,1,56
201600016260,16,5,25,1730,1,2,1,1,6,77
201600016261,16,7,12,700,2,1,1,1,3,77
201600016262,16,7,23,1930,2,2,2,1,3,26
201600016263,16,5,25,750,1,1,1,1,3,26
201600016264,16,7,25,1945,2,2,1,1,6,39
201600016265,16,8,1,1445,1,2,1,1,3,56
201600016266,16,7,6,1035,1,2,3,1,3,56
201600016267,16,7,18,1710,1,2,1,1,6,39
201600016268,16,7,20,1130,1,1,1,1,1,56
201600016269,16,6,15,1030,1,2,1,1,6,56
201600016270,16,6,22,1440,1,1,1,1,2,26
201600016271,16,6,21,2245,5,2,1,1,1,56
201600016272,16,6,28,1159,1,2,1,1,3,56
201600016273,16,9,25,215,4,1,1,1,6,39
201600016274,16,8,5,1715,1,1,1,1,3,26
201600016275,16,8,14,1730,1,1,1,1,3,77
201600016276,16,8,14,1130,1,2,3,1,6,56
201600016277,16,8,22,1915,1,2,1,1,6,56
201600016278,16,8,22,1205,1,1,1,1,2,77
201600016279,16,8,25,1700,1,1,1,1,3,77
201600016280,16,8,15,1540,1,2,1,1,3,56
201600016281,16,8,21,445,3,1,1,1,3,39
201600016282,16,9,21,930,1,2,1,1,6,56
201600016283,16,9,3,1330,1,2,3,1,1,56
201600016284,16,9,8,1520,1,2,1,1,1,56
201600016285,16,9,2,1145,1,2,1,1,3,56
201600016286,16,9,20,1300,1,2,1,1,2,56
201600016287,16,10,7,1630,1,1,1,1,3,39
201600016288,16,10,19,1750,1,2,1,1,6,56
201600016289,16,10,18,1725,1,2,1,1,3,39
201600016290,16,11,24,2027,5,2,1,3,5,56
201600016291,16,10,8,1500,1,1,1,1,1,56
201600016292,16,11,17,1650,1,1,1,1,4,39
201600016293,16,11,14,905,2,1,1,1,4,39
201600016294,16,12,12,1200,1,2,1,1,5,56
201600016295,16,11,17,2315,4,1,1,1,7,39
201600016296,16,11,26,305,5,1,1,1,6,77
201600016297,16,2,15,950,1,2,1,1,6,103
201600016298,16,5,4,905,1,2,8,1,6,103
201600016299,16,5,5,1650,1,1,3,1,2,103
201600016300,16,7,29,2115,2,2,1,1,6,103
201600016301,16,9,24,1725,1,2,1,1,7,103
201600016302,16,10,4,2345,5,2,1,1,3,103
201600016303,16,10,5,1825,1,2,3,1,6,103
201600016304,16,10,11,1520,1,2,3,1,6,103
201600016305,16,10,16,1830,2,1,1,8,3,103
201600016306,16,12,17,426,5,1,1,1,6,103
201600016307,16,12,25,1845,3,1,1,1,6,103
201600016308,16,1,3,1750,5,2,6,1,3,32
201600016309,16,1,22,30,3,1,1,1,7,32
201600016310,16,2,6,1029,1,1,1,1,7,32
201600016311,16,2,24,1000,1,2,1,1,6,108
201600016312,16,3,4,1130,1,2,3,1,3,108
201600016313,16,3,31,700,1,1,1,1,2,32
201600016314,16,4,25,730,1,1,1,1,6,32
201600016315,16,4,25,1610,1,1,1,1,5,32
201600016316,16,5,18,1607,1,1,3,2,5,108
201600016317,16,6,12,1245,1,1,1,1,6,108
201600016318,16,7,6,1800,1,1,1,1,2,32
201600016319,16,6,21,2000,1,2,1,1,6,32
201600016320,16,7,15,1920,1,1,3,1,5,108
201600016321,16,7,15,1930,1,1,3,1,3,32
201600016322,16,8,25,920,1,1,1,1,6,108
201600016323,16,8,28,800,2,1,1,1,7,32
201600016324,16,8,29,830,1,1,1,1,3,108
201600016325,16,9,16,730,1,2,3,1,3,108
201600016326,16,10,20,750,1,1,1,1,5,32
201600016327,16,11,4,1100,1,1,1,1,1,32
201600016328,16,11,18,1845,5,2,3,2,3,32
201600016329,16,11,18,945,1,2,1,1,6,32
201600016330,16,12,4,500,3,2,1,1,6,32
201600016331,16,12,7,745,1,1,1,1,1,32
201600016332,16,1,3,845,1,2,1,1,6,117
201600016333,16,1,5,800,1,2,1,1,2,117
201600016334,16,1,5,930,1,1,1,1,6,117
201600016335,16,1,7,900,1,2,1,2,6,117
201600016336,16,1,7,1220,1,2,1,8,3,71
201600016337,16,1,9,1700,1,2,1,1,6,71
201600016338,16,1,12,1340,1,1,6,1,2,71
201600016339,16,1,13,900,1,1,1,1,4,19
201600016340,16,1,14,1430,1,2,3,2,3,102
201600016341,16,1,15,2050,5,1,1,1,2,71
201600016342,16,1,16,1940,5,1,1,1,2,117
201600016343,16,1,19,750,1,2,1,1,2,71
201600016344,16,1,21,1050,1,2,6,1,3,117
201600016345,16,1,22,1120,1,2,1,1,2,117
201600016346,16,1,26,1540,1,2,1,1,7,117
201600016347,16,1,26,1735,1,2,3,1,3,117
201600016348,16,1,27,1030,1,1,1,1,6,71
201600016349,16,1,27,1400,1,2,1,1,4,117
201600016350,16,1,29,615,3,2,1,1,6,71
201600016351,16,2,1,1715,1,1,1,1,4,117
201600016352,16,2,7,845,1,1,1,3,6,117
201600016353,16,2,5,1115,1,2,3,1,5,117
201600016354,16,2,10,910,1,2,2,1,3,117
201600016355,16,2,8,2050,5,1,1,2,7,117
201600016356,16,2,13,1500,1,1,1,1,6,117
201600016357,16,2,16,1400,1,1,1,1,2,117
201600016358,16,2,16,1920,5,2,1,1,1,117
201600016359,16,2,17,810,1,1,1,1,1,117
201600016360,16,2,17,1630,1,2,7,1,2,117
201600016361,16,2,19,2120,5,2,1,1,2,117
201600016362,16,2,20,1650,1,2,1,1,4,117
201600016363,16,2,22,850,1,2,1,1,2,19
201600016364,16,2,26,1840,2,2,3,1,3,117
201600016365,16,3,1,1300,1,2,1,1,4,117
201600016366,16,3,2,1200,1,1,2,1,3,117
201600016367,16,3,5,1730,1,1,1,1,1,71
201600016368,16,3,5,1115,1,1,1,1,5,19
201600016369,16,3,6,1700,1,1,1,1,2,19
201600016370,16,3,6,2310,5,2,1,1,7,71
201600016371,16,3,4,1620,1,1,1,1,4,117
201600016372,16,3,7,745,1,1,1,1,4,117
201600016373,16,3,7,1640,1,2,1,1,2,117
201600016374,16,3,8,1520,1,2,1,1,3,19
201600016375,16,3,10,1350,1,1,1,1,6,117
201600016376,16,3,11,1830,1,2,1,1,3,19
201600016377,16,3,12,330,5,1,1,1,6,19
201600016378,16,3,14,1450,1,1,1,1,6,117
201600016379,16,3,10,1100,1,2,1,1,6,71
201600016380,16,3,16,1030,1,1,1,2,6,19
201600016381,16,3,16,1115,1,1,1,2,7,117
201600016382,16,3,17,715,2,2,2,1,5,117
201600016383,16,3,17,1510,1,2,1,1,2,117
201600016384,16,3,19,1715,1,1,1,1,7,19
201600016385,16,3,20,1800,2,1,1,1,7,19
201600016386,16,3,21,1115,1,1,6,1,2,117
201600016387,16,3,24,700,1,2,3,1,1,117
201600016388,16,3,25,1050,1,2,1,1,6,117
201600016389,16,3,26,930,1,1,1,1,4,117
201600016390,16,3,26,1800,1,1,1,1,6,117
201600016391,16,3,28,1252,1,2,1,1,6,71
201600016392,16,3,30,1530,1,2,1,1,2,117
201600016393,16,3,30,1400,1,1,1,1,3,71
201600016394,16,4,1,1700,1,2,1,2,6,117
201600016395,16,4,4,1530,1,1,9,1,1,117
201600016396,16,4,7,645,5,2,1,1,6,71
201600016397,16,4,7,1800,1,2,2,1,1,117
201600016398,16,4,8,1000,1,1,9,1,3,117
201600016399,16,4,8,1715,1,1,1,1,4,117
201600016400,16,4,8,2130,3,1,2,1,3,71
201600016401,16,4,9,900,1,1,1,1,7,117
201600016402,16,4,10,600,3,2,3,1,3,71
201600016403,16,4,11,1400,1,2,1,1,2,117
201600016404,16,4,12,1655,1,2,3,1,4,71
201600016405,16,4,14,1520,1,1,3,1,3,117
201600016406,16,4,16,745,1,2,1,1,2,71
201600016407,16,4,17,1450,1,2,2,1,3,117
201600016408,16,4,20,910,1,2,1,1,2,19
201600016409,16,4,20,1800,1,2,2,1,3,117
201600016410,16,4,21,1010,1,2,1,1,6,71
201600016411,16,4,22,1800,1,1,1,1,3,71
201600016412,16,4,23,1800,1,2,1,1,1,71
201600016413,16,4,26,830,1,1,1,1,6,19
201600016414,16,4,26,1815,1,2,1,1,1,71
201600016415,16,4,27,825,1,2,6,1,3,117
201600016416,16,4,27,1220,1,1,1,1,3,117
201600016417,16,4,27,1700,1,2,1,1,5,117
201600016418,16,4,27,1800,1,2,1,1,2,117
201600016419,16,4,29,2354,5,2,1,1,6,71
201600016420,16,5,2,1540,1,2,1,1,2,71
201600016421,16,5,4,830,1,1,1,1,6,117
201600016422,16,5,6,2205,5,1,6,1,3,71
201600016423,16,5,9,1800,1,2,2,1,3,117
201600016424,16,5,11,1350,1,2,1,1,2,117
201600016425,16,5,12,840,1,2,1,1,3,117
201600016426,16,5,12,750,1,2,3,1,3,117
201600016427,16,5,7,1730,1,1,1,1,2,71
201600016428,16,5,12,1610,1,1,1,1,3,71
201600016429,16,5,14,1330,1,2,1,1,3,71
201600016430,16,5,17,1345,1,2,1,1,2,71
201600016431,16,5,18,900,1,1,1,1,3,19
201600016432,16,5,24,715,1,2,1,1,6,71
201600016433,16,5,26,930,1,2,6,1,4,117
201600016434,16,5,27,1430,1,2,9,1,6,71
201600016435,16,5,28,1550,1,2,6,1,3,117
201600016436,16,5,28,2210,5,2,1,1,7,71
201600016437,16,5,31,1245,1,2,6,1,7,117
201600016438,16,6,1,915,1,2,1,1,6,71
201600016439,16,6,1,2000,1,1,6,1,3,19
201600016440,16,6,3,1700,1,2,1,1,6,117
201600016441,16,6,4,1730,1,1,1,1,3,71
201600016442,16,6,7,1750,1,2,1,1,2,117
201600016443,16,6,8,1845,1,2,1,1,3,117
201600016444,16,6,13,1420,1,1,2,1,3,117
201600016445,16,6,14,900,1,2,1,1,4,71
201600016446,16,6,15,820,1,2,1,1,1,71
201600016447,16,6,14,2330,3,1,1,1,1,71
201600016448,16,6,15,1915,1,1,1,1,2,19
201600016449,16,6,16,1245,1,2,1,2,7,117
201600016450,16,6,17,630,2,1,1,1,2,117
201600016451,16,6,17,2050,1,2,9,1,1,71
201600016452,16,6,19,2045,2,2,6,1,2,71
201600016453,16,6,21,1350,1,1,3,1,3,117
201600016454,16,6,22,600,2,2,1,1,7,117
201600016455,16,6,23,715,1,1,1,1,4,117
201600016456,16,6,24,845,1,1,1,1,6,71
201600016457,16,6,24,1750,1,2,1,1,3,71
201600016458,16,6,28,1030,1,2,3,1,6,19
201600016459,16,6,28,1615,1,1,1,1,2,19
201600016460,16,6,29,1750,1,1,1,1,3,71
201600016461,16,6,30,1750,1,2,1,1,2,117
201600016462,16,7,1,815,1,1,1,1,1,71
201600016463,16,7,1,1650,1,1,3,1,6,117
201600016464,16,6,30,1800,1,2,1,1,3,71
201600016465,16,7,3,2130,2,2,1,1,1,71
201600016466,16,7,5,1045,1,2,2,1,3,117
201600016467,16,7,5,1220,1,1,6,1,2,117
201600016468,16,7,5,1410,1,1,1,1,7,19
201600016469,16,7,7,830,1,2,6,1,1,19
201600016470,16,7,7,820,1,2,1,1,1,71
201600016471,16,7,8,1250,1,2,1,1,2,117
201600016472,16,7,7,1600,1,1,2,1,3,71
201600016473,16,7,9,1005,1,2,3,1,3,19
201600016474,16,7,11,1330,1,1,1,1,2,117
201600016475,16,7,12,1750,1,1,1,1,2,19
201600016476,16,7,13,1450,1,1,6,1,2,19
201600016477,16,7,15,515,5,2,1,1,6,117
201600016478,16,7,18,930,1,2,1,1,2,117
201600016479,16,7,22,1855,1,1,1,1,1,19
201600016480,16,7,24,1720,1,1,1,1,6,19
201600016481,16,7,26,1515,1,1,1,1,2,117
201600016482,16,7,26,1730,1,1,1,1,4,19
201600016483,16,7,27,700,1,1,1,1,6,117
201600016484,16,7,27,1620,1,1,1,1,3,71
201600016485,16,7,28,1950,1,2,1,1,6,71
201600016486,16,7,31,345,3,1,1,1,1,19
201600016487,16,8,1,120,3,1,1,1,7,19
201600016488,16,8,1,1045,1,2,3,1,3,117
201600016489,16,8,1,1930,1,2,1,1,5,71
201600016490,16,8,6,1100,1,1,1,1,3,71
201600016491,16,8,16,1730,1,1,1,1,2,117
201600016492,16,8,18,1100,1,2,1,1,7,71
201600016493,16,8,20,1630,1,2,1,1,3,19
201600016494,16,8,22,2015,3,2,1,1,7,117
201600016495,16,8,24,545,2,2,1,1,3,117
201600016496,16,8,24,1715,1,1,1,1,5,19
201600016497,16,8,26,2315,3,2,1,1,7,117
201600016498,16,8,27,1755,1,2,1,1,2,71
201600016499,16,8,29,1130,1,1,1,1,2,117
201600016500,16,8,30,1450,1,2,6,1,6,117
201600016501,16,8,30,1115,1,1,1,1,4,117
201600016502,16,8,31,1700,1,2,2,1,6,117
201600016503,16,9,7,1105,1,2,1,1,3,71
201600016504,16,9,7,1505,1,1,1,1,6,117
201600016505,16,9,7,1755,1,1,1,1,1,117
201600016506,16,9,8,740,1,2,4,1,4,117
201600016507,16,9,8,1030,1,1,1,1,5,19
201600016508,16,9,8,1445,1,1,1,1,1,71
201600016509,16,9,9,850,1,1,1,1,3,71
201600016510,16,9,9,1410,1,1,1,1,2,117
201600016511,16,9,9,1855,1,2,2,1,5,117
201600016512,16,9,9,1940,2,1,1,1,3,117
201600016513,16,9,10,2135,5,2,1,1,6,71
201600016514,16,9,12,800,1,2,1,1,2,117
201600016515,16,9,14,930,1,2,1,1,6,117
201600016516,16,9,19,630,2,1,1,1,5,117
201600016517,16,9,19,1630,1,2,1,1,1,71
201600016518,16,9,20,1325,1,1,1,1,4,117
201600016519,16,9,20,1700,1,1,1,1,6,117
201600016520,16,9,21,1440,1,2,9,1,3,117
201600016521,16,9,23,1825,1,1,1,1,6,117
201600016522,16,9,24,1555,1,1,1,1,3,71
201600016523,16,9,24,1600,1,2,1,1,3,71
201600016524,16,9,24,1815,1,1,1,1,7,19
201600016525,16,9,26,1250,1,1,1,1,3,117
201600016526,16,9,28,1530,1,2,1,1,2,117
201600016527,16,9,30,710,1,1,1,1,4,117
201600016528,16,9,30,1515,1,1,1,2,3,71
201600016529,16,9,30,1920,2,2,6,1,2,71
201600016530,16,10,1,1420,1,1,1,1,6,19
201600016531,16,10,3,700,3,2,1,1,2,19
201600016532,16,10,4,2335,3,2,1,1,2,117
201600016533,16,10,6,1850,2,2,4,3,4,117
201600016534,16,10,7,815,1,2,1,5,6,19
201600016535,16,10,10,730,1,2,1,1,3,71
201600016536,16,10,10,700,1,1,2,1,3,117
201600016537,16,10,20,1800,1,1,1,1,5,117
201600016538,16,10,21,1645,1,2,1,1,1,117
201600016539,16,10,22,930,1,1,1,1,3,19
201600016540,16,10,27,935,1,1,1,1,2,117
201600016541,16,10,28,1000,1,1,1,1,2,71
201600016542,16,10,29,1415,1,1,1,1,3,71
201600016543,16,10,31,745,1,2,6,1,3,117
201600016544,16,11,3,825,1,2,9,1,6,117
201600016545,16,11,5,630,3,1,1,2,4,117
201600016546,16,11,10,1045,1,1,1,1,2,117
201600016547,16,11,7,1200,1,1,3,1,3,117
201600016548,16,11,10,1250,1,1,1,1,3,19
201600016549,16,11,12,1520,1,1,1,1,3,71
201600016550,16,11,12,1825,4,2,1,1,2,117
201600016551,16,11,16,1300,1,2,6,1,4,117
201600016552,16,11,17,1330,1,2,1,1,4,117
201600016553,16,11,17,1440,1,1,1,1,4,117
201600016554,16,11,17,1800,5,2,1,1,5,117
201600016555,16,11,18,1,5,1,1,1,7,117
201600016556,16,11,18,1430,1,1,1,1,3,117
201600016557,16,11,21,1400,1,2,1,3,3,71
201600016558,16,11,21,1740,3,1,1,2,3,19
201600016559,16,11,24,1850,3,2,1,3,2,117
201600016560,16,11,25,1030,1,1,1,8,7,117
201600016561,16,11,25,1550,1,2,1,8,2,117
201600016562,16,11,27,535,5,2,1,1,6,117
201600016563,16,11,28,1015,1,1,1,1,2,117
201600016564,16,11,29,1800,3,1,1,1,4,117
201600016565,16,11,30,1700,1,1,3,1,3,71
201600016566,16,12,1,1140,1,2,1,1,6,117
201600016567,16,12,1,1400,1,2,1,1,2,117
201600016568,16,12,2,1920,5,1,1,1,5,117
201600016569,16,12,4,1350,1,1,1,1,3,71
201600016570,16,12,6,1355,1,2,1,1,6,117
201600016571,16,12,12,1800,3,1,1,1,4,117
201600016572,16,12,16,730,3,1,1,2,3,117
201600016573,16,12,17,1455,1,2,1,1,2,19
201600016574,16,12,17,1815,5,2,6,1,6,71
201600016575,16,12,20,1300,1,1,1,1,3,117
201600016576,16,12,20,1430,1,1,1,8,3,71
201600016577,16,12,25,2330,3,1,2,1,3,117
201600016578,16,12,26,615,4,1,1,1,3,117
201600016579,16,12,29,1300,1,2,1,1,6,117
201600016580,16,1,1,530,3,1,1,5,2,82
201600016581,16,1,28,1830,3,1,1,2,4,22
201600016582,16,2,15,2000,3,1,1,2,6,235
201600016583,16,2,27,2200,3,1,1,1,5,296
201600016584,16,3,7,745,1,1,3,1,2,28
201600016585,16,3,23,2345,3,1,1,1,2,22
201600016586,16,4,20,2230,3,1,1,1,6,295
201600016587,16,4,19,1400,1,1,1,1,2,242
201600016588,16,4,23,1545,1,1,1,1,6,113
201600016589,16,6,2,600,2,1,1,3,3,266
201600016590,16,5,30,30,3,1,1,8,2,22
201600016591,16,6,10,1600,1,2,1,1,4,266
201600016592,16,6,23,1730,1,1,1,1,3,66
201600016593,16,7,12,1715,1,1,1,1,2,22
201600016594,16,9,10,800,1,1,1,1,6,235
201600016595,16,9,14,1515,1,1,1,7,4,242
201600016596,16,10,14,2330,3,1,1,8,3,295
201600016597,16,11,25,1745,3,1,1,1,5,295
201600016598,16,11,25,1830,2,1,4,1,6,252
201600016599,16,11,26,1745,2,1,4,1,3,228
201600016600,16,12,12,1045,1,1,1,1,2,242
201600016601,16,12,27,1615,1,1,1,1,4,252
201600016602,16,2,9,645,2,2,2,3,6,356
201600016603,16,2,14,1530,1,1,1,1,6,356
201600016604,16,6,26,2045,2,1,1,1,1,143
201600016605,16,8,6,1945,1,1,1,1,7,356
201600016606,16,8,28,1100,1,1,1,1,3,356
201600016607,16,10,8,1300,1,1,1,1,3,620
201600016608,16,10,29,715,3,1,1,6,7,356
201600016609,16,12,5,1900,3,2,1,1,7,356
201600016610,16,12,16,2230,5,2,6,1,7,356
201600016611,16,2,14,1445,1,1,1,1,7,386
201600016612,16,7,29,2330,3,1,1,1,5,124
201600016613,16,8,7,745,1,1,1,1,6,350
201600016614,16,8,14,1000,1,1,1,1,6,115
201600016615,16,9,18,1945,1,1,1,1,2,328
201600016616,16,11,15,1545,1,1,1,1,2,386
201600016617,16,12,28,800,2,1,1,1,6,328
201600016618,16,1,16,1800,3,2,1,1,5,89
201600016619,16,2,10,2330,3,1,1,1,1,119
201600016620,16,2,13,145,3,1,1,1,7,255
201600016621,16,3,4,1930,5,2,1,1,2,320
201600016622,16,5,6,1750,1,1,1,1,6,65
201600016623,16,6,19,915,1,1,1,1,6,216
201600016624,16,8,8,1645,1,1,1,1,7,211
201600016625,16,8,19,1800,1,1,1,2,6,315
201600016626,16,8,18,1515,1,1,1,1,3,24
201600016627,16,9,29,400,3,1,9,1,3,1
201600016628,16,10,27,100,3,1,1,1,6,109
201600016629,16,10,31,1715,1,2,1,1,1,334
201600016630,16,11,14,800,5,2,1,1,6,89
201600016631,16,5,3,930,1,2,1,1,2,394
201600016632,16,5,14,1745,1,2,1,1,6,256
201600016633,16,6,8,745,1,2,1,1,3,394
201600016634,16,8,20,1500,1,2,1,1,6,394
201600016635,16,8,26,815,1,2,2,1,3,394
201600016636,16,9,7,1830,1,2,1,1,3,392
201600016637,16,2,3,1230,1,1,1,1,6,254
201600016638,16,3,9,915,1,1,1,8,7,320
201600016639,16,3,18,1515,1,1,1,1,6,78
201600016640,16,6,6,1115,1,1,1,1,1,225
201600016641,16,8,16,845,1,1,1,1,6,380
201600016642,16,9,13,1515,1,1,1,1,6,186
201600016643,16,1,7,1100,1,1,1,1,3,223
201600016644,16,2,5,830,1,1,1,8,1,349
201600016645,16,2,5,1930,3,1,1,1,1,24
201600016646,16,2,29,645,2,1,1,1,2,99
201600016647,16,3,29,700,1,1,1,1,3,292
201600016648,16,4,19,600,3,1,1,1,2,22
201600016649,16,5,28,1800,1,1,1,3,7,99
201600016650,16,8,6,130,3,1,1,1,7,71
201600016651,16,8,28,200,3,1,1,1,7,153
201600016652,16,10,6,1345,1,1,1,1,6,22
201600016653,16,10,23,1330,1,1,1,2,6,71
201600016654,16,12,26,1500,1,1,1,8,6,99
201600016655,16,2,28,1400,1,1,2,1,3,267
201600016656,16,3,13,1530,1,1,1,1,1,54
201600016657,16,4,2,1115,1,1,2,1,3,267
201600016658,16,4,6,1730,1,1,2,1,5,225
201600016659,16,9,5,730,1,1,1,5,1,126
201600016660,16,10,17,915,1,1,1,2,6,168
201600016661,16,11,10,2030,3,1,1,1,7,132
201600016662,16,12,28,1230,1,1,2,1,3,37
201600016663,16,5,13,1315,1,1,6,2,3,375
201600016664,16,5,26,1600,1,1,1,1,1,375
201600016665,16,11,26,1545,1,1,1,1,1,321
201600016666,16,1,6,1800,4,2,1,3,6,73
201600016667,16,5,2,1200,1,2,1,1,3,85
201600016668,16,7,28,1730,1,1,1,1,3,123
201600016669,16,7,30,1800,1,1,1,1,6,227
201600016670,16,9,16,1845,2,1,1,3,3,81
201600016671,16,10,6,2130,3,1,1,1,6,452
201600016672,16,1,7,1130,1,2,1,8,7,512
201600016673,16,1,11,1800,5,2,1,2,6,388
201600016674,16,6,9,1715,1,1,1,1,6,324
201600016675,16,7,1,1100,1,1,1,1,6,388
201600016676,16,7,8,1030,1,2,1,1,7,536
201600016677,16,7,6,1930,1,2,4,1,3,388
201600016678,16,8,7,1715,1,1,1,1,5,324
201600016679,16,9,10,1315,1,1,1,1,6,176
201600016680,16,9,18,600,3,1,1,2,6,388
201600016681,16,6,26,330,3,1,1,1,6,648
201600016682,16,12,6,1142,1,1,1,1,6,301
201600016683,16,1,6,1744,4,1,1,2,7,118
201600016684,16,1,10,1426,1,2,1,1,6,118
201600016685,16,1,9,1545,1,1,1,1,2,437
201600016686,16,1,15,1100,1,2,2,8,6,118
201600016687,16,1,19,1920,4,2,1,1,6,118
201600016688,16,2,10,1205,1,2,3,7,6,118
201600016689,16,2,25,800,1,2,1,1,6,118
201600016690,16,3,8,2115,5,2,1,1,6,271
201600016691,16,3,6,300,5,2,1,2,6,437
201600016692,16,3,10,510,3,1,6,1,6,341
201600016693,16,2,16,2310,5,2,2,1,6,118
201600016694,16,3,15,1820,1,2,1,1,2,118
201600016695,16,3,27,550,5,2,1,1,6,118
201600016696,16,3,30,1138,1,2,1,1,5,437
201600016697,16,3,30,1825,1,2,2,3,3,437
201600016698,16,3,31,730,2,2,2,2,3,181
201600016699,16,4,23,1145,1,2,1,2,6,118
201600016700,16,4,18,750,1,2,1,7,6,118
201600016701,16,4,28,1650,1,2,1,1,6,437
201600016702,16,5,11,1709,1,2,1,1,3,137
201600016703,16,5,13,2210,2,1,1,1,6,437
201600016704,16,5,14,810,1,1,1,1,6,271
201600016705,16,5,24,1423,1,2,1,1,6,118
201600016706,16,5,25,1735,1,2,1,1,6,327
201600016707,16,6,3,1816,1,2,1,1,1,118
201600016708,16,5,27,2315,5,2,1,1,6,118
201600016709,16,5,31,2135,5,1,1,2,2,118
201600016710,16,6,23,1345,1,2,1,1,1,301
201600016711,16,6,29,1740,1,2,1,1,3,137
201600016712,16,7,21,1840,1,2,3,1,6,118
201600016713,16,7,22,1915,1,1,1,1,5,118
201600016714,16,8,3,1910,1,2,2,1,3,118
201600016715,16,7,29,712,1,2,6,8,3,118
201600016716,16,8,10,1710,1,2,4,1,3,118
201600016717,16,8,25,1945,1,1,1,1,2,327
201600016718,16,9,5,1210,1,2,1,1,6,118
201600016719,16,9,9,2155,3,1,6,1,7,341
201600016720,16,9,10,1950,1,1,2,1,3,437
201600016721,16,9,11,145,5,2,2,1,3,118
201600016722,16,9,11,145,3,1,1,1,6,383
201600016723,16,9,20,1400,1,2,2,1,3,118
201600016724,16,9,9,1415,1,1,1,1,7,327
201600016725,16,10,6,2105,5,2,1,1,7,118
201600016726,16,10,8,2035,5,2,3,1,6,118
201600016727,16,10,12,859,1,2,1,1,6,327
201600016728,16,10,14,1638,1,2,2,1,3,118
201600016729,16,10,14,1805,2,2,3,1,3,242
201600016730,16,10,18,915,1,1,1,1,6,327
201600016731,16,10,21,2045,3,1,1,1,2,301
201600016732,16,10,22,920,1,1,1,1,7,437
201600016733,16,11,9,1930,3,2,1,3,6,437
201600016734,16,11,22,1335,1,2,1,1,7,118
201600016735,16,11,7,1840,4,2,1,3,6,118
201600016736,16,12,6,752,3,2,6,1,3,437
201600016737,16,12,24,2321,5,2,1,1,1,101
201600016738,16,12,27,1805,5,2,1,1,6,118
201600016739,16,1,5,1845,3,1,2,1,3,547
201600016740,16,2,8,1745,2,1,1,1,1,454
201600016741,16,4,18,1800,1,1,1,1,1,454
201600016742,16,5,7,2300,5,2,3,1,3,475
201600016743,16,1,21,910,1,2,1,1,6,117
201600016744,16,2,23,1520,1,2,1,1,3,225
201600016745,16,4,6,1350,1,2,2,1,3,117
201600016746,16,4,4,1015,1,2,2,1,3,225
201600016747,16,4,12,950,1,1,1,1,6,117
201600016748,16,6,10,820,1,2,6,1,3,225
201600016749,16,7,24,2100,1,1,1,1,2,338
201600016750,16,8,5,1652,1,2,1,1,5,338
201600016751,16,8,13,1412,1,2,1,1,5,117
201600016752,16,8,17,1855,1,2,2,1,3,225
201600016753,16,9,27,1830,1,2,2,1,1,225
201600016754,16,8,7,1820,1,2,1,1,6,338
201600016755,16,10,6,1820,1,2,1,1,3,338
201600016756,16,10,11,850,1,2,9,1,1,117
201600016757,16,10,20,2055,5,2,2,8,3,225
201600016758,16,11,9,1200,1,1,1,1,7,225
201600016759,16,2,6,45,3,1,1,1,6,60
201600016760,16,2,13,115,3,1,1,5,1,135
201600016761,16,2,25,1100,1,1,1,1,1,117
201600016762,16,4,4,730,2,1,1,1,1,117
201600016763,16,4,8,30,3,1,1,1,6,47
201600016764,16,5,22,345,3,2,1,1,6,34
201600016765,16,6,4,1745,1,1,6,1,2,47
201600016766,16,7,9,1015,1,1,1,1,3,60
201600016767,16,9,12,2315,3,1,1,1,6,32
201600016768,16,9,20,800,1,1,1,1,1,60
201600016769,16,11,12,1230,1,1,1,1,3,125
201600016770,16,11,15,1215,1,1,1,1,1,47
201600016771,16,12,5,1800,5,2,1,1,6,34
201600016772,16,12,9,1545,3,1,1,1,7,135