Num_Acc,an,mois,jour,hrmn,lum,agg,int,atm,col,com
201600016773,16,12,24,945,1,2,6,1,4,189
201600016774,16,6,21,2330,3,2,1,1,6,257
201600016775,16,7,9,1630,1,1,1,1,1,487
201600016776,16,1,2,1650,3,1,1,2,1,218
201600016777,16,2,20,1910,2,2,1,3,6,328
201600016778,16,3,11,1230,1,1,1,1,6,328
201600016779,16,6,5,1930,1,2,1,1,6,328
201600016780,16,6,8,1130,1,2,1,1,6,328
201600016781,16,6,12,1415,1,1,1,1,3,448
201600016782,16,6,20,1530,1,2,1,3,6,328
201600016783,16,5,28,2245,5,2,1,1,6,408
201600016784,16,6,14,600,2,1,1,3,6,58
201600016785,16,10,13,815,1,1,1,1,1,449
201600016786,16,10,26,800,1,1,1,1,6,361
201600016787,16,12,3,1500,1,1,1,7,6,212
201600016788,16,5,5,615,1,2,1,1,6,451
201600016789,16,9,25,1645,1,1,1,2,1,84
201600016790,16,10,20,1700,1,1,1,1,1,84
201600016791,16,10,30,1500,1,1,1,1,3,4
201600016792,16,12,20,1045,1,1,1,1,6,356
201600016793,16,5,25,1800,1,1,2,1,3,324
201600016794,16,9,14,830,1,1,8,1,1,222
201600016795,16,10,18,1900,5,2,1,2,6,363
201600016796,16,11,21,1515,1,2,1,1,6,190
201600016797,16,2,25,2145,5,2,1,1,6,373
201600016798,16,4,23,530,2,1,1,1,6,318
201600016799,16,7,21,1300,1,2,1,1,6,37
201600016800,16,9,4,1230,1,1,1,3,6,284
201600016801,16,10,8,1600,1,1,1,7,5,156
201600016802,16,11,25,1300,1,1,9,8,3,367
201600016803,16,2,3,1200,1,2,1,8,2,90
201600016804,16,2,7,1200,1,2,1,1,6,67
201600016805,16,3,20,1330,1,1,1,1,6,311
201600016806,16,3,31,1530,1,2,1,2,6,276
201600016807,16,4,24,1815,1,1,1,4,1,153
201600016808,16,5,6,1815,1,1,1,1,6,267
201600016809,16,6,5,1330,1,1,1,1,6,145
201600016810,16,6,22,1345,1,1,2,1,2,343
201600016811,16,7,4,2345,5,2,1,1,7,53
201600016812,16,7,7,1400,1,1,1,1,7,311
201600016813,16,9,2,1945,1,2,1,1,3,289
201600016814,16,10,5,1745,1,1,1,1,7,466
201600016815,16,10,9,1100,1,1,1,1,3,336
201600016816,16,10,11,800,1,1,1,1,3,55
201600016817,16,11,9,2045,5,2,6,2,6,349
201600016818,16,11,16,800,2,2,1,2,6,90
201600016819,16,2,16,1830,5,2,1,1,3,191
201600016820,16,4,16,1330,1,2,1,8,3,115
201600016821,16,4,27,2145,3,1,1,2,7,488
201600016822,16,8,5,15,3,1,1,1,6,72
201600016823,16,8,13,1630,1,2,1,1,6,491
201600016824,16,8,22,1930,1,1,1,7,1,235
201600016825,16,10,22,1600,1,1,1,8,3,142
201600016826,16,10,22,1645,1,2,1,1,1,488
201600016827,16,11,1,530,3,1,1,5,6,79
201600016828,16,4,22,2315,3,1,1,2,6,406
201600016829,16,5,23,1700,1,2,1,1,2,490
201600016830,16,6,9,815,1,1,1,1,2,455
201600016831,16,8,3,1515,1,1,1,1,5,151
201600016832,16,12,1,2100,3,1,1,5,7,296
201600016833,16,12,3,1700,1,1,2,1,3,296
201600016834,16,12,6,1845,3,1,1,1,5,390
201600016835,16,12,29,1730,3,1,1,1,1,490
201600016836,16,2,13,1900,3,1,1,3,6,171
201600016837,16,3,21,945,1,1,1,1,6,383
201600016838,16,3,21,1100,1,1,9,1,6,198
201600016839,16,9,25,1545,1,1,1,1,7,93
201600016840,16,9,21,2115,5,2,1,1,2,93
201600016841,16,1,4,2115,5,2,1,1,6,333
201600016842,16,1,23,1550,1,2,3,7,3,333
201600016843,16,3,6,1640,1,1,4,1,3,243
201600016844,16,3,28,1513,1,2,1,1,1,333
201600016845,16,4,4,905,1,1,2,1,2,536
201600016846,16,4,8,2115,5,1,2,1,6,333
201600016847,16,6,7,1625,1,2,4,1,1,536
201600016848,16,6,26,1946,1,1,1,1,6,333
201600016849,16,8,6,1345,1,1,1,1,3,333
201600016850,16,8,17,1715,1,2,1,1,2,333
201600016851,16,8,27,1204,1,2,1,1,2,333
201600016852,16,8,31,1445,1,2,1,1,6,333
201600016853,16,9,3,1600,1,2,1,1,3,536
201600016854,16,9,15,1600,1,1,1,1,3,333
201600016855,16,9,17,1855,2,2,3,1,3,333
201600016856,16,9,19,1745,1,1,1,1,2,333
201600016857,16,10,6,1545,1,1,1,1,7,333
201600016858,16,10,25,1855,5,2,7,1,7,333
201600016859,16,12,1,755,2,2,1,1,6,333
201600016860,16,12,7,815,1,1,6,1,6,333
201600016861,16,12,14,1045,1,2,1,1,1,333
201600016862,16,12,16,1610,1,2,6,1,2,536
201600016863,16,12,17,2200,3,1,1,5,6,243
201600016864,16,12,28,1935,5,2,1,9,6,333
201600016865,16,1,14,1845,3,1,1,4,7,550
201600016866,16,9,21,1115,1,2,1,1,3,27
201600016867,16,11,3,1745,1,1,2,1,2,189
201600016868,16,8,15,315,3,1,1,1,6,80
201600016869,16,4,4,830,1,1,1,2,3,75
201600016870,16,6,26,1500,1,1,1,7,6,172
201600016871,16,11,13,1045,1,1,1,1,7,116
201600016872,16,9,19,1645,1,1,1,1,6,144
201600016873,16,10,25,1100,1,2,1,1,6,19
201600016874,16,7,20,1150,1,1,1,1,3,154
201600016875,16,4,28,1545,1,1,1,1,1,99
201600016876,16,5,18,1300,1,1,1,1,3,34
201600016877,16,5,14,1030,1,1,2,1,1,187
201600016878,16,8,9,1915,1,1,1,3,6,128
201600016879,16,9,21,1715,1,1,1,1,6,140
201600016880,16,1,7,215,3,1,1,2,6,25
201600016881,16,5,12,1300,1,2,1,1,3,50
201600016882,16,9,12,1830,1,2,1,1,6,50
201600016883,16,10,23,2130,3,1,1,5,7,99
201600016884,16,10,20,2040,5,1,1,1,6,18
201600016885,16,11,10,1605,1,1,1,2,2,18
201600016886,16,12,1,500,3,2,6,1,7,50
201600016887,16,4,24,1205,1,2,1,1,3,41
201600016888,16,10,21,720,3,1,2,1,5,47
201600016889,16,10,26,1235,1,1,2,1,3,152
201600016890,16,10,28,1925,5,2,2,1,1,21
201600016891,16,10,31,1200,1,1,2,1,1,47
201600016892,16,11,30,2120,3,1,1,1,6,149
201600016893,16,12,6,915,1,1,1,1,6,167
201600016894,16,12,11,1733,3,1,1,5,7,152
201600016895,16,12,24,1315,1,1,1,1,3,231
201600016896,16,10,25,1720,1,1,1,2,6,84
201600016897,16,11,8,1005,1,2,1,1,7,109
201600016898,16,11,11,1030,1,1,1,1,6,182
201600016899,16,12,8,750,1,1,2,1,3,109
201600016900,16,12,15,815,1,2,1,1,6,109
201600016901,16,12,16,1640,1,1,1,1,6,109
201600016902,16,12,23,1830,3,1,1,1,3,251
201600016903,16,4,11,1445,1,2,8,1,3,156
201600016904,16,6,16,1745,1,1,1,1,3,91
201600016905,16,10,7,2130,3,1,1,1,3,156
201600016906,16,10,29,1940,5,2,6,1,3,156
201600016907,16,11,16,1925,5,2,1,3,6,100
201600016908,16,11,19,1040,1,1,3,1,3,96
201600016909,16,12,6,1030,1,2,7,1,6,225
201600016910,16,12,13,1655,1,1,1,1,7,156
201600016911,16,2,21,2000,5,2,1,1,5,153
201600016912,16,3,17,1840,2,2,1,7,2,153
201600016913,16,8,20,530,3,2,1,1,7,153
201600016914,16,10,24,1400,1,1,1,2,6,179
201600016915,16,11,1,1220,1,1,6,5,1,281
201600016916,16,12,11,2330,3,1,1,8,6,276
201600016917,16,12,29,1135,1,2,1,1,6,366
201600016918,16,1,5,1755,3,2,3,1,6,366
201600016919,16,1,9,1500,1,2,2,1,3,69
201600016920,16,1,15,745,2,2,1,4,6,366
201600016921,16,1,13,2210,5,2,1,1,6,366
201600016922,16,1,16,940,1,2,1,8,7,366
201600016923,16,1,31,1450,1,2,1,2,3,366
201600016924,16,2,11,550,3,1,1,9,6,366
201600016925,16,2,11,615,3,1,1,9,6,574
201600016926,16,2,11,630,3,1,1,9,6,574
201600016927,16,2,11,1635,1,2,1,1,6,366
201600016928,16,2,19,1615,1,2,1,1,6,366
201600016929,16,3,4,1350,1,2,1,1,2,366
201600016930,16,3,14,2150,5,2,1,1,3,366
201600016931,16,3,25,1110,1,2,1,1,7,366
201600016932,16,4,2,500,3,1,1,1,6,574
201600016933,16,4,2,1230,1,1,1,2,3,487
201600016934,16,4,6,1345,1,1,1,2,2,303
201600016935,16,4,8,1015,1,2,1,1,6,366
201600016936,16,4,18,1315,1,2,1,1,6,366
201600016937,16,5,17,1115,1,2,1,1,6,366
201600016938,16,5,24,1715,1,2,3,1,6,366
201600016939,16,5,25,1855,1,1,1,1,6,487
201600016940,16,6,24,830,1,1,1,1,7,520
201600016941,16,6,25,1120,1,2,2,2,6,366
201600016942,16,6,26,1100,1,1,1,1,2,366
201600016943,16,7,4,1940,1,2,2,1,3,366
201600016944,16,7,7,1140,1,2,2,1,3,366
201600016945,16,7,7,1645,1,2,1,1,2,366
201600016946,16,7,17,1750,1,1,6,1,3,366
201600016947,16,7,22,1100,1,1,2,1,3,487
201600016948,16,7,22,1835,1,2,1,1,7,366
201600016949,16,7,23,1325,1,2,1,1,2,366
201600016950,16,7,26,1820,1,1,1,1,2,366
201600016951,16,7,28,1700,1,2,3,1,1,487
201600016952,16,8,1,815,1,2,6,7,6,366
201600016953,16,8,4,1125,1,2,2,1,6,366
201600016954,16,8,16,1545,1,2,6,1,2,366
201600016955,16,8,18,1710,1,2,1,1,6,366
201600016956,16,8,19,1135,1,2,3,1,3,69
201600016957,16,9,1,1625,1,2,1,1,1,366
201600016958,16,9,2,1320,1,2,3,1,7,366
201600016959,16,9,7,1520,1,2,1,1,7,366
201600016960,16,9,12,1350,1,1,1,1,7,487
201600016961,16,9,19,25,5,2,1,2,6,366
201600016962,16,9,24,55,3,1,6,1,7,574
201600016963,16,9,25,1840,1,2,2,1,3,487
201600016964,16,9,25,1910,1,2,1,1,3,366
201600016965,16,9,28,1815,1,2,1,1,6,366
201600016966,16,9,28,800,2,1,1,2,7,487
201600016967,16,9,29,1210,1,2,3,1,6,366
201600016968,16,10,1,315,5,2,1,1,6,69
201600016969,16,10,2,1400,1,2,1,1,2,366
201600016970,16,10,2,1440,1,2,1,1,3,366
201600016971,16,10,5,720,3,1,1,1,3,366
201600016972,16,10,6,1955,3,1,1,1,2,487
201600016973,16,10,8,920,1,2,6,1,6,366
201600016974,16,10,8,1540,1,1,1,1,7,574
201600016975,16,10,8,1650,1,2,1,1,7,366
201600016976,16,10,11,1340,1,2,1,1,6,366
201600016977,16,10,15,1605,1,2,1,1,2,366
201600016978,16,10,29,1400,1,2,2,1,3,366
201600016979,16,11,4,1845,5,2,1,2,7,366
201600016980,16,11,8,1215,1,2,1,1,6,366
201600016981,16,11,9,1445,1,2,1,2,6,366
201600016982,16,11,15,1640,2,2,1,2,2,366
201600016983,16,11,18,750,1,1,1,1,2,574
201600016984,16,11,23,725,3,2,1,2,6,366
201600016985,16,11,23,1735,5,2,1,2,4,366
201600016986,16,11,28,1800,3,1,3,1,3,487
201600016987,16,12,1,2000,5,2,1,5,6,574
201600016988,16,12,1,1835,3,1,1,1,6,366
201600016989,16,12,7,1440,1,2,1,1,6,366
201600016990,16,12,17,1300,1,2,1,1,3,366
201600016991,16,12,24,1,5,2,6,2,3,366
201600016992,16,12,28,800,2,1,1,9,7,487
201600016993,16,10,26,2015,3,1,1,1,6,22
201600016994,16,11,6,2200,3,1,1,1,6,74
201600016995,16,11,6,1658,2,1,1,1,3,210
201600016996,16,11,8,1835,5,2,1,1,6,11
201600016997,16,11,21,1027,1,2,6,2,3,72
201600016998,16,11,22,2330,3,1,1,3,1,58
201600016999,16,11,26,2055,3,1,1,1,1,228
201600017000,16,11,27,1800,5,2,1,1,3,228
201600017001,16,12,28,1940,5,2,9,1,1,72
201600017002,16,8,20,1830,1,1,1,1,5,123
201600017003,16,10,14,2000,3,1,1,1,7,14
201600017004,16,11,4,1930,3,1,1,1,2,77
201600017005,16,11,14,540,3,1,1,1,6,99
201600017006,16,11,19,910,1,2,1,7,2,227
201600017007,16,12,10,1800,5,2,1,1,1,205
201600017008,16,12,11,820,2,1,1,5,6,67
201600017009,16,12,22,1440,1,2,1,2,7,257
201600017010,16,12,22,1659,2,2,7,2,6,123
201600017011,16,3,26,2304,3,2,1,2,7,121
201600017012,16,10,15,1505,1,1,1,1,7,216
201600017013,16,10,20,1655,1,2,9,1,1,119
201600017014,16,10,22,1430,1,1,1,1,6,226
201600017015,16,10,28,730,3,1,1,5,7,216
201600017016,16,11,18,800,1,1,1,2,6,119
201600017017,16,11,30,700,3,1,1,1,6,51
201600017018,16,12,18,555,4,1,1,5,6,212
201600017019,16,9,7,1745,1,1,1,1,7,222
201600017020,16,10,23,2345,3,1,1,3,6,221
201600017021,16,1,17,630,3,1,1,8,7,115
201600017022,16,1,17,1715,1,1,1,1,7,162
201600017023,16,6,1,1100,1,1,3,1,3,265
201600017024,16,7,12,1245,1,1,1,1,1,115
201600017025,16,10,13,735,2,1,1,2,2,130
201600017026,16,10,17,743,2,2,3,2,3,130
201600017027,16,10,27,25,3,1,6,5,7,130
201600017028,16,11,21,2005,5,2,1,1,3,115
201600017029,16,12,16,1400,1,1,1,1,6,45
201600017030,16,4,7,1130,1,1,1,1,3,33
201600017031,16,8,14,1930,2,1,1,1,5,48
201600017032,16,10,23,300,3,1,1,8,6,28
201600017033,16,6,11,30,3,1,1,8,2,28
201600017034,16,10,28,2000,3,1,1,1,7,282
201600017035,16,11,8,950,1,2,4,1,3,266
201600017036,16,12,6,1720,3,1,1,1,7,254
201600017037,16,5,21,1845,1,1,1,1,2,205
201600017038,16,1,28,1915,3,1,1,2,1,59
201600017039,16,5,31,1600,1,1,1,3,1,116
201600017040,16,10,23,2045,3,1,1,2,6,108
201600017041,16,12,9,1100,1,1,2,1,5,122
201600017042,16,8,3,1715,1,1,1,1,6,61
201600017043,16,12,10,1530,1,2,1,1,1,90
201600017044,16,7,31,1515,1,1,1,7,7,73
201600017045,16,12,15,1415,1,2,4,1,3,111
201600017046,16,8,2,1900,2,1,1,1,2,31
201600017047,16,11,1,1145,1,1,1,1,6,106
201600017048,16,3,12,1600,1,1,1,1,6,41
201600017049,16,4,28,1100,1,1,1,1,6,32
201600017050,16,10,13,1713,1,1,9,8,1,89
201600017051,16,10,19,1830,1,1,1,1,6,22
201600017052,16,1,1,430,3,1,1,5,6,149
201600017053,16,1,24,200,3,1,1,1,6,160
201600017054,16,10,4,1700,1,1,1,1,3,45
201600017055,16,1,26,1600,1,1,1,1,1,222
201600017056,16,10,17,1845,1,2,1,2,7,8
201600017057,16,12,28,1800,3,1,1,1,6,182
201600017058,16,1,31,1815,2,1,1,2,6,48
201600017059,16,5,13,2300,3,1,1,3,7,164
201600017060,16,6,21,130,3,1,1,2,7,131
201600017061,16,10,9,1330,1,1,1,1,7,113
201600017062,16,3,7,900,1,1,1,1,6,9
201600017063,16,3,27,2100,3,1,1,6,2,578
201600017064,16,4,7,1745,1,2,1,1,6,112
201600017065,16,4,17,1730,1,1,1,1,6,565
201600017066,16,6,17,1500,1,1,2,1,2,383
201600017067,16,8,2,1400,1,1,6,2,3,679
201600017068,16,9,5,1200,1,1,1,2,6,427
201600017069,16,9,11,1515,1,1,1,1,7,457
201600017070,16,10,6,1645,1,2,6,7,6,679
201600017071,16,12,25,645,5,2,1,1,6,112
201600017072,16,1,24,1515,1,1,1,8,6,207
201600017073,16,2,13,1645,1,1,1,3,1,398
201600017074,16,5,23,1745,1,1,2,1,3,547
201600017075,16,6,9,1715,1,1,1,1,1,505
201600017076,16,6,26,2200,2,1,1,1,6,239
201600017077,16,7,27,1700,1,1,3,1,5,148
201600017078,16,9,1,1845,1,2,7,1,6,56
201600017079,16,9,20,1100,1,2,2,1,6,629
201600017080,16,10,4,1700,1,2,6,1,6,56
201600017081,16,10,27,1940,3,1,3,5,3,129
201600017082,16,12,5,1915,2,1,1,9,6,56
201600017083,16,12,9,130,3,1,1,1,6,46
201600017084,16,12,16,1215,1,2,1,9,6,56
201600017085,16,12,23,2130,2,1,9,1,6,106
201600017086,16,3,5,1600,1,2,1,1,6,116
201600017087,16,5,1,145,3,1,1,1,7,210
201600017088,16,5,1,1730,1,1,1,1,1,432
201600017089,16,5,5,600,2,1,1,1,6,109
201600017090,16,5,20,1130,1,1,1,1,1,630
201600017091,16,6,5,700,2,1,2,5,6,444
201600017092,16,6,24,1600,1,1,3,1,3,164
201600017093,16,7,24,1945,1,1,2,1,3,441
201600017094,16,8,13,1645,1,2,7,1,6,116
201600017095,16,9,9,845,1,1,5,1,1,95
201600017096,16,10,6,1115,1,2,1,1,6,116
201600017097,16,11,8,800,2,1,2,2,6,466
201600017098,16,11,24,700,4,2,4,1,6,116
201600017099,16,12,17,1600,1,1,3,1,3,296
201600017100,16,12,19,445,3,1,1,1,6,380
201600017101,16,2,16,1130,1,1,2,1,3,420
201600017102,16,10,16,1345,1,1,1,1,1,614
201600017103,16,11,28,830,1,2,1,1,6,632
201600017104,16,2,6,1945,3,1,1,1,6,212
201600017105,16,4,28,1415,1,1,6,1,7,224
201600017106,16,9,11,1830,1,1,2,1,5,636
201600017107,16,10,7,1000,1,1,2,1,3,663
201600017108,16,10,17,745,3,1,9,1,6,534
201600017109,16,11,12,745,3,1,1,1,7,654
201600017110,16,1,7,815,3,1,1,3,5,105
201600017111,16,4,22,1545,1,2,1,1,5,340
201600017112,16,5,15,1315,1,2,3,1,1,669
201600017113,16,10,3,1630,1,2,3,7,3,90
201600017114,16,4,23,1115,1,2,2,1,3,594
201600017115,16,7,23,1915,1,2,2,1,3,367
201600017116,16,8,7,2330,3,1,1,1,7,415
201600017117,16,8,18,1630,1,2,3,1,1,367
201600017118,16,10,31,1115,1,2,1,1,6,170
201600017119,16,11,11,100,3,1,1,2,7,520
201600017120,16,2,27,2150,3,1,1,1,7,31
201600017121,16,4,28,715,1,2,1,1,2,59
201600017122,16,2,3,1115,1,1,1,1,6,91
201600017123,16,1,4,1845,3,1,1,1,6,7
201600017124,16,2,12,1315,1,1,1,4,3,133
201600017125,16,5,15,1815,1,1,1,1,1,144
201600017126,16,2,9,1630,1,1,3,2,3,68
201600017127,16,3,12,1830,1,2,1,1,3,88
201600017128,16,12,2,1415,1,1,1,1,1,208
201600017129,16,2,5,1230,1,2,1,1,6,209
201600017130,16,9,18,1200,1,1,1,1,7,140
201600017131,16,11,7,1245,1,2,1,1,6,209
201600017132,16,1,8,1315,1,1,1,8,5,146
201600017133,16,1,11,1230,1,1,1,6,6,94
201600017134,16,5,20,1530,1,1,1,1,7,115
201600017135,16,6,4,800,1,1,1,1,1,190
201600017136,16,7,3,1545,1,1,1,1,6,160
201600017137,16,8,8,645,1,1,1,1,1,98
201600017138,16,10,19,915,1,1,1,1,1,102
201600017139,16,11,27,1315,1,1,1,7,3,26
201600017140,16,12,9,1830,3,1,1,1,2,26
201600017141,16,6,9,745,2,1,1,1,2,11
201600017142,16,10,14,1200,1,1,1,2,1,9
201600017143,16,1,1,115,3,1,1,5,6,182
201600017144,16,2,29,500,3,2,1,1,6,487
201600017145,16,4,10,2030,2,1,1,1,7,487
201600017146,16,8,10,1530,1,2,1,1,1,259
201600017147,16,9,10,830,1,2,1,1,5,340
201600017148,16,9,24,1415,1,1,1,1,1,340
201600017149,16,11,6,1345,1,1,3,1,1,413
201600017150,16,11,17,700,3,1,1,2,6,420
201600017151,16,12,31,1015,1,2,1,7,6,311
201600017152,16,4,10,1645,1,1,1,1,6,411
201600017153,16,4,16,1345,1,1,1,1,7,163
201600017154,16,4,28,1400,1,1,1,1,3,498
201600017155,16,7,5,1930,1,1,2,1,1,451
201600017156,16,8,14,2100,2,1,1,1,3,71
201600017157,16,11,26,215,5,1,1,1,6,311
201600017158,16,6,4,1530,1,1,1,1,2,171
201600017159,16,7,7,1200,1,2,1,1,6,133
201600017160,16,5,9,1015,1,2,1,1,6,243
201600017161,16,5,27,1630,1,2,1,1,2,352
201600017162,16,6,12,1845,1,1,1,1,1,564
201600017163,16,11,25,2030,5,2,1,5,6,243
201600017164,16,5,15,1300,1,1,1,1,6,587
201600017165,16,7,4,1715,1,1,3,7,1,520
201600017166,16,9,14,1915,1,1,1,2,1,366
201600017167,16,10,29,1700,1,1,1,1,6,366
201600017168,16,10,31,1715,1,1,1,1,1,82
201600017169,16,9,17,1800,1,1,1,1,7,330
201600017170,16,12,11,1930,3,1,1,1,7,172
201600017171,16,1,15,1935,5,2,1,1,1,288
201600017172,16,11,10,1635,1,1,1,8,7,250
201600017173,16,12,28,1830,3,2,2,1,3,288
201600017174,16,10,7,1700,1,1,1,1,7,93
201600017175,16,10,13,1705,1,2,1,1,6,255
201600017176,16,10,24,1115,1,2,3,2,2,96
201600017177,16,11,25,1430,1,2,1,1,3,331
201600017178,16,11,29,1900,3,1,1,1,6,39
201600017179,16,4,4,815,1,2,1,1,2,306
201600017180,16,6,12,1920,1,1,1,1,1,222
201600017181,16,10,29,730,3,1,1,5,1,306
201600017182,16,11,12,1600,1,1,1,2,3,212
201600017183,16,12,7,1745,2,1,1,1,1,95
201600017184,16,5,24,830,1,2,1,1,2,168
201600017185,16,5,31,1400,1,1,1,8,3,284
201600017186,16,7,2,1630,1,1,1,1,6,284
201600017187,16,8,20,1915,2,2,1,1,3,284
201600017188,16,8,27,645,2,2,1,1,6,328
201600017189,16,9,2,1000,1,1,1,1,6,284
201600017190,16,10,10,900,1,1,1,7,2,291
201600017191,16,1,21,915,1,1,1,1,1,273
201600017192,16,2,10,1200,1,1,1,3,1,44
201600017193,16,6,22,1645,1,1,3,1,3,312
201600017194,16,10,3,930,1,2,1,1,6,312
201600017195,16,10,9,1745,1,2,9,1,3,209
201600017196,16,10,12,1736,1,2,1,3,5,312
201600017197,16,10,21,1730,1,2,1,1,6,312
201600017198,16,11,2,1815,2,2,1,1,3,312
201600017199,16,11,30,2200,5,2,1,1,6,312
201600017200,16,5,15,1015,1,2,1,1,6,217
201600017201,16,5,18,1645,1,1,1,1,6,46
201600017202,16,7,16,2120,1,2,1,1,6,46
201600017203,16,8,5,1745,1,2,9,1,6,46
201600017204,16,10,5,1750,1,2,1,1,6,217
201600017205,16,10,29,1100,1,1,1,5,6,217
201600017206,16,1,24,1250,1,2,1,1,2,152
201600017207,16,4,21,2130,3,1,1,1,7,303
201600017208,16,10,6,2045,3,1,1,1,3,333
201600017209,16,11,8,1200,1,1,1,1,1,197
201600017210,16,11,14,615,2,1,2,5,3,303
201600017211,16,12,14,1145,1,1,2,1,3,119
201600017212,16,10,15,1615,1,1,1,1,6,91
201600017213,16,10,30,1145,1,1,1,5,7,1
201600017214,16,10,28,45,3,1,1,5,6,275
201600017215,16,9,5,1415,1,1,1,1,6,104
201600017216,16,10,9,2115,3,2,1,1,2,84
201600017217,16,10,28,1850,2,1,2,7,1,126
201600017218,16,11,20,1535,1,1,1,3,6,228
201600017219,16,11,25,1600,1,1,1,1,1,194
201600017220,16,3,3,935,1,1,1,2,2,313
201600017221,16,10,19,1825,1,1,1,1,1,309
201600017222,16,12,5,1515,1,1,2,1,3,237
201600017223,16,5,27,1615,1,2,1,1,3,527
201600017224,16,12,3,530,3,1,1,9,1,684
201600017225,16,12,20,1642,1,1,1,1,1,347
201600017226,16,10,22,1805,1,2,1,7,6,23
201600017227,16,11,21,615,3,1,1,2,6,441
201600017228,16,12,19,1555,1,1,2,2,1,533
201600017229,16,12,29,1100,1,2,1,7,6,501
201600017230,16,8,6,645,1,1,1,1,6,647
201600017231,16,10,26,1508,1,1,1,1,5,35
201600017232,16,12,10,1715,3,1,1,5,1,332
201600017233,16,7,14,2130,2,1,1,1,7,536
201600017234,16,8,14,2045,1,2,1,1,5,383
201600017235,16,2,26,945,1,1,1,1,6,610
201600017236,16,5,3,1500,1,2,1,1,1,496
201600017237,16,11,3,1535,1,1,1,1,3,256
201600017238,16,11,13,1630,2,1,1,2,7,60
201600017239,16,8,25,1715,1,1,1,1,1,27
201600017240,16,10,8,445,3,1,1,1,2,27
201600017241,16,11,26,1730,3,1,1,1,3,136
201600017242,16,12,23,2000,5,2,1,2,3,425
201600017243,16,12,30,145,5,2,1,1,6,425
201600017244,16,10,23,2030,3,1,1,2,6,276
201600017245,16,12,7,705,5,2,1,9,2,4
201600017246,16,8,9,1915,1,2,1,1,1,674
201600017247,16,12,13,1830,5,2,1,1,6,154
201600017248,16,11,14,1030,1,1,1,2,7,349
201600017249,16,12,23,1545,1,2,3,1,3,525
201600017250,16,10,23,2025,3,1,1,2,6,288
201600017251,16,8,11,500,3,1,1,1,6,25
201600017252,16,12,7,1130,1,1,1,1,6,6
201600017253,16,4,15,1845,1,2,1,1,3,84
201600017254,16,4,25,945,1,1,1,1,1,165
201600017255,16,2,11,1330,1,1,3,1,3,71
201600017256,16,10,16,45,3,1,1,1,6,126
201600017257,16,9,9,1545,1,1,1,1,6,111
201600017258,16,10,20,2030,3,1,6,5,6,127
201600017259,16,10,21,1500,1,1,1,1,3,127
201600017260,16,11,14,615,3,1,1,5,6,170
201600017261,16,8,22,1630,1,1,1,1,3,346
201600017262,16,10,2,315,1,1,1,5,7,5
201600017263,16,3,5,730,3,1,1,1,6,238
201600017264,16,5,27,1730,1,1,1,1,1,329
201600017265,16,1,30,1700,1,2,1,7,1,296
201600017266,16,8,16,2345,5,2,1,1,1,339
201600017267,16,12,8,1830,3,1,1,1,3,339
201600017268,16,12,15,1830,5,1,1,1,3,339
201600017269,16,2,22,1815,2,1,1,2,1,153
201600017270,16,4,30,1645,1,1,1,2,3,153
201600017271,16,6,5,1215,1,1,1,1,3,130
201600017272,16,7,19,1215,1,1,1,1,1,232
201600017273,16,5,21,1630,1,1,1,1,3,294
201600017274,16,8,3,2115,2,1,1,1,6,334
201600017275,16,11,22,1400,2,1,1,8,1,17
201600017276,16,5,27,1015,1,2,1,7,6,201
201600017277,16,9,4,700,1,1,1,1,1,330
201600017278,16,9,23,1700,1,1,1,1,1,126
201600017279,16,12,15,1545,1,1,1,1,7,330
201600017280,16,4,23,1800,1,2,3,1,1,9
201600017281,16,5,13,1630,1,1,1,1,1,227
201600017282,16,7,26,715,2,2,1,7,1,317
201600017283,16,9,17,1245,1,1,1,1,7,172
201600017284,16,9,19,945,1,1,1,1,6,172
201600017285,16,10,12,1030,1,2,1,1,1,308
201600017286,16,11,17,1515,1,2,1,1,5,234
201600017287,16,2,21,245,3,1,1,1,6,338
201600017288,16,6,15,1915,1,1,1,1,1,338
201600017289,16,6,19,1945,2,2,1,2,1,244
201600017290,16,6,21,930,1,1,1,1,1,52
201600017291,16,11,19,1415,1,1,1,2,7,129
201600017292,16,5,26,1530,1,1,1,1,7,103
201600017293,16,6,9,1930,1,1,1,1,1,204
201600017294,16,8,7,1245,1,1,1,1,6,165
201600017295,16,8,28,1230,1,1,1,1,4,252
201600017296,16,12,21,1030,1,1,1,1,7,64
201600017297,16,2,14,1745,2,1,1,1,1,170
201600017298,16,5,25,2000,1,1,1,1,1,250
201600017299,16,12,14,745,3,1,1,1,2,205
201600017300,16,12,24,1800,5,2,1,8,6,292
201600017301,16,5,17,1445,1,1,1,1,1,82
201600017302,16,5,25,2015,1,1,2,1,1,283
201600017303,16,6,25,1655,1,1,3,1,3,382
201600017304,16,7,12,1900,2,1,1,1,7,263
201600017305,16,8,12,1745,1,1,1,1,6,424
201600017306,16,7,3,2000,1,1,1,7,1,55
201600017307,16,9,9,1600,1,1,2,1,3,137