Num_Acc,an,mois,jour,hrmn,lum,agg,int,atm,col,com
201600017308,16,6,5,1100,1,2,1,1,3,167
201600017309,16,9,24,1500,1,1,1,1,1,366
201600017310,16,12,2,1815,5,2,3,1,3,153
201600017311,16,4,28,1830,1,1,1,1,6,106
201600017312,16,5,4,1915,1,1,1,1,7,383
201600017313,16,1,31,2145,3,1,1,2,6,10
201600017314,16,4,24,2045,3,1,1,2,6,139
201600017315,16,5,1,745,1,1,1,1,6,204
201600017316,16,8,1,1230,1,1,1,1,6,212
201600017317,16,3,15,1500,1,1,1,1,6,28
201600017318,16,11,19,1100,1,2,1,1,6,46
201600017319,16,9,24,1845,1,2,1,1,2,32
201600017320,16,1,11,2130,3,1,1,4,6,168
201600017321,16,3,20,845,3,1,1,1,6,47
201600017322,16,4,30,1445,1,1,1,3,6,70
201600017323,16,1,9,1600,1,1,2,1,3,269
201600017324,16,3,3,1100,1,1,1,4,6,216
201600017325,16,4,21,2130,5,2,1,8,4,15
201600017326,16,7,2,545,2,1,1,1,6,15
201600017327,16,10,28,530,3,1,1,5,6,4
201600017328,16,11,13,500,3,1,1,2,1,6
201600017329,16,1,5,1945,3,1,1,2,1,422
201600017330,16,3,25,1700,1,2,1,1,1,394
201600017331,16,7,24,1845,1,1,1,1,6,104
201600017332,16,1,8,1845,3,1,3,1,1,270
201600017333,16,3,18,1245,1,1,3,1,1,209
201600017334,16,2,27,30,3,1,1,1,7,11
201600017335,16,4,23,1100,1,1,1,2,1,55
201600017336,16,8,21,645,1,1,1,1,3,399
201600017337,16,5,6,2045,3,1,1,1,6,259
201600017338,16,8,20,1545,1,1,1,1,7,420
201600017339,16,10,17,1745,1,2,1,1,3,268
201600017340,16,10,31,1615,1,1,1,1,4,334
201600017341,16,10,31,900,2,1,1,5,6,268
201600017342,16,3,5,1930,5,2,1,1,6,271
201600017343,16,3,17,2000,3,1,1,1,6,353
201600017344,16,3,30,245,3,1,1,2,6,320
201600017345,16,5,24,845,1,1,1,1,6,341
201600017346,16,6,12,345,3,1,1,1,3,220
201600017347,16,6,13,1145,1,2,1,1,6,323
201600017348,16,7,8,2145,2,2,1,1,1,323
201600017349,16,7,15,545,5,2,1,1,6,323
201600017350,16,9,25,815,1,1,1,8,6,144
201600017351,16,10,7,645,3,1,1,1,7,164
201600017352,16,10,13,730,2,1,1,2,3,392
201600017353,16,10,16,2100,3,1,1,1,7,86
201600017354,16,10,22,2100,3,1,1,1,6,89
201600017355,16,10,31,1615,1,2,1,1,6,323
201600017356,16,11,7,1045,1,2,1,1,1,323
201600017357,16,11,9,945,2,1,1,2,6,323
201600017358,16,11,21,1645,2,1,1,2,3,323
201600017359,16,11,22,1430,1,1,1,1,6,323
201600017360,16,12,14,45,3,1,1,1,7,368
201600017361,16,12,28,1215,1,2,1,1,3,280
201600017362,16,6,16,115,5,2,3,2,6,268
201600017363,16,7,5,1745,1,1,2,1,1,7
201600017364,16,8,13,1030,1,1,3,1,3,203
201600017365,16,12,15,630,3,1,1,1,3,162
201600017366,16,9,8,2230,3,1,1,1,3,12
201600017367,16,1,27,845,1,2,1,1,6,139
201600017368,16,3,2,1845,3,1,1,4,1,265
201600017369,16,7,24,1345,1,1,1,1,6,174
201600017370,16,8,13,1145,1,2,1,1,1,220
201600017371,16,10,21,400,3,1,1,1,6,49
201600017372,16,10,29,1615,1,1,1,1,3,12
201600017373,16,10,30,200,3,1,1,5,1,118
201600017374,16,11,30,1500,1,1,9,1,7,158
201600017375,16,12,3,1645,3,1,2,1,5,61
201600017376,16,1,10,245,5,2,7,2,6,109
201600017377,16,1,16,1000,1,1,1,4,6,176
201600017378,16,5,6,1700,1,1,2,1,3,253
201600017379,16,5,18,1700,1,2,2,1,2,97
201600017380,16,6,25,1500,1,1,2,1,3,226
201600017381,16,7,16,1500,1,1,2,1,3,206
201600017382,16,7,17,615,2,1,1,1,7,229
201600017383,16,7,21,1500,1,1,1,1,6,223
201600017384,16,7,28,2130,2,1,1,1,7,109
201600017385,16,8,26,1730,1,1,1,1,3,4
201600017386,16,9,11,1630,1,1,1,1,7,206
201600017387,16,10,9,1615,1,1,1,7,1,189
201600017388,16,10,11,1945,2,1,1,2,2,109
201600017389,16,12,11,315,3,1,1,9,7,280
201600017390,16,7,2,2015,1,2,1,1,3,86
201600017391,16,9,3,1830,1,1,1,1,6,231
201600017392,16,10,27,1730,1,2,1,1,1,197
201600017393,16,1,26,745,2,1,3,1,3,153
201600017394,16,2,3,1415,1,1,1,1,1,41
201600017395,16,2,14,2015,5,2,1,2,6,57
201600017396,16,3,14,1800,1,2,1,1,3,89
201600017397,16,3,27,1400,1,1,1,1,7,152
201600017398,16,4,27,1300,1,1,1,1,6,59
201600017399,16,8,28,1715,1,2,1,1,7,252
201600017400,16,9,4,730,1,1,1,1,7,114
201600017401,16,11,19,1430,1,1,1,1,1,209
201600017402,16,11,26,1730,3,1,1,1,1,130
201600017403,16,1,15,1900,2,1,1,9,1,221
201600017404,16,2,24,1230,1,2,1,2,6,87
201600017405,16,3,1,330,3,1,1,1,6,63
201600017406,16,5,5,1500,1,1,1,1,6,254
201600017407,16,5,22,1730,1,1,1,2,1,180
201600017408,16,12,9,2115,3,2,1,1,7,121
201600017409,16,12,22,1215,1,1,2,2,3,129
201600017410,16,5,14,2000,1,1,2,1,3,149
201600017411,16,6,18,2030,1,1,1,8,6,165
201600017412,16,7,31,1515,1,1,1,1,6,11
201600017413,16,9,3,900,1,1,1,1,6,165
201600017414,16,10,11,1900,2,1,1,1,1,30
201600017415,16,11,27,2000,3,1,1,1,6,37
201600017416,16,1,21,730,2,1,1,5,1,36
201600017417,16,2,20,1015,1,1,3,1,3,141
201600017418,16,6,24,600,3,1,1,1,6,124
201600017419,16,8,8,2015,1,2,1,1,6,214
201600017420,16,9,14,1515,1,2,1,2,7,28
201600017421,16,9,21,1715,1,2,7,1,6,103
201600017422,16,1,6,1645,1,2,1,2,6,128
201600017423,16,8,6,1610,1,1,1,1,2,300
201600017424,16,10,22,1545,1,1,1,1,6,300
201600017425,16,1,27,1500,1,2,1,7,6,96
201600017426,16,9,24,1400,1,1,1,1,3,151
201600017427,16,10,18,1145,1,1,4,1,3,183
201600017428,16,2,25,1015,1,1,1,2,5,162
201600017429,16,3,26,1615,1,1,1,1,1,308
201600017430,16,4,22,1815,1,1,1,1,1,32
201600017431,16,5,14,315,3,1,1,5,6,162
201600017432,16,5,22,1,5,2,6,1,3,114
201600017433,16,5,24,2100,5,2,1,1,3,303
201600017434,16,6,22,1215,1,1,2,1,1,124
201600017435,16,6,27,1115,1,2,1,1,6,186
201600017436,16,8,8,1120,1,1,1,1,6,153
201600017437,16,8,26,1830,1,1,1,1,4,121
201600017438,16,10,28,1345,1,2,1,7,1,110
201600017439,16,6,10,830,1,2,1,1,3,248
201600017440,16,6,29,1145,1,2,7,1,6,248
201600017441,16,1,24,1500,1,2,1,1,6,67
201600017442,16,1,29,1400,1,1,1,1,1,19
201600017443,16,3,4,2359,3,1,1,8,6,7
201600017444,16,6,24,1430,1,1,1,1,1,74
201600017445,16,8,1,1115,1,2,3,1,6,212
201600017446,16,1,21,1315,1,1,3,1,1,519
201600017447,16,2,21,1600,1,1,1,1,6,511
201600017448,16,3,1,1345,1,1,1,1,2,448
201600017449,16,6,9,1700,1,1,1,1,1,60
201600017450,16,10,21,1700,1,2,2,1,3,37
201600017451,16,11,17,1830,3,1,2,1,3,511
201600017452,16,1,12,1830,3,1,1,2,6,152
201600017453,16,3,3,1715,1,2,1,2,3,395
201600017454,16,4,9,615,3,1,1,2,7,329
201600017455,16,8,23,1945,1,1,1,7,5,216
201600017456,16,10,25,1800,1,1,2,1,5,309
201600017457,16,12,11,1030,1,1,1,1,6,389
201600017458,16,5,5,1715,1,2,1,1,3,417
201600017459,16,12,7,415,3,2,2,1,3,141
201600017460,16,2,11,1230,1,1,1,9,6,34
201600017461,16,10,2,1415,1,1,1,1,6,104
201600017462,16,1,12,1815,3,1,1,2,1,535
201600017463,16,5,8,2000,1,1,1,1,7,430
201600017464,16,8,25,1100,1,1,6,1,3,108
201600017465,16,9,22,630,3,1,1,1,3,87
201600017466,16,10,15,1000,1,1,1,1,2,462
201600017467,16,3,6,1545,1,1,1,1,6,20
201600017468,16,5,4,1745,1,2,3,1,3,98
201600017469,16,5,15,1845,1,1,3,1,2,264
201600017470,16,7,6,700,1,2,3,1,3,130
201600017471,16,11,12,1615,1,1,1,2,6,179
201600017472,16,12,15,700,3,1,1,9,6,167
201600017473,16,12,15,745,3,1,1,1,1,313
201600017474,16,2,25,645,5,2,1,5,6,307
201600017475,16,6,28,1315,1,1,1,1,1,306
201600017476,16,9,29,830,1,2,2,1,3,30
201600017477,16,1,15,1845,5,1,1,9,6,95
201600017478,16,2,20,1800,1,1,1,2,6,224
201600017479,16,3,5,2330,3,1,1,2,6,95
201600017480,16,3,12,1745,1,2,1,1,6,118
201600017481,16,8,22,1830,1,1,1,1,1,188
201600017482,16,12,12,1600,1,1,1,1,1,95
201600017483,16,12,12,1945,3,1,1,1,7,347
201600017484,16,1,10,300,1,1,1,1,6,250
201600017485,16,1,29,1945,3,1,1,1,1,251
201600017486,16,3,3,1515,1,1,1,1,6,230
201600017487,16,7,25,1730,1,1,1,1,5,646
201600017488,16,9,30,1615,1,2,1,1,3,41
201600017489,16,11,7,1045,1,1,1,1,3,646
201600017490,16,11,12,2200,1,2,3,2,3,103
201600017491,16,12,5,1215,1,2,1,1,1,103
201600017492,16,12,30,1345,1,1,1,5,1,668
201600017493,16,3,21,1930,1,1,1,1,1,187
201600017494,16,6,24,2300,2,2,1,1,1,164
201600017495,16,6,30,1815,1,1,1,1,1,63
201600017496,16,7,21,1130,1,2,1,1,6,343
201600017497,16,1,12,1730,5,2,1,3,5,110
201600017498,16,2,2,615,5,2,1,1,6,286
201600017499,16,2,23,830,1,1,1,1,6,194
201600017500,16,5,4,1430,1,1,1,1,6,233
201600017501,16,3,18,1815,1,1,1,1,6,233
201600017502,16,4,6,1930,1,1,1,1,3,288
201600017503,16,4,12,1400,1,1,1,1,1,605
201600017504,16,4,19,2100,3,1,1,1,7,304
201600017505,16,4,21,945,1,1,1,1,1,691
201600017506,16,4,25,1515,1,1,1,1,6,180
201600017507,16,5,12,2200,2,1,1,1,6,387
201600017508,16,8,2,1330,1,1,1,1,1,4
201600017509,16,11,6,845,1,2,1,1,6,435
201600017510,16,12,16,1815,3,2,1,1,6,354
201600017511,16,12,19,2000,5,2,1,1,3,122
201600017512,16,4,19,745,1,2,1,1,6,155
201600017513,16,9,22,945,1,2,1,1,6,155
201600017514,16,10,20,1530,1,2,1,1,6,584
201600017515,16,11,23,1630,1,1,1,1,1,584
201600017516,16,12,6,1345,1,1,1,9,1,155
201600017517,16,7,19,30,3,1,1,1,7,111
201600017518,16,10,25,1515,1,2,1,1,6,104
201600017519,16,12,13,1330,1,1,1,1,1,178
201600017520,16,12,13,1615,1,2,1,1,1,104
201600017521,16,12,8,1630,2,1,1,1,3,26
201600017522,16,1,21,745,2,1,1,9,1,556
201600017523,16,1,22,2100,3,1,1,5,6,468
201600017524,16,3,5,1215,1,1,1,9,1,503
201600017525,16,3,2,1430,1,2,1,2,6,581
201600017526,16,3,29,800,1,1,2,1,3,232
201600017527,16,6,24,2300,3,1,1,1,1,112
201600017528,16,7,14,815,1,1,1,1,1,374
201600017529,16,10,18,1945,1,1,2,1,3,222
201600017530,16,10,27,1515,1,2,1,1,6,702
201600017531,16,11,15,1645,2,1,1,2,5,581
201600017532,16,1,9,1845,1,1,3,1,3,537
201600017533,16,2,16,1430,1,2,1,1,3,64
201600017534,16,3,12,1830,1,2,1,1,6,119
201600017535,16,3,16,1015,1,1,1,1,3,129
201600017536,16,4,28,2245,5,2,1,1,6,534
201600017537,16,6,22,1700,1,2,6,1,6,471
201600017538,16,6,28,1415,1,1,1,1,7,25
201600017539,16,8,20,1445,1,2,1,1,3,636
201600017540,16,8,25,1500,1,2,1,1,1,151
201600017541,16,10,24,1815,1,2,1,8,1,537
201600017542,16,11,15,1730,1,1,1,2,5,150
201600017543,16,12,3,545,5,2,1,1,6,119
201600017544,16,12,8,900,1,2,1,8,6,641
201600017545,16,12,23,1015,1,2,1,1,6,188
201600017546,16,1,8,715,3,1,1,1,1,617
201600017547,16,1,11,830,2,2,1,2,6,471
201600017548,16,2,5,115,3,1,1,9,6,471
201600017549,16,2,26,1045,1,1,2,1,3,474
201600017550,16,4,10,1930,1,2,1,1,2,676
201600017551,16,6,20,1015,1,2,1,2,3,507
201600017552,16,8,6,1315,1,2,2,1,6,471
201600017553,16,8,21,1945,1,1,1,1,7,291
201600017554,16,9,20,1045,1,2,1,1,3,471
201600017555,16,10,4,930,1,1,3,1,3,55
201600017556,16,10,22,530,2,1,2,5,3,124
201600017557,16,11,8,1530,1,1,1,8,1,127
201600017558,16,12,29,1515,1,1,2,1,3,124
201600017559,16,2,3,1,3,1,1,1,6,160
201600017560,16,3,10,1515,1,1,1,1,3,533
201600017561,16,7,10,1930,1,2,2,1,3,386
201600017562,16,1,1,115,5,2,1,1,6,670
201600017563,16,1,21,815,1,1,1,1,1,509
201600017564,16,4,16,2115,3,1,1,1,6,509
201600017565,16,4,27,600,2,2,1,1,6,508
201600017566,16,6,17,1330,1,2,1,1,3,509
201600017567,16,7,24,1530,1,1,1,1,1,667
201600017568,16,8,27,815,1,1,1,1,6,667
201600017569,16,8,7,200,3,1,1,1,6,667
201600017570,16,9,22,45,5,1,6,1,6,509
201600017571,16,10,7,545,1,2,1,1,1,509
201600017572,16,5,4,2215,3,1,1,1,1,176
201600017573,16,8,14,1700,1,1,1,1,6,32
201600017574,16,9,9,1215,1,1,1,1,1,189
201600017575,16,9,10,1700,1,1,1,1,6,139
201600017576,16,1,22,2045,5,2,1,2,3,324
201600017577,16,12,13,815,2,1,1,9,6,163
201600017578,16,12,30,2030,3,1,1,5,7,238
201600017579,16,2,6,1545,1,1,1,2,6,32
201600017580,16,2,13,1500,1,1,1,2,5,25
201600017581,16,4,20,1745,1,1,1,1,3,39
201600017582,16,11,12,315,3,1,1,1,7,32
201600017583,16,5,27,1715,1,1,1,1,1,149
201600017584,16,1,14,800,2,1,1,4,1,26
201600017585,16,5,6,800,1,1,1,1,7,68
201600017586,16,6,18,300,5,1,6,1,6,93
201600017587,16,6,25,30,3,2,1,3,7,37
201600017588,16,12,27,1430,1,1,1,7,3,12
201600017589,16,5,30,1630,1,1,1,1,6,9
201600017590,16,3,6,515,3,1,1,1,1,202
201600017591,16,3,11,2030,3,1,3,1,3,139
201600017592,16,3,31,1230,1,1,2,1,3,444
201600017593,16,6,7,1145,1,1,1,1,6,601
201600017594,16,2,3,700,3,1,2,2,3,625
201600017595,16,9,16,1130,1,1,1,8,5,284
201600017596,16,10,15,145,5,2,1,1,6,410
201600017597,16,10,29,1800,1,1,2,1,3,543
201600017598,16,11,12,1900,5,2,1,3,1,347
201600017599,16,11,27,1700,1,1,1,1,1,290
201600017600,16,12,1,1745,5,2,1,1,3,168
201600017601,16,3,2,615,3,2,1,3,6,484
201600017602,16,4,27,1630,1,2,9,1,6,274
201600017603,16,6,4,1130,1,1,3,1,1,274
201600017604,16,7,7,1100,1,1,1,1,2,256
201600017605,16,11,3,1115,1,1,1,1,2,256
201600017606,16,7,22,1745,1,1,2,1,3,648
201600017607,16,11,25,1515,1,1,1,1,1,135
201600017608,16,1,7,2000,3,1,1,8,7,45
201600017609,16,1,19,1930,3,1,1,9,1,402
201600017610,16,2,5,715,2,1,1,1,3,604
201600017611,16,3,27,100,3,1,1,1,7,425
201600017612,16,4,23,1615,1,2,1,1,6,31
201600017613,16,5,3,800,1,2,3,7,3,82
201600017614,16,6,22,1115,1,2,1,1,7,425
201600017615,16,7,8,1700,1,1,2,1,3,425
201600017616,16,7,31,930,1,1,1,1,6,176
201600017617,16,9,3,1815,1,1,2,1,3,31
201600017618,16,9,21,500,3,1,1,1,1,176
201600017619,16,10,21,2115,3,1,1,1,7,425
201600017620,16,2,28,1915,3,1,1,8,6,390
201600017621,16,3,11,1515,1,1,1,1,6,551
201600017622,16,3,25,1915,2,1,1,1,7,177
201600017623,16,5,3,815,2,2,9,7,2,103
201600017624,16,8,5,30,3,1,1,1,5,233
201600017625,16,9,9,1615,1,1,1,1,3,426
201600017626,16,9,23,1115,1,1,3,1,3,269
201600017627,16,7,8,830,1,1,1,1,1,92
201600017628,16,8,11,1515,1,1,1,1,7,350
201600017629,16,10,6,1745,1,1,1,1,5,419
201600017630,16,5,22,1430,1,2,1,1,1,10
201600017631,16,5,29,2000,1,1,1,1,7,8
201600017632,16,6,24,1745,1,1,1,7,6,179
201600017633,16,8,6,1715,1,1,1,1,2,123
201600017634,16,10,20,1730,1,1,1,1,5,146
201600017635,16,11,17,1745,3,1,1,1,2,179
201600017636,16,11,22,945,1,2,3,2,3,179
201600017637,16,8,14,930,1,1,1,1,4,84
201600017638,16,9,9,2325,3,1,1,3,2,124
201600017639,16,11,1,1800,3,1,3,1,4,84
201600017640,16,4,30,1715,1,1,1,2,1,12
201600017641,16,2,22,1845,3,1,1,3,6,506
201600017642,16,3,8,2055,3,1,1,1,6,103
201600017643,16,3,9,1410,1,1,1,3,6,551
201600017644,16,3,20,1600,1,1,1,1,6,239
201600017645,16,5,22,1900,1,2,1,3,7,614
201600017646,16,5,26,1850,1,1,1,1,3,716
201600017647,16,6,19,915,1,1,2,1,3,714
201600017648,16,10,26,1345,1,2,1,1,3,312
201600017649,16,7,18,2330,3,1,1,1,7,377
201600017650,16,9,1,1045,1,1,2,1,1,577
201600017651,16,3,29,150,4,2,1,1,7,692
201600017652,16,8,10,1550,1,1,2,1,7,353
201600017653,16,12,1,1530,1,1,1,1,2,111
201600017654,16,12,11,1345,1,1,1,1,1,182
201600017655,16,12,20,1515,1,1,2,7,5,389
201600017656,16,2,21,1000,1,2,1,2,6,514
201600017657,16,2,22,1945,5,2,3,3,6,644
201600017658,16,4,11,1600,1,1,1,1,6,578
201600017659,16,4,28,800,1,1,3,1,1,593
201600017660,16,5,8,1030,1,1,2,1,3,299
201600017661,16,5,15,1930,1,1,1,1,1,492
201600017662,16,12,28,600,3,1,1,9,6,528
201600017663,16,6,26,1615,1,2,1,1,6,754
201600017664,16,8,19,900,1,1,1,1,3,494
201600017665,16,10,3,1730,1,1,1,1,3,474
201600017666,16,11,1,1500,1,2,1,1,6,754
201600017667,16,11,15,1430,1,1,1,2,7,83
201600017668,16,11,27,2045,3,1,1,1,7,33
201600017669,16,12,31,1015,1,1,1,9,1,455
201600017670,16,12,30,1845,3,1,9,9,6,546
201600017671,16,3,29,1230,1,2,1,1,7,456
201600017672,16,6,23,2345,3,2,1,1,7,516
201600017673,16,7,9,1845,1,1,1,1,2,39
201600017674,16,11,7,745,2,1,1,2,1,319
201600017675,16,4,7,725,2,1,1,2,1,251
201600017676,16,4,10,1745,1,1,3,1,2,223
201600017677,16,4,14,715,1,2,1,1,5,162
201600017678,16,4,24,1945,1,1,1,1,6,656
201600017679,16,5,10,1145,1,2,6,2,7,689
201600017680,16,5,14,1645,1,1,1,1,7,505
201600017681,16,6,6,2030,1,1,1,1,6,656
201600017682,16,6,13,1815,1,1,1,8,6,764
201600017683,16,6,22,2200,2,1,1,2,6,689
201600017684,16,6,23,915,1,1,1,1,1,602
201600017685,16,7,1,1745,1,1,1,2,6,458
201600017686,16,1,20,1700,1,1,3,1,3,478
201600017687,16,3,7,1330,1,1,1,1,1,210
201600017688,16,3,18,1555,1,2,1,1,6,471
201600017689,16,5,5,1315,1,1,1,1,6,326
201600017690,16,6,1,1350,1,1,1,2,3,647
201600017691,16,7,3,2315,3,1,1,1,2,504
201600017692,16,7,23,2000,1,1,1,1,6,626
201600017693,16,10,6,1415,1,1,1,1,1,326
201600017694,16,11,7,510,4,2,1,1,1,69
201600017695,16,12,3,1030,1,1,1,1,3,504
201600017696,16,12,9,1215,1,2,1,1,7,303
201600017697,16,12,15,915,1,1,1,1,1,326
201600017698,16,2,3,1900,5,2,3,1,6,431
201600017699,16,5,17,1500,1,1,1,1,7,419
201600017700,16,7,22,1900,1,1,1,1,6,697
201600017701,16,5,19,1900,1,1,1,1,7,611
201600017702,16,3,22,1640,1,1,1,1,3,730
201600017703,16,7,10,1815,1,1,1,1,7,79
201600017704,16,7,14,230,5,2,1,1,6,79
201600017705,16,8,25,530,5,1,1,1,6,138
201600017706,16,9,16,445,4,2,1,1,6,90
201600017707,16,10,4,850,1,2,6,7,6,90
201600017708,16,10,9,1230,1,2,1,1,3,90
201600017709,16,11,1,1538,1,2,3,1,2,79
201600017710,16,11,10,700,1,2,6,1,3,7
201600017711,16,11,16,1015,1,2,1,1,2,90
201600017712,16,12,3,2150,5,2,3,2,3,79
201600017713,16,12,6,1730,3,2,1,1,6,7
201600017714,16,12,9,1450,1,1,1,1,3,108
201600017715,16,12,13,2250,5,2,1,1,1,79
201600017716,16,12,21,330,5,1,1,2,6,79
201600017717,16,12,31,1725,5,2,9,1,3,79
201600017718,16,3,26,1315,1,1,1,1,6,10
201600017719,16,6,22,1915,1,1,1,1,1,68
201600017720,16,7,19,1700,1,2,1,1,3,112
201600017721,16,7,27,1545,1,2,1,1,2,112
201600017722,16,9,8,1215,1,2,1,1,1,112
201600017723,16,9,11,1100,1,1,1,1,7,10
201600017724,16,10,4,2250,3,2,1,1,6,10
201600017725,16,10,23,1520,1,2,1,2,3,105
201600017726,16,11,16,1015,1,2,1,1,6,148
201600017727,16,12,10,1400,1,1,1,1,6,68
201600017728,16,12,17,200,5,2,9,1,6,105
201600017729,16,3,26,830,1,2,1,1,6,136
201600017730,16,6,3,1645,1,1,1,3,1,163
201600017731,16,6,6,1,3,1,1,1,6,163
201600017732,16,7,29,1915,1,1,1,1,6,163
201600017733,16,9,25,1100,1,1,1,1,7,163
201600017734,16,11,10,1800,5,2,3,1,1,23
201600017735,16,11,30,835,1,2,1,1,7,163
201600017736,16,1,12,730,2,2,1,1,3,59
201600017737,16,2,3,1645,1,2,1,1,3,59
201600017738,16,6,27,1745,1,2,9,1,1,59
201600017739,16,7,31,1730,1,2,1,1,6,59
201600017740,16,8,4,1930,1,1,1,1,1,32
201600017741,16,8,16,730,1,2,1,1,2,32
201600017742,16,8,24,1200,1,1,3,1,3,59
201600017743,16,8,28,615,2,1,1,1,7,59
201600017744,16,10,15,2035,5,1,1,1,6,59
201600017745,16,10,19,827,1,1,1,1,3,59
201600017746,16,12,9,1805,3,1,1,1,6,59
201600017747,16,12,17,1319,1,2,9,7,6,32
201600017748,16,12,17,1745,5,2,4,1,6,150
201600017749,16,6,10,1630,1,1,1,1,6,101
201600017750,16,8,15,1430,1,2,1,1,2,71
201600017751,16,12,25,1859,3,1,1,1,6,16
201600017752,16,11,16,845,1,1,1,1,3,151
201600017753,16,8,13,1030,1,2,1,1,2,23
201600017754,16,9,26,1015,1,1,1,1,1,26
201600017755,16,5,8,1715,1,1,1,1,6,42
201600017756,16,4,7,1415,1,1,1,1,6,300
201600017757,16,4,3,100,3,1,1,1,6,161
201600017758,16,7,23,1515,1,1,1,1,2,71
201600017759,16,12,1,1830,5,2,1,1,2,325
201600017760,16,12,12,615,3,1,1,2,7,183
201600017761,16,3,6,2000,3,1,2,1,3,104
201600017762,16,3,12,1715,1,1,6,1,1,39
201600017763,16,3,23,1630,1,1,1,1,6,276
201600017764,16,4,5,1430,1,2,9,1,3,104
201600017765,16,5,2,1645,1,2,9,1,1,180
201600017766,16,11,27,1545,1,2,1,1,2,180
201600017767,16,12,13,1715,2,1,1,1,6,104
201600017768,16,6,24,1615,1,2,6,1,3,132
201600017769,16,8,9,715,1,1,1,1,6,322
201600017770,16,8,17,1345,1,2,1,1,1,29
201600017771,16,11,27,1700,5,2,1,1,3,138
201600017772,16,12,6,800,2,1,1,5,1,394
201600017773,16,6,10,2215,5,2,1,1,6,260
201600017774,16,11,20,430,5,2,1,1,6,325
201600017775,16,1,10,1400,1,2,1,2,1,129
201600017776,16,3,27,1745,1,1,1,1,3,40
201600017777,16,6,28,1415,1,1,1,1,7,40
201600017778,16,7,8,1400,1,1,1,1,3,40
201600017779,16,4,1,1600,1,1,1,8,6,343
201600017780,16,4,9,1900,1,1,1,1,7,463
201600017781,16,4,25,1815,1,2,2,2,1,490
201600017782,16,7,10,2030,1,1,1,1,6,200
201600017783,16,9,8,1530,1,1,1,1,6,200
201600017784,16,12,27,1545,1,1,1,4,6,435
201600017785,16,11,22,1313,1,2,2,1,3,220
201600017786,16,11,29,2255,5,2,2,1,1,220
201600017787,16,12,4,1745,5,2,3,1,3,220
201600017788,16,1,2,1750,3,2,2,2,3,79
201600017789,16,12,5,1430,1,2,1,1,7,715
201600017790,16,1,9,1900,5,2,6,2,6,220
201600017791,16,12,28,1210,1,2,3,1,3,79
201600017792,16,1,13,1455,1,2,1,1,3,715
201600017793,16,1,15,715,1,2,1,1,3,715
201600017794,16,1,27,1400,1,2,1,1,6,699
201600017795,16,1,28,1115,1,1,2,2,3,79
201600017796,16,1,29,1535,1,1,1,1,6,701
201600017797,16,1,30,1300,1,2,6,2,2,557
201600017798,16,1,31,1020,1,1,1,1,1,715
201600017799,16,1,31,1920,5,2,1,1,1,557
201600017800,16,2,13,1430,1,2,1,2,7,220
201600017801,16,2,27,1745,1,1,1,1,3,557
201600017802,16,3,6,1350,1,1,6,1,7,220
201600017803,16,3,18,1407,1,2,1,1,7,220
201600017804,16,3,27,1145,1,2,1,1,6,715
201600017805,16,3,19,1810,1,2,1,1,6,220
201600017806,16,3,10,1358,1,1,2,1,7,699
201600017807,16,4,28,1930,1,2,1,1,6,701
201600017808,16,4,15,1835,1,2,1,1,7,699
201600017809,16,4,16,1750,1,2,1,1,3,59
201600017810,16,4,10,1021,1,2,1,1,6,220
201600017811,16,5,14,1819,1,1,1,1,2,557
201600017812,16,5,14,1037,1,2,6,8,3,220
201600017813,16,5,8,1525,1,2,1,1,3,220
201600017814,16,5,25,1825,1,2,1,1,6,220
201600017815,16,5,20,1425,1,2,3,1,3,699
201600017816,16,7,19,1300,1,2,1,1,6,220
201600017817,16,6,23,1005,1,2,2,1,6,715
201600017818,16,6,19,1825,1,2,1,1,7,220
201600017819,16,6,22,1845,1,1,1,1,3,701
201600017820,16,7,24,1535,1,1,1,1,2,701
201600017821,16,7,9,1700,1,2,1,1,7,701
201600017822,16,7,11,1905,1,2,1,1,7,220
201600017823,16,7,13,855,1,2,2,2,3,220
201600017824,16,7,20,1320,1,2,1,1,7,715
201600017825,16,7,23,1640,1,2,1,1,7,220
201600017826,16,7,27,1215,1,2,1,1,6,220
201600017827,16,7,30,1740,1,2,1,1,7,220
201600017828,16,7,30,2100,1,2,2,1,3,220
201600017829,16,9,20,125,5,2,4,1,1,220
201600017830,16,9,21,1630,1,2,1,1,6,220
201600017831,16,8,17,1035,1,2,1,1,2,557
201600017832,16,9,20,2120,5,2,1,1,6,699
201600017833,16,8,24,1745,1,2,1,1,6,79
201600017834,16,8,10,1750,1,2,1,1,3,59
201600017835,16,8,20,1215,1,1,1,1,3,701
201600017836,16,8,20,1400,1,1,2,1,3,79
201600017837,16,8,23,850,1,2,1,1,7,220
201600017838,16,8,30,1130,1,2,1,1,7,715
201600017839,16,8,30,1105,1,2,1,1,7,220
201600017840,16,9,5,1755,1,2,1,1,4,79
201600017841,16,9,10,1735,1,2,1,1,2,699
201600017842,16,9,27,1905,1,1,1,1,7,701
201600017843,16,11,2,230,5,1,1,1,7,557
201600017844,16,10,1,1815,1,2,1,1,3,220
201600017845,16,10,1,1525,1,2,1,1,7,715