Num_Acc,an,mois,jour,hrmn,lum,agg,int,atm,col,com
201600017846,16,10,6,1035,1,2,1,1,7,220
201600017847,16,10,13,1410,1,1,1,1,1,715
201600017848,16,10,15,2105,3,1,1,1,7,701
201600017849,16,10,15,945,1,2,1,1,7,59
201600017850,16,10,15,1440,1,2,1,2,7,220
201600017851,16,10,17,1420,1,2,1,1,7,79
201600017852,16,10,22,1650,1,2,1,1,7,220
201600017853,16,10,29,1610,1,1,1,1,7,557
201600017854,16,6,8,1130,1,1,1,1,7,137
201600017855,16,7,15,1300,1,2,1,1,6,106
201600017856,16,7,29,1615,1,1,1,1,6,214
201600017857,16,9,21,1515,1,1,1,1,6,178
201600017858,16,5,5,1500,1,2,1,1,3,53
201600017859,16,2,24,1715,1,1,1,1,6,197
201600017860,16,8,8,1945,2,1,1,1,1,25
201600017861,16,12,20,500,3,1,1,1,7,218
201600017862,16,9,17,1800,1,1,1,1,3,20
201600017863,16,1,20,645,4,2,1,9,6,10
201600017864,16,2,6,1745,2,1,2,1,3,289
201600017865,16,12,1,1445,1,1,1,7,1,168
201600017866,16,12,31,330,3,1,1,1,7,168
201600017867,16,8,24,2200,3,1,1,1,6,125
201600017868,16,2,15,1215,1,1,1,2,6,283
201600017869,16,3,17,930,1,1,1,1,1,127
201600017870,16,7,6,1115,1,1,1,1,3,127
201600017871,16,5,31,1430,1,1,1,2,6,20
201600017872,16,6,11,2330,5,2,1,1,6,108
201600017873,16,8,17,1000,1,1,1,1,6,234
201600017874,16,11,14,930,1,2,1,1,6,108
201600017875,16,11,14,1115,1,2,2,1,6,108
201600017876,16,12,10,1830,5,2,1,1,6,108
201600017877,16,10,6,2000,3,1,1,1,1,167
201600017878,16,10,15,1220,1,1,1,1,6,69
201600017879,16,10,16,200,5,2,1,1,6,113
201600017880,16,10,18,1400,1,1,1,1,7,187
201600017881,16,10,22,835,1,1,1,1,7,113
201600017882,16,11,10,1150,1,1,1,8,3,1
201600017883,16,12,3,430,3,1,1,9,6,248
201600017884,16,2,20,1430,1,1,1,1,6,243
201600017885,16,10,5,1710,1,1,1,1,6,300
201600017886,16,1,2,2000,3,1,1,1,7,193
201600017887,16,10,22,1220,1,2,1,1,6,63
201600017888,16,3,19,1730,1,1,1,2,7,148
201600017889,16,7,23,1500,1,2,1,1,1,428
201600017890,16,8,23,2330,3,1,1,1,7,111
201600017891,16,11,6,430,3,1,1,1,7,429
201600017892,16,9,15,1530,1,1,1,8,7,488
201600017893,16,12,26,2100,3,1,1,5,7,329
201600017894,16,12,23,1215,1,1,1,5,7,387
201600017895,16,11,14,1345,1,2,4,8,5,340
201600017896,16,1,26,1145,1,1,1,1,6,393
201600017897,16,11,10,1315,1,1,1,2,1,48
201600017898,16,9,24,830,1,1,1,7,6,215
201600017899,16,1,21,2100,5,1,1,1,6,245
201600017900,16,4,12,800,1,1,2,1,3,360
201600017901,16,6,4,1300,1,1,1,8,5,245
201600017902,16,7,29,1730,1,2,5,1,2,245
201600017903,16,7,10,1800,1,1,1,1,7,477
201600017904,16,12,28,1400,1,2,1,1,2,246
201600017905,16,1,12,900,1,1,1,4,4,64
201600017906,16,1,15,1300,1,1,1,1,5,232
201600017907,16,5,25,1400,1,1,1,1,6,38
201600017908,16,7,23,1915,1,1,1,1,6,89
201600017909,16,10,27,800,3,1,1,1,5,64
201600017910,16,11,6,1315,1,1,1,4,6,302
201600017911,16,11,17,730,2,1,1,1,5,109
201600017912,16,11,21,1445,1,1,1,1,1,224
201600017913,16,12,19,1300,1,2,1,1,6,97
201600017914,16,1,20,1800,3,1,1,1,5,72
201600017915,16,1,27,1815,3,1,1,1,1,72
201600017916,16,7,10,815,1,2,1,7,6,350
201600017917,16,8,4,715,1,1,2,1,3,426
201600017918,16,9,30,2015,1,1,6,1,7,72
201600017919,16,12,10,950,1,1,1,1,1,184
201600017920,16,12,19,1415,1,1,1,2,7,426
201600017921,16,1,8,1915,3,1,1,2,1,266
201600017922,16,5,14,1145,1,1,1,2,5,108
201600017923,16,6,4,130,5,2,1,2,6,323
201600017924,16,6,12,330,3,1,1,1,6,102
201600017925,16,6,24,1630,1,2,7,1,6,108
201600017926,16,8,26,845,1,1,2,1,3,352
201600017927,16,11,6,500,3,1,1,1,3,236
201600017928,16,11,30,1615,1,1,1,1,1,163
201600017929,16,3,17,1200,1,2,1,1,3,159
201600017930,16,6,20,1700,1,1,1,1,6,332
201600017931,16,12,14,1600,1,2,1,1,1,343
201600017932,16,12,16,1630,1,1,1,1,2,320
201600017933,16,12,27,51,5,2,1,2,3,144
201600017934,16,1,19,815,1,1,1,8,1,216
201600017935,16,4,17,1115,1,1,1,3,1,182
201600017936,16,7,8,2115,1,2,1,7,6,34
201600017937,16,3,7,815,1,2,1,7,3,452
201600017938,16,4,27,615,2,1,1,1,6,329
201600017939,16,8,23,1145,1,1,1,1,3,10
201600017940,16,10,4,1500,1,1,1,1,5,138
201600017941,16,1,8,1530,1,1,1,8,1,35
201600017942,16,2,25,2045,5,1,6,1,6,31
201600017943,16,6,18,515,2,1,1,1,1,214
201600017944,16,9,11,45,5,2,1,1,1,152
201600017945,16,10,2,1515,1,2,1,1,1,269
201600017946,16,12,16,2230,3,1,1,1,1,240
201600017947,16,7,2,1,5,2,6,1,7,314
201600017948,16,12,21,1800,3,2,1,2,6,273
201600017949,16,12,19,1530,1,2,1,1,6,374
201600017950,16,3,17,1915,2,1,1,1,3,348
201600017951,16,3,19,1430,1,1,2,1,3,83
201600017952,16,6,6,1500,1,2,1,1,4,420
201600017953,16,12,16,745,2,1,1,8,2,446
201600017954,16,7,11,1145,1,1,1,7,5,14
201600017955,16,8,27,1515,1,1,1,1,1,94
201600017956,16,8,29,1345,1,1,1,1,2,175
201600017957,16,1,23,1100,1,1,9,1,1,181
201600017958,16,1,26,1615,1,1,1,1,6,172
201600017959,16,8,23,2315,3,1,1,1,7,120
201600017960,16,9,18,1645,1,2,6,1,2,120
201600017961,16,10,21,1530,1,1,1,8,3,120
201600017962,16,12,31,1500,1,1,1,9,1,162
201600017963,16,6,2,1315,1,1,1,2,6,92
201600017964,16,9,3,1915,1,1,1,1,5,8
201600017965,16,12,15,1630,5,1,6,1,3,187
201600017966,16,8,24,1300,1,1,1,1,7,192
201600017967,16,8,29,1430,1,1,1,1,5,99
201600017968,16,10,28,1215,1,1,1,1,3,247
201600017969,16,1,26,900,3,1,1,1,6,264
201600017970,16,5,21,2315,3,2,1,1,1,80
201600017971,16,12,15,630,3,1,1,1,1,236
201600017972,16,12,22,1730,5,2,6,2,3,60
201600017973,16,6,5,1945,1,2,1,1,7,118
201600017974,16,1,18,430,3,2,1,1,6,53
201600017975,16,5,22,1545,1,2,1,3,6,149
201600017976,16,10,27,2000,5,1,2,1,3,254
201600017977,16,6,10,1430,1,2,1,1,6,89
201600017978,16,3,30,500,3,1,1,1,6,72
201600017979,16,6,3,1215,1,1,1,1,3,72
201600017980,16,6,19,130,4,1,1,1,6,46
201600017981,16,6,20,1815,1,1,1,1,6,107
201600017982,16,7,26,2045,2,1,1,1,7,148
201600017983,16,8,15,1030,1,1,1,1,1,17
201600017984,16,8,25,1130,1,1,1,1,3,17
201600017985,16,9,10,2015,2,1,1,1,6,148
201600017986,16,9,12,1545,1,1,1,1,3,72
201600017987,16,9,15,1200,1,1,1,1,7,79
201600017988,16,10,28,1445,1,1,1,1,1,30
201600017989,16,11,12,1745,2,1,1,1,1,107
201600017990,16,12,11,1700,2,1,1,1,1,148
201600017991,16,12,18,1915,3,1,1,1,1,123
201600017992,16,12,23,1000,1,1,1,1,1,41
201600017993,16,2,3,1845,3,1,1,2,6,128
201600017994,16,7,20,630,2,1,1,1,1,238
201600017995,16,1,14,1745,3,1,2,2,3,461
201600017996,16,3,10,845,1,2,1,1,4,680
201600017997,16,5,17,1715,1,2,1,1,3,173
201600017998,16,10,3,945,1,1,6,1,3,820
201600017999,16,5,25,1500,1,2,1,1,1,52
201600018000,16,10,19,1915,5,2,1,1,3,292
201600018001,16,10,22,1700,1,1,1,1,6,228
201600018002,16,4,28,30,3,1,1,2,7,121
201600018003,16,6,18,1415,1,1,1,1,1,356
201600018004,16,5,11,1745,1,1,2,3,3,330
201600018005,16,7,4,1530,1,1,1,1,7,359
201600018006,16,12,24,1715,2,2,1,1,6,334
201600018007,16,1,28,1215,1,2,2,1,6,361
201600018008,16,4,25,1845,1,1,1,8,1,783
201600018009,16,10,15,1815,1,2,1,1,6,306
201600018010,16,1,2,1000,1,1,1,1,7,770
201600018011,16,1,2,1530,1,1,2,1,3,643
201600018012,16,6,18,1800,1,2,1,1,6,226
201600018013,16,6,26,1330,1,1,1,1,6,598
201600018014,16,10,13,1930,2,2,9,1,6,245
201600018015,16,3,15,1315,1,2,4,1,3,210
201600018016,16,11,3,930,1,2,1,1,7,174
201600018017,16,1,1,1000,1,1,1,1,1,232
201600018018,16,1,31,1900,3,1,1,2,7,810
201600018019,16,2,21,1800,3,1,1,1,3,307
201600018020,16,3,31,1845,1,2,1,2,6,368
201600018021,16,6,13,215,3,1,1,3,6,506
201600018022,16,8,5,1845,1,1,1,1,5,810
201600018023,16,9,14,815,1,1,2,7,3,744
201600018024,16,9,16,1500,1,1,3,1,3,258
201600018025,16,12,27,1600,1,1,1,1,1,810
201600018026,16,9,5,1800,1,2,3,1,1,69
201600018027,16,10,22,1430,1,2,1,1,6,826
201600018028,16,11,5,1900,3,1,1,2,7,109
201600018029,16,5,8,45,2,1,1,1,1,684
201600018030,16,7,15,2300,3,1,1,1,6,684
201600018031,16,1,28,1215,1,1,3,1,1,379
201600018032,16,5,10,945,1,1,2,1,3,419
201600018033,16,8,20,1315,1,1,1,7,1,135
201600018034,16,9,5,1730,1,2,1,1,3,324
201600018035,16,11,6,100,3,1,1,2,6,558
201600018036,16,3,27,1845,1,1,1,1,6,36
201600018037,16,5,18,1830,1,1,1,2,1,45
201600018038,16,6,4,600,1,1,1,1,7,83
201600018039,16,8,1,2145,3,1,1,1,7,45
201600018040,16,8,4,1345,1,1,1,1,3,83
201600018041,16,8,18,200,3,1,1,1,7,36
201600018042,16,9,13,1715,1,2,1,1,1,83
201600018043,16,12,17,830,1,1,1,5,1,45
201600018044,16,12,26,1500,1,1,1,1,1,36
201600018045,16,10,29,1215,1,1,1,1,7,128
201600018046,16,6,24,1000,1,2,1,1,1,44
201600018047,16,6,25,1115,1,1,1,1,1,305
201600018048,16,7,16,1815,1,1,1,1,5,118
201600018049,16,11,11,1215,1,1,1,2,3,257
201600018050,16,1,10,115,3,2,3,8,6,541
201600018051,16,3,1,1900,5,1,2,1,3,297
201600018052,16,6,22,1430,1,2,1,1,6,126
201600018053,16,7,27,1015,1,1,4,1,3,249
201600018054,16,9,8,945,1,1,1,1,1,140
201600018055,16,10,18,2330,5,2,2,1,3,229
201600018056,16,12,13,1815,5,2,1,1,2,249
201600018057,16,12,6,2330,5,2,1,1,6,538
201600018058,16,2,29,1830,5,1,1,3,3,75
201600018059,16,7,25,1230,1,1,1,1,1,314
201600018060,16,1,11,1845,3,1,3,1,3,416
201600018061,16,9,17,1830,1,1,1,2,6,333
201600018062,16,4,7,945,1,1,1,1,6,347
201600018063,16,1,15,1030,1,1,1,1,6,324
201600018064,16,1,27,800,1,2,1,1,6,34
201600018065,16,1,28,1800,4,2,1,1,6,130
201600018066,16,2,12,1300,1,1,1,1,5,130
201600018067,16,2,12,1415,1,1,1,2,3,198
201600018068,16,5,6,1600,1,2,1,1,6,130
201600018069,16,5,15,645,1,1,1,1,6,267
201600018070,16,5,15,1845,1,1,2,1,3,130
201600018071,16,9,6,1045,1,2,1,1,2,34
201600018072,16,10,15,845,1,1,2,7,3,130
201600018073,16,10,18,600,3,1,1,2,1,134
201600018074,16,10,31,1615,1,1,1,1,4,473
201600018075,16,3,22,1745,1,2,2,1,3,15
201600018076,16,6,22,645,1,1,1,1,1,189
201600018077,16,6,23,745,1,1,1,1,1,184
201600018078,16,4,29,1740,1,1,1,1,3,490
201600018079,16,10,14,755,1,2,1,2,6,230
201600018080,16,10,23,230,5,2,3,1,2,182
201600018081,16,10,28,2250,5,2,4,8,3,205
201600018082,16,12,14,2310,5,2,1,1,6,136
201600018083,16,1,28,1345,1,1,2,1,1,583
201600018084,16,4,28,100,3,1,1,1,6,563
201600018085,16,10,7,830,1,1,2,1,3,563
201600018086,16,10,10,900,1,1,3,1,6,79
201600018087,16,10,27,1030,1,1,1,5,3,311
201600018088,16,10,29,715,1,1,1,5,1,79
201600018089,16,11,10,2125,3,1,3,2,5,202
201600018090,16,11,24,2000,5,2,1,5,3,79
201600018091,16,12,16,1110,1,1,1,1,6,79
201600018092,16,12,31,1310,1,2,1,8,3,66
201600018093,16,5,12,1600,1,2,3,1,1,561
201600018094,16,7,8,1750,1,1,1,1,3,117
201600018095,16,11,4,220,3,1,1,5,2,94
201600018096,16,11,21,1825,3,2,1,3,6,561
201600018097,16,1,1,445,3,1,1,5,5,403
201600018098,16,1,13,1400,1,1,2,1,1,356
201600018099,16,4,30,730,2,2,1,2,6,232
201600018100,16,7,27,1430,1,1,1,1,1,232
201600018101,16,7,30,245,5,2,1,1,6,232
201600018102,16,10,18,820,1,1,3,1,3,160
201600018103,16,10,21,645,3,1,1,1,1,98
201600018104,16,11,28,2330,3,1,1,9,2,89
201600018105,16,10,29,415,3,1,6,5,7,574
201600018106,16,10,30,1244,1,2,8,7,6,33
201600018107,16,11,9,1540,1,2,1,2,6,33
201600018108,16,12,21,1555,1,1,1,1,5,33
201600018109,16,12,31,1810,3,1,1,5,6,33
201600018110,16,5,24,1810,1,2,1,1,1,455
201600018111,16,10,1,845,1,2,1,1,6,107
201600018112,16,10,16,1150,1,1,1,1,6,334
201600018113,16,10,18,1530,1,1,1,1,6,279
201600018114,16,10,29,2125,3,1,1,1,6,107
201600018115,16,11,2,1800,3,2,1,1,7,399
201600018116,16,11,5,1650,2,2,1,2,1,320
201600018117,16,11,6,1555,1,1,4,1,7,361
201600018118,16,11,22,1810,5,2,6,2,3,107
201600018119,16,11,30,1155,1,2,1,1,6,107
201600018120,16,11,25,1745,3,1,3,1,7,303
201600018121,16,12,8,1720,2,2,1,1,6,365
201600018122,16,12,15,930,1,1,1,2,6,219
201600018123,16,1,5,1915,3,1,1,8,6,193
201600018124,16,2,6,1315,1,1,3,6,6,292
201600018125,16,12,18,1530,1,1,1,1,6,324
201600018126,16,5,17,2015,1,1,1,1,1,188
201600018127,16,11,13,100,3,1,1,2,6,187
201600018128,16,11,17,720,3,2,1,1,6,424
201600018129,16,12,1,1705,1,1,3,1,3,481
201600018130,16,10,23,1710,1,2,1,1,3,426
201600018131,16,11,24,1345,1,2,5,7,3,42
201600018132,16,8,5,1300,1,1,2,1,3,468
201600018133,16,9,9,2130,3,1,9,2,7,80
201600018134,16,10,8,315,3,1,1,1,7,239
201600018135,16,12,29,2220,3,1,1,5,6,276
201600018136,16,10,28,1435,1,1,3,1,3,372
201600018137,16,7,9,2015,2,1,3,7,3,210
201600018138,16,12,2,510,5,1,2,1,1,582
201600018139,16,12,6,1500,1,1,3,1,3,210
201600018140,16,12,12,1905,5,2,3,1,6,582
201600018141,16,12,28,1545,1,1,1,1,1,37
201600018142,16,4,23,430,3,1,1,1,6,534
201600018143,16,11,4,830,1,1,1,1,1,570
201600018144,16,3,18,1545,1,1,1,1,7,173
201600018145,16,2,15,1115,1,1,3,1,3,284
201600018146,16,9,9,1600,1,1,1,1,3,165
201600018147,16,1,24,1845,5,1,3,2,3,160
201600018148,16,2,11,745,2,2,6,4,1,93
201600018149,16,2,23,745,2,1,1,8,7,100
201600018150,16,5,1,1245,1,1,1,1,3,195
201600018151,16,9,6,1315,1,1,3,1,3,95
201600018152,16,10,7,1700,1,2,1,1,6,117
201600018153,16,10,15,2230,3,1,1,8,6,160
201600018154,16,10,31,1515,1,1,1,1,3,290
201600018155,16,11,13,2045,5,1,1,1,1,160
201600018156,16,5,22,2330,4,2,1,1,6,149
201600018157,16,8,7,915,1,1,1,1,1,26
201600018158,16,12,6,1800,5,2,1,1,6,26
201600018159,16,5,30,1700,1,1,1,1,1,54
201600018160,16,9,15,945,1,1,1,1,7,162
201600018161,16,10,15,2015,3,1,1,1,6,125
201600018162,16,12,4,530,3,1,1,1,6,249
201600018163,16,10,17,800,3,1,1,8,6,199
201600018164,16,4,1,1415,1,1,1,1,1,210
201600018165,16,5,15,830,1,1,1,1,1,111
201600018166,16,7,13,1745,1,1,1,1,2,79
201600018167,16,8,22,1715,1,1,1,1,3,239
201600018168,16,10,10,1815,1,1,1,1,3,111
201600018169,16,1,21,1515,1,2,1,2,6,236
201600018170,16,7,6,1030,1,2,1,1,1,274
201600018171,16,10,22,130,3,1,1,5,6,117
201600018172,16,10,21,1545,1,2,1,1,6,184
201600018173,16,11,24,900,1,2,1,1,6,27
201600018174,16,12,11,1915,3,1,1,2,1,27
201600018175,16,6,11,715,1,1,1,2,6,133
201600018176,16,7,5,1215,1,1,1,1,6,331
201600018177,16,9,5,1745,1,1,2,1,3,211
201600018178,16,9,16,1845,1,2,1,1,6,188
201600018179,16,10,2,1600,1,1,3,1,1,211
201600018180,16,10,27,2045,4,1,3,1,1,65
201600018181,16,4,28,815,1,1,1,1,1,62
201600018182,16,10,16,1315,1,1,4,1,2,214
201600018183,16,12,4,920,2,1,1,1,7,71
201600018184,16,9,2,815,1,2,1,1,6,12
201600018185,16,9,3,1830,1,2,1,1,1,218
201600018186,16,10,12,215,3,1,1,1,7,106
201600018187,16,10,13,1340,1,1,2,1,1,106
201600018188,16,11,28,1710,2,1,1,1,1,12
201600018189,16,12,13,1830,3,1,3,1,2,54
201600018190,16,1,15,2300,3,1,1,1,6,179
201600018191,16,6,9,1830,1,1,3,1,3,299
201600018192,16,6,14,1415,1,1,1,1,6,284
201600018193,16,7,8,2015,1,1,3,1,3,263
201600018194,16,8,28,800,1,1,1,1,1,299
201600018195,16,8,28,1545,1,1,1,1,7,299
201600018196,16,10,18,2200,3,1,1,2,6,306
201600018197,16,10,27,1745,1,1,2,1,3,284
201600018198,16,11,23,745,4,1,2,5,6,299
201600018199,16,12,13,1820,5,2,7,1,6,179
201600018200,16,2,7,700,3,1,1,2,6,329
201600018201,16,3,24,1830,1,1,9,8,1,259
201600018202,16,4,6,1030,1,1,2,1,3,9
201600018203,16,4,29,1930,1,1,1,2,6,10
201600018204,16,5,1,1300,1,1,1,1,2,361
201600018205,16,5,3,1700,1,1,1,1,6,95
201600018206,16,5,15,2030,1,2,1,1,5,95
201600018207,16,7,9,1045,1,1,1,1,1,329
201600018208,16,7,24,1830,1,1,1,1,5,339
201600018209,16,8,2,1115,1,1,3,1,3,78
201600018210,16,8,13,1730,1,1,1,1,1,10
201600018211,16,10,6,700,2,1,1,1,6,34
201600018212,16,10,15,1450,1,1,1,1,5,222
201600018213,16,11,6,530,3,1,1,3,6,78
201600018214,16,11,18,1415,1,1,3,1,3,10
201600018215,16,12,2,1150,1,1,2,1,3,246
201600018216,16,12,3,2005,5,2,1,1,6,104
201600018217,16,12,4,1830,5,2,1,1,3,10
201600018218,16,12,6,1710,1,1,3,1,3,78
201600018219,16,12,29,1950,3,1,1,1,7,95
201600018220,16,10,15,1200,1,2,3,1,3,97
201600018221,16,11,18,1613,1,2,1,7,6,360
201600018222,16,12,2,800,3,1,1,8,1,61
201600018223,16,12,11,1720,2,1,1,5,1,87
201600018224,16,12,17,1330,1,1,1,5,7,97
201600018225,16,12,26,2145,3,1,1,1,7,194
201600018226,16,1,5,1100,1,1,1,1,1,96
201600018227,16,7,23,1745,1,1,1,1,7,39
201600018228,16,8,30,1315,1,2,2,1,3,209
201600018229,16,10,9,215,3,1,1,1,7,68
201600018230,16,12,21,2000,3,1,1,2,7,327
201600018231,16,12,23,750,2,1,1,5,5,207
201600018232,16,2,12,1245,1,2,1,1,6,194
201600018233,16,10,18,1845,1,1,1,1,3,158
201600018234,16,5,20,1145,1,1,2,2,3,180
201600018235,16,10,13,1215,1,2,1,1,3,3
201600018236,16,10,15,1200,1,1,1,9,6,163
201600018237,16,10,2,1800,1,1,1,1,2,107
201600018238,16,10,11,1350,1,1,1,1,6,77
201600018239,16,2,19,1700,1,1,1,1,5,58
201600018240,16,5,3,1015,1,1,2,1,3,36
201600018241,16,6,3,900,1,1,1,1,2,36
201600018242,16,7,4,1915,1,1,1,1,1,112
201600018243,16,11,24,1700,4,2,6,1,3,36
201600018244,16,12,3,1530,1,2,1,1,6,15
201600018245,16,12,7,1855,3,1,1,1,5,23
201600018246,16,12,10,910,1,1,4,5,5,15
201600018247,16,12,12,1130,1,1,2,1,3,7
201600018248,16,12,18,715,3,1,1,5,6,44
201600018249,16,12,19,1650,1,1,2,8,3,128
201600018250,16,5,4,1800,1,1,3,1,2,164
201600018251,16,7,24,1915,1,1,1,1,3,106
201600018252,16,9,8,1900,1,1,2,1,1,164
201600018253,16,10,2,600,3,1,1,1,6,131
201600018254,16,10,18,1420,1,2,9,1,3,87
201600018255,16,10,24,1800,1,1,1,1,3,87
201600018256,16,10,28,1615,1,2,1,7,6,182
201600018257,16,11,26,1545,1,1,1,1,1,154
201600018258,16,10,26,740,3,1,5,5,3,127
201600018259,16,10,29,1640,1,2,6,7,3,43
201600018260,16,10,31,1245,1,1,1,7,2,14
201600018261,16,11,15,1910,3,1,1,8,3,22
201600018262,16,12,4,400,5,2,1,1,6,43
201600018263,16,10,13,1755,1,1,1,1,1,84
201600018264,16,10,29,15,3,1,1,1,1,212
201600018265,16,12,6,1645,1,2,3,1,1,29
201600018266,16,7,7,1900,1,1,1,1,4,130
201600018267,16,8,9,1315,1,1,1,1,6,18
201600018268,16,10,15,1120,1,1,2,2,3,18
201600018269,16,10,17,1730,1,2,3,1,3,120
201600018270,16,11,6,1545,1,1,1,1,5,171
201600018271,16,12,3,1650,1,1,1,7,2,120
201600018272,16,12,5,825,1,1,1,1,6,130
201600018273,16,10,16,1615,1,1,1,2,6,188
201600018274,16,11,12,1615,1,1,1,2,7,188
201600018275,16,10,12,1610,1,2,1,1,6,30
201600018276,16,10,22,1130,1,1,3,1,2,69
201600018277,16,10,22,1525,1,1,1,1,3,151
201600018278,16,10,25,1545,1,2,1,1,6,69
201600018279,16,11,5,1130,1,2,1,1,3,69
201600018280,16,11,28,745,2,2,1,1,6,30
201600018281,16,12,13,1605,1,1,1,1,6,69
201600018282,16,12,15,1040,1,2,1,1,6,49
201600018283,16,12,17,535,2,1,1,5,5,72
201600018284,16,12,27,1700,2,2,1,1,6,97
201600018285,16,11,24,430,3,1,1,2,6,68
201600018286,16,12,30,2035,3,1,1,5,7,196
201600018287,16,10,19,1700,1,2,1,1,3,186
201600018288,16,4,16,1815,1,1,1,1,7,262
201600018289,16,6,2,1530,1,1,1,2,1,222
201600018290,16,6,24,1500,1,1,1,1,3,432
201600018291,16,4,30,1400,1,2,1,2,6,632
201600018292,16,12,7,730,3,2,1,1,3,190
201600018293,16,5,8,2230,3,1,1,1,1,61
201600018294,16,5,20,1700,1,1,1,1,1,485
201600018295,16,11,20,1145,1,2,1,1,1,82
201600018296,16,7,9,1615,1,1,1,1,3,254
201600018297,16,8,19,2115,3,1,1,1,6,75
201600018298,16,4,22,1730,1,1,1,2,1,592
201600018299,16,5,31,1700,1,1,1,1,3,315
201600018300,16,7,7,1100,1,1,4,1,1,79
201600018301,16,7,25,1530,1,1,1,1,7,89
201600018302,16,3,15,2130,3,1,1,1,7,390
201600018303,16,12,3,1700,2,1,1,1,7,66
201600018304,16,8,25,1900,1,1,1,1,7,69
201600018305,16,9,9,1245,1,1,3,7,3,363
201600018306,16,11,17,1745,3,1,1,1,1,148
201600018307,16,10,3,715,1,2,1,1,1,576
201600018308,16,10,28,1430,1,1,1,1,3,475
201600018309,16,12,14,1145,1,1,2,5,3,320
201600018310,16,1,1,345,3,1,1,1,7,13
201600018311,16,2,1,1200,1,2,6,1,3,434
201600018312,16,3,27,1415,1,1,3,1,1,54
201600018313,16,6,30,1815,1,1,3,1,3,19
201600018314,16,8,8,2030,2,1,2,1,3,49
201600018315,16,9,21,2230,3,1,1,1,6,13
201600018316,16,9,25,1630,1,1,3,1,3,13
201600018317,16,4,7,1815,1,1,3,1,2,365
201600018318,16,10,22,2345,3,1,1,1,1,577
201600018319,16,11,12,1545,1,1,2,1,3,305
201600018320,16,7,26,845,1,2,2,7,3,396
201600018321,16,8,1,2130,2,2,1,1,6,402
201600018322,16,9,11,1745,1,1,1,1,3,235
201600018323,16,11,27,545,3,1,1,5,6,400
201600018324,16,12,19,1,3,2,1,1,6,396
201600018325,16,4,18,1830,2,1,1,1,7,478
201600018326,16,7,6,1200,1,1,1,1,1,339
201600018327,16,9,18,730,2,1,1,3,6,275
201600018328,16,11,23,1245,1,1,1,1,7,453
201600018329,16,12,19,1315,1,1,1,8,6,269
201600018330,16,11,14,800,1,2,1,1,6,367
201600018331,16,1,2,1230,1,1,1,3,1,251
201600018332,16,1,9,1330,1,1,1,1,6,251
201600018333,16,1,19,800,3,1,1,2,7,222
201600018334,16,1,26,2215,5,2,1,6,6,7
201600018335,16,2,24,1715,1,1,1,1,1,55
201600018336,16,7,9,2015,1,1,1,1,3,222
201600018337,16,10,13,1445,1,1,1,1,6,236
201600018338,16,11,15,945,3,1,2,1,3,55
201600018339,16,2,20,400,3,1,1,2,6,122
201600018340,16,3,20,1700,1,1,1,1,4,292
201600018341,16,7,10,2200,2,1,2,1,3,62
201600018342,16,7,22,2045,1,1,1,1,6,83
201600018343,16,8,3,115,4,2,1,1,6,333
201600018344,16,10,1,2300,3,1,2,1,1,147
201600018345,16,10,29,1015,1,1,1,1,6,241
201600018346,16,11,11,1645,1,1,1,1,1,147
201600018347,16,12,23,1700,2,1,1,2,6,133
201600018348,16,3,12,1245,1,1,3,1,3,296
201600018349,16,4,14,2230,4,2,1,1,6,281
201600018350,16,5,20,1115,1,1,1,1,1,79
201600018351,16,6,5,1800,1,1,1,1,1,203
201600018352,16,6,16,2100,1,1,1,1,7,219
201600018353,16,9,7,1000,1,1,1,1,7,219
201600018354,16,10,10,815,2,2,1,5,6,79
201600018355,16,10,29,1745,1,1,1,1,3,258
201600018356,16,11,30,1115,1,1,1,1,6,79
201600018357,16,12,9,2245,5,2,1,1,6,15
201600018358,16,2,4,2100,3,1,1,1,7,91
201600018359,16,8,3,1500,1,2,1,1,6,250
201600018360,16,9,24,1515,1,2,1,1,7,4
201600018361,16,9,29,700,2,1,1,1,7,256
201600018362,16,1,25,2330,3,1,1,5,1,249
201600018363,16,1,31,830,3,1,6,2,6,298
201600018364,16,8,22,1700,1,1,1,1,7,298
201600018365,16,1,2,945,1,1,1,3,6,29
201600018366,16,3,2,945,1,1,2,6,3,163
201600018367,16,6,7,1645,1,2,1,1,6,266
201600018368,16,7,3,2030,1,2,1,1,2,331
201600018369,16,9,23,1930,1,1,1,1,6,115
201600018370,16,9,28,900,1,1,9,1,3,331
201600018371,16,11,30,100,3,1,1,1,7,220
201600018372,16,12,23,1530,1,1,3,2,4,87
201600018373,16,1,5,1400,1,1,1,3,6,224
201600018374,16,1,8,1245,1,1,2,1,3,207
201600018375,16,2,16,1345,1,1,1,1,1,131
201600018376,16,3,9,1330,1,1,1,6,1,228
201600018377,16,6,4,830,2,1,1,1,6,265
201600018378,16,6,25,1500,1,1,3,1,3,359
201600018379,16,9,18,1100,1,1,1,1,1,211
201600018380,16,9,30,930,1,1,1,1,1,350