Num_Acc,an,mois,jour,hrmn,lum,agg,int,atm,col,com
201600018381,16,10,5,1715,1,2,1,1,1,245
201600018382,16,10,14,1500,1,2,7,1,3,194
201600018383,16,11,11,1815,3,1,1,1,3,131
201600018384,16,11,22,1130,1,2,1,2,6,194
201600018385,16,12,11,1115,1,2,1,1,6,194
201600018386,16,12,10,1745,3,1,1,1,6,207
201600018387,16,1,8,2245,3,1,1,1,1,41
201600018388,16,2,17,1530,1,2,1,3,6,221
201600018389,16,3,27,1200,1,1,1,2,5,347
201600018390,16,4,28,1715,1,1,1,1,2,347
201600018391,16,7,11,1045,1,2,3,1,6,166
201600018392,16,9,15,815,1,1,1,3,6,196
201600018393,16,9,19,1930,1,1,6,8,6,152
201600018394,16,9,30,2215,3,2,6,5,6,152
201600018395,16,12,6,1730,2,1,2,1,3,264
201600018396,16,12,22,1200,1,1,1,1,3,127
201600018397,16,12,27,1200,1,2,7,1,6,362
201600018398,16,5,30,1345,1,1,2,1,1,374
201600018399,16,8,23,1800,1,1,1,7,2,237
201600018400,16,8,26,1815,1,1,1,1,1,338
201600018401,16,8,27,930,5,2,3,1,2,338
201600018402,16,12,2,1645,3,1,1,1,1,365
201600018403,16,1,17,1315,1,1,1,1,6,62
201600018404,16,10,19,900,1,2,1,2,7,139
201600018405,16,9,22,930,1,2,1,1,1,31
201600018406,16,9,25,1845,1,1,1,1,6,31
201600018407,16,10,23,100,5,2,1,1,6,299
201600018408,16,10,30,230,3,1,1,1,6,347
201600018409,16,1,7,930,1,1,3,2,3,195
201600018410,16,1,19,1630,2,2,1,4,2,384
201600018411,16,2,14,1915,5,1,1,2,7,129
201600018412,16,6,27,1715,1,1,1,1,7,101
201600018413,16,7,5,945,1,1,1,1,1,384
201600018414,16,12,22,515,3,1,1,5,7,195
201600018415,16,4,8,1745,1,2,1,1,1,182
201600018416,16,9,19,600,3,1,1,1,6,135
201600018417,16,10,22,1800,1,2,1,1,1,286
201600018418,16,11,6,1645,1,1,4,1,1,264
201600018419,16,12,24,1720,5,2,1,1,2,42
201600018420,16,6,28,1235,1,2,1,1,3,258
201600018421,16,3,25,1715,1,1,1,8,6,308
201600018422,16,7,7,830,1,2,1,1,6,304
201600018423,16,11,21,1615,2,1,1,2,6,60
201600018424,16,2,18,645,2,2,1,1,3,119
201600018425,16,3,11,1445,1,1,1,9,6,96
201600018426,16,5,17,1515,1,1,1,1,6,96
201600018427,16,5,18,1645,1,1,1,1,3,84
201600018428,16,1,30,1915,3,1,1,1,6,326
201600018429,16,12,6,1515,1,2,1,7,6,142
201600018430,16,12,20,1015,1,2,1,2,6,306
201600018431,16,1,10,1000,1,1,1,1,6,13
201600018432,16,1,22,1845,3,1,1,2,6,79
201600018433,16,2,25,1145,1,1,1,1,6,51
201600018434,16,3,2,2315,3,1,1,2,6,194
201600018435,16,5,12,1900,1,1,1,1,5,51
201600018436,16,6,24,1615,1,2,1,1,1,222
201600018437,16,7,6,930,1,2,1,1,6,79
201600018438,16,7,18,2000,2,2,1,1,6,79
201600018439,16,7,26,2145,5,2,1,1,6,47
201600018440,16,7,26,945,1,2,1,1,2,281
201600018441,16,10,22,300,3,1,1,1,2,79
201600018442,16,11,4,2230,3,1,2,2,3,13
201600018443,16,12,6,2215,3,1,1,1,7,79
201600018444,16,2,8,730,2,2,1,1,1,239
201600018445,16,2,9,1900,4,2,2,1,6,14
201600018446,16,2,10,1410,1,1,1,3,3,12
201600018447,16,4,7,1725,1,1,3,1,3,12
201600018448,16,12,7,1900,5,2,2,1,3,14
201600018449,16,7,26,1100,1,2,1,1,6,14
201600018450,16,12,28,1355,1,2,3,7,6,14
201600018451,16,7,31,345,5,2,1,1,6,14
201600018452,16,10,4,1845,1,2,1,1,6,14
201600018453,16,10,2,1850,1,2,1,1,7,14
201600018454,16,10,25,750,5,2,1,3,6,14
201600018455,16,10,1,1500,1,2,3,1,3,14
201600018456,16,11,22,1809,5,2,1,3,6,14
201600018457,16,11,24,740,4,2,1,2,6,14
201600018458,16,11,7,2000,5,2,1,1,6,14
201600018459,16,2,8,1445,1,2,1,1,6,31
201600018460,16,4,6,1745,1,2,1,1,3,2
201600018461,16,5,8,1615,1,1,1,2,1,182
201600018462,16,5,31,2145,3,1,1,2,1,17
201600018463,16,8,12,1600,1,1,1,1,6,178
201600018464,16,10,4,830,1,1,1,1,3,209
201600018465,16,11,6,1315,1,1,1,1,6,178
201600018466,16,11,6,1800,2,1,1,1,1,235
201600018467,16,1,13,745,2,1,1,1,3,116
201600018468,16,3,25,2215,3,1,1,2,6,139
201600018469,16,7,17,1900,1,2,1,7,2,244
201600018470,16,7,26,1830,1,1,1,1,7,116
201600018471,16,8,26,1830,1,1,1,1,7,116
201600018472,16,8,26,2240,3,1,9,1,7,139
201600018473,16,11,10,1915,3,1,1,8,7,188
201600018474,16,11,23,1815,3,1,1,2,7,113
201600018475,16,7,23,830,1,1,2,1,3,53
201600018476,16,7,29,745,1,1,1,2,1,30
201600018477,16,6,5,1715,1,1,1,1,1,170
201600018478,16,9,16,1645,1,2,6,1,3,189
201600018479,16,12,10,1600,1,1,1,1,1,45
201600018480,16,5,4,1345,1,1,1,1,5,43
201600018481,16,6,10,2200,4,1,1,3,2,97
201600018482,16,7,1,1945,1,1,1,1,7,38
201600018483,16,7,1,1545,1,1,4,1,3,280
201600018484,16,7,5,1815,1,1,1,1,7,122
201600018485,16,7,10,1900,1,1,1,1,3,97
201600018486,16,7,18,1530,1,2,1,1,3,280
201600018487,16,9,20,745,1,1,1,5,3,185
201600018488,16,10,1,1600,1,1,1,1,6,122
201600018489,16,10,28,2345,5,2,3,1,3,135
201600018490,16,11,12,1900,5,2,1,3,3,242
201600018491,16,12,12,1145,1,1,1,1,6,185
201600018492,16,1,31,1830,5,2,1,1,1,170
201600018493,16,3,6,1215,1,1,2,1,3,198
201600018494,16,4,1,1615,1,1,1,1,3,80
201600018495,16,3,3,915,1,2,1,1,6,198
201600018496,16,4,27,2030,1,2,1,1,6,239
201600018497,16,5,3,2015,1,1,1,1,7,166
201600018498,16,5,28,545,2,1,2,1,3,257
201600018499,16,6,18,30,3,1,1,1,6,82
201600018500,16,6,25,1800,1,1,1,1,5,59
201600018501,16,6,28,230,3,1,1,2,6,180
201600018502,16,6,30,1800,1,1,1,7,1,126
201600018503,16,7,9,915,1,2,1,1,7,151
201600018504,16,8,13,2315,3,1,1,1,6,92
201600018505,16,8,23,1200,1,2,1,1,6,59
201600018506,16,9,19,800,2,2,1,1,2,59
201600018507,16,10,4,945,5,2,2,1,3,51
201600018508,16,10,9,1000,1,2,1,1,6,198
201600018509,16,10,27,745,2,2,1,5,2,198
201600018510,16,11,1,1845,3,1,1,5,7,59
201600018511,16,11,13,1030,1,2,3,1,3,59
201600018512,16,12,15,1445,1,1,1,1,6,51
201600018513,16,12,16,1915,3,1,1,1,1,237
201600018514,16,12,19,1830,3,1,1,1,6,63
201600018515,16,12,22,1430,1,1,2,2,3,237
201600018516,16,1,12,1030,1,2,3,7,3,232
201600018517,16,4,21,1730,1,2,1,1,6,84
201600018518,16,5,3,700,1,1,1,1,1,256
201600018519,16,5,6,1500,1,2,1,1,3,241
201600018520,16,5,14,2130,3,1,1,1,7,251
201600018521,16,6,16,1400,1,2,1,1,6,232
201600018522,16,7,11,1430,1,1,1,1,1,159
201600018523,16,7,27,1130,1,1,2,1,3,125
201600018524,16,8,9,1000,1,1,1,1,3,232
201600018525,16,8,28,1245,1,2,1,1,7,241
201600018526,16,9,11,1745,1,1,1,1,7,161
201600018527,16,9,12,1215,1,2,1,1,3,241
201600018528,16,9,28,1830,1,1,1,1,1,232
201600018529,16,12,23,1500,1,1,1,1,7,232
201600018530,16,2,19,530,3,1,1,9,6,154
201600018531,16,3,18,1815,1,1,1,1,6,88
201600018532,16,3,30,1430,1,1,1,2,6,53
201600018533,16,4,4,1400,1,1,1,1,6,12
201600018534,16,5,3,2030,2,1,1,1,6,175
201600018535,16,5,29,1230,1,1,1,2,7,73
201600018536,16,5,29,1515,1,2,1,2,1,75
201600018537,16,6,5,745,1,1,1,1,7,216
201600018538,16,10,2,1815,1,1,1,1,6,73
201600018539,16,7,18,2300,3,1,3,1,3,210
201600018540,16,12,2,2130,3,1,1,5,7,38
201600018541,16,12,16,930,1,1,1,1,7,213
201600018542,16,6,15,1445,1,1,1,1,6,138
201600018543,16,12,17,115,3,1,3,1,7,289
201600018544,16,2,1,1245,1,1,1,2,6,317
201600018545,16,2,23,1615,1,1,1,2,7,253
201600018546,16,6,4,2330,3,2,1,1,6,101
201600018547,16,7,21,900,1,1,1,1,7,110
201600018548,16,7,31,1515,1,2,1,1,6,65
201600018549,16,8,12,2000,1,1,1,7,7,310
201600018550,16,9,13,1745,1,1,1,1,7,310
201600018551,16,5,30,1530,1,1,1,1,1,222
201600018552,16,11,23,2315,3,1,1,3,6,106
201600018553,16,2,4,1400,1,2,4,1,3,49
201600018554,16,10,29,1845,2,1,1,1,3,110
201600018555,16,12,31,1545,1,1,1,1,2,102
201600018556,16,4,1,1500,1,2,1,1,1,56
201600018557,16,4,16,610,3,1,1,1,1,32
201600018558,16,5,15,1745,1,1,1,1,7,187
201600018559,16,9,20,1530,1,1,1,1,3,133
201600018560,16,10,11,1715,1,1,1,1,3,283
201600018561,16,10,27,1800,1,1,1,1,3,133
201600018562,16,2,19,1635,1,1,1,1,6,95
201600018563,16,6,1,1815,1,1,1,2,1,288
201600018564,16,6,29,800,1,1,2,1,3,254
201600018565,16,6,28,1820,1,1,1,1,1,218
201600018566,16,7,5,1705,1,2,1,1,6,138
201600018567,16,11,18,1340,1,1,1,2,6,288
201600018568,16,4,14,900,1,1,3,1,3,182
201600018569,16,5,31,1345,1,1,1,2,6,160
201600018570,16,6,25,1930,1,1,1,1,6,77
201600018571,16,7,2,1425,1,1,1,1,5,204
201600018572,16,8,11,1010,1,1,1,1,2,82
201600018573,16,4,19,1055,1,1,1,1,6,123
201600018574,16,5,11,1030,1,1,3,1,3,22
201600018575,16,6,9,1510,1,2,1,1,7,208
201600018576,16,6,10,1740,1,2,1,1,6,243
201600018577,16,6,22,1500,1,2,1,1,6,208
201600018578,16,5,23,845,1,1,1,2,6,44
201600018579,16,8,9,1710,1,1,1,1,6,248
201600018580,16,10,1,1730,1,1,1,1,3,154
201600018581,16,11,15,1600,1,1,1,1,6,154
201600018582,16,12,17,215,3,1,1,1,6,44
201600018583,16,8,4,1815,1,1,2,2,3,217
201600018584,16,11,13,1300,1,1,1,2,6,257
201600018585,16,7,16,1340,1,1,1,1,1,135
201600018586,16,8,6,1100,1,1,2,1,3,167
201600018587,16,12,12,648,3,1,1,1,6,54
201600018588,16,3,23,1215,1,1,1,1,3,345
201600018589,16,10,1,1730,1,2,1,1,6,292
201600018590,16,10,10,1815,1,2,1,1,3,223
201600018591,16,1,24,1530,1,1,1,1,6,307
201600018592,16,2,5,730,2,2,2,9,3,238
201600018593,16,2,19,815,1,2,1,7,1,117
201600018594,16,2,24,745,2,1,1,2,3,42
201600018595,16,4,18,1030,1,2,1,1,7,42
201600018596,16,9,22,2145,3,1,1,1,6,4
201600018597,16,10,26,1430,1,1,1,1,1,377
201600018598,16,11,10,415,3,2,1,2,6,326
201600018599,16,9,21,745,2,1,1,8,1,68
201600018600,16,11,19,1145,1,1,1,1,5,283
201600018601,16,12,16,1100,1,2,1,1,1,63
201600018602,16,12,10,1430,1,1,1,5,2,296
201600018603,16,2,12,1415,1,1,1,2,6,18
201600018604,16,8,5,1815,1,1,1,1,6,370
201600018605,16,9,4,2100,3,1,1,1,6,374
201600018606,16,5,22,1100,1,1,2,2,3,9
201600018607,16,7,30,1930,1,1,2,1,3,362
201600018608,16,9,3,1500,1,1,1,1,3,215
201600018609,16,2,22,1645,1,2,1,2,3,54
201600018610,16,3,18,1700,1,1,1,1,7,54
201600018611,16,6,10,1430,1,2,6,1,3,331
201600018612,16,7,21,1630,1,1,1,1,7,305
201600018613,16,8,25,1830,1,2,1,1,2,331
201600018614,16,12,8,645,3,1,1,5,1,277
201600018615,16,12,29,2000,3,1,1,1,7,14
201600018616,16,11,11,1345,1,1,1,1,7,350
201600018617,16,3,31,1715,1,1,1,8,3,8
201600018618,16,5,1,800,1,1,1,2,1,57
201600018619,16,7,10,2045,2,1,1,1,1,237
201600018620,16,2,25,1415,1,2,7,1,6,74
201600018621,16,3,25,1900,1,1,1,1,1,433
201600018622,16,1,15,715,3,1,1,4,1,479
201600018623,16,1,31,1830,2,1,2,2,3,170
201600018624,16,9,14,730,1,1,1,1,1,179
201600018625,16,3,27,1800,1,1,1,3,6,320
201600018626,16,6,25,1125,1,1,1,1,7,317
201600018627,16,10,31,1315,1,1,3,1,7,19
201600018628,16,2,10,800,1,1,1,1,1,459
201600018629,16,8,26,1645,1,1,3,1,3,201
201600018630,16,2,8,1700,1,1,3,2,3,377
201600018631,16,3,5,400,3,1,1,1,7,30
201600018632,16,11,5,2356,3,1,1,2,7,703
201600018633,16,2,19,2315,4,1,2,2,1,243
201600018634,16,3,2,315,3,1,1,2,7,35
201600018635,16,11,30,1030,1,1,1,1,6,96
201600018636,16,12,26,2315,3,1,6,1,6,243
201600018637,16,2,13,1600,1,1,1,2,6,130
201600018638,16,7,19,1515,1,1,1,1,1,414
201600018639,16,7,2,300,3,1,1,1,7,130
201600018640,16,12,13,2115,3,1,1,5,6,128
201600018641,16,8,7,1145,1,1,2,1,6,100
201600018642,16,8,31,1330,1,1,1,7,7,456
201600018643,16,10,31,1600,1,1,1,1,6,244
201600018644,16,11,8,1345,1,2,6,1,2,214
201600018645,16,1,6,1815,3,1,1,2,6,207
201600018646,16,5,6,1645,1,1,1,1,3,309
201600018647,16,5,5,820,1,1,1,1,7,426
201600018648,16,5,16,1845,1,2,1,1,6,99
201600018649,16,12,13,1730,2,1,1,5,7,61
201600018650,16,12,18,1700,1,1,1,5,6,500
201600018651,16,1,12,930,1,2,1,8,1,255
201600018652,16,1,27,1615,1,2,1,2,6,255
201600018653,16,2,3,815,2,2,1,1,3,255
201600018654,16,2,7,1515,1,2,1,1,7,533
201600018655,16,3,5,1745,1,1,1,1,1,638
201600018656,16,3,10,1800,1,1,1,1,2,533
201600018657,16,4,6,1230,1,2,1,1,1,711
201600018658,16,4,30,1245,1,2,1,1,6,255
201600018659,16,5,9,1700,1,1,1,1,2,507
201600018660,16,5,29,1930,1,1,1,1,1,507
201600018661,16,6,8,2045,1,1,1,1,5,696
201600018662,16,6,18,1615,1,1,1,1,3,644
201600018663,16,7,14,1830,1,2,1,1,6,533
201600018664,16,7,24,1900,1,2,1,1,2,711
201600018665,16,9,13,715,1,1,1,1,1,696
201600018666,16,11,10,1145,1,1,1,3,1,27
201600018667,16,2,28,1645,1,1,2,1,3,581
201600018668,16,5,9,1130,1,1,3,1,3,617
201600018669,16,5,13,1700,1,1,1,1,3,571
201600018670,16,7,19,800,1,2,1,7,6,560
201600018671,16,7,30,2100,1,2,6,1,3,509
201600018672,16,12,31,500,3,2,1,9,6,262
201600018673,16,2,5,1830,5,2,1,1,6,455
201600018674,16,3,10,815,1,1,1,9,6,378
201600018675,16,5,28,1130,1,1,2,1,3,350
201600018676,16,8,18,2045,2,1,1,1,7,26
201600018677,16,8,18,1445,1,2,9,1,1,395
201600018678,16,5,5,1730,1,2,1,1,2,3
201600018679,16,11,5,1415,1,2,1,2,1,3
201600018680,16,1,10,1515,1,2,1,8,1,207
201600018681,16,6,1,1715,1,1,1,2,1,258
201600018682,16,8,14,1900,1,1,1,1,1,23
201600018683,16,9,17,1500,1,1,1,2,6,258
201600018684,16,10,30,115,3,1,1,5,6,207
201600018685,16,11,6,2315,3,1,1,4,6,86
201600018686,16,11,17,2215,3,1,1,1,6,132
201600018687,16,1,29,1645,1,1,1,1,2,54
201600018688,16,2,20,15,3,2,6,8,6,178
201600018689,16,2,22,2015,5,2,6,1,3,50
201600018690,16,5,26,1600,1,1,1,1,7,255
201600018691,16,5,30,1300,1,1,6,1,6,352
201600018692,16,5,4,1815,1,1,1,1,6,397
201600018693,16,7,3,1800,1,1,3,1,7,426
201600018694,16,7,9,1600,1,1,1,1,7,397
201600018695,16,7,12,1800,1,2,3,1,3,47
201600018696,16,8,8,1630,1,1,1,7,1,192
201600018697,16,1,25,1515,1,1,1,7,1,322
201600018698,16,3,20,1945,4,1,6,1,1,322
201600018699,16,2,7,1600,1,2,6,8,3,381
201600018700,16,3,17,1830,1,2,1,1,3,285
201600018701,16,5,2,1015,1,2,5,1,3,237
201600018702,16,6,7,1630,1,1,1,1,1,381
201600018703,16,6,10,1900,1,1,1,1,1,283
201600018704,16,6,11,1630,1,1,1,1,7,228
201600018705,16,10,22,1715,1,1,1,1,1,118
201600018706,16,10,24,945,1,1,1,8,3,186
201600018707,16,3,26,1530,1,1,1,1,3,223
201600018708,16,3,30,1530,1,1,1,1,6,197
201600018709,16,7,8,930,1,1,2,1,3,338
201600018710,16,9,2,1615,1,1,3,1,3,233
201600018711,16,11,27,830,1,1,1,1,7,243
201600018712,16,12,1,15,3,1,1,9,7,223
201600018713,16,9,10,930,1,2,1,1,6,430
201600018714,16,12,15,1945,5,2,1,1,6,430
201600018715,16,2,9,1730,1,1,1,6,6,249
201600018716,16,2,18,1500,1,2,1,1,1,125
201600018717,16,3,18,1200,1,1,1,1,2,414
201600018718,16,6,20,1330,1,1,3,1,3,16
201600018719,16,6,29,1700,1,1,3,1,3,249
201600018720,16,9,7,1645,1,1,1,1,1,195
201600018721,16,9,14,1515,1,2,1,2,6,249
201600018722,16,9,21,1515,1,1,3,1,3,195
201600018723,16,9,24,1630,1,1,1,1,6,125
201600018724,16,2,22,1000,1,1,1,5,6,210
201600018725,16,3,22,1415,1,1,1,1,3,210
201600018726,16,5,10,1945,1,1,1,1,3,201
201600018727,16,4,26,1530,1,1,1,2,7,129
201600018728,16,11,23,2300,3,1,1,1,6,15
201600018729,16,12,5,1800,3,1,1,1,2,15
201600018730,16,7,10,2345,5,2,1,1,6,227
201600018731,16,12,21,800,2,1,1,1,1,307
201600018732,16,3,25,700,2,1,1,2,6,425
201600018733,16,3,5,1645,1,2,1,2,3,419
201600018734,16,3,4,1315,1,1,1,2,1,217
201600018735,16,2,2,1915,5,2,1,1,3,25
201600018736,16,6,20,1930,1,1,1,2,7,433
201600018737,16,7,9,1030,1,1,5,1,1,378
201600018738,16,12,3,1800,3,1,1,1,3,306
201600018739,16,4,24,1145,1,1,1,1,1,12
201600018740,16,5,1,430,3,1,1,9,6,339
201600018741,16,10,5,1800,2,1,1,1,6,204
201600018742,16,10,18,1700,1,2,1,7,3,22
201600018743,16,1,30,1645,1,1,1,3,6,445
201600018744,16,8,8,1545,1,1,1,1,2,184
201600018745,16,9,29,715,2,2,1,1,3,321
201600018746,16,10,31,1530,1,1,1,7,6,418
201600018747,16,3,17,1745,1,1,1,1,6,3
201600018748,16,7,9,1745,1,2,1,1,1,3
201600018749,16,1,5,945,1,1,1,1,6,467
201600018750,16,3,4,2200,5,2,1,1,6,274
201600018751,16,8,30,530,5,2,1,1,6,144
201600018752,16,4,12,1530,1,1,1,8,1,469
201600018753,16,4,13,1445,1,1,1,8,5,134
201600018754,16,5,6,2300,3,1,1,1,1,134
201600018755,16,5,31,1000,1,1,1,3,7,137
201600018756,16,7,6,1400,1,2,2,7,3,137
201600018757,16,9,20,1215,1,1,1,1,3,146
201600018758,16,10,1,1030,1,1,1,2,3,287
201600018759,16,11,4,815,2,2,1,5,5,383
201600018760,16,4,29,1400,1,1,1,1,7,14
201600018761,16,5,23,815,1,1,1,2,7,14
201600018762,16,5,31,2130,2,1,1,8,7,493
201600018763,16,8,2,745,1,2,1,1,2,527
201600018764,16,10,4,1400,1,1,1,1,1,129
201600018765,16,11,9,1815,3,1,1,2,1,15
201600018766,16,12,3,1830,5,2,1,9,1,14
201600018767,16,1,12,1415,1,1,1,3,1,202
201600018768,16,9,25,1830,1,1,1,1,7,450
201600018769,16,10,5,1545,1,2,1,1,6,73
201600018770,16,11,26,2345,5,2,1,5,7,369
201600018771,16,10,8,2130,3,1,2,1,3,159
201600018772,16,12,9,1645,2,1,1,5,5,221
201600018773,16,12,24,1215,1,1,1,1,3,221
201600018774,16,3,25,1600,1,1,2,2,3,187
201600018775,16,5,18,1530,1,1,1,1,2,310
201600018776,16,6,17,1815,1,1,1,2,1,310
201600018777,16,6,30,1015,1,1,1,1,2,310
201600018778,16,9,11,600,3,1,1,1,1,310
201600018779,16,6,9,1830,1,2,3,1,3,428
201600018780,16,2,1,1030,1,2,1,8,2,263
201600018781,16,2,4,745,2,1,1,1,5,558
201600018782,16,3,18,1145,1,2,1,1,3,528
201600018783,16,3,2,545,2,1,1,1,7,580
201600018784,16,3,18,1645,1,1,1,1,5,484
201600018785,16,5,19,830,1,1,2,1,3,303
201600018786,16,8,13,1645,1,1,9,1,1,380
201600018787,16,8,25,845,1,1,1,1,3,196
201600018788,16,9,12,1200,1,2,1,1,6,263
201600018789,16,9,16,1900,1,1,1,1,1,300
201600018790,16,10,18,1430,1,2,1,1,1,263
201600018791,16,11,16,1800,4,2,1,2,6,263
201600018792,16,2,12,1430,1,1,1,1,6,158
201600018793,16,3,26,1930,2,2,1,1,3,351
201600018794,16,1,15,1030,1,1,1,8,2,265
201600018795,16,6,22,515,2,1,1,1,6,292
201600018796,16,8,25,1045,1,1,1,1,3,292
201600018797,16,11,22,730,2,1,1,2,2,292
201600018798,16,9,17,1430,1,1,1,1,6,407
201600018799,16,12,28,1400,1,1,2,1,3,277
201600018800,16,12,28,2000,3,1,1,1,6,433
201600018801,16,8,22,1200,1,1,1,1,6,253
201600018802,16,1,2,845,2,2,6,2,1,344
201600018803,16,5,20,1830,1,1,1,1,5,27
201600018804,16,4,18,2245,3,1,1,1,6,101
201600018805,16,10,16,1655,1,1,1,1,5,319
201600018806,16,10,6,1630,1,1,1,1,7,254
201600018807,16,8,1,1430,1,1,1,1,6,124
201600018808,16,12,1,1430,1,1,1,1,3,271
201600018809,16,12,13,1410,1,1,2,1,3,255
201600018810,16,12,21,800,1,1,1,1,1,92
201600018811,16,12,16,1945,3,1,1,1,6,182
201600018812,16,12,18,15,3,1,1,1,6,256
201600018813,16,2,15,730,2,1,1,1,6,38
201600018814,16,12,8,2230,3,1,1,1,6,197
201600018815,16,11,6,1805,5,2,7,3,6,38
201600018816,16,11,25,1455,1,2,1,7,6,220
201600018817,16,1,24,1630,1,2,1,1,6,311
201600018818,16,4,9,945,1,2,1,1,2,130
201600018819,16,9,14,715,3,1,1,3,1,325
201600018820,16,10,9,1540,1,2,2,1,3,81
201600018821,16,11,30,915,1,2,1,1,6,120
201600018822,16,12,4,830,1,1,1,1,6,160
201600018823,16,12,6,1645,1,1,1,1,6,204
201600018824,16,10,4,2100,5,1,1,1,6,63
201600018825,16,12,22,119,5,2,3,1,6,63
201600018826,16,4,25,1330,1,2,1,1,6,135
201600018827,16,5,1,1730,1,2,1,2,1,18
201600018828,16,11,4,945,1,1,1,1,6,267
201600018829,16,11,22,2000,3,1,1,5,7,124
201600018830,16,12,28,1030,1,1,3,1,3,162
201600018831,16,7,28,1530,1,1,1,1,7,169
201600018832,16,10,10,1720,1,2,4,1,1,66
201600018833,16,12,8,1850,5,1,1,1,3,214
201600018834,16,1,29,1730,1,2,1,1,6,363
201600018835,16,7,15,1345,1,2,3,1,3,11
201600018836,16,3,8,615,2,1,1,1,7,439
201600018837,16,3,19,1745,1,1,1,1,6,151
201600018838,16,3,1,1345,1,1,1,1,6,316
201600018839,16,12,17,1045,1,1,2,1,3,163
201600018840,16,1,1,320,3,1,1,1,1,333
201600018841,16,4,24,40,3,1,2,1,3,314
201600018842,16,5,30,730,1,2,1,1,7,395
201600018843,16,7,27,1850,1,1,1,1,6,424
201600018844,16,9,22,645,3,1,1,1,2,424
201600018845,16,10,10,1115,1,1,1,1,5,424
201600018846,16,5,7,1230,1,1,1,1,3,540
201600018847,16,5,24,1230,1,1,1,1,1,348
201600018848,16,8,15,1000,1,2,2,1,3,540
201600018849,16,4,10,1315,1,1,3,1,3,86
201600018850,16,9,10,1100,1,1,1,1,1,340
201600018851,16,6,18,1030,1,1,1,1,1,121
201600018852,16,8,7,1430,1,1,1,1,6,137
201600018853,16,12,19,1730,5,2,1,1,7,460
201600018854,16,6,3,1430,1,2,4,1,1,334
201600018855,16,7,26,200,3,1,1,1,6,395
201600018856,16,9,11,1,3,1,1,1,1,218
201600018857,16,11,18,1600,1,2,6,2,3,258
201600018858,16,11,28,1745,5,2,3,1,1,258
201600018859,16,2,7,1945,3,1,1,1,7,75
201600018860,16,5,10,1545,1,1,1,1,6,49
201600018861,16,5,18,815,1,1,1,8,2,16
201600018862,16,8,4,600,2,1,1,2,6,49
201600018863,16,8,14,1915,1,1,9,1,3,229
201600018864,16,8,17,1115,1,1,1,1,6,126
201600018865,16,12,15,2030,3,1,1,1,6,280
201600018866,16,2,6,1015,1,1,1,1,3,37
201600018867,16,8,13,2000,1,1,5,1,3,76
201600018868,16,5,12,1700,1,2,1,1,6,123
201600018869,16,2,21,1745,1,1,1,1,3,118
201600018870,16,3,17,1715,1,2,1,1,6,112
201600018871,16,4,10,1530,1,1,1,1,6,112
201600018872,16,11,21,1800,3,1,1,2,6,96
201600018873,16,1,25,2000,5,2,1,1,3,234
201600018874,16,3,14,2045,3,2,1,1,6,461
201600018875,16,4,17,300,3,1,1,1,6,411
201600018876,16,6,9,1715,1,2,1,1,6,212
201600018877,16,8,30,1630,1,1,1,1,5,107
201600018878,16,10,13,2130,5,2,1,1,6,212
201600018879,16,11,25,635,5,2,4,1,3,212
201600018880,16,11,30,1300,1,1,1,1,7,36
201600018881,16,3,3,1645,1,2,1,1,2,13
201600018882,16,3,30,1730,1,2,1,2,1,443
201600018883,16,4,6,815,1,2,1,1,3,606
201600018884,16,5,19,2045,1,1,1,1,6,606
201600018885,16,6,1,1915,1,1,1,1,1,165
201600018886,16,8,9,1545,1,1,1,1,1,62
201600018887,16,9,19,1630,1,1,1,1,7,606
201600018888,16,12,19,2020,3,2,1,1,6,456
201600018889,16,12,20,1425,1,1,1,1,6,606
201600018890,16,1,7,1945,3,1,2,1,3,670
201600018891,16,3,17,815,1,2,1,1,2,211
201600018892,16,5,5,2130,5,2,1,1,6,582
201600018893,16,6,11,1915,1,2,1,1,7,656
201600018894,16,9,2,1930,1,1,1,1,6,577
201600018895,16,9,7,1045,1,2,1,1,6,630
201600018896,16,9,13,1015,1,1,2,1,3,211
201600018897,16,11,3,1430,1,2,1,1,6,98
201600018898,16,12,7,615,3,1,1,1,1,791
201600018899,16,2,29,15,3,1,1,1,6,639
201600018900,16,2,29,1845,2,1,1,1,1,718
201600018901,16,3,28,2045,3,1,1,1,1,187
201600018902,16,3,27,1745,1,1,2,1,1,718
201600018903,16,4,18,1630,1,1,1,1,3,82
201600018904,16,5,12,145,3,1,6,2,6,650
201600018905,16,5,12,945,1,1,2,1,3,738
201600018906,16,7,22,1630,1,1,1,1,7,704
201600018907,16,7,22,1515,1,1,1,1,3,722
201600018908,16,7,31,1100,1,1,1,1,6,316
201600018909,16,8,3,1415,1,1,1,1,1,639
201600018910,16,8,4,1945,1,1,1,1,1,229
201600018911,16,8,11,1645,1,2,1,1,3,207
201600018912,16,10,19,2015,3,1,1,1,6,639
201600018913,16,10,27,1440,1,2,3,1,3,782
201600018914,16,12,1,1830,3,1,1,1,6,639
201600018915,16,12,8,1445,1,1,1,1,2,24
201600018916,16,12,13,1830,5,2,1,1,6,798
201600018917,16,12,21,1500,1,1,1,1,1,341
201600018918,16,1,23,915,1,1,1,8,6,512