Num_Acc,an,mois,jour,hrmn,lum,agg,int,atm,col,com
201600018919,16,2,3,945,1,1,1,1,1,825
201600018920,16,2,13,1245,1,1,1,2,7,716
201600018921,16,5,17,1345,1,1,1,1,7,200
201600018922,16,5,25,1215,1,1,1,1,3,588
201600018923,16,6,5,2015,1,2,1,1,3,262
201600018924,16,6,9,1630,1,2,2,1,3,546
201600018925,16,6,10,1900,1,1,1,1,1,262
201600018926,16,6,14,1845,1,1,1,2,7,546
201600018927,16,7,3,30,3,2,1,1,1,830
201600018928,16,7,16,615,2,1,1,1,3,574
201600018929,16,7,17,200,3,2,1,1,6,171
201600018930,16,8,9,1215,1,1,1,1,7,155
201600018931,16,8,22,1845,1,1,1,1,3,779
201600018932,16,8,30,1845,1,2,1,1,2,171
201600018933,16,8,31,1615,1,2,1,1,7,716
201600018934,16,8,31,1730,1,2,1,1,3,260
201600018935,16,9,7,945,1,1,1,1,3,635
201600018936,16,9,17,2015,3,1,1,1,1,163
201600018937,16,9,20,1200,1,1,1,1,7,328
201600018938,16,10,4,710,1,1,1,5,1,574
201600018939,16,10,14,1300,1,1,1,1,2,385
201600018940,16,10,14,1245,1,1,9,1,2,385
201600018941,16,10,16,1700,1,2,2,2,3,260
201600018942,16,10,18,2250,5,2,1,1,6,476
201600018943,16,10,25,1630,1,1,4,1,2,716
201600018944,16,11,1,1615,1,1,1,1,6,9
201600018945,16,11,4,1940,3,1,2,2,3,380
201600018946,16,11,7,1702,5,1,1,2,4,546
201600018947,16,11,12,1730,3,1,1,2,2,19
201600018948,16,11,19,1220,1,2,2,2,3,215
201600018949,16,12,9,2055,3,1,1,1,6,716
201600018950,16,12,29,400,3,1,1,9,6,836
201600018951,16,2,3,1445,1,2,2,2,3,308
201600018952,16,2,12,1630,1,2,1,8,6,368
201600018953,16,2,13,915,1,2,1,2,6,360
201600018954,16,3,18,900,1,2,3,1,6,827
201600018955,16,3,18,1530,1,2,1,1,2,368
201600018956,16,4,1,1815,1,1,2,1,3,760
201600018957,16,4,25,1530,1,2,1,3,7,368
201600018958,16,5,4,1800,1,1,1,1,1,360
201600018959,16,6,21,2115,1,2,1,1,2,364
201600018960,16,7,9,1630,1,1,1,1,4,834
201600018961,16,7,12,1915,1,2,1,1,3,373
201600018962,16,8,11,1145,1,2,1,8,3,63
201600018963,16,8,15,930,1,2,1,1,3,368
201600018964,16,8,18,1915,1,2,1,1,7,368
201600018965,16,8,24,1800,1,1,1,7,3,190
201600018966,16,8,27,1130,1,1,1,1,3,63
201600018967,16,9,22,1815,1,2,1,1,6,235
201600018968,16,9,28,2030,3,1,1,1,7,765
201600018969,16,10,17,1650,1,2,3,1,3,368
201600018970,16,10,20,2000,5,2,1,2,6,235
201600018971,16,10,22,1130,1,1,1,1,2,765
201600018972,16,11,2,1445,1,1,6,1,3,368
201600018973,16,11,5,1545,1,2,3,1,7,368
201600018974,16,11,27,345,3,1,1,1,6,765
201600018975,16,12,11,1715,2,2,1,1,6,63
201600018976,16,12,15,730,2,1,3,1,2,126
201600018977,16,1,14,1445,1,2,1,4,2,228
201600018978,16,2,4,845,3,1,1,1,3,327
201600018979,16,3,12,1530,1,1,1,7,4,688
201600018980,16,4,3,1545,1,1,1,1,2,633
201600018981,16,4,11,2300,5,2,1,3,6,228
201600018982,16,4,23,1845,1,1,3,1,1,590
201600018983,16,5,6,1645,1,2,1,1,1,333
201600018984,16,5,29,1930,1,1,1,1,1,600
201600018985,16,7,4,1745,1,1,1,1,3,688
201600018986,16,10,30,905,2,1,1,5,6,30
201600018987,16,11,27,1245,1,1,1,1,1,222
201600018988,16,11,30,2010,3,1,1,1,2,109
201600018989,16,1,14,1130,1,1,1,8,1,253
201600018990,16,4,18,930,1,2,2,1,3,777
201600018991,16,5,13,1520,1,2,1,1,3,3
201600018992,16,8,22,1545,1,1,2,1,3,425
201600018993,16,11,13,1345,1,2,2,2,3,253
201600018994,16,2,19,2145,3,1,1,1,7,241
201600018995,16,7,13,1300,1,2,1,1,6,795
201600018996,16,7,31,1900,1,2,1,1,6,166
201600018997,16,8,8,1545,1,1,1,1,1,408
201600018998,16,9,15,1900,1,1,1,2,6,408
201600018999,16,10,4,2045,5,2,2,1,3,86
201600019000,16,11,21,1330,1,2,1,2,6,205
201600019001,16,12,7,1450,1,1,1,1,2,318
201600019002,16,12,13,1855,2,1,1,2,6,793
201600019003,16,12,15,1855,3,1,1,1,1,123
201600019004,16,1,29,715,5,2,1,9,1,185
201600019005,16,2,2,245,5,2,1,2,6,478
201600019006,16,3,6,1900,3,1,2,1,3,759
201600019007,16,5,11,1415,1,1,2,1,3,293
201600019008,16,7,5,1700,1,2,1,1,6,678
201600019009,16,7,12,1845,1,2,1,1,6,561
201600019010,16,7,30,1815,1,2,1,1,1,561
201600019011,16,8,16,2015,2,1,1,1,2,685
201600019012,16,9,22,1930,1,1,1,1,6,623
201600019013,16,9,29,815,1,1,1,1,7,176
201600019014,16,10,14,2145,3,2,1,2,6,685
201600019015,16,10,30,1115,1,1,2,1,3,232
201600019016,16,12,2,1825,3,2,1,5,7,561
201600019017,16,12,11,1850,3,1,2,1,2,685
201600019018,16,12,15,2020,3,1,1,9,6,224
201600019019,16,12,16,10,3,2,9,9,2,685
201600019020,16,12,17,1855,5,2,2,1,6,561
201600019021,16,1,13,1745,3,2,1,1,6,570
201600019022,16,2,29,700,2,1,2,1,3,652
201600019023,16,3,13,1130,1,2,1,1,6,415
201600019024,16,6,22,1900,1,2,1,8,6,349
201600019025,16,6,26,1300,1,1,2,1,3,752
201600019026,16,6,30,1745,1,1,1,1,7,545
201600019027,16,8,15,1645,1,2,1,1,3,10
201600019028,16,8,26,1500,1,1,1,1,3,452
201600019029,16,8,28,300,3,1,1,1,6,668
201600019030,16,9,7,1745,1,1,1,1,6,570
201600019031,16,9,24,145,3,1,1,1,6,570
201600019032,16,9,24,1630,1,1,1,1,1,94
201600019033,16,9,29,2330,3,1,1,2,6,94
201600019034,16,10,12,1545,1,1,1,1,1,570
201600019035,16,11,25,1750,5,2,1,1,5,10
201600019036,16,12,7,1330,1,2,2,1,3,570
201600019037,16,12,9,1800,3,1,3,8,3,94
201600019038,16,12,15,728,3,1,1,1,6,242
201600019039,16,1,8,630,3,1,1,1,6,801
201600019040,16,3,11,1300,1,1,2,1,3,314
201600019041,16,5,5,930,1,1,3,1,3,240
201600019042,16,8,9,2115,2,2,1,1,1,199
201600019043,16,9,17,2015,5,2,1,1,1,620
201600019044,16,10,14,1615,1,1,1,1,2,294
201600019045,16,12,1,1315,1,1,1,1,7,620
201600019046,16,12,2,700,3,1,1,8,6,141
201600019047,16,12,9,1650,2,1,1,1,1,115
201600019048,16,12,16,1630,2,1,9,1,1,601
201600019049,16,12,19,1700,5,2,1,1,6,620
201600019050,16,12,22,1626,1,2,1,2,1,141
201600019051,16,12,23,2040,3,2,1,1,6,557
201600019052,16,1,6,1530,1,1,1,1,6,680
201600019053,16,2,10,745,2,1,1,2,6,184
201600019054,16,2,29,1645,1,1,2,1,3,116
201600019055,16,4,9,230,3,1,1,1,6,532
201600019056,16,5,6,1715,1,1,3,1,3,530
201600019057,16,5,13,1515,1,1,1,1,7,184
201600019058,16,5,17,1645,1,1,1,1,7,789
201600019059,16,5,21,1445,1,1,1,1,3,644
201600019060,16,6,12,1500,1,1,1,2,3,162
201600019061,16,8,22,1815,1,1,1,1,2,530
201600019062,16,8,23,1900,1,1,2,1,3,116
201600019063,16,9,24,1745,1,1,9,1,7,617
201600019064,16,10,19,1500,1,1,1,1,3,136
201600019065,16,11,18,2100,3,1,2,1,3,647
201600019066,16,11,19,1635,2,2,1,1,3,162
201600019067,16,11,23,1230,1,2,1,1,1,342
201600019068,16,12,5,735,2,1,2,9,3,781
201600019069,16,12,7,1650,2,2,3,1,3,417
201600019070,16,12,11,45,3,1,3,2,3,58
201600019071,16,12,14,900,1,1,2,1,3,288
201600019072,16,12,18,1830,5,2,1,5,7,524
201600019073,16,12,25,1715,2,2,1,2,6,530
201600019074,16,12,28,916,1,1,2,7,3,781
201600019075,16,12,30,945,1,1,1,5,7,743
201600019076,16,1,1,400,5,2,1,1,6,605
201600019077,16,1,2,1730,3,1,1,3,7,284
201600019078,16,4,1,630,2,1,1,1,1,465
201600019079,16,4,6,1215,1,2,1,1,2,579
201600019080,16,4,10,1930,1,2,1,1,2,410
201600019081,16,5,6,1015,1,1,2,7,3,811
201600019082,16,5,21,1415,1,1,4,1,1,442
201600019083,16,8,15,1030,1,1,1,1,5,585
201600019084,16,8,31,1915,1,2,1,1,6,410
201600019085,16,10,30,1925,3,1,1,1,6,585
201600019086,16,11,4,2015,5,2,1,3,6,410
201600019087,16,11,18,1630,1,2,1,1,1,579
201600019088,16,11,23,1115,1,2,2,1,3,519
201600019089,16,6,10,1900,1,1,1,1,3,50
201600019090,16,6,11,230,5,1,1,1,6,102
201600019091,16,6,1,745,1,1,1,2,2,30
201600019092,16,2,7,1945,5,2,1,2,1,305
201600019093,16,2,6,945,2,2,1,1,3,46
201600019094,16,6,20,830,1,1,1,1,1,261
201600019095,16,11,22,945,1,2,9,1,1,46
201600019096,16,5,9,430,3,1,1,1,7,286
201600019097,16,7,10,415,3,1,1,1,6,343
201600019098,16,7,30,1815,1,1,1,1,3,319
201600019099,16,8,2,1400,1,1,1,1,1,125
201600019100,16,12,30,2230,3,1,1,1,6,252
201600019101,16,1,8,645,2,1,1,1,6,49
201600019102,16,1,19,1,3,1,1,2,1,150
201600019103,16,5,20,1845,1,2,1,1,1,50
201600019104,16,5,20,1030,1,1,1,1,3,121
201600019105,16,6,1,1500,1,1,1,3,3,150
201600019106,16,7,16,1200,1,1,1,7,1,49
201600019107,16,8,1,830,1,2,1,1,6,50
201600019108,16,10,15,1700,1,1,1,1,6,150
201600019109,16,10,15,1700,1,1,1,8,1,150
201600019110,16,5,15,1430,1,1,1,8,1,354
201600019111,16,5,22,600,2,1,1,1,6,123
201600019112,16,1,20,1400,1,1,6,1,3,56
201600019113,16,3,13,15,3,1,1,1,1,541
201600019114,16,4,6,1715,1,2,1,1,3,541
201600019115,16,9,13,800,1,1,1,7,3,160
201600019116,16,9,16,1130,1,1,1,1,3,541
201600019117,16,9,17,2000,2,1,3,1,3,32
201600019118,16,9,22,800,1,1,1,1,7,150
201600019119,16,10,6,730,2,1,2,1,3,150
201600019120,16,10,23,1725,1,2,1,1,6,150
201600019121,16,11,2,850,1,1,3,1,3,150
201600019122,16,11,25,230,4,1,1,1,6,150
201600019123,16,11,8,1735,3,2,1,1,3,32
201600019124,16,4,29,645,1,2,1,1,1,271
201600019125,16,4,29,1615,1,1,1,1,1,271
201600019126,16,10,7,1255,1,2,1,1,1,1
201600019127,16,10,21,1600,1,1,9,1,6,271
201600019128,16,11,27,1010,1,1,1,1,3,271
201600019129,16,12,21,1010,1,2,1,1,6,271
201600019130,16,6,17,1330,1,2,1,1,7,326
201600019131,16,6,23,845,1,1,1,1,1,104
201600019132,16,7,3,1015,1,1,1,1,1,85
201600019133,16,10,5,1920,2,1,1,1,3,130
201600019134,16,10,5,1920,5,2,1,1,3,130
201600019135,16,11,5,1400,1,1,1,3,1,130
201600019136,16,12,13,1830,3,1,1,1,1,85
201600019137,16,11,27,1447,1,1,9,1,7,362
201600019138,16,1,31,900,1,1,1,2,6,101
201600019139,16,2,24,1635,1,2,1,2,6,351
201600019140,16,3,30,2331,3,1,1,8,6,133
201600019141,16,7,30,1630,1,1,1,1,6,86
201600019142,16,7,29,1830,1,1,1,1,3,351
201600019143,16,10,8,2115,3,1,1,1,3,133
201600019144,16,11,9,715,3,1,1,2,1,119
201600019145,16,1,20,1400,1,1,1,1,1,355
201600019146,16,1,28,1800,3,1,2,1,3,130
201600019147,16,4,6,1230,1,1,1,1,3,31
201600019148,16,4,8,1300,1,1,1,1,1,355
201600019149,16,5,12,1500,1,1,1,1,6,162
201600019150,16,8,4,1630,1,2,3,1,6,170
201600019151,16,8,8,1745,1,1,2,1,3,337
201600019152,16,10,3,1830,2,1,1,1,3,3
201600019153,16,10,6,1900,2,1,1,1,5,170
201600019154,16,10,31,730,2,1,1,1,6,130
201600019155,16,11,27,1545,1,1,1,1,6,137
201600019156,16,1,14,1630,1,1,1,1,1,264
201600019157,16,1,24,1830,3,2,1,1,6,327
201600019158,16,3,6,1400,1,1,1,1,6,111
201600019159,16,8,3,1815,1,1,4,1,1,310
201600019160,16,8,25,1215,1,1,1,1,1,4
201600019161,16,8,28,1815,1,1,1,1,6,111
201600019162,16,9,19,1800,1,1,2,1,3,327
201600019163,16,9,22,1800,1,1,1,1,1,129
201600019164,16,9,27,1800,1,1,2,1,3,90
201600019165,16,10,16,915,1,2,1,1,7,129
201600019166,16,12,2,15,3,1,1,1,4,61
201600019167,16,12,6,845,1,1,1,7,1,204
201600019168,16,2,4,1400,1,1,2,2,3,98
201600019169,16,3,15,440,3,1,1,1,1,201
201600019170,16,5,5,2345,3,1,1,1,6,270
201600019171,16,5,17,1450,1,2,1,7,6,270
201600019172,16,6,8,1930,1,1,1,1,3,48
201600019173,16,6,10,200,5,2,1,1,7,189
201600019174,16,6,12,1600,1,2,2,1,3,270
201600019175,16,6,24,2015,1,2,1,1,6,24
201600019176,16,2,4,645,3,1,2,1,3,242
201600019177,16,3,5,2130,5,2,1,1,2,62
201600019178,16,4,7,1745,1,2,1,1,6,62
201600019179,16,4,14,1515,1,1,1,2,6,195
201600019180,16,6,11,1045,1,1,2,8,3,62
201600019181,16,7,24,600,2,1,1,1,7,79
201600019182,16,8,5,1555,1,2,7,1,3,79
201600019183,16,10,10,1500,1,1,1,1,2,79
201600019184,16,10,22,1945,5,2,1,1,1,195
201600019185,16,2,1,530,3,1,2,1,3,161
201600019186,16,2,6,1530,1,1,1,1,6,63
201600019187,16,2,8,2200,3,1,1,2,7,277
201600019188,16,3,26,1930,3,1,1,2,6,196
201600019189,16,3,26,1600,1,1,1,1,1,299
201600019190,16,4,12,745,1,1,1,1,5,292
201600019191,16,4,18,2015,2,1,2,1,3,53
201600019192,16,5,5,1900,1,1,1,1,1,43
201600019193,16,5,15,1630,1,1,1,1,1,157
201600019194,16,6,24,2015,1,2,3,1,3,157
201600019195,16,7,7,1830,1,2,1,1,3,299
201600019196,16,7,26,1100,1,1,2,1,3,196
201600019197,16,9,23,2000,3,1,1,1,3,161
201600019198,16,10,8,400,3,1,1,1,6,14
201600019199,16,10,23,1800,1,1,1,2,7,13
201600019200,16,10,30,1130,1,1,1,1,6,277
201600019201,16,2,9,1700,1,2,1,8,6,202
201600019202,16,3,14,2130,3,1,1,1,7,354
201600019203,16,4,22,2230,3,1,1,1,1,339
201600019204,16,4,23,1730,1,1,1,1,6,80
201600019205,16,4,29,2135,4,2,2,2,3,80
201600019206,16,5,7,1650,1,1,2,1,3,285
201600019207,16,7,4,1830,1,1,1,1,6,29
201600019208,16,7,4,1435,1,2,1,1,1,145
201600019209,16,7,20,2230,5,2,6,1,6,202
201600019210,16,8,27,1945,1,2,3,1,3,202
201600019211,16,8,31,1435,1,1,1,1,1,118
201600019212,16,9,3,2215,3,1,1,1,1,322
201600019213,16,9,29,2345,5,2,1,1,6,213
201600019214,16,10,21,1800,1,1,1,1,6,339
201600019215,16,10,30,1930,3,1,1,1,6,80
201600019216,16,11,13,700,3,1,1,2,6,347
201600019217,16,11,15,630,3,1,1,1,6,322
201600019218,16,1,15,1130,1,1,1,1,1,5
201600019219,16,3,11,1805,1,1,2,1,3,5
201600019220,16,4,18,2200,3,1,1,1,5,135
201600019221,16,4,18,1900,1,1,1,1,1,47
201600019222,16,5,2,1945,1,1,2,1,1,5
201600019223,16,8,3,1930,1,1,1,1,7,16
201600019224,16,8,15,1145,1,2,1,1,1,268
201600019225,16,8,18,1845,1,1,1,1,1,120
201600019226,16,2,19,1930,3,1,1,1,1,311
201600019227,16,6,22,1215,1,1,2,1,6,76
201600019228,16,6,28,1645,1,1,1,1,7,179
201600019229,16,7,10,2045,1,1,1,1,6,25
201600019230,16,7,19,2015,1,1,1,1,6,190
201600019231,16,9,6,715,2,1,1,1,6,51
201600019232,16,11,12,1600,1,1,1,2,6,311
201600019233,16,12,2,2145,3,1,1,8,6,286
201600019234,16,12,7,1615,1,1,3,1,3,179
201600019235,16,12,13,1045,1,1,3,5,3,179
201600019236,16,12,14,700,5,2,3,1,6,94
201600019237,16,12,16,1445,1,2,2,7,6,76
201600019238,16,12,26,1530,1,2,1,8,7,311
201600019239,16,5,14,1400,1,2,2,1,3,152
201600019240,16,12,1,1715,3,1,1,1,6,517
201600019241,16,10,14,705,3,1,1,1,1,560
201600019242,16,12,1,835,2,1,2,1,3,591
201600019243,16,12,9,1400,1,1,1,1,6,560
201600019244,16,5,13,415,3,1,1,1,7,133
201600019245,16,8,7,1445,1,2,1,1,7,697
201600019246,16,10,5,1140,1,1,4,1,3,582
201600019247,16,10,9,1930,3,1,1,1,4,570
201600019248,16,11,29,2125,3,1,1,1,7,482
201600019249,16,8,13,1715,1,1,1,1,7,532
201600019250,16,10,21,2110,3,1,1,2,6,648
201600019251,16,10,30,1220,1,1,3,1,6,96
201600019252,16,11,15,2110,3,1,1,2,3,654
201600019253,16,12,6,1315,1,1,4,1,1,700
201600019254,16,12,16,1400,1,1,4,1,3,191
201600019255,16,2,20,645,2,1,1,3,1,115
201600019256,16,3,23,800,1,1,1,1,1,258
201600019257,16,12,22,1300,1,1,1,1,3,592
201600019258,16,1,5,1845,3,1,1,8,6,101
201600019259,16,9,16,745,1,1,1,2,1,48
201600019260,16,10,6,1600,1,2,1,1,6,312
201600019261,16,10,22,1445,1,1,2,7,3,450
201600019262,16,10,30,1540,1,2,1,1,3,260
201600019263,16,12,14,1730,2,1,1,1,1,614
201600019264,16,6,5,245,3,1,1,2,6,419
201600019265,16,9,7,750,1,1,1,1,1,401
201600019266,16,10,5,1350,1,2,1,1,3,222
201600019267,16,10,10,715,3,2,1,5,6,742
201600019268,16,10,13,1900,2,2,1,2,6,709
201600019269,16,10,11,715,2,2,1,5,6,164
201600019270,16,10,19,1700,1,2,1,8,1,709
201600019271,16,10,28,1900,3,1,2,1,6,88
201600019272,16,11,4,1655,2,1,1,3,5,659
201600019273,16,11,23,1915,3,2,1,1,6,222
201600019274,16,12,1,1905,3,1,1,8,6,419
201600019275,16,12,10,1140,1,1,1,1,6,418
201600019276,16,12,11,1635,2,1,3,1,1,750
201600019277,16,12,25,1200,1,1,2,1,3,22
201600019278,16,5,3,1230,1,1,2,1,2,129
201600019279,16,7,28,1945,1,1,1,2,6,251
201600019280,16,10,7,755,1,1,1,1,1,251
201600019281,16,10,31,1405,1,1,6,1,3,198
201600019282,16,12,2,2330,5,2,1,1,6,693
201600019283,16,12,9,1800,3,1,3,1,3,693
201600019284,16,12,13,755,2,1,1,2,1,143
201600019285,16,10,31,1515,1,1,2,1,3,488
201600019286,16,11,3,1730,2,1,2,1,3,569
201600019287,16,10,4,715,2,1,2,1,3,587
201600019288,16,11,15,1455,1,1,1,5,3,670
201600019289,16,12,17,1640,2,1,6,5,6,689
201600019290,16,12,25,200,3,2,1,1,6,686
201600019291,16,12,30,1820,3,1,1,5,3,187
201600019292,16,1,5,845,1,2,1,2,3,276
201600019293,16,6,12,115,3,1,1,1,7,414
201600019294,16,6,11,945,1,1,1,2,7,342
201600019295,16,7,3,1230,1,1,1,1,6,314
201600019296,16,6,26,2100,2,1,1,8,7,165
201600019297,16,11,17,900,1,1,1,8,1,377
201600019298,16,2,18,1415,1,2,1,1,6,234
201600019299,16,7,24,945,1,1,2,1,1,591
201600019300,16,9,9,2015,2,1,1,1,7,192
201600019301,16,1,9,1350,1,1,2,1,3,99
201600019302,16,10,6,1910,2,1,3,1,3,414
201600019303,16,10,22,957,1,1,1,5,1,109
201600019304,16,11,16,1700,3,1,2,2,2,239
201600019305,16,2,22,2315,5,2,1,2,7,76
201600019306,16,4,24,1730,1,2,1,3,3,524
201600019307,16,7,13,1600,1,2,2,1,1,208
201600019308,16,7,22,745,1,2,2,1,1,101
201600019309,16,10,22,2230,3,1,9,5,6,509
201600019310,16,12,13,1530,1,2,1,1,2,51
201600019311,16,4,30,1215,1,1,1,1,1,120
201600019312,16,7,11,1445,1,2,1,1,6,299
201600019313,16,6,5,2055,1,1,1,1,6,194
201600019314,16,4,9,615,2,1,1,8,6,311
201600019315,16,9,8,1715,1,2,7,1,6,241
201600019316,16,9,30,730,2,1,1,1,6,240
201600019317,16,12,30,1345,1,2,4,1,1,311
201600019318,16,9,24,915,1,1,1,1,7,276
201600019319,16,1,3,1150,1,1,1,1,1,128
201600019320,16,1,1,1400,1,1,1,8,1,128
201600019321,16,2,25,1730,1,1,1,1,3,220
201600019322,16,5,3,1800,1,2,1,1,7,220
201600019323,16,5,4,2330,3,1,1,1,2,94
201600019324,16,5,21,1715,1,2,2,1,3,94
201600019325,16,6,28,1015,1,2,2,1,3,94
201600019326,16,7,8,1645,1,1,4,1,3,128
201600019327,16,7,9,15,3,1,1,1,7,229
201600019328,16,7,19,2345,3,2,1,1,3,220
201600019329,16,7,20,1400,1,1,1,1,3,193
201600019330,16,7,28,715,1,2,6,1,7,220
201600019331,16,8,15,2030,2,1,1,1,6,220
201600019332,16,9,27,1615,1,2,4,1,3,211
201600019333,16,10,15,1215,1,1,2,1,1,94
201600019334,16,5,6,1415,1,2,1,1,1,314
201600019335,16,6,12,1130,1,1,6,3,3,245
201600019336,16,8,18,1645,1,1,1,1,6,68
201600019337,16,10,14,1100,1,1,1,3,7,131
201600019338,16,10,14,1600,1,1,1,3,4,184
201600019339,16,10,20,1645,1,1,1,1,1,269
201600019340,16,10,24,1530,1,1,1,1,6,77
201600019341,16,11,7,2015,3,1,1,1,5,86
201600019342,16,12,1,1800,3,1,1,1,5,291
201600019343,16,1,1,530,3,1,1,2,1,173
201600019344,16,5,8,815,1,1,6,1,3,208
201600019345,16,6,13,1815,1,1,1,1,1,208
201600019346,16,6,22,1745,1,1,1,1,2,208
201600019347,16,8,2,2115,2,1,4,1,7,256
201600019348,16,9,10,1030,1,2,1,1,1,256
201600019349,16,11,19,1145,1,1,1,1,1,663
201600019350,16,1,7,1315,1,1,1,1,5,587
201600019351,16,9,18,1015,1,1,1,1,1,662
201600019352,16,2,26,2000,3,1,1,1,1,258
201600019353,16,4,22,1800,1,1,3,1,3,448
201600019354,16,4,29,1730,1,1,1,1,6,510
201600019355,16,8,23,700,1,1,1,1,3,454
201600019356,16,8,29,2015,3,1,1,1,6,258
201600019357,16,9,10,2345,3,1,1,1,1,467
201600019358,16,10,29,1430,1,1,2,1,1,482
201600019359,16,11,12,1745,5,2,6,2,5,258
201600019360,16,11,14,1500,1,1,1,8,6,258
201600019361,16,1,27,45,3,1,1,2,3,158
201600019362,16,3,20,1745,1,1,9,1,3,164
201600019363,16,8,25,1815,1,1,3,1,3,164
201600019364,16,10,25,2130,5,2,1,8,3,164
201600019365,16,6,12,245,3,1,1,8,1,223
201600019366,16,6,14,1800,1,1,1,8,1,1
201600019367,16,2,13,1545,1,1,2,1,3,155
201600019368,16,5,16,1515,1,1,1,1,2,30
201600019369,16,12,26,1015,1,1,1,1,6,4
201600019370,16,11,20,1945,3,1,1,9,4,231
201600019371,16,3,19,1930,1,1,1,1,1,205
201600019372,16,7,17,1415,1,1,1,1,1,205
201600019373,16,7,21,2000,1,2,1,1,6,5
201600019374,16,8,4,1245,1,2,1,1,4,214
201600019375,16,1,8,815,3,1,1,8,2,34
201600019376,16,2,1,1730,1,2,1,1,6,34
201600019377,16,2,5,2000,3,1,1,1,6,233
201600019378,16,3,22,815,1,2,1,1,3,168
201600019379,16,6,20,1415,1,2,1,3,6,34
201600019380,16,8,18,215,5,2,1,1,3,34
201600019381,16,8,25,715,1,2,1,1,3,234
201600019382,16,9,4,245,4,2,1,1,1,234
201600019383,16,9,25,1145,1,1,1,1,3,234
201600019384,16,10,16,1415,1,2,6,1,3,34
201600019385,16,11,14,1230,1,1,1,1,1,168
201600019386,16,1,9,1515,1,1,1,2,3,36
201600019387,16,1,16,945,1,1,1,7,6,179
201600019388,16,1,19,1845,3,1,1,3,7,78
201600019389,16,1,30,315,3,1,1,2,6,63
201600019390,16,2,5,2145,5,2,2,1,3,185
201600019391,16,3,9,1000,1,1,1,2,1,78
201600019392,16,3,13,1515,1,1,1,1,1,185
201600019393,16,3,15,1945,3,1,1,1,7,78
201600019394,16,4,24,930,1,1,1,1,7,166
201600019395,16,5,6,30,3,1,1,1,1,26
201600019396,16,5,7,2000,1,1,1,1,6,185
201600019397,16,5,27,2045,2,1,9,1,6,166
201600019398,16,6,6,1800,1,2,1,1,3,185
201600019399,16,6,22,1615,1,1,1,1,3,36
201600019400,16,9,1,1500,1,1,1,1,7,78
201600019401,16,10,25,945,1,1,1,1,3,185
201600019402,16,10,29,1700,1,1,2,1,3,78
201600019403,16,11,18,2115,5,1,6,2,7,78
201600019404,16,11,24,2130,3,1,1,1,1,36
201600019405,16,6,5,915,1,2,1,1,1,13
201600019406,16,7,24,1800,1,1,1,1,2,119
201600019407,16,8,4,830,1,2,6,1,6,130
201600019408,16,12,9,1900,5,2,1,1,1,193
201600019409,16,12,21,1045,1,1,1,2,3,161
201600019410,16,12,21,1845,3,1,1,2,3,119
201600019411,16,4,25,745,1,1,1,1,1,80
201600019412,16,6,14,1030,1,1,1,1,1,122
201600019413,16,3,2,1230,1,1,1,1,5,228
201600019414,16,4,8,1830,1,1,1,1,6,159
201600019415,16,5,6,100,3,1,1,1,6,180
201600019416,16,7,4,1445,1,1,1,1,6,136
201600019417,16,7,7,1745,1,1,1,1,1,75
201600019418,16,7,10,1200,1,1,1,1,6,75
201600019419,16,7,25,1930,1,1,2,1,3,75
201600019420,16,10,25,530,3,1,1,5,2,6
201600019421,16,10,26,1745,1,1,1,1,1,6
201600019422,16,11,17,1745,5,2,1,3,6,124
201600019423,16,1,11,1400,1,1,1,2,5,27
201600019424,16,3,4,1745,1,1,1,4,1,236
201600019425,16,12,14,800,5,2,1,1,6,172
201600019426,16,6,26,930,1,1,2,1,3,141
201600019427,16,7,22,1900,1,1,1,8,1,74
201600019428,16,10,31,1015,1,2,1,1,6,117
201600019429,16,7,10,1600,1,1,1,2,1,81
201600019430,16,12,5,1600,1,1,1,1,1,57
201600019431,16,5,10,330,3,2,1,2,1,527
201600019432,16,11,19,1915,2,2,1,8,3,612
201600019433,16,12,7,1700,1,1,1,1,6,612
201600019434,16,8,15,1430,1,2,1,1,6,73
201600019435,16,8,23,1130,1,1,1,1,1,176
201600019436,16,10,24,1730,1,1,1,3,6,79
201600019437,16,10,25,1330,1,1,1,2,6,269
201600019438,16,12,16,1830,3,1,1,1,1,250
201600019439,16,1,6,1100,1,1,1,2,6,273
201600019440,16,4,9,2345,3,1,1,1,6,7
201600019441,16,8,26,1100,1,2,1,1,1,19
201600019442,16,12,3,1800,3,1,1,1,1,150
201600019443,16,11,21,1315,1,1,1,3,6,230
201600019444,16,2,9,1700,1,2,6,1,6,153
201600019445,16,11,8,1715,1,2,1,1,1,153
201600019446,16,1,9,15,3,1,1,2,7,177
201600019447,16,2,15,1630,1,1,1,1,3,94
201600019448,16,2,28,1515,1,2,1,1,6,90
201600019449,16,5,17,800,1,1,1,1,6,94
201600019450,16,5,23,1430,1,1,1,1,6,101
201600019451,16,6,17,1645,1,2,6,1,6,177
201600019452,16,8,24,1700,1,1,1,1,6,177
201600019453,16,8,25,2300,3,1,1,1,2,21
201600019454,16,8,31,1630,1,1,1,1,3,90