Num_Acc,an,mois,jour,hrmn,lum,agg,int,atm,col,com
201600019455,16,9,5,1000,1,1,1,1,1,177
201600019456,16,2,2,1415,5,1,1,2,6,233
201600019457,16,2,16,1045,1,2,1,7,6,464
201600019458,16,12,24,1145,1,1,1,8,3,99
201600019459,16,11,6,600,3,1,9,2,6,562
201600019460,16,6,5,1930,1,1,1,1,1,604
201600019461,16,3,24,1130,1,1,1,1,1,372
201600019462,16,2,19,1315,1,1,1,1,2,627
201600019463,16,3,19,445,3,1,1,1,6,435
201600019464,16,11,26,930,1,1,1,8,6,387
201600019465,16,1,5,1915,3,1,1,2,1,381
201600019466,16,7,31,1945,1,2,1,1,6,380
201600019467,16,10,24,1115,1,1,1,1,6,380
201600019468,16,12,1,1730,3,1,1,1,7,50
201600019469,16,6,21,715,1,2,1,2,3,331
201600019470,16,9,27,1300,1,1,1,1,3,28
201600019471,16,9,27,515,5,1,1,1,2,576
201600019472,16,9,29,2215,5,2,6,1,6,347
201600019473,16,1,8,915,1,2,1,9,5,170
201600019474,16,8,20,2345,3,1,1,2,7,268
201600019475,16,9,30,1715,1,2,1,8,6,773
201600019476,16,10,28,1500,1,1,1,1,6,268
201600019477,16,5,5,1200,1,1,1,1,1,370
201600019478,16,1,11,845,1,1,1,1,3,617
201600019479,16,2,9,1,3,1,1,1,1,617
201600019480,16,2,19,1745,1,2,1,1,6,573
201600019481,16,5,9,1715,1,2,1,1,1,573
201600019482,16,6,9,830,1,1,1,1,1,617
201600019483,16,8,20,1500,1,2,1,1,3,573
201600019484,16,11,25,1830,5,2,1,1,1,600
201600019485,16,3,17,800,1,1,1,1,5,679
201600019486,16,4,14,1830,1,1,6,2,3,679
201600019487,16,5,14,830,1,2,1,1,6,272
201600019488,16,6,12,1830,1,2,6,2,7,679
201600019489,16,6,15,1500,1,1,1,1,1,538
201600019490,16,6,28,1900,1,1,1,7,3,679
201600019491,16,7,28,815,1,2,2,1,3,272
201600019492,16,10,11,1630,1,2,7,1,6,272
201600019493,16,11,10,1400,1,1,1,2,1,679
201600019494,16,11,30,2030,3,2,1,1,2,538
201600019495,16,5,6,1900,1,1,1,1,3,652
201600019496,16,5,28,1200,1,2,1,1,6,652
201600019497,16,7,10,530,2,1,1,1,5,214
201600019498,16,10,2,1630,1,1,1,1,6,55
201600019499,16,10,19,1000,1,1,1,1,6,365
201600019500,16,1,7,1145,1,2,1,2,6,461
201600019501,16,2,9,930,1,1,1,6,4,261
201600019502,16,3,14,800,1,2,1,1,6,387
201600019503,16,5,27,1745,1,1,1,1,3,387
201600019504,16,8,19,2215,3,1,9,2,1,399
201600019505,16,12,3,1430,1,2,9,1,7,66
201600019506,16,12,12,1900,5,2,1,2,2,399
201600019507,16,12,23,2300,3,1,1,6,7,66
201600019508,16,6,9,1200,1,1,3,1,3,161
201600019509,16,8,13,2000,1,1,1,1,2,605
201600019510,16,10,16,611,3,1,1,5,6,218
201600019511,16,12,15,1735,5,2,1,1,6,655
201600019512,16,10,16,1615,1,1,1,1,6,142
201600019513,16,10,18,1135,1,1,1,1,1,482
201600019514,16,11,22,1630,2,1,2,3,3,482
201600019515,16,11,24,715,2,1,1,8,2,28
201600019516,16,7,31,845,1,1,1,1,7,97
201600019517,16,11,12,1745,2,2,1,1,5,97
201600019518,16,11,17,845,1,1,1,1,7,154
201600019519,16,12,13,1840,3,1,1,1,1,70
201600019520,16,4,12,900,1,1,1,2,5,490
201600019521,16,10,26,1720,1,1,1,1,2,59
201600019522,16,11,13,2000,4,1,1,3,7,40
201600019523,16,12,1,1630,1,1,1,1,6,448
201600019524,16,12,14,1500,1,2,1,1,6,126
201600019525,16,12,23,1015,1,1,1,1,6,236
201600019526,16,10,28,830,2,1,1,5,6,560
201600019527,16,10,28,1230,1,1,1,1,2,398
201600019528,16,12,8,1100,1,2,3,1,6,483
201600019529,16,12,9,1225,1,1,1,1,5,198
201600019530,16,12,14,1250,1,2,1,1,6,483
201600019531,16,12,25,1725,5,2,1,2,7,311
201600019532,16,11,17,2300,3,1,1,2,6,321
201600019533,16,11,24,1708,3,1,1,1,6,374
201600019534,16,11,28,1200,1,1,1,1,6,564
201600019535,16,12,1,1230,1,1,1,1,7,382
201600019536,16,12,24,2250,3,1,1,1,6,564
201600019537,16,9,25,115,5,2,1,1,6,168
201600019538,16,10,31,1430,1,1,3,1,3,163
201600019539,16,11,13,2120,3,1,1,2,6,315
201600019540,16,12,2,800,2,1,1,2,6,618
201600019541,16,12,2,800,2,2,1,5,7,742
201600019542,16,12,6,1900,5,2,6,1,2,540
201600019543,16,12,30,2000,3,1,3,5,3,114
201600019544,16,12,3,300,5,2,1,1,6,499
201600019545,16,1,1,2145,5,1,1,2,6,89
201600019546,16,6,8,2230,1,1,1,1,1,195
201600019547,16,6,8,2245,3,1,1,2,6,89
201600019548,16,9,20,1245,1,1,1,1,6,89
201600019549,16,12,5,1310,1,1,1,5,3,89
201600019550,16,12,7,1030,1,1,1,1,5,541
201600019551,16,12,14,1350,1,2,1,1,6,732
201600019552,16,11,19,230,5,2,1,1,6,269
201600019553,16,4,5,2145,3,1,2,1,5,173
201600019554,16,7,14,900,1,2,1,1,1,24
201600019555,16,8,10,2115,1,2,1,1,6,173
201600019556,16,8,28,2015,1,2,1,1,3,24
201600019557,16,9,2,1145,1,1,1,1,6,24
201600019558,16,10,16,2230,3,1,1,9,7,173
201600019559,16,11,15,805,5,2,1,2,6,24
201600019560,16,12,11,530,3,1,1,1,6,173
201600019561,16,12,10,1345,1,1,1,1,7,24
201600019562,16,12,19,800,2,1,2,8,3,173
201600019563,16,5,10,1845,1,2,1,1,1,588
201600019564,16,3,28,1400,1,1,1,1,7,71
201600019565,16,4,17,2015,1,1,6,1,7,9
201600019566,16,8,27,1915,1,1,6,1,7,9
201600019567,16,10,13,730,3,1,1,1,6,9
201600019568,16,3,24,2345,3,1,1,1,1,180
201600019569,16,4,27,530,3,1,1,1,5,180
201600019570,16,5,14,1230,1,1,1,1,2,207
201600019571,16,7,11,1445,1,1,1,1,1,180
201600019572,16,10,11,2030,5,1,1,1,6,3
201600019573,16,7,25,1800,1,2,1,1,2,792
201600019574,16,9,5,1100,1,1,1,2,1,792
201600019575,16,10,16,1730,1,1,3,2,3,452
201600019576,16,1,11,600,2,2,1,8,3,116
201600019577,16,2,4,1530,1,1,1,1,3,140
201600019578,16,2,4,2230,5,2,1,1,6,21
201600019579,16,2,29,930,1,1,1,1,1,87
201600019580,16,4,14,315,3,1,1,2,6,116
201600019581,16,6,11,915,1,1,1,1,2,87
201600019582,16,6,14,1645,1,1,1,1,7,140
201600019583,16,6,15,1815,1,1,1,3,7,87
201600019584,16,6,15,1945,1,1,1,1,1,87
201600019585,16,6,30,1215,1,1,1,1,6,125
201600019586,16,7,7,1545,1,1,1,1,1,140
201600019587,16,7,26,1900,1,1,1,1,1,97
201600019588,16,12,6,1345,1,2,1,1,1,93
201600019589,16,1,15,1545,1,1,1,1,7,26
201600019590,16,4,9,2100,3,1,1,1,6,73
201600019591,16,6,1,1015,1,2,6,1,6,31
201600019592,16,6,11,2115,3,1,1,1,6,57
201600019593,16,7,23,930,1,1,1,1,1,73
201600019594,16,7,24,1045,1,1,1,1,1,73
201600019595,16,7,30,930,1,2,7,1,6,18
201600019596,16,9,28,1345,1,1,1,1,3,92
201600019597,16,10,5,1445,1,1,1,1,6,73
201600019598,16,11,2,1545,2,1,1,1,3,73
201600019599,16,11,14,130,3,1,1,2,6,31
201600019600,16,12,1,1715,2,2,1,1,1,73
201600019601,16,3,27,1200,1,1,2,8,1,199
201600019602,16,4,10,1945,2,2,1,1,1,163
201600019603,16,4,15,2230,5,1,1,8,2,48
201600019604,16,4,13,1915,1,2,2,3,3,210
201600019605,16,6,16,1945,1,1,2,1,3,25
201600019606,16,6,24,1745,1,2,1,1,3,105
201600019607,16,6,29,1900,1,2,4,1,3,48
201600019608,16,7,2,115,5,2,3,2,3,105
201600019609,16,7,1,1045,1,1,4,1,3,48
201600019610,16,7,18,830,1,2,1,1,5,263
201600019611,16,8,5,1515,1,1,1,2,3,25
201600019612,16,8,27,350,3,2,3,1,6,70
201600019613,16,9,3,1815,1,1,1,1,1,263
201600019614,16,9,22,1245,1,2,4,1,3,70
201600019615,16,9,27,645,2,1,1,1,2,171
201600019616,16,10,3,645,2,2,2,1,2,180
201600019617,16,10,3,1800,1,2,3,1,3,105
201600019618,16,10,9,1800,1,1,1,1,6,157
201600019619,16,12,18,1915,1,1,3,1,1,48
201600019620,16,1,21,1015,1,1,1,5,3,139
201600019621,16,1,27,1745,2,1,1,1,6,295
201600019622,16,4,10,1415,1,1,1,1,1,449
201600019623,16,4,19,2245,3,1,1,1,1,449
201600019624,16,4,21,1015,1,1,1,3,6,59
201600019625,16,4,30,30,3,1,1,1,6,29
201600019626,16,6,20,1700,1,2,2,1,7,294
201600019627,16,8,9,1330,1,1,1,1,7,444
201600019628,16,10,3,1645,1,1,1,1,6,462
201600019629,16,11,2,730,2,1,1,1,6,139
201600019630,16,1,15,900,1,2,1,1,6,309
201600019631,16,1,17,1500,1,1,1,1,1,217
201600019632,16,1,31,1345,1,2,1,8,6,118
201600019633,16,3,25,1645,1,1,1,1,5,169
201600019634,16,3,31,1715,1,2,1,1,2,217
201600019635,16,6,24,1915,1,2,1,1,3,120
201600019636,16,7,8,1945,1,1,1,1,1,118
201600019637,16,7,25,1200,1,1,1,1,2,118
201600019638,16,9,5,1215,1,1,6,1,1,120
201600019639,16,9,14,1815,1,1,1,1,6,217
201600019640,16,10,5,1600,1,1,1,1,5,309
201600019641,16,10,20,1300,1,2,1,1,3,169
201600019642,16,10,28,1600,1,2,7,7,6,120
201600019643,16,1,4,1000,1,2,1,8,6,291
201600019644,16,10,31,1515,1,2,1,1,7,113
201600019645,16,11,3,1940,5,2,1,1,1,15
201600019646,16,11,13,1100,1,2,1,2,6,166
201600019647,16,12,17,1750,3,2,3,1,1,358
201600019648,16,12,27,2155,5,2,3,1,1,113
201600019649,16,12,22,1730,2,1,1,1,1,291
201600019650,16,12,5,1405,1,2,1,1,6,15
201600019651,16,12,2,1856,5,2,1,1,1,166
201600019652,16,1,30,1345,1,2,1,1,6,15
201600019653,16,3,9,145,3,1,1,1,6,113
201600019654,16,3,12,1750,2,2,1,1,6,15
201600019655,16,1,14,745,2,2,1,1,6,15
201600019656,16,1,13,830,2,1,1,8,7,113
201600019657,16,1,13,830,2,1,1,8,7,271
201600019658,16,2,19,645,3,1,1,1,7,374
201600019659,16,4,26,1058,1,1,1,2,4,113
201600019660,16,4,21,1620,1,2,1,3,6,15
201600019661,16,3,23,1430,1,2,6,1,3,15
201600019662,16,5,26,1910,1,1,1,1,6,113
201600019663,16,5,19,2020,1,2,1,1,7,15
201600019664,16,5,21,500,3,2,1,1,6,15
201600019665,16,3,15,830,2,2,1,1,6,15
201600019666,16,6,2,1226,1,2,1,1,6,15
201600019667,16,6,3,1455,1,1,1,1,6,374
201600019668,16,6,8,1100,1,2,1,1,3,166
201600019669,16,4,3,350,5,2,1,1,6,15
201600019670,16,6,16,1735,1,1,1,1,1,15
201600019671,16,9,4,1800,1,2,1,1,6,166
201600019672,16,5,30,1000,1,2,1,1,5,341
201600019673,16,5,15,1530,1,2,1,1,6,15
201600019674,16,9,16,1810,1,1,1,1,1,291
201600019675,16,9,10,645,2,2,1,1,1,154
201600019676,16,10,8,1450,1,2,1,1,7,15
201600019677,16,10,5,2130,5,2,1,1,7,15
201600019678,16,10,11,1350,1,2,1,1,3,15
201600019679,16,7,3,1800,1,2,1,1,2,15
201600019680,16,8,20,714,1,2,1,1,6,15
201600019681,16,8,20,745,1,2,6,1,6,15
201600019682,16,8,2,1330,1,2,1,1,6,374
201600019683,16,10,25,1740,1,1,1,2,1,271
201600019684,16,11,25,2230,5,2,1,8,1,15
201600019685,16,9,6,1834,2,2,1,1,6,15
201600019686,16,11,12,1655,2,2,1,1,6,15
201600019687,16,12,19,1840,5,2,1,1,6,15
201600019688,16,12,16,1040,1,2,1,1,6,89
201600019689,16,4,19,1515,1,2,6,1,3,89
201600019690,16,5,30,755,1,2,1,2,3,102
201600019691,16,6,17,2315,5,2,2,1,3,102
201600019692,16,6,20,1550,1,2,1,1,5,89
201600019693,16,7,5,1355,1,2,1,1,1,89
201600019694,16,8,22,1105,1,2,4,1,3,102
201600019695,16,9,4,1130,1,2,6,1,3,89
201600019696,16,9,26,800,2,2,3,1,3,102
201600019697,16,10,5,1320,1,2,2,1,6,102
201600019698,16,10,6,1745,2,2,1,1,6,102
201600019699,16,11,21,815,2,2,2,1,3,102
201600019700,16,5,24,1715,1,1,1,1,1,69
201600019701,16,8,12,2300,3,1,1,1,6,69
201600019702,16,12,12,1545,1,1,3,1,3,425
201600019703,16,7,7,645,1,2,1,1,3,100
201600019704,16,7,22,2245,4,2,1,8,6,100
201600019705,16,9,11,700,1,2,1,1,7,260
201600019706,16,10,25,1820,2,2,1,2,6,260
201600019707,16,3,5,1700,1,2,3,1,3,335
201600019708,16,2,4,1600,1,2,6,1,6,189
201600019709,16,6,5,1630,1,1,1,1,7,186
201600019710,16,12,17,45,4,1,1,2,7,189
201600019711,16,1,23,1100,1,2,1,1,1,471
201600019712,16,8,18,1954,1,1,1,1,7,71
201600019713,16,12,3,1655,1,2,6,1,7,449
201600019714,16,2,11,715,5,2,1,2,6,299
201600019715,16,12,14,1505,1,2,1,1,6,299
201600019716,16,3,19,1410,1,1,1,1,2,299
201600019717,16,12,26,1755,5,2,2,1,3,299
201600019718,16,4,2,1030,1,2,3,1,3,449
201600019719,16,12,30,1140,1,2,1,1,6,449
201600019720,16,4,8,1055,1,2,1,1,2,299
201600019721,16,4,15,1525,1,2,1,1,3,299
201600019722,16,5,14,1715,1,2,1,1,2,299
201600019723,16,5,25,1105,1,2,2,1,3,299
201600019724,16,5,28,2110,1,2,1,1,7,449
201600019725,16,5,31,855,1,2,1,1,3,449
201600019726,16,6,12,1955,1,2,2,1,3,299
201600019727,16,6,13,2150,2,2,2,1,7,299
201600019728,16,7,5,1935,1,2,1,1,7,449
201600019729,16,7,7,1535,1,2,2,1,3,299
201600019730,16,7,9,830,1,2,1,1,7,299
201600019731,16,7,11,1730,1,1,1,1,2,299
201600019732,16,7,30,1720,1,2,1,1,7,299
201600019733,16,8,16,1940,1,2,2,1,3,299
201600019734,16,8,10,1930,1,1,1,1,1,449
201600019735,16,9,3,1635,1,1,1,1,7,449
201600019736,16,9,23,1220,1,2,1,1,2,299
201600019737,16,10,5,1250,1,2,1,1,6,299
201600019738,16,10,13,400,5,2,6,1,7,299
201600019739,16,10,15,1630,1,2,1,1,7,299
201600019740,16,11,9,135,5,2,1,3,7,299
201600019741,16,11,9,1110,1,2,1,2,6,299
201600019742,16,11,25,1715,2,1,1,1,1,299
201600019743,16,12,2,825,2,2,1,1,7,449
201600019744,16,12,30,135,5,2,2,1,6,300
201600019745,16,1,1,1657,1,2,1,1,3,300
201600019746,16,12,31,1811,3,1,1,1,2,291
201600019747,16,1,3,1900,4,1,1,3,4,291
201600019748,16,1,3,2000,4,1,1,3,2,291
201600019749,16,1,3,2000,5,1,1,3,4,291
201600019750,16,1,4,710,4,2,1,2,7,300
201600019751,16,1,4,1830,5,2,2,2,6,300
201600019752,16,1,6,1115,1,2,1,1,6,300
201600019753,16,1,6,2025,5,2,2,2,3,300
201600019754,16,1,7,800,2,2,1,2,7,300
201600019755,16,1,7,1500,1,2,1,1,6,300
201600019756,16,1,8,1350,1,2,1,2,2,300
201600019757,16,1,10,1326,1,2,2,2,3,300
201600019758,16,1,12,1840,5,2,1,3,1,200
201600019759,16,1,14,745,5,1,1,1,7,291
201600019760,16,1,19,1730,1,2,2,1,6,291
201600019761,16,1,20,1220,1,1,1,1,2,28
201600019762,16,1,23,2130,5,2,1,1,6,300
201600019763,16,1,25,1515,1,1,1,1,4,300
201600019764,16,1,26,1740,1,1,1,1,6,300
201600019765,16,1,27,110,5,2,1,1,2,28
201600019766,16,1,28,800,2,2,2,2,3,300
201600019767,16,1,31,1900,5,2,1,1,6,274
201600019768,16,2,1,1135,1,2,1,1,5,28
201600019769,16,2,2,950,1,2,1,1,2,300
201600019770,16,2,2,1840,5,1,1,2,2,291
201600019771,16,2,2,1850,5,2,6,2,6,28
201600019772,16,2,3,800,1,2,3,2,3,300
201600019773,16,2,3,1946,2,2,1,1,2,291
201600019774,16,2,5,1147,1,2,1,1,6,200
201600019775,16,2,6,937,1,2,1,2,7,291
201600019776,16,2,6,2310,5,1,1,1,6,300
201600019777,16,2,8,2024,5,2,2,1,3,300
201600019778,16,2,9,1415,1,2,2,1,6,300
201600019779,16,2,10,1010,1,2,1,2,6,200
201600019780,16,2,11,430,5,2,1,2,2,300
201600019781,16,2,11,1900,1,2,1,1,1,291
201600019782,16,2,12,950,1,2,1,1,6,300
201600019783,16,2,12,1630,1,2,1,1,6,300
201600019784,16,2,12,1715,1,2,1,1,2,300
201600019785,16,2,22,1920,5,2,1,2,3,300
201600019786,16,2,28,430,5,2,1,1,6,300
201600019787,16,3,1,1910,2,1,1,1,7,28
201600019788,16,3,2,800,1,2,1,2,3,300
201600019789,16,3,2,1750,1,2,1,1,3,200
201600019790,16,3,3,1148,1,1,1,1,7,274
201600019791,16,3,4,1615,1,2,1,1,2,200
201600019792,16,3,9,1810,1,2,1,2,1,274
201600019793,16,3,16,805,1,2,1,1,3,28
201600019794,16,3,16,1720,1,2,1,1,6,300
201600019795,16,3,18,1250,1,2,1,1,2,300
201600019796,16,3,21,1605,1,2,1,1,6,300
201600019797,16,3,24,1550,1,2,2,1,3,300
201600019798,16,3,27,1740,1,2,1,2,2,300
201600019799,16,3,27,1840,1,2,6,1,3,300
201600019800,16,4,1,1740,1,2,1,1,2,300
201600019801,16,4,1,2220,5,2,1,1,5,300
201600019802,16,4,3,1620,1,1,1,1,2,291
201600019803,16,4,3,2325,5,2,1,2,6,200
201600019804,16,4,4,900,1,2,1,1,4,300
201600019805,16,4,4,1735,1,2,1,2,6,300
201600019806,16,4,6,745,1,2,6,1,6,300
201600019807,16,4,6,1525,1,2,2,1,6,300
201600019808,16,4,10,620,3,1,1,1,2,291
201600019809,16,4,11,1200,1,2,1,1,2,300
201600019810,16,4,12,130,5,2,1,1,6,300
201600019811,16,4,12,1250,1,2,3,1,3,300
201600019812,16,4,12,1810,1,2,1,1,4,300
201600019813,16,4,12,1910,1,2,3,1,6,300
201600019814,16,4,13,1810,1,2,1,1,4,300
201600019815,16,4,14,945,1,2,1,1,6,300
201600019816,16,4,14,1915,1,2,1,2,6,300
201600019817,16,4,15,525,1,2,1,1,6,200
201600019818,16,4,15,1440,1,2,3,1,1,300
201600019819,16,4,16,853,1,2,3,1,3,300
201600019820,16,4,18,950,1,2,3,1,3,300
201600019821,16,4,23,1945,1,1,1,1,1,300
201600019822,16,5,3,1854,1,2,1,1,1,300
201600019823,16,5,3,1905,1,2,1,1,1,300
201600019824,16,5,3,2340,3,1,1,1,6,291
201600019825,16,5,6,1129,1,2,1,1,3,300
201600019826,16,5,9,1639,1,2,1,1,1,291
201600019827,16,5,11,155,5,2,1,1,6,300
201600019828,16,5,16,2140,5,2,1,1,7,300
201600019829,16,5,17,955,1,2,1,1,2,300
201600019830,16,5,18,1505,1,2,1,2,2,300
201600019831,16,5,20,2210,1,1,2,1,3,300
201600019832,16,5,22,1,5,2,1,1,6,300
201600019833,16,5,23,805,1,2,1,1,7,300
201600019834,16,5,23,910,1,2,1,1,3,300
201600019835,16,5,23,1839,2,2,1,1,1,300
201600019836,16,5,24,820,1,2,1,1,4,274
201600019837,16,5,26,1400,1,2,1,1,6,274
201600019838,16,5,27,855,1,1,1,1,3,274
201600019839,16,5,27,1025,1,2,1,1,3,291
201600019840,16,5,29,2145,5,2,1,1,7,300
201600019841,16,5,31,1658,1,1,1,1,2,28
201600019842,16,6,3,1040,1,2,1,1,3,300
201600019843,16,6,3,1453,1,2,1,1,3,300
201600019844,16,6,6,1825,1,2,1,1,3,28
201600019845,16,6,8,1720,1,1,1,1,6,300
201600019846,16,6,8,2000,1,2,2,1,3,300
201600019847,16,6,10,1205,1,2,1,1,1,300
201600019848,16,6,11,1605,1,2,1,1,2,300
201600019849,16,6,13,1328,1,1,1,1,2,28
201600019850,16,6,13,1840,1,2,1,1,6,300
201600019851,16,6,16,1615,1,2,1,1,2,300
201600019852,16,6,17,1430,1,2,2,1,3,300
201600019853,16,6,19,1620,1,2,2,1,3,300
201600019854,16,6,20,1035,1,2,1,1,2,300
201600019855,16,6,21,1335,1,2,1,1,5,300
201600019856,16,6,21,2350,5,2,2,1,3,300
201600019857,16,6,23,145,5,2,1,1,6,28
201600019858,16,6,23,1650,1,2,1,1,3,300
201600019859,16,6,23,1840,1,2,2,1,3,300
201600019860,16,6,24,910,1,2,2,1,3,300
201600019861,16,6,25,1200,1,2,2,1,3,300
201600019862,16,6,25,1530,1,2,2,1,3,300
201600019863,16,6,26,530,5,2,1,1,6,300
201600019864,16,6,28,910,1,2,1,1,2,291
201600019865,16,6,28,1211,1,2,3,2,3,300
201600019866,16,6,28,1300,1,2,2,2,1,300
201600019867,16,6,28,1733,1,1,1,1,4,28
201600019868,16,6,28,2340,5,1,1,1,5,291
201600019869,16,7,1,923,1,2,1,1,6,291
201600019870,16,7,3,1530,1,2,1,1,6,300
201600019871,16,7,5,1640,1,1,1,1,4,291
201600019872,16,7,5,1909,1,2,1,1,3,300
201600019873,16,7,6,830,1,2,1,1,3,200
201600019874,16,7,6,1625,1,2,3,1,3,300
201600019875,16,7,8,1007,1,2,1,1,3,300
201600019876,16,7,14,1730,1,2,1,1,6,300
201600019877,16,7,16,1032,1,1,1,1,6,300
201600019878,16,7,17,300,5,2,1,1,6,300
201600019879,16,7,17,405,5,1,1,1,2,291
201600019880,16,7,17,1215,1,2,1,1,4,300
201600019881,16,7,18,1640,1,2,1,1,3,291
201600019882,16,7,21,1835,1,2,6,1,6,300
201600019883,16,7,21,1830,1,1,1,1,1,274
201600019884,16,7,25,1945,1,2,1,1,7,300
201600019885,16,7,26,1311,1,2,2,1,3,300
201600019886,16,7,26,1415,1,2,4,1,3,300
201600019887,16,7,26,1418,1,2,2,1,3,300
201600019888,16,7,30,1055,1,2,1,1,3,300
201600019889,16,8,1,1455,1,2,1,1,2,300
201600019890,16,8,2,1415,1,1,1,1,2,300
201600019891,16,8,2,1945,1,2,2,1,3,300
201600019892,16,8,3,1109,1,2,1,1,2,200
201600019893,16,8,4,1840,1,2,2,1,3,300
201600019894,16,8,9,1559,1,2,1,1,6,300
201600019895,16,8,10,800,1,1,1,1,2,28
201600019896,16,8,11,2155,5,2,2,1,3,300
201600019897,16,8,22,1832,1,2,3,1,3,300
201600019898,16,8,22,1951,1,2,6,1,6,300
201600019899,16,8,24,1556,1,2,1,1,6,300
201600019900,16,8,27,1242,1,2,1,1,6,291
201600019901,16,8,28,1847,1,2,1,1,6,300
201600019902,16,8,29,1220,1,2,3,1,2,300
201600019903,16,8,30,1110,1,2,1,1,2,28
201600019904,16,8,30,1908,1,2,1,1,3,300
201600019905,16,8,30,2215,5,2,3,1,3,28
201600019906,16,9,2,906,1,2,2,1,6,300
201600019907,16,9,4,1507,1,1,1,1,2,300
201600019908,16,9,4,2150,5,2,1,1,7,300
201600019909,16,9,4,2300,5,2,1,1,6,300
201600019910,16,9,6,815,1,2,1,1,2,300
201600019911,16,9,6,1810,1,2,1,1,7,200
201600019912,16,9,10,1751,1,2,9,1,3,300
201600019913,16,9,11,1824,1,1,1,1,6,200
201600019914,16,9,15,2350,5,2,1,1,7,300
201600019915,16,9,15,1633,1,2,2,1,2,300
201600019916,16,9,23,1640,1,2,3,1,3,300
201600019917,16,9,23,1822,1,1,1,1,4,300
201600019918,16,9,24,345,5,2,1,1,6,28
201600019919,16,9,24,1700,1,2,1,1,7,300
201600019920,16,9,25,50,5,2,1,1,2,300
201600019921,16,9,25,1400,1,2,1,1,3,300
201600019922,16,9,27,2100,5,2,3,1,3,300
201600019923,16,9,28,1122,1,2,1,1,3,300
201600019924,16,9,28,2340,5,2,1,1,6,300
201600019925,16,9,29,851,1,2,2,1,3,300
201600019926,16,9,30,1320,1,2,1,1,6,300
201600019927,16,10,2,550,2,2,1,1,7,300
201600019928,16,10,2,1620,1,2,2,1,3,300
201600019929,16,10,4,1345,1,2,3,1,3,300
201600019930,16,10,5,800,1,2,1,1,6,300
201600019931,16,10,5,1725,1,2,1,1,3,300
201600019932,16,10,6,1538,1,2,2,1,1,300
201600019933,16,10,6,1719,1,1,1,1,6,28
201600019934,16,10,7,1721,1,1,1,1,2,291
201600019935,16,10,7,1819,1,1,1,1,2,28
201600019936,16,10,8,2300,5,2,1,1,6,300
201600019937,16,10,11,1705,1,2,1,1,6,300
201600019938,16,10,12,1200,1,2,2,1,6,300
201600019939,16,10,12,1846,1,2,2,1,6,300
201600019940,16,10,14,1815,1,2,3,1,3,300
201600019941,16,10,14,2330,5,2,1,1,6,200
201600019942,16,10,15,1630,1,1,6,1,3,291
201600019943,16,10,16,340,5,2,1,1,6,300
201600019944,16,10,17,915,1,2,6,1,3,300
201600019945,16,10,17,1730,1,2,2,1,1,300
201600019946,16,10,18,1825,1,2,1,1,6,300
201600019947,16,10,20,820,1,2,1,1,6,300
201600019948,16,10,22,1740,1,1,6,1,6,274
201600019949,16,10,24,935,1,1,1,2,6,300
201600019950,16,10,26,1630,1,2,4,1,3,300
201600019951,16,10,28,900,1,2,1,1,7,300
201600019952,16,11,2,920,1,2,2,1,6,300
201600019953,16,11,2,1653,1,2,1,1,2,28
201600019954,16,11,4,2100,5,2,1,2,3,300
201600019955,16,11,5,1725,1,2,3,1,3,300
201600019956,16,11,5,2310,5,2,2,1,3,300
201600019957,16,11,6,2145,5,2,2,1,1,300
201600019958,16,11,6,2216,5,1,1,1,6,291
201600019959,16,11,8,1015,1,1,4,1,4,200
201600019960,16,11,9,834,2,2,2,6,3,300
201600019961,16,11,9,1713,1,2,2,1,3,300
201600019962,16,11,13,1020,1,2,2,1,2,200
201600019963,16,11,16,1806,5,2,1,1,6,300
201600019964,16,11,17,1837,5,2,1,1,6,300
201600019965,16,11,18,749,5,2,1,2,6,300
201600019966,16,11,18,756,5,2,1,1,3,300
201600019967,16,11,18,831,1,1,1,1,4,291
201600019968,16,11,18,1749,2,2,1,2,2,200
201600019969,16,11,20,2320,5,2,1,2,3,300
201600019970,16,11,23,2235,5,2,1,2,6,300
201600019971,16,11,24,1116,1,1,1,2,3,28
201600019972,16,11,24,1802,5,2,1,1,6,300
201600019973,16,11,25,855,1,2,1,1,3,300
201600019974,16,11,27,2040,5,1,1,1,1,28
201600019975,16,11,25,1230,1,1,1,1,3,28
201600019976,16,11,30,810,1,2,1,1,3,300
201600019977,16,12,1,430,1,1,1,1,5,291
201600019978,16,12,3,539,3,1,1,9,7,200
201600019979,16,12,4,1105,1,2,2,1,3,300
201600019980,16,12,5,1532,1,2,1,1,2,291
201600019981,16,12,7,1535,1,2,1,1,6,28
201600019982,16,12,9,921,1,2,2,1,3,200
201600019983,16,12,10,2240,5,2,2,1,3,300
201600019984,16,12,12,1157,1,2,1,1,3,291
201600019985,16,12,12,1532,1,1,1,1,7,291
201600019986,16,12,12,1647,1,2,1,1,6,200
201600019987,16,12,15,1552,1,2,1,1,3,300
201600019988,16,12,16,130,5,2,1,2,7,300
201600019989,16,12,16,1057,1,2,1,1,3,300
201600019990,16,12,16,1906,5,2,1,1,2,300
201600019991,16,12,22,1,5,2,1,3,2,300