Num_Acc,an,mois,jour,hrmn,lum,agg,int,atm,col,com
201600019992,16,12,22,1355,1,2,1,2,3,300
201600019993,16,12,29,1135,1,2,1,1,3,300
201600019994,16,11,2,1805,1,2,1,1,6,306
201600019995,16,11,23,820,1,2,6,1,6,333
201600019996,16,10,5,140,5,2,1,1,6,306
201600019997,16,1,3,1235,1,2,1,1,6,380
201600019998,16,1,8,1810,5,2,1,1,6,306
201600019999,16,1,8,2259,5,2,1,1,6,461
201600020000,16,1,12,1434,1,2,3,1,3,306
201600020001,16,1,15,1145,1,2,1,1,6,306
201600020002,16,1,18,1150,1,2,6,1,6,306
201600020003,16,1,15,1215,1,2,1,1,2,306
201600020004,16,2,2,1650,1,2,1,1,2,306
201600020005,16,2,5,1305,1,1,1,1,6,461
201600020006,16,2,12,1057,1,2,1,1,6,306
201600020007,16,2,14,35,3,1,1,1,1,306
201600020008,16,3,1,1515,1,2,1,1,3,306
201600020009,16,4,5,2145,5,2,2,1,3,461
201600020010,16,4,11,1500,1,2,2,1,3,306
201600020011,16,4,17,1140,1,1,1,1,3,380
201600020012,16,4,24,1340,1,2,1,1,1,306
201600020013,16,5,4,1001,1,1,1,1,6,333
201600020014,16,5,8,1215,1,2,1,1,6,306
201600020015,16,5,8,2239,5,2,1,1,7,306
201600020016,16,5,11,1040,1,2,2,1,3,306
201600020017,16,5,15,1922,1,2,1,1,5,461
201600020018,16,5,19,2311,3,2,1,1,6,380
201600020019,16,5,21,1045,1,2,3,1,6,333
201600020020,16,5,21,1303,1,2,6,1,3,306
201600020021,16,6,5,745,2,2,1,1,6,306
201600020022,16,6,9,1650,1,1,1,1,1,380
201600020023,16,6,9,1720,1,2,1,1,2,306
201600020024,16,6,19,1025,1,2,1,1,6,306
201600020025,16,6,21,1130,1,2,1,1,7,306
201600020026,16,6,22,1810,1,2,3,1,3,306
201600020027,16,6,30,1830,1,2,1,1,2,306
201600020028,16,7,4,2155,1,2,5,1,1,306
201600020029,16,7,9,755,1,2,1,1,2,306
201600020030,16,7,11,725,1,1,2,1,3,380
201600020031,16,7,12,220,5,1,1,1,1,380
201600020032,16,7,12,2240,5,1,1,1,4,306
201600020033,16,7,17,1630,1,1,1,1,4,333
201600020034,16,7,19,1110,1,2,1,1,6,306
201600020035,16,7,19,1130,1,2,1,1,6,306
201600020036,16,7,20,2345,5,2,6,1,6,461
201600020037,16,7,22,1025,1,1,1,1,2,306
201600020038,16,7,31,1245,1,1,1,1,3,306
201600020039,16,8,2,1625,1,1,1,1,1,380
201600020040,16,8,3,1458,1,2,1,1,6,380
201600020041,16,8,4,2340,5,2,1,1,2,306
201600020042,16,8,5,1830,1,2,6,1,3,306
201600020043,16,8,8,1754,1,2,1,1,2,306
201600020044,16,8,8,1815,1,2,1,1,2,306
201600020045,16,8,9,1750,1,2,1,1,3,306
201600020046,16,8,12,1045,1,1,1,1,3,380
201600020047,16,8,15,2350,5,2,1,1,3,306
201600020048,16,8,20,1050,1,2,1,1,6,380
201600020049,16,8,22,918,1,2,1,1,6,306
201600020050,16,8,26,1918,1,2,1,1,6,306
201600020051,16,8,28,859,1,2,1,1,6,306
201600020052,16,8,31,1430,1,2,4,1,3,306
201600020053,16,9,3,600,1,2,1,1,6,333
201600020054,16,9,5,1910,1,2,1,1,6,306
201600020055,16,9,23,915,1,2,1,1,3,306
201600020056,16,10,6,1430,1,2,1,1,6,306
201600020057,16,10,7,1010,1,1,1,1,3,306
201600020058,16,10,7,1720,1,2,1,1,6,333
201600020059,16,10,19,1540,1,2,1,1,2,461
201600020060,16,10,26,1742,1,2,1,1,3,306
201600020061,16,10,27,1405,1,2,6,1,6,333
201600020062,16,10,28,855,1,2,1,1,6,306
201600020063,16,10,29,945,1,2,1,1,6,461
201600020064,16,10,31,930,1,2,3,1,3,306
201600020065,16,11,3,1815,1,2,6,1,6,333
201600020066,16,11,12,1812,1,1,1,1,4,306
201600020067,16,11,14,1810,1,2,1,1,6,306
201600020068,16,11,17,845,1,2,2,1,3,461
201600020069,16,11,18,830,5,2,2,1,3,306
201600020070,16,11,21,1605,1,1,1,1,5,306
201600020071,16,11,24,1027,1,2,1,1,6,306
201600020072,16,11,24,1115,1,2,2,1,3,333
201600020073,16,11,28,915,1,2,1,1,6,306
201600020074,16,11,29,950,1,2,6,1,3,380
201600020075,16,11,29,1352,1,2,3,1,3,306
201600020076,16,12,3,1830,1,2,1,1,6,333
201600020077,16,12,16,1810,1,2,1,1,6,306
201600020078,16,1,14,1315,1,1,1,4,6,85
201600020079,16,2,23,1645,1,2,1,1,6,56
201600020080,16,5,9,830,1,1,1,1,3,131
201600020081,16,6,20,915,1,1,1,2,1,253
201600020082,16,9,10,1330,1,1,2,1,3,50
201600020083,16,10,29,500,3,1,1,1,1,251
201600020084,16,10,30,1145,1,1,1,1,6,463
201600020085,16,11,6,1915,3,1,1,1,2,552
201600020086,16,11,27,1730,2,1,1,1,1,695
201600020087,16,11,25,1705,1,2,7,8,7,246
201600020088,16,3,6,1830,3,1,1,2,6,462
201600020089,16,4,17,1615,1,1,1,1,6,256
201600020090,16,5,30,1600,1,1,1,8,6,385
201600020091,16,6,11,730,2,1,1,1,7,282
201600020092,16,8,19,15,3,1,1,1,2,181
201600020093,16,11,15,730,2,1,9,5,6,461
201600020094,16,11,18,1630,1,1,1,8,6,275
201600020095,16,11,25,1115,1,1,1,1,6,310
201600020096,16,12,11,1415,1,1,1,1,6,511
201600020097,16,12,12,740,2,1,1,9,7,173
201600020098,16,12,31,2345,5,2,1,1,6,415
201600020099,16,1,1,1610,2,2,1,1,2,415
201600020100,16,1,2,1845,5,2,1,1,3,415
201600020101,16,1,6,1630,2,2,6,1,2,415
201600020102,16,1,7,1820,2,2,1,1,3,415
201600020103,16,1,12,1805,2,2,3,1,3,415
201600020104,16,1,12,1855,5,2,1,2,6,415
201600020105,16,1,14,1340,1,1,1,1,4,415
201600020106,16,1,22,1535,1,1,1,1,2,415
201600020107,16,1,24,500,1,1,1,1,2,415
201600020108,16,2,5,1330,1,2,3,1,6,415
201600020109,16,2,5,1915,5,2,1,1,3,415
201600020110,16,2,18,1640,1,2,1,1,6,415
201600020111,16,2,19,1333,1,2,6,1,1,415
201600020112,16,3,4,925,1,1,1,1,1,415
201600020113,16,3,18,1640,1,2,6,1,3,415
201600020114,16,3,25,1625,1,1,1,1,2,415
201600020115,16,3,28,1845,2,2,1,1,2,415
201600020116,16,4,1,1835,1,2,1,1,1,415
201600020117,16,4,4,400,5,2,2,1,3,415
201600020118,16,4,8,1800,1,2,2,1,3,415
201600020119,16,4,11,1925,2,2,6,1,3,415
201600020120,16,4,13,2325,5,2,1,1,6,415
201600020121,16,4,20,1415,1,2,2,1,1,415
201600020122,16,4,27,1250,1,2,1,1,3,415
201600020123,16,4,29,1050,1,2,3,1,3,415
201600020124,16,5,7,2000,2,1,1,1,6,415
201600020125,16,5,12,915,1,1,3,1,1,415
201600020126,16,5,19,1540,1,1,1,1,6,415
201600020127,16,6,1,1900,1,2,1,1,2,415
201600020128,16,6,3,1425,1,1,1,1,5,415
201600020129,16,6,9,1530,1,2,1,1,2,415
201600020130,16,6,24,1155,1,2,2,1,2,415
201600020131,16,7,9,1650,1,2,3,1,3,415
201600020132,16,7,13,735,1,2,3,1,6,415
201600020133,16,7,21,315,3,1,1,1,6,415
201600020134,16,7,29,2335,5,1,3,1,3,415
201600020135,16,8,9,1925,1,2,1,1,6,415
201600020136,16,8,11,1125,1,2,1,1,2,415
201600020137,16,8,11,1210,1,2,1,1,2,415
201600020138,16,8,13,1916,1,2,1,1,3,415
201600020139,16,7,13,2005,2,2,9,1,2,415
201600020140,16,8,14,2105,1,2,1,1,6,415
201600020141,16,8,13,2000,2,1,9,1,2,415
201600020142,16,8,17,915,1,2,1,1,1,415
201600020143,16,8,22,1530,1,1,1,1,1,415
201600020144,16,8,26,1130,1,2,7,1,6,415
201600020145,16,9,2,1730,1,2,1,1,1,415
201600020146,16,9,7,1800,1,2,1,1,6,415
201600020147,16,9,8,1440,1,1,1,1,6,415
201600020148,16,9,11,1950,2,2,2,1,1,415
201600020149,16,9,15,1120,1,2,1,1,6,415
201600020150,16,9,16,1508,1,2,1,1,1,415
201600020151,16,10,5,850,1,2,6,1,3,415
201600020152,16,10,13,1815,2,2,1,1,2,415
201600020153,16,11,9,1453,1,2,6,1,2,415
201600020154,16,11,21,800,5,1,6,1,4,415
201600020155,16,11,26,915,1,1,1,1,1,415
201600020156,16,12,1,1230,1,2,4,1,3,415
201600020157,16,12,5,912,1,2,6,1,3,415
201600020158,16,12,8,1800,5,2,6,1,3,415
201600020159,16,12,9,830,1,1,1,1,6,415
201600020160,16,12,9,1100,1,2,1,1,6,415
201600020161,16,12,9,1325,1,2,1,1,3,415
201600020162,16,12,9,1439,1,2,9,1,1,415
201600020163,16,12,13,800,2,1,1,1,5,415
201600020164,16,12,20,1726,1,1,6,1,4,415
201600020165,16,2,14,1630,1,1,1,4,7,206
201600020166,16,7,10,1245,1,1,1,1,7,194
201600020167,16,7,19,1645,1,1,1,1,2,160
201600020168,16,8,4,1445,1,1,1,1,1,160
201600020169,16,8,23,1545,1,1,1,1,2,10
201600020170,16,10,27,755,2,1,1,2,2,153
201600020171,16,10,28,1140,1,1,1,1,6,10
201600020172,16,12,27,1145,1,1,1,1,2,160
201600020173,16,1,22,1900,3,1,1,2,6,270
201600020174,16,3,27,645,3,1,1,3,3,95
201600020175,16,4,25,1800,1,2,1,1,7,270
201600020176,16,6,16,745,1,2,1,1,6,270
201600020177,16,6,24,1745,1,2,1,1,3,95
201600020178,16,7,18,1330,1,2,1,1,3,270
201600020179,16,8,6,1745,1,1,1,1,1,95
201600020180,16,8,22,1715,1,1,1,1,6,95
201600020181,16,10,3,745,1,1,1,1,5,270
201600020182,16,11,18,800,1,1,1,1,2,95
201600020183,16,11,28,445,3,1,1,1,6,270
201600020184,16,11,28,615,1,2,2,1,3,172
201600020185,16,12,2,1530,1,2,1,1,3,95
201600020186,16,12,12,1945,3,1,1,1,5,95
201600020187,16,4,6,900,1,2,1,1,6,21
201600020188,16,9,17,1300,1,1,1,1,6,21
201600020189,16,1,2,1945,3,1,1,1,6,331
201600020190,16,1,5,2215,3,1,1,1,7,225
201600020191,16,1,6,1300,1,2,1,1,7,141
201600020192,16,2,13,2200,3,1,1,2,1,127
201600020193,16,2,15,1415,1,1,1,1,2,331
201600020194,16,3,17,1615,1,2,1,1,1,141
201600020195,16,3,12,415,3,1,1,1,6,81
201600020196,16,4,14,1630,1,2,1,1,1,141
201600020197,16,6,15,515,3,1,1,1,6,92
201600020198,16,6,24,1330,1,1,1,1,3,76
201600020199,16,6,29,1700,1,1,1,1,2,92
201600020200,16,7,26,1015,1,1,1,1,3,141
201600020201,16,8,3,830,1,1,1,1,1,191
201600020202,16,9,8,815,1,1,1,1,6,84
201600020203,16,9,16,2015,3,1,1,1,3,207
201600020204,16,10,4,1430,1,1,3,1,3,141
201600020205,16,10,31,1400,1,1,3,1,3,331
201600020206,16,11,16,1830,3,1,1,1,2,191
201600020207,16,11,30,1330,1,1,1,1,2,141
201600020208,16,11,30,1400,1,2,1,1,1,141
201600020209,16,12,16,1645,1,1,1,1,6,81
201600020210,16,2,3,1530,1,2,1,1,6,149
201600020211,16,2,25,1515,1,1,1,1,6,131
201600020212,16,3,2,1015,1,1,1,1,5,238
201600020213,16,3,8,2345,5,2,1,2,7,294
201600020214,16,3,10,1545,1,1,1,1,6,120
201600020215,16,4,5,745,1,1,1,1,6,238
201600020216,16,4,7,1400,1,1,1,2,7,225
201600020217,16,4,24,1445,1,2,3,2,3,10
201600020218,16,5,31,715,1,1,1,3,6,98
201600020219,16,6,19,1200,1,1,1,1,6,7
201600020220,16,6,19,1715,1,1,3,1,3,255
201600020221,16,7,27,1830,1,2,1,1,3,250
201600020222,16,9,7,2000,1,1,1,1,1,293
201600020223,16,10,4,1600,1,1,1,1,7,131
201600020224,16,10,6,1200,1,2,1,1,2,149
201600020225,16,11,7,1715,2,2,1,2,1,192
201600020226,16,11,17,2000,3,1,1,6,7,1
201600020227,16,11,25,1830,5,1,1,1,1,294
201600020228,16,11,30,1615,1,1,1,1,5,278
201600020229,16,12,6,1745,5,2,1,1,3,279
201600020230,16,12,14,1845,3,1,1,1,2,294
201600020231,16,12,25,1800,3,2,1,2,6,149
201600020232,16,1,9,645,3,1,1,5,6,30
201600020233,16,3,23,1815,1,1,3,1,3,182
201600020234,16,5,10,1500,1,2,3,3,6,182
201600020235,16,5,17,1915,2,1,1,1,7,405
201600020236,16,11,8,1900,3,2,1,1,6,406
201600020237,16,5,1,1800,1,2,1,1,1,858
201600020238,16,5,24,2100,1,1,1,1,6,424
201600020239,16,9,30,1230,1,1,1,1,1,374
201600020240,16,12,6,1815,5,2,1,1,6,559
201600020241,16,10,19,815,1,1,1,1,7,422
201600020242,16,6,19,1015,1,2,1,1,3,610
201600020243,16,2,20,1030,1,1,1,2,6,686
201600020244,16,2,24,1400,1,2,1,1,6,767
201600020245,16,2,28,1500,1,1,1,6,7,859
201600020246,16,4,2,1415,1,1,1,1,3,631
201600020247,16,9,13,730,1,1,1,1,3,370
201600020248,16,2,23,545,3,1,1,1,1,12
201600020249,16,1,20,1515,1,1,1,1,7,55
201600020250,16,5,25,115,3,1,1,1,6,198
201600020251,16,7,11,1415,1,1,1,1,2,53
201600020252,16,11,21,1145,1,1,1,1,2,110
201600020253,16,1,22,1700,1,2,1,3,7,142
201600020254,16,2,23,1645,1,1,1,1,6,5
201600020255,16,3,14,1545,1,1,1,7,6,266
201600020256,16,4,22,1200,1,1,1,1,2,141
201600020257,16,5,6,1400,1,1,1,1,2,142
201600020258,16,5,8,1815,1,1,1,1,6,226
201600020259,16,6,6,1630,1,1,1,1,3,272
201600020260,16,6,7,1420,1,2,1,1,1,179
201600020261,16,7,9,1745,1,1,1,1,6,250
201600020262,16,8,20,1045,1,1,1,1,7,226
201600020263,16,10,8,2300,3,1,1,1,3,193
201600020264,16,10,14,1650,1,1,1,8,6,142
201600020265,16,10,28,1610,1,1,1,1,6,104
201600020266,16,11,6,1600,1,1,1,4,6,188
201600020267,16,12,12,2230,5,1,1,1,7,179
201600020268,16,12,15,1400,1,1,1,1,5,261
201600020269,16,12,22,1900,5,1,1,1,4,261
201600020270,16,7,5,1700,1,1,1,1,6,611
201600020271,16,8,2,1000,1,1,1,1,3,559
201600020272,16,8,21,2030,3,1,1,1,7,310
201600020273,16,9,17,2230,3,1,1,8,1,559
201600020274,16,10,29,1615,1,2,1,1,6,553
201600020275,16,1,14,1930,5,1,1,1,2,54
201600020276,16,4,3,1945,3,2,9,1,3,132
201600020277,16,4,23,600,2,1,1,1,6,130
201600020278,16,4,28,1830,1,1,1,1,3,132
201600020279,16,5,5,1645,1,2,1,1,3,132
201600020280,16,5,14,1700,1,1,1,1,3,130
201600020281,16,5,21,915,1,2,1,1,3,17
201600020282,16,6,1,1600,1,2,1,1,1,130
201600020283,16,6,22,500,5,2,6,1,1,54
201600020284,16,7,11,1745,1,2,1,1,3,131
201600020285,16,7,23,1915,1,2,1,1,1,130
201600020286,16,7,30,1445,1,2,1,1,6,130
201600020287,16,8,11,1915,1,2,1,1,7,132
201600020288,16,10,9,1715,1,1,1,1,1,131
201600020289,16,10,23,1800,1,1,1,7,4,54
201600020290,16,11,8,645,2,2,6,1,1,54
201600020291,16,11,9,1445,1,1,1,1,1,54
201600020292,16,11,24,1600,1,1,1,2,4,54
201600020293,16,3,9,1215,1,2,1,1,1,21
201600020294,16,10,15,1445,1,1,1,1,1,202
201600020295,16,12,12,1730,3,1,2,1,3,107
201600020296,16,11,6,200,3,2,1,2,6,276
201600020297,16,3,9,1515,1,1,1,2,3,9
201600020298,16,4,11,1530,1,2,1,1,6,9
201600020299,16,4,13,1945,2,1,1,1,3,9
201600020300,16,4,15,300,3,1,9,1,6,9
201600020301,16,7,18,2030,1,1,1,1,3,143
201600020302,16,9,3,1100,1,1,1,1,3,9
201600020303,16,9,14,700,2,1,1,1,7,143
201600020304,16,9,22,1945,5,1,1,1,7,9
201600020305,16,1,9,1400,1,2,1,1,5,257
201600020306,16,3,1,1245,1,1,1,1,7,34
201600020307,16,3,13,1800,1,1,1,1,5,59
201600020308,16,9,11,1615,1,1,2,1,3,56
201600020309,16,9,23,945,1,1,1,7,7,165
201600020310,16,5,7,2345,3,1,1,1,6,39
201600020311,16,6,14,1600,1,1,1,1,7,231
201600020312,16,1,24,2200,3,1,2,1,3,48
201600020313,16,1,27,2030,3,1,2,2,3,213
201600020314,16,1,28,1800,2,1,3,1,3,512
201600020315,16,4,27,1730,1,1,1,1,1,545
201600020316,16,6,25,1145,1,1,1,1,3,95
201600020317,16,8,28,1900,1,1,1,1,1,295
201600020318,16,11,13,815,3,1,1,2,6,363
201600020319,16,2,17,1415,1,1,1,8,5,305
201600020320,16,2,21,1730,2,1,1,2,6,20
201600020321,16,3,8,900,1,1,9,1,6,84
201600020322,16,3,9,1545,1,1,1,6,1,114
201600020323,16,3,11,2345,4,2,1,1,6,305
201600020324,16,3,13,800,2,1,1,5,6,305
201600020325,16,7,6,1215,1,1,1,1,2,20
201600020326,16,8,30,330,3,2,2,1,3,20
201600020327,16,9,2,1045,1,1,2,1,3,337
201600020328,16,9,4,1030,1,1,1,8,6,369
201600020329,16,10,21,1900,2,1,1,1,6,51
201600020330,16,10,30,1615,1,1,1,1,1,114
201600020331,16,11,15,1730,2,1,2,9,6,239
201600020332,16,12,24,1800,3,1,1,1,1,185
201600020333,16,3,2,1615,1,1,1,1,2,160
201600020334,16,6,17,2030,1,1,1,3,6,160
201600020335,16,1,8,1950,5,2,3,8,1,140
201600020336,16,2,6,1415,1,1,1,1,6,498
201600020337,16,3,11,800,1,2,3,7,1,140
201600020338,16,3,13,1100,1,1,1,1,7,209
201600020339,16,5,14,1945,1,1,1,1,7,469
201600020340,16,6,6,1415,1,1,1,1,7,341
201600020341,16,7,3,630,1,1,1,1,7,469
201600020342,16,1,9,1825,2,2,1,8,6,213
201600020343,16,1,14,1615,2,2,3,1,6,33
201600020344,16,1,22,1821,5,1,6,3,6,205
201600020345,16,12,28,1025,1,2,1,1,2,33
201600020346,16,1,31,148,5,2,1,3,3,33
201600020347,16,12,28,955,1,2,3,1,6,33
201600020348,16,2,8,1905,5,2,1,8,6,33
201600020349,16,2,10,815,2,2,1,1,6,33
201600020350,16,3,3,1545,1,2,1,8,3,205
201600020351,16,3,13,1408,1,2,4,1,7,33
201600020352,16,3,16,830,1,2,1,1,6,33
201600020353,16,3,17,1613,1,2,3,1,5,205
201600020354,16,4,3,2111,5,2,1,1,6,33
201600020355,16,4,11,1226,1,2,3,2,6,33
201600020356,16,4,16,2200,5,2,1,2,6,33
201600020357,16,4,21,700,1,1,1,1,7,205
201600020358,16,5,2,753,1,2,2,1,1,33
201600020359,16,4,27,1600,1,2,3,1,6,33
201600020360,16,5,6,2300,5,2,1,1,6,33
201600020361,16,5,3,1830,1,1,1,1,6,33
201600020362,16,5,11,1605,1,2,3,2,6,33
201600020363,16,6,1,1958,1,1,2,1,2,205
201600020364,16,6,13,210,5,2,3,1,6,33
201600020365,16,6,15,1117,1,2,1,3,6,205
201600020366,16,6,19,1355,1,2,2,1,3,33
201600020367,16,6,25,1340,1,2,1,1,6,33
201600020368,16,7,8,800,1,2,3,1,6,33
201600020369,16,7,5,610,1,1,1,1,6,33
201600020370,16,7,10,609,1,2,1,1,6,33
201600020371,16,7,11,700,1,1,1,1,1,33
201600020372,16,7,21,145,4,1,6,1,7,267
201600020373,16,7,18,1220,1,1,1,1,1,33
201600020374,16,8,2,1118,1,2,3,1,3,205
201600020375,16,8,10,1630,1,2,1,1,2,33
201600020376,16,8,8,1150,1,2,1,1,2,267
201600020377,16,9,2,135,5,1,6,1,7,205
201600020378,16,9,4,1930,1,2,3,1,3,33
201600020379,16,9,15,2236,3,1,1,1,6,213
201600020380,16,9,24,1148,1,2,1,1,6,33
201600020381,16,10,3,1614,1,2,1,1,6,33
201600020382,16,10,3,1640,1,2,3,1,3,33
201600020383,16,10,4,755,2,2,3,1,6,33
201600020384,16,10,9,100,5,2,6,1,7,205
201600020385,16,10,9,1854,2,2,2,1,3,33
201600020386,16,10,11,1020,1,2,2,1,6,33
201600020387,16,10,18,1050,1,1,1,1,6,267
201600020388,16,10,30,238,5,2,1,9,6,33
201600020389,16,11,11,2210,3,1,1,5,3,33
201600020390,16,11,18,1740,5,2,1,1,3,33
201600020391,16,11,22,925,1,2,1,1,1,33
201600020392,16,11,27,645,5,2,4,1,3,33
201600020393,16,12,2,1400,1,2,5,1,6,33
201600020394,16,12,3,1510,1,1,1,1,3,33
201600020395,16,12,12,840,1,2,6,1,3,205
201600020396,16,12,8,750,5,2,6,1,6,33
201600020397,16,12,12,800,2,1,2,1,3,33
201600020398,16,12,27,1202,1,2,1,1,1,50
201600020399,16,2,25,1530,1,1,9,1,1,100
201600020400,16,4,1,1900,1,1,1,1,1,33
201600020401,16,1,23,700,3,1,1,5,6,245
201600020402,16,6,30,1830,1,2,1,1,3,173
201600020403,16,7,8,1845,1,1,1,1,3,221
201600020404,16,7,24,745,1,1,1,1,7,171
201600020405,16,9,10,1000,1,1,1,1,3,141
201600020406,16,9,24,1745,1,2,1,1,1,119
201600020407,16,12,20,2330,3,1,1,5,1,178
201600020408,16,1,8,1259,1,1,1,1,1,179
201600020409,16,1,12,1120,1,1,1,8,1,2
201600020410,16,2,12,1115,1,1,1,3,6,145
201600020411,16,4,5,1130,1,1,1,2,6,225
201600020412,16,4,11,657,2,1,1,1,6,291
201600020413,16,5,9,1915,1,1,1,3,6,63
201600020414,16,6,12,1200,1,1,1,1,6,291
201600020415,16,7,21,1700,1,1,1,1,6,238
201600020416,16,10,17,830,1,1,1,1,6,25
201600020417,16,11,8,855,1,1,1,5,1,152
201600020418,16,12,28,1640,1,1,1,1,5,270
201600020419,16,1,13,1445,1,1,1,1,6,238
201600020420,16,3,2,1845,3,1,1,6,6,278
201600020421,16,7,13,145,3,1,1,1,6,238
201600020422,16,5,12,1445,1,1,1,8,6,398
201600020423,16,2,9,1330,1,1,1,6,7,134
201600020424,16,10,8,2330,3,1,1,1,6,239
201600020425,16,12,30,845,1,1,1,5,6,200
201600020426,16,5,13,1215,1,1,1,1,2,119
201600020427,16,7,16,1415,1,1,1,1,6,55
201600020428,16,8,20,1915,1,1,1,1,4,121
201600020429,16,4,22,1515,1,1,1,1,2,54
201600020430,16,5,18,1315,1,1,1,1,2,121
201600020431,16,8,4,1615,1,1,1,2,6,411
201600020432,16,10,18,1830,1,1,1,1,6,178
201600020433,16,10,25,1045,1,1,1,1,2,54
201600020434,16,12,9,915,1,1,1,1,2,404
201600020435,16,1,2,1345,1,1,1,7,5,20
201600020436,16,3,5,1015,1,1,1,4,6,219
201600020437,16,7,2,1345,1,1,1,2,2,122
201600020438,16,8,3,1615,1,1,1,1,7,122
201600020439,16,8,16,1445,1,1,1,1,4,20
201600020440,16,1,8,730,2,1,1,1,2,239
201600020441,16,1,10,945,1,1,1,1,2,79
201600020442,16,2,27,300,3,1,1,3,6,239
201600020443,16,3,26,345,3,1,1,1,6,142
201600020444,16,4,2,430,3,1,1,2,6,142
201600020445,16,5,8,1515,1,1,1,2,7,114
201600020446,16,5,8,1845,1,1,1,3,2,76
201600020447,16,5,10,845,1,1,1,2,7,36
201600020448,16,6,18,830,1,1,1,1,6,64
201600020449,16,6,26,1715,1,1,1,1,6,199
201600020450,16,7,14,1330,1,1,1,1,2,106
201600020451,16,7,29,300,3,1,1,1,3,123
201600020452,16,8,11,2345,3,1,1,1,6,196
201600020453,16,8,26,1200,1,1,1,1,1,32
201600020454,16,9,9,900,1,1,1,1,6,79
201600020455,16,9,24,1145,1,1,1,1,3,142
201600020456,16,10,3,900,1,1,1,1,1,114
201600020457,16,11,14,715,2,1,1,1,5,259
201600020458,16,11,22,1500,1,1,1,3,6,196
201600020459,16,11,24,1845,3,1,1,9,7,32
201600020460,16,11,27,2030,3,1,1,1,5,114
201600020461,16,2,21,2015,3,1,1,1,1,5
201600020462,16,3,5,645,2,1,1,4,6,140
201600020463,16,3,5,1000,1,1,1,1,7,128
201600020464,16,4,4,1345,1,1,1,1,2,9
201600020465,16,4,8,1800,1,1,1,1,7,9
201600020466,16,4,30,1845,1,1,1,1,7,128
201600020467,16,6,15,1515,2,1,1,1,7,17
201600020468,16,6,23,1715,1,1,1,1,2,140
201600020469,16,8,6,345,3,1,1,1,1,140
201600020470,16,9,4,1745,1,1,1,1,6,9
201600020471,16,10,31,1945,3,1,1,1,2,99
201600020472,16,11,8,1430,1,1,1,4,5,9
201600020473,16,10,1,2015,3,1,1,1,2,1
201600020474,16,10,24,1115,1,1,1,8,6,490
201600020475,16,12,3,2100,3,1,1,1,2,324
201600020476,16,1,4,1215,1,1,1,8,3,73
201600020477,16,10,18,1745,1,1,1,1,2,113
201600020478,16,1,1,930,1,1,1,1,7,52
201600020479,16,1,29,1430,1,1,3,1,3,129
201600020480,16,2,17,130,3,1,1,1,7,98
201600020481,16,2,20,1830,3,1,1,2,7,98
201600020482,16,3,8,2045,3,1,1,2,6,52
201600020483,16,6,6,1100,1,1,1,1,6,195
201600020484,16,7,2,2315,3,1,1,1,6,194
201600020485,16,8,1,2345,3,1,1,1,6,103
201600020486,16,9,17,515,3,1,1,1,6,210
201600020487,16,10,28,1800,1,1,1,1,2,217
201600020488,16,11,12,1405,1,1,1,1,6,129
201600020489,16,11,14,1246,1,1,1,1,6,137
201600020490,16,12,3,1500,1,1,1,1,7,52
201600020491,16,12,3,2005,3,1,1,1,2,89
201600020492,16,12,8,1745,3,1,1,1,2,158
201600020493,16,12,11,825,3,1,1,1,6,189
201600020494,16,12,12,1145,1,1,1,8,7,25
201600020495,16,5,22,1330,1,1,1,1,7,188
201600020496,16,6,22,1520,1,1,1,1,2,738
201600020497,16,7,18,1210,1,1,1,1,7,101
201600020498,16,12,8,1115,1,1,1,1,6,475
201600020499,16,2,18,2030,3,1,1,1,5,214
201600020500,16,5,2,1645,1,1,1,1,5,25
201600020501,16,5,17,845,1,1,1,1,1,410
201600020502,16,5,18,300,3,1,1,1,2,214
201600020503,16,8,27,2215,3,1,1,1,6,554
201600020504,16,9,16,1030,1,1,1,8,6,616
201600020505,16,10,30,2030,3,1,1,8,4,224
201600020506,16,11,9,830,1,1,3,2,5,288
201600020507,16,12,11,1645,1,1,1,7,4,214
201600020508,16,2,22,1500,1,1,1,1,6,498
201600020509,16,6,23,2315,3,1,1,1,2,373
201600020510,16,8,30,1200,1,1,1,1,2,615
201600020511,16,10,19,1030,1,1,2,1,3,31
201600020512,16,11,19,1330,1,1,1,4,6,169
201600020513,16,11,23,1415,1,1,1,8,1,160
201600020514,16,12,5,1400,1,1,1,1,1,233
201600020515,16,1,7,1344,1,2,1,1,6,279
201600020516,16,1,9,1425,1,2,1,1,3,279
201600020517,16,1,11,655,5,2,1,2,6,279
201600020518,16,1,15,910,1,2,1,4,7,279
201600020519,16,1,7,740,5,2,2,3,6,279
201600020520,16,1,28,1620,1,2,1,2,6,279
201600020521,16,3,25,1915,5,2,4,1,3,279
201600020522,16,6,4,2040,1,2,1,1,1,279
201600020523,16,6,6,1455,1,2,2,1,6,279
201600020524,16,6,6,1825,1,2,3,1,5,279
201600020525,16,6,21,1355,1,2,3,1,2,279
201600020526,16,7,8,1400,1,1,1,1,1,279
201600020527,16,9,12,1610,1,1,1,1,3,279
201600020528,16,11,15,1355,1,1,9,5,2,279
201600020529,16,12,8,1110,1,2,1,1,6,279