Num_Acc,an,mois,jour,hrmn,lum,agg,int,atm,col,com
201600020530,16,12,9,1355,1,2,3,1,3,279
201600020531,16,10,6,830,1,1,1,7,1,86
201600020532,16,12,24,1815,3,1,2,1,3,86
201600020533,16,6,4,1600,1,1,1,1,6,299
201600020534,16,6,6,915,1,1,1,1,1,47
201600020535,16,2,10,915,1,1,1,1,5,231
201600020536,16,2,18,1745,1,1,1,1,7,231
201600020537,16,2,21,1245,1,1,1,1,1,124
201600020538,16,3,9,2100,3,1,9,2,3,155
201600020539,16,2,24,1245,1,1,1,2,1,231
201600020540,16,3,18,1430,1,1,1,1,1,8
201600020541,16,5,3,845,1,1,1,1,1,299
201600020542,16,5,19,845,1,2,1,1,1,213
201600020543,16,5,12,1500,1,1,1,8,2,8
201600020544,16,6,9,2100,1,1,1,1,6,124
201600020545,16,7,25,900,1,1,1,1,3,200
201600020546,16,7,31,40,3,1,1,1,6,231
201600020547,16,8,16,1930,1,1,1,1,3,124
201600020548,16,8,27,1000,1,2,1,7,1,8
201600020549,16,9,7,815,1,1,1,1,1,187
201600020550,16,9,10,845,1,1,1,1,1,181
201600020551,16,9,8,530,3,2,1,9,6,213
201600020552,16,10,7,1445,1,2,2,1,1,213
201600020553,16,10,14,1500,1,1,1,1,3,187
201600020554,16,11,12,600,3,1,1,1,2,260
201600020555,16,11,12,1800,3,1,1,2,1,8
201600020556,16,10,17,1615,1,1,9,1,1,133
201600020557,16,2,2,1500,1,2,1,1,3,70
201600020558,16,2,25,1345,1,2,1,1,6,70
201600020559,16,3,22,1215,1,2,1,1,3,70
201600020560,16,5,19,730,1,1,1,1,1,19
201600020561,16,6,10,830,1,1,1,1,3,19
201600020562,16,6,14,900,1,2,1,1,1,70
201600020563,16,7,7,1615,1,1,1,1,3,19
201600020564,16,7,18,2330,5,2,1,1,1,19
201600020565,16,7,25,745,1,1,1,1,5,19
201600020566,16,8,2,30,5,1,1,1,7,70
201600020567,16,9,11,1500,1,2,1,1,3,19
201600020568,16,9,28,2145,5,2,1,1,3,19
201600020569,16,12,8,1515,1,1,1,1,3,19
201600020570,16,12,8,830,2,2,6,7,6,19
201600020571,16,1,1,315,3,1,1,1,1,430
201600020572,16,1,2,2130,1,2,1,1,6,656
201600020573,16,1,16,715,1,1,1,1,1,176
201600020574,16,7,3,1615,1,1,1,1,3,101
201600020575,16,10,24,1015,1,1,1,1,7,358
201600020576,16,10,23,600,3,2,1,2,6,358
201600020577,16,11,5,1645,1,1,1,1,6,260
201600020578,16,5,6,1815,1,1,6,1,2,648
201600020579,16,9,30,1545,1,1,1,1,1,206
201600020580,16,1,2,1805,2,2,3,2,3,31
201600020581,16,12,30,1510,1,2,1,1,6,31
201600020582,16,1,4,1740,2,2,1,2,6,31
201600020583,16,1,6,755,2,2,1,2,3,31
201600020584,16,1,6,1320,1,2,1,2,1,31
201600020585,16,1,9,1900,5,2,2,1,6,31
201600020586,16,1,14,1745,2,2,1,1,6,31
201600020587,16,1,15,1715,1,2,3,1,3,31
201600020588,16,1,20,2220,5,1,2,1,3,31
201600020589,16,1,21,1725,1,2,1,1,6,31
201600020590,16,1,21,1940,1,2,2,1,3,31
201600020591,16,1,30,1815,2,2,1,2,6,31
201600020592,16,2,1,740,2,2,3,1,3,31
201600020593,16,2,6,1445,1,2,1,1,3,31
201600020594,16,2,14,810,2,2,3,2,1,31
201600020595,16,2,15,750,2,2,1,1,1,31
201600020596,16,2,16,900,1,2,1,1,6,31
201600020597,16,2,19,1620,1,2,2,1,3,31
201600020598,16,3,5,1540,1,2,1,1,2,31
201600020599,16,3,5,2115,5,2,5,1,3,31
201600020600,16,3,7,1445,1,2,3,1,3,31
201600020601,16,3,10,1800,1,2,1,1,3,31
201600020602,16,3,11,945,1,2,1,1,3,31
201600020603,16,3,13,1135,1,2,3,1,3,31
201600020604,16,3,14,810,1,2,3,1,3,31
201600020605,16,3,18,1240,1,2,1,1,6,31
201600020606,16,3,18,1905,2,2,2,1,1,31
201600020607,16,3,24,1540,1,2,1,1,3,31
201600020608,16,4,1,1955,1,2,1,1,6,31
201600020609,16,4,2,1120,1,2,1,1,6,31
201600020610,16,4,5,735,1,2,1,1,6,31
201600020611,16,4,12,1455,1,2,1,1,3,31
201600020612,16,4,14,1130,1,2,1,1,6,31
201600020613,16,4,15,1510,1,2,1,1,2,31
201600020614,16,4,16,1315,1,2,1,1,5,31
201600020615,16,5,8,520,5,2,3,1,3,31
201600020616,16,5,11,1730,1,2,1,3,4,31
201600020617,16,5,26,1720,1,1,1,1,4,31
201600020618,16,5,26,1845,1,2,1,1,4,31
201600020619,16,5,28,2000,1,2,3,1,3,31
201600020620,16,6,2,1730,1,2,1,2,2,31
201600020621,16,6,6,1330,1,2,1,1,2,31
201600020622,16,6,7,2005,1,2,1,1,3,31
201600020623,16,6,16,1340,1,2,1,1,2,31
201600020624,16,6,18,950,1,2,1,1,4,31
201600020625,16,6,21,1635,1,2,1,1,2,31
201600020626,16,6,24,2305,5,2,1,3,7,31
201600020627,16,6,29,1910,1,2,1,1,1,31
201600020628,16,7,2,1620,1,2,1,1,3,31
201600020629,16,7,6,1100,1,2,3,1,3,31
201600020630,16,7,13,2325,5,2,3,1,3,31
201600020631,16,7,17,1745,1,1,1,1,1,31
201600020632,16,7,18,2020,1,2,1,1,6,31
201600020633,16,7,26,900,1,1,1,1,7,31
201600020634,16,7,26,1705,1,2,1,1,6,31
201600020635,16,7,27,815,1,2,3,1,3,31
201600020636,16,8,5,250,5,2,1,1,6,31
201600020637,16,8,8,1740,1,2,1,1,2,31
201600020638,16,8,11,1955,1,2,6,1,6,31
201600020639,16,8,13,2355,5,2,1,1,6,31
201600020640,16,8,23,2300,5,2,1,1,6,31
201600020641,16,9,3,1905,1,2,2,1,6,31
201600020642,16,9,5,1800,1,2,3,1,4,31
201600020643,16,9,6,1710,1,2,1,1,2,31
201600020644,16,9,13,1600,1,2,1,1,6,31
201600020645,16,9,19,825,1,2,2,1,6,31
201600020646,16,9,21,1915,1,2,3,1,3,31
201600020647,16,9,23,1250,1,2,2,1,5,31
201600020648,16,9,24,1545,1,2,1,1,7,31
201600020649,16,9,27,2030,1,2,2,1,3,31
201600020650,16,9,29,1105,1,2,1,1,6,31
201600020651,16,9,30,1335,1,2,1,1,1,31
201600020652,16,10,3,1125,1,2,1,7,2,31
201600020653,16,10,4,1605,1,2,1,1,3,31
201600020654,16,10,9,1020,1,2,3,1,3,31
201600020655,16,10,9,1910,2,2,3,1,3,31
201600020656,16,10,13,1700,1,2,1,1,4,31
201600020657,16,10,25,1200,1,2,3,1,3,31
201600020658,16,10,26,1725,1,2,1,1,6,31
201600020659,16,10,27,1530,1,2,1,1,3,31
201600020660,16,10,28,1755,1,2,3,1,3,31
201600020661,16,11,3,1830,5,2,3,1,3,31
201600020662,16,11,4,1605,1,2,1,1,1,31
201600020663,16,11,11,305,5,2,1,2,7,31
201600020664,16,11,13,1625,1,2,3,3,3,31
201600020665,16,11,15,1435,1,1,1,1,2,31
201600020666,16,11,16,1455,1,2,1,2,1,31
201600020667,16,11,18,1635,1,2,1,2,6,31
201600020668,16,11,19,1650,1,2,3,1,3,31
201600020669,16,11,22,1140,1,2,2,1,3,31
201600020670,16,11,22,1835,5,2,1,3,4,31
201600020671,16,12,2,1510,1,2,1,1,6,31
201600020672,16,12,3,955,1,2,3,1,1,31
201600020673,16,12,5,1000,1,2,3,1,6,31
201600020674,16,12,9,755,2,2,3,1,3,31
201600020675,16,12,12,610,5,2,2,1,3,31
201600020676,16,12,15,1420,1,2,2,1,3,31
201600020677,16,12,15,1730,2,2,1,1,6,31
201600020678,16,12,18,1425,1,2,1,1,2,31
201600020679,16,12,18,1525,1,2,1,1,2,31
201600020680,16,12,18,1740,5,2,1,1,3,31
201600020681,16,12,20,1820,5,2,1,1,2,31
201600020682,16,12,21,1830,5,2,3,1,3,31
201600020683,16,12,22,2110,5,2,1,2,2,31
201600020684,16,12,24,1900,5,2,3,2,3,31
201600020685,16,2,11,1900,5,2,1,8,2,343
201600020686,16,5,9,1900,1,2,6,1,3,43
201600020687,16,9,10,400,3,1,1,1,6,315
201600020688,16,10,14,45,5,2,3,2,6,43
201600020689,16,3,3,700,2,2,1,2,6,668
201600020690,16,9,1,2115,3,1,1,1,7,499
201600020691,16,5,8,1130,1,1,1,7,5,309
201600020692,16,5,14,1030,1,1,2,8,3,668
201600020693,16,6,25,645,1,1,1,1,6,260
201600020694,16,8,13,1630,1,2,1,1,6,309
201600020695,16,8,16,1715,1,2,1,1,1,107
201600020696,16,1,10,1840,5,2,1,3,1,272
201600020697,16,4,28,1725,1,2,1,1,6,272
201600020698,16,5,29,1530,1,2,1,3,6,272
201600020699,16,6,13,900,1,1,1,1,3,272
201600020700,16,7,5,1420,1,1,1,1,3,272
201600020701,16,7,17,1645,1,2,1,1,6,272
201600020702,16,7,30,1005,1,1,1,1,3,272
201600020703,16,10,9,1730,1,2,6,1,3,272
201600020704,16,12,9,940,1,2,1,1,6,272
201600020705,16,2,2,1540,1,2,1,2,6,275
201600020706,16,7,17,645,1,2,1,1,6,275
201600020707,16,10,29,1145,1,2,9,1,3,275
201600020708,16,10,14,1525,1,1,1,2,3,275
201600020709,16,11,25,645,5,2,1,3,1,275
201600020710,16,5,10,800,1,2,1,2,3,300
201600020711,16,5,27,1415,1,1,1,1,3,64
201600020712,16,6,1,900,1,1,1,1,6,144
201600020713,16,6,6,1700,1,2,6,1,3,300
201600020714,16,8,31,1930,2,2,1,1,2,300
201600020715,16,10,6,1900,5,2,1,1,1,22
201600020716,16,11,25,1915,3,1,1,1,3,253
201600020717,16,12,15,815,1,1,1,5,6,22
201600020718,16,1,23,1450,1,2,1,1,2,54
201600020719,16,2,11,1955,3,1,1,2,1,54
201600020720,16,2,13,1845,5,2,1,2,6,54
201600020721,16,4,10,1040,1,1,2,1,3,54
201600020722,16,5,20,1755,1,2,1,1,3,54
201600020723,16,6,6,1120,1,2,6,1,3,54
201600020724,16,7,4,1820,1,2,2,1,3,54
201600020725,16,9,29,715,2,2,2,1,3,54
201600020726,16,10,4,1725,1,2,1,1,2,54
201600020727,16,10,7,1230,1,2,6,1,6,54
201600020728,16,10,11,1000,1,2,9,1,3,54
201600020729,16,10,20,1115,1,2,2,1,3,54
201600020730,16,10,27,1536,1,2,4,1,3,54
201600020731,16,11,3,1715,2,2,3,1,3,54
201600020732,16,11,28,1730,3,1,1,1,5,54
201600020733,16,11,23,315,5,2,4,1,6,54
201600020734,16,1,1,1635,1,2,1,1,2,231
201600020735,16,1,12,1829,5,2,1,3,5,231
201600020736,16,1,13,1807,5,2,1,1,6,231
201600020737,16,1,14,1928,5,2,1,2,6,231
201600020738,16,1,22,1507,1,1,1,1,6,231
201600020739,16,1,30,427,5,2,1,1,1,231
201600020740,16,2,2,1437,1,2,1,1,6,231
201600020741,16,2,11,1510,1,2,1,8,6,617
201600020742,16,2,28,355,5,2,1,1,6,231
201600020743,16,2,28,330,5,2,2,1,3,231
201600020744,16,3,3,1148,1,2,6,2,3,231
201600020745,16,3,8,1935,5,2,7,1,4,231
201600020746,16,3,11,2110,5,2,3,1,6,231
201600020747,16,3,13,415,5,2,1,1,6,231
201600020748,16,3,17,1625,1,2,2,1,4,231
201600020749,16,3,26,502,5,2,4,1,6,278
201600020750,16,3,27,1830,1,2,9,1,1,231
201600020751,16,4,6,1435,1,2,1,1,6,231
201600020752,16,4,3,745,3,2,1,2,6,355
201600020753,16,5,3,938,1,2,1,8,6,166
201600020754,16,5,13,840,1,2,1,1,6,231
201600020755,16,5,15,450,5,2,1,1,6,231
201600020756,16,5,18,752,1,2,3,1,1,231
201600020757,16,5,26,730,1,2,2,1,3,231
201600020758,16,5,26,1802,1,2,1,1,6,231
201600020759,16,5,27,233,5,2,2,1,6,231
201600020760,16,6,2,1725,1,2,1,3,4,231
201600020761,16,6,6,2000,1,2,2,1,3,231
201600020762,16,6,6,1857,1,2,3,1,1,231
201600020763,16,6,10,2014,1,2,3,1,3,166
201600020764,16,6,29,1545,1,2,7,1,6,231
201600020765,16,6,30,1619,1,2,7,1,6,231
201600020766,16,7,4,1150,1,2,7,1,6,231
201600020767,16,7,5,2145,2,2,4,1,6,231
201600020768,16,7,12,1904,1,2,1,1,1,231
201600020769,16,7,27,905,1,2,1,1,6,278
201600020770,16,7,27,1131,1,2,3,1,1,231
201600020771,16,8,7,2020,1,2,2,1,3,231
201600020772,16,8,16,1420,1,2,1,1,6,231
201600020773,16,8,22,1850,1,2,1,1,6,231
201600020774,16,9,6,1450,1,2,3,1,3,231
201600020775,16,9,10,1740,1,2,2,1,6,231
201600020776,16,9,12,745,1,2,1,1,3,231
201600020777,16,9,18,105,5,2,1,1,7,166
201600020778,16,9,20,1054,1,2,1,1,3,231
201600020779,16,10,16,1820,2,2,1,1,2,231
201600020780,16,10,18,1445,1,2,1,1,4,231
201600020781,16,10,25,1830,5,2,3,1,5,231
201600020782,16,10,27,1450,1,2,5,1,6,231
201600020783,16,10,29,808,1,2,2,1,3,166
201600020784,16,10,29,1709,1,2,2,1,3,231
201600020785,16,11,21,520,5,2,2,2,3,231
201600020786,16,12,2,1620,1,2,2,7,6,231
201600020787,16,12,1,1220,1,2,4,1,1,355
201600020788,16,12,9,1650,2,2,1,5,6,231
201600020789,16,12,10,1249,1,2,1,1,6,231
201600020790,16,12,8,1638,2,2,1,5,3,231
201600020791,16,12,28,110,5,2,4,1,6,231
201600020792,16,1,11,715,3,1,1,1,1,308
201600020793,16,2,5,1245,1,1,1,1,1,210
201600020794,16,2,12,1245,1,1,1,2,6,271
201600020795,16,3,8,745,3,1,1,1,6,308
201600020796,16,3,8,1130,1,2,1,1,6,271
201600020797,16,5,29,2045,2,1,1,1,7,271
201600020798,16,6,6,1915,1,1,1,1,7,320
201600020799,16,7,11,1745,1,1,1,3,3,242
201600020800,16,8,13,1415,1,1,1,1,1,307
201600020801,16,9,14,1645,1,1,1,1,7,322
201600020802,16,1,14,1800,2,2,1,2,7,113
201600020803,16,1,22,730,3,1,1,2,2,113
201600020804,16,1,27,1847,3,2,1,3,6,113
201600020805,16,2,8,1835,3,1,1,3,2,113
201600020806,16,1,25,820,2,1,1,1,3,113
201600020807,16,1,26,835,1,2,1,1,1,113
201600020808,16,2,13,2200,5,2,1,3,6,113
201600020809,16,2,23,2305,5,2,1,1,7,113
201600020810,16,3,7,1655,1,2,3,1,3,113
201600020811,16,3,8,1815,1,2,1,1,1,113
201600020812,16,2,19,1615,1,2,4,1,3,113
201600020813,16,3,31,955,1,2,1,1,6,113
201600020814,16,4,13,835,1,2,1,7,6,113
201600020815,16,4,19,1659,1,1,1,1,6,113
201600020816,16,4,18,850,1,1,3,1,3,113
201600020817,16,5,14,2340,5,2,1,1,1,113
201600020818,16,6,30,2220,2,1,1,8,7,113
201600020819,16,7,4,1645,1,2,3,1,3,113
201600020820,16,7,5,1815,1,1,1,1,2,113
201600020821,16,7,13,1205,1,1,1,2,1,113
201600020822,16,7,20,1325,1,2,1,8,4,113
201600020823,16,7,21,1305,1,2,1,1,2,113
201600020824,16,7,25,1725,1,1,3,1,3,113
201600020825,16,8,8,2230,4,2,1,1,6,113
201600020826,16,7,26,1415,1,2,9,1,6,113
201600020827,16,8,8,1740,1,2,1,1,3,113
201600020828,16,8,14,2115,1,2,1,1,6,113
201600020829,16,8,10,1755,1,2,1,1,6,113
201600020830,16,8,19,115,5,2,6,1,3,113
201600020831,16,8,29,1330,1,1,1,1,2,113
201600020832,16,8,9,1525,1,2,6,1,3,113
201600020833,16,9,15,1620,1,1,6,1,6,113
201600020834,16,10,3,935,1,2,6,1,3,113
201600020835,16,11,2,955,1,2,6,2,7,113
201600020836,16,11,14,1455,1,1,1,1,2,113
201600020837,16,11,15,1600,1,1,1,1,6,113
201600020838,16,11,16,1018,1,2,1,2,6,113
201600020839,16,12,3,1015,1,2,1,1,2,113
201600020840,16,11,26,1600,1,2,1,1,6,113
201600020841,16,12,9,1444,1,2,1,1,7,113
201600020842,16,12,7,1925,2,2,3,1,3,113
201600020843,16,12,18,748,3,1,4,5,6,113
201600020844,16,12,26,2040,3,1,1,1,6,113
201600020845,16,12,29,820,3,2,2,1,6,113
201600020846,16,12,28,1625,1,1,1,1,3,215
201600020847,16,1,5,1404,1,1,1,1,3,106
201600020848,16,12,16,2015,3,1,1,1,7,360
201600020849,16,1,5,950,1,1,6,8,3,187
201600020850,16,1,5,815,5,2,3,1,3,215
201600020851,16,1,12,1745,2,2,6,2,4,278
201600020852,16,1,9,1140,1,2,1,2,6,278
201600020853,16,1,15,810,3,1,3,2,2,106
201600020854,16,1,31,1900,5,2,1,1,6,278
201600020855,16,1,12,800,5,2,1,2,6,278
201600020856,16,2,4,1820,1,1,1,1,3,106
201600020857,16,2,5,1740,1,2,1,1,2,278
201600020858,16,2,5,1720,1,2,1,1,3,278
201600020859,16,2,9,1615,1,1,1,2,4,215
201600020860,16,2,18,1710,1,1,6,1,2,278
201600020861,16,1,23,1435,1,1,1,1,7,215
201600020862,16,2,28,1730,1,1,6,1,3,215
201600020863,16,3,7,1440,1,1,1,1,6,360
201600020864,16,2,28,1650,1,1,1,1,7,278
201600020865,16,3,22,2013,4,1,2,1,4,278
201600020866,16,4,6,1810,1,1,1,1,2,187
201600020867,16,4,20,845,1,2,2,1,1,278
201600020868,16,4,15,2013,1,1,1,1,7,278
201600020869,16,4,19,1215,1,2,6,1,3,278
201600020870,16,4,22,1330,1,2,1,1,6,278
201600020871,16,3,31,1830,1,2,2,1,1,278
201600020872,16,5,1,130,3,1,1,1,6,215
201600020873,16,4,28,1426,1,2,1,1,4,278
201600020874,16,4,28,1850,1,2,3,1,3,215
201600020875,16,5,15,830,1,2,6,7,3,360
201600020876,16,5,25,805,1,1,9,1,3,187
201600020877,16,5,28,2220,4,2,3,1,2,278
201600020878,16,6,6,1215,1,2,6,1,3,278
201600020879,16,6,8,1810,1,2,2,1,6,278
201600020880,16,6,11,1125,1,1,4,1,2,360
201600020881,16,6,15,840,1,2,1,1,4,278
201600020882,16,6,26,1745,1,1,9,1,2,187
201600020883,16,7,5,1140,1,2,1,1,6,278
201600020884,16,7,5,1550,1,1,1,1,7,106
201600020885,16,7,18,1940,1,2,1,1,3,278
201600020886,16,7,24,2025,1,1,1,1,3,187
201600020887,16,7,22,2000,1,2,1,1,6,187
201600020888,16,7,26,1655,1,1,1,1,7,278
201600020889,16,7,27,1715,1,1,1,1,2,106
201600020890,16,7,28,2010,1,2,2,1,3,278
201600020891,16,8,2,1325,1,1,1,1,4,360
201600020892,16,8,6,1540,1,1,6,1,3,360
201600020893,16,6,26,15,3,2,1,1,6,360
201600020894,16,8,10,850,1,2,6,1,3,278
201600020895,16,8,5,1630,1,2,2,1,3,360
201600020896,16,8,9,1345,1,2,1,1,3,187
201600020897,16,8,26,1852,1,1,6,1,7,187
201600020898,16,8,31,1750,1,2,1,1,2,278
201600020899,16,9,7,1500,1,1,1,1,6,106
201600020900,16,9,3,1108,1,1,1,1,4,360
201600020901,16,9,13,1,4,2,1,1,7,106
201600020902,16,9,12,1500,1,2,1,1,6,278
201600020903,16,9,12,1200,1,1,6,1,3,278
201600020904,16,7,3,1620,1,1,1,1,1,215
201600020905,16,7,5,1850,1,2,2,1,3,278
201600020906,16,9,16,805,1,1,1,3,1,278
201600020907,16,9,22,1850,1,1,3,1,2,106
201600020908,16,9,21,1740,1,1,3,1,3,278
201600020909,16,9,16,1730,1,1,6,1,3,360
201600020910,16,10,1,940,1,2,3,1,2,360
201600020911,16,10,4,2115,5,2,2,1,1,278
201600020912,16,10,4,1340,1,1,1,1,4,278
201600020913,16,10,6,1510,1,1,3,1,3,187
201600020914,16,10,1,1735,1,1,6,1,5,360
201600020915,16,9,29,1605,1,1,3,1,3,187
201600020916,16,10,11,1020,1,1,1,7,6,187
201600020917,16,6,24,2320,3,1,2,1,3,187
201600020918,16,10,7,1840,1,2,2,1,3,187
201600020919,16,10,7,2110,3,1,1,1,6,187
201600020920,16,10,18,1900,1,2,1,1,5,278
201600020921,16,10,26,1805,1,1,1,1,2,360
201600020922,16,9,21,1640,1,2,1,1,2,278
201600020923,16,10,20,2300,5,2,1,2,6,278
201600020924,16,11,2,1845,5,1,1,1,3,106
201600020925,16,10,29,1600,1,1,2,1,5,187
201600020926,16,11,7,1810,2,1,1,1,4,187
201600020927,16,11,8,1830,5,2,1,2,4,187
201600020928,16,10,24,2105,5,2,2,1,1,278
201600020929,16,10,29,1025,1,2,2,1,6,278
201600020930,16,11,7,1840,1,2,2,1,3,278
201600020931,16,11,12,1000,1,2,3,1,2,278
201600020932,16,11,11,1730,5,2,2,1,3,278
201600020933,16,11,20,1600,1,2,2,2,3,278
201600020934,16,11,25,810,5,2,2,1,3,106
201600020935,16,11,11,215,3,1,1,2,6,215
201600020936,16,11,25,1430,1,1,6,1,2,360
201600020937,16,11,18,1211,1,1,6,1,1,360
201600020938,16,11,22,800,2,2,1,1,6,278
201600020939,16,12,3,1015,1,2,6,1,3,106
201600020940,16,12,6,1715,1,2,1,1,6,278
201600020941,16,12,8,805,5,1,6,2,6,360
201600020942,16,12,10,1254,1,2,1,1,6,278
201600020943,16,11,24,1740,1,1,3,1,3,187
201600020944,16,11,24,1845,4,2,1,1,6,278
201600020945,16,12,24,1730,2,1,1,1,6,187
201600020946,16,12,7,1815,3,1,1,1,1,187
201600020947,16,2,10,1030,1,2,1,1,6,96
201600020948,16,5,24,750,2,2,1,7,1,96
201600020949,16,7,8,1330,1,2,1,1,7,96
201600020950,16,7,25,1420,1,2,1,1,7,96
201600020951,16,7,26,1825,1,2,2,1,3,96
201600020952,16,9,23,1500,1,1,2,1,3,96
201600020953,16,10,12,1355,1,1,1,1,5,96
201600020954,16,3,13,55,5,2,4,1,1,37
201600020955,16,3,15,1345,1,2,2,1,3,37
201600020956,16,4,20,1450,1,2,1,1,3,37
201600020957,16,4,18,655,5,2,3,1,6,37
201600020958,16,5,31,1045,1,1,1,3,1,37
201600020959,16,8,3,945,1,2,1,1,6,37
201600020960,16,8,5,900,1,2,1,1,6,37
201600020961,16,8,11,1315,1,2,1,1,6,37
201600020962,16,11,3,600,5,2,2,5,6,37
201600020963,16,11,19,1625,1,2,2,1,3,37
201600020964,16,12,7,1645,1,1,1,1,6,37
201600020965,16,12,13,1250,1,2,1,1,6,37
201600020966,16,1,11,815,2,2,1,5,6,322
201600020967,16,1,27,2040,5,2,2,1,3,557
201600020968,16,2,12,802,2,2,1,3,6,138
201600020969,16,2,23,910,1,2,1,1,6,322
201600020970,16,4,7,835,1,2,3,1,6,53
201600020971,16,4,10,1425,1,2,3,7,3,322
201600020972,16,4,4,800,1,2,1,1,2,256
201600020973,16,4,30,915,1,2,3,1,6,322
201600020974,16,4,30,1522,1,2,3,2,3,322
201600020975,16,5,4,1255,1,2,3,1,3,322
201600020976,16,7,22,1215,1,1,1,1,3,53
201600020977,16,9,14,730,1,2,1,1,6,53
201600020978,16,10,2,535,5,2,3,1,6,322
201600020979,16,10,6,1420,1,2,1,1,6,322
201600020980,16,10,17,955,1,2,9,2,6,322
201600020981,16,10,10,1510,1,1,6,1,6,557
201600020982,16,10,26,1740,1,2,1,1,6,322
201600020983,16,10,25,1730,1,1,1,1,1,102
201600020984,16,10,25,1730,1,2,1,1,2,557
201600020985,16,11,7,1914,5,1,2,1,3,322
201600020986,16,12,1,1120,1,1,9,1,5,256
201600020987,16,9,22,1210,1,2,2,1,7,322
201600020988,16,11,5,1740,2,1,1,1,2,312
201600020989,16,12,13,715,5,2,6,1,3,256
201600020990,16,12,17,1020,1,1,1,1,6,557
201600020991,16,1,6,1630,2,2,3,2,6,56
201600020992,16,1,6,1836,1,2,7,2,6,56
201600020993,16,1,7,1929,5,2,1,9,6,56
201600020994,16,1,7,1800,5,2,3,2,3,56
201600020995,16,1,8,1849,5,2,3,2,3,56
201600020996,16,1,11,635,3,2,1,3,6,56
201600020997,16,1,11,755,3,2,1,3,1,56
201600020998,16,1,15,1812,5,2,3,1,6,56
201600020999,16,1,17,2255,5,2,1,1,6,56
201600021000,16,1,22,530,3,2,1,1,6,56
201600021001,16,1,25,1802,2,2,1,1,6,56
201600021002,16,2,3,1540,1,1,9,2,6,56
201600021003,16,2,4,1858,5,2,1,2,6,56
201600021004,16,2,11,2223,5,2,9,9,6,56
201600021005,16,2,14,57,5,2,1,1,6,56
201600021006,16,2,14,1824,1,2,1,1,6,56
201600021007,16,2,15,1000,1,2,1,1,4,56
201600021008,16,2,18,1909,5,2,1,2,6,56
201600021009,16,3,5,2326,5,2,1,2,1,56
201600021010,16,3,15,806,1,2,1,1,7,56
201600021011,16,3,21,1920,2,2,1,1,6,56
201600021012,16,3,23,2100,5,2,1,1,2,56
201600021013,16,3,25,1352,1,1,1,8,5,56
201600021014,16,3,26,2008,5,2,1,1,6,56
201600021015,16,4,1,1018,1,2,1,1,6,56
201600021016,16,4,1,1700,1,2,1,1,6,56
201600021017,16,4,8,928,1,2,2,1,6,56
201600021018,16,4,10,154,5,2,1,1,6,56
201600021019,16,4,11,1118,1,2,1,1,6,56
201600021020,16,4,12,708,1,2,1,1,6,56
201600021021,16,4,13,2305,5,2,1,2,6,56
201600021022,16,4,24,1606,1,2,6,1,3,56
201600021023,16,5,1,545,5,2,1,3,6,56
201600021024,16,5,2,1739,1,2,2,1,3,56
201600021025,16,5,6,400,5,2,3,1,3,56
201600021026,16,5,7,1129,1,2,2,1,3,56
201600021027,16,5,10,1745,1,2,1,1,6,56
201600021028,16,5,14,39,5,2,1,2,6,56
201600021029,16,5,18,1816,1,2,1,1,6,56
201600021030,16,5,20,1739,1,2,4,1,6,56
201600021031,16,5,28,434,5,2,1,8,6,56
201600021032,16,5,28,450,5,2,1,1,2,56
201600021033,16,6,4,244,5,2,1,1,6,56
201600021034,16,6,6,2330,5,2,1,1,6,56
201600021035,16,6,7,1400,1,2,1,1,6,56
201600021036,16,6,7,1449,1,2,2,1,6,56
201600021037,16,6,9,1902,1,2,1,1,2,56
201600021038,16,6,17,602,1,2,1,2,6,56
201600021039,16,6,18,1601,1,2,3,8,2,56
201600021040,16,6,19,1730,1,2,6,1,2,56
201600021041,16,6,21,1042,1,2,1,1,6,56
201600021042,16,6,21,1645,1,2,9,1,6,56
201600021043,16,6,23,1652,1,2,1,1,6,56
201600021044,16,6,24,1404,1,2,1,1,6,56
201600021045,16,6,26,1338,1,2,1,1,6,56
201600021046,16,6,29,2330,5,2,4,2,6,56
201600021047,16,7,4,1908,1,2,1,1,3,56
201600021048,16,7,16,202,5,2,1,1,6,56
201600021049,16,7,22,717,1,2,9,1,6,56
201600021050,16,7,23,1058,1,2,1,1,6,56
201600021051,16,7,27,32,5,2,1,1,6,56
201600021052,16,8,6,722,1,2,1,1,6,56
201600021053,16,8,25,303,3,1,1,1,6,56
201600021054,16,8,27,1526,1,2,1,1,3,56
201600021055,16,8,30,719,1,2,1,1,7,56
201600021056,16,8,31,2041,5,2,3,1,3,56
201600021057,16,9,9,1241,1,2,1,1,6,56
201600021058,16,9,9,1949,1,2,1,1,6,56
201600021059,16,9,12,1727,1,2,1,1,6,56
201600021060,16,9,15,1613,1,2,1,8,6,56
201600021061,16,9,16,947,1,2,9,8,3,56
201600021062,16,9,16,1754,1,2,1,1,1,56
201600021063,16,9,24,1801,1,2,3,1,6,56
201600021064,16,10,2,1111,1,2,1,1,7,56
201600021065,16,10,3,1724,1,2,1,1,2,56
201600021066,16,10,6,1751,1,2,1,1,3,56
201600021067,16,10,11,1225,1,2,3,1,6,56
201600021068,16,10,14,1410,1,2,1,1,1,56
201600021069,16,10,15,250,5,2,1,1,6,56
201600021070,16,10,16,442,5,1,1,2,6,56