Num_Acc,an,mois,jour,hrmn,lum,agg,int,atm,col,com
201600021071,16,10,18,1750,1,2,1,1,6,56
201600021072,16,10,28,1821,1,2,1,1,5,56
201600021073,16,10,30,552,5,2,1,1,6,56
201600021074,16,11,3,1427,1,2,1,1,6,56
201600021075,16,11,5,1825,5,2,1,2,6,56
201600021076,16,11,7,1652,1,2,3,1,3,56
201600021077,16,11,27,251,5,2,1,1,7,56
201600021078,16,11,26,1308,1,2,1,1,1,56
201600021079,16,11,28,1933,5,2,1,1,6,56
201600021080,16,12,1,1730,1,2,1,1,2,56
201600021081,16,12,9,242,5,2,1,1,6,56
201600021082,16,12,9,755,1,2,1,9,6,56
201600021083,16,12,11,1613,1,1,1,1,6,56
201600021084,16,12,14,1749,3,2,1,1,6,56
201600021085,16,12,18,954,1,2,1,1,6,56
201600021086,16,12,27,1810,1,2,1,1,3,56
201600021087,16,1,20,1950,5,2,1,9,6,31
201600021088,16,1,4,1730,3,2,1,3,6,31
201600021089,16,1,26,1610,1,2,1,1,6,388
201600021090,16,2,2,1750,3,2,1,2,6,539
201600021091,16,2,4,1401,1,2,1,2,6,31
201600021092,16,2,4,2122,5,2,1,2,5,31
201600021093,16,2,10,1237,1,1,1,1,7,388
201600021094,16,2,23,2221,5,2,1,1,6,388
201600021095,16,3,9,1800,1,2,1,1,7,31
201600021096,16,3,11,2252,5,2,1,1,7,388
201600021097,16,3,12,1520,1,1,1,1,6,388
201600021098,16,3,30,1710,1,1,1,1,6,31
201600021099,16,4,28,1540,1,2,1,1,6,31
201600021100,16,4,23,1010,1,2,1,2,7,547
201600021101,16,5,2,1630,1,1,1,1,3,580
201600021102,16,3,18,1210,1,2,9,1,4,539
201600021103,16,5,8,1745,1,2,1,1,6,580
201600021104,16,4,27,1604,1,2,1,1,6,388
201600021105,16,6,1,810,1,2,1,1,1,580
201600021106,16,6,26,2000,1,2,7,1,3,580
201600021107,16,7,13,2240,5,2,3,1,1,388
201600021108,16,7,27,2330,5,2,1,1,2,31
201600021109,16,9,21,1433,1,2,1,1,4,31
201600021110,16,9,23,1620,1,2,7,1,6,388
201600021111,16,10,9,450,5,1,1,1,7,388
201600021112,16,11,10,2231,5,2,1,3,6,388
201600021113,16,11,17,706,4,2,1,8,6,31
201600021114,16,12,13,1841,5,2,3,1,3,388
201600021115,16,1,22,825,1,2,1,1,1,462
201600021116,16,2,2,1810,5,2,6,1,1,462
201600021117,16,2,8,1030,1,2,1,2,6,462
201600021118,16,3,5,1433,1,2,3,1,6,462
201600021119,16,4,5,1410,1,2,1,2,7,462
201600021120,16,5,14,1115,1,2,1,2,3,462
201600021121,16,5,17,1227,1,2,1,1,4,462
201600021122,16,5,27,1500,1,2,1,1,6,462
201600021123,16,6,7,808,1,2,1,1,6,462
201600021124,16,6,11,1215,1,2,2,3,3,462
201600021125,16,6,11,1250,1,2,3,2,3,462
201600021126,16,6,11,1749,1,1,3,2,3,204
201600021127,16,6,14,730,1,1,1,3,6,462
201600021128,16,6,15,825,1,2,2,1,1,462
201600021129,16,6,19,1930,1,2,1,1,6,462
201600021130,16,6,27,1155,1,2,1,1,3,462
201600021131,16,6,28,530,1,2,1,1,6,204
201600021132,16,7,3,1520,1,2,3,1,3,462
201600021133,16,7,5,718,1,2,6,1,6,462
201600021134,16,7,6,1745,1,2,7,1,3,462
201600021135,16,7,8,1945,1,1,3,1,2,204
201600021136,16,7,15,1425,1,2,3,1,7,462
201600021137,16,8,3,1215,1,1,1,1,3,462
201600021138,16,8,26,1620,1,2,3,1,6,462
201600021139,16,8,27,915,1,2,3,1,1,462
201600021140,16,9,24,1120,1,1,1,1,2,204
201600021141,16,9,24,1630,1,2,3,1,2,462
201600021142,16,9,28,510,5,2,3,1,3,462
201600021143,16,9,30,830,1,2,1,1,3,462
201600021144,16,10,7,655,5,2,1,1,2,204
201600021145,16,10,13,1930,5,2,3,1,6,462
201600021146,16,10,15,1100,1,2,1,1,6,462
201600021147,16,10,17,1206,1,2,3,2,2,462
201600021148,16,11,4,1710,1,2,1,1,2,462
201600021149,16,11,8,900,1,1,1,4,6,204
201600021150,16,11,8,1330,1,2,1,4,6,462
201600021151,16,11,24,1315,1,1,1,1,3,204
201600021152,16,11,28,1537,1,2,8,1,6,462
201600021153,16,12,6,1230,1,2,2,1,3,462
201600021154,16,12,10,1600,1,2,1,1,3,462
201600021155,16,12,14,1930,3,1,1,1,5,333
201600021156,16,1,14,1200,1,1,1,8,3,25
201600021157,16,3,2,1630,1,2,1,2,7,62
201600021158,16,3,11,945,1,1,2,1,3,99
201600021159,16,4,2,1445,1,2,1,1,3,25
201600021160,16,6,5,1115,1,1,1,1,6,99
201600021161,16,7,14,1745,1,1,2,1,3,25
201600021162,16,8,14,645,1,1,1,1,6,62
201600021163,16,11,2,1645,1,1,1,1,3,25
201600021164,16,11,23,830,1,1,1,1,6,38
201600021165,16,11,27,2145,3,1,1,1,6,99
201600021166,16,12,11,945,2,1,3,5,3,71
201600021167,16,2,26,600,3,2,1,1,6,154
201600021168,16,3,26,845,1,2,6,1,2,478
201600021169,16,8,18,1600,1,2,8,1,1,82
201600021170,16,11,9,715,2,2,1,2,6,478
201600021171,16,11,28,1830,5,2,1,1,6,319
201600021172,16,2,29,730,2,1,1,1,1,163
201600021173,16,6,18,245,3,1,1,1,6,136
201600021174,16,7,5,1730,1,1,3,1,3,180
201600021175,16,8,16,930,1,1,2,1,3,307
201600021176,16,9,2,1400,1,2,1,7,1,122
201600021177,16,9,7,830,1,1,4,1,3,95
201600021178,16,9,23,1125,1,2,2,1,3,150
201600021179,16,10,3,1500,1,1,1,1,6,212
201600021180,16,12,30,745,3,1,1,5,6,148
201600021181,16,1,7,300,4,2,1,1,6,261
201600021182,16,4,20,1845,1,1,1,1,7,233
201600021183,16,6,4,1930,1,1,1,1,1,571
201600021184,16,6,7,1115,1,1,2,1,3,815
201600021185,16,10,9,1830,1,2,3,1,3,866
201600021186,16,12,2,1530,1,2,1,9,6,752
201600021187,16,12,5,1530,1,2,1,1,6,261
201600021188,16,12,6,1345,1,1,2,1,1,16
201600021189,16,1,13,1730,3,1,1,5,1,278
201600021190,16,1,23,2045,3,1,1,1,3,278
201600021191,16,3,13,1745,1,1,1,1,2,278
201600021192,16,5,8,1030,1,1,1,1,2,487
201600021193,16,5,24,700,1,2,1,1,3,201
201600021194,16,6,30,445,3,1,1,2,6,553
201600021195,16,10,11,1800,1,2,1,1,3,653
201600021196,16,10,17,745,1,2,1,1,6,653
201600021197,16,10,16,1715,1,2,1,1,6,653
201600021198,16,12,23,1630,1,2,1,1,4,553
201600021199,16,1,17,2120,3,1,1,1,6,257
201600021200,16,5,1,1950,1,2,1,1,1,213
201600021201,16,8,14,1800,1,1,1,1,7,19
201600021202,16,8,23,1845,1,1,1,1,3,292
201600021203,16,2,11,1845,5,1,1,4,6,33
201600021204,16,7,6,2300,5,2,1,1,6,44
201600021205,16,7,19,1345,1,1,1,1,2,44
201600021206,16,9,8,1000,1,2,1,1,3,357
201600021207,16,10,23,2000,3,1,1,2,1,91
201600021208,16,11,26,1800,5,2,1,1,6,33
201600021209,16,1,4,1530,1,1,1,1,1,33
201600021210,16,3,8,845,1,1,1,6,3,91
201600021211,16,3,26,1930,3,1,1,1,5,100
201600021212,16,4,11,1715,1,1,1,1,1,33
201600021213,16,4,25,1145,1,1,1,1,6,49
201600021214,16,5,16,1445,1,2,3,1,3,49
201600021215,16,7,1,1500,1,1,1,1,1,91
201600021216,16,8,11,1745,1,1,1,1,3,33
201600021217,16,10,15,1915,3,1,1,1,1,33
201600021218,16,10,30,2330,3,1,1,1,6,43
201600021219,16,12,10,1200,1,1,1,1,3,33
201600021220,16,1,20,850,1,2,1,1,2,198
201600021221,16,12,13,1812,5,2,1,1,2,198
201600021222,16,1,27,555,5,2,1,1,7,198
201600021223,16,11,26,1020,1,2,2,1,6,198
201600021224,16,2,12,1840,5,1,1,2,6,198
201600021225,16,3,20,110,5,2,1,1,6,198
201600021226,16,3,2,1735,1,2,3,1,5,198
201600021227,16,4,29,1915,1,1,3,1,3,198
201600021228,16,4,27,1445,1,2,1,1,6,198
201600021229,16,5,20,1045,1,1,1,1,3,198
201600021230,16,5,15,1930,1,2,1,1,1,198
201600021231,16,5,5,1900,1,2,3,1,3,198
201600021232,16,5,26,1420,1,1,1,1,2,198
201600021233,16,6,28,1740,1,1,1,1,3,198
201600021234,16,7,9,250,5,2,1,1,1,198
201600021235,16,7,10,1045,1,2,1,1,3,198
201600021236,16,7,6,1100,1,2,1,1,6,198
201600021237,16,7,31,615,1,1,1,1,2,198
201600021238,16,8,5,1730,1,1,1,1,5,5
201600021239,16,8,16,1330,1,2,1,1,3,198
201600021240,16,6,26,2110,1,1,1,1,7,8
201600021241,16,9,12,1640,1,1,1,1,1,198
201600021242,16,10,3,1120,1,2,1,1,6,198
201600021243,16,9,21,1150,1,2,1,1,6,198
201600021244,16,10,24,1930,3,2,1,1,6,198
201600021245,16,10,26,1730,1,2,3,1,6,198
201600021246,16,9,4,305,3,1,1,1,3,198
201600021247,16,9,12,2000,3,1,1,1,6,198
201600021248,16,12,6,1810,5,1,1,1,2,198
201600021249,16,1,4,1740,2,2,1,1,6,281
201600021250,16,1,4,1815,2,2,6,1,2,281
201600021251,16,1,6,1845,5,2,1,8,3,281
201600021252,16,1,11,1640,1,2,1,1,3,281
201600021253,16,1,12,1150,1,2,6,1,3,281
201600021254,16,1,12,1320,1,2,1,1,3,281
201600021255,16,1,14,1107,1,2,1,2,7,281
201600021256,16,1,14,1830,2,2,1,1,3,57
201600021257,16,2,1,1415,1,2,1,1,6,281
201600021258,16,2,13,1620,1,2,1,1,6,281
201600021259,16,2,14,1945,5,2,2,1,1,57
201600021260,16,3,14,845,1,2,1,1,6,281
201600021261,16,3,16,2000,5,2,1,1,4,281
201600021262,16,3,19,1825,1,2,2,1,3,281
201600021263,16,3,19,1825,1,2,3,1,3,57
201600021264,16,3,21,1730,1,2,1,1,2,57
201600021265,16,3,23,725,1,1,1,1,3,139
201600021266,16,3,23,905,1,2,1,1,6,281
201600021267,16,3,30,2125,3,1,6,1,7,281
201600021268,16,4,7,1045,1,2,2,1,3,57
201600021269,16,4,7,1205,1,2,1,1,3,57
201600021270,16,4,10,1225,1,2,3,1,2,281
201600021271,16,4,14,1650,1,2,1,1,2,281
201600021272,16,4,16,1745,1,1,3,1,2,88
201600021273,16,4,20,2327,5,2,6,1,3,84
201600021274,16,4,21,1550,1,2,1,1,3,281
201600021275,16,4,29,1210,1,2,1,1,5,281
201600021276,16,5,2,1205,1,2,1,1,1,57
201600021277,16,5,5,1525,1,2,4,1,3,281
201600021278,16,5,11,1540,1,2,2,2,5,281
201600021279,16,5,16,10,5,2,1,1,1,281
201600021280,16,5,17,1830,1,2,1,1,6,281
201600021281,16,5,19,1330,1,2,1,1,2,281
201600021282,16,5,28,1205,1,2,1,1,6,4
201600021283,16,6,1,1330,1,2,1,1,3,281
201600021284,16,6,1,1855,1,2,3,2,3,57
201600021285,16,6,3,1650,1,1,1,1,2,281
201600021286,16,6,8,252,5,2,2,1,3,281
201600021287,16,6,11,1100,1,2,2,1,3,281
201600021288,16,6,22,1840,1,2,1,1,6,281
201600021289,16,6,22,2050,2,2,1,1,3,218
201600021290,16,6,25,1750,1,2,6,1,3,281
201600021291,16,6,28,1905,1,2,1,1,6,281
201600021292,16,6,29,830,1,2,1,1,6,281
201600021293,16,7,1,1405,1,1,1,1,6,281
201600021294,16,7,2,1100,1,1,1,1,6,281
201600021295,16,7,7,1451,1,1,1,1,4,281
201600021296,16,7,12,39,3,2,1,1,6,281
201600021297,16,7,13,1905,1,2,1,1,5,281
201600021298,16,8,11,1157,1,2,2,1,3,281
201600021299,16,8,13,1230,1,2,1,1,3,281
201600021300,16,8,15,1040,1,2,1,1,6,281
201600021301,16,8,26,705,1,2,1,1,3,281
201600021302,16,8,26,820,1,2,1,1,6,281
201600021303,16,9,2,135,5,2,1,1,6,281
201600021304,16,9,12,1430,1,1,1,1,2,57
201600021305,16,9,13,1015,1,2,1,1,3,281
201600021306,16,9,15,1130,1,2,1,1,6,281
201600021307,16,9,21,1121,1,2,1,1,6,281
201600021308,16,9,28,1220,1,2,3,1,5,281
201600021309,16,9,29,1010,1,2,3,1,3,281
201600021310,16,10,5,1415,1,2,1,1,2,57
201600021311,16,10,8,1510,1,2,1,1,2,281
201600021312,16,10,15,1130,1,2,2,1,1,281
201600021313,16,10,18,1640,1,2,1,1,6,281
201600021314,16,10,21,1700,1,2,6,1,3,281
201600021315,16,11,7,1000,1,2,2,1,3,281
201600021316,16,11,9,800,1,2,1,1,2,281
201600021317,16,11,11,1140,1,2,1,1,2,281
201600021318,16,11,16,1825,5,2,1,1,2,281
201600021319,16,11,18,1430,1,2,1,1,2,281
201600021320,16,11,18,1505,1,2,3,1,3,281
201600021321,16,11,20,1734,1,2,1,1,3,281
201600021322,16,11,21,832,1,2,1,1,6,281
201600021323,16,11,26,237,3,1,1,1,7,281
201600021324,16,11,26,1055,1,2,1,1,6,281
201600021325,16,11,25,1810,1,2,6,1,3,281
201600021326,16,11,29,1400,1,2,2,1,3,281
201600021327,16,11,30,1240,1,2,2,1,3,57
201600021328,16,12,5,1835,3,2,3,1,3,281
201600021329,16,12,8,1700,1,2,1,1,2,57
201600021330,16,12,15,1300,1,2,6,1,3,281
201600021331,16,12,15,1751,1,2,1,1,6,281
201600021332,16,12,16,1840,3,1,6,1,5,281
201600021333,16,12,17,915,1,2,1,1,6,281
201600021334,16,12,17,1645,1,2,1,1,4,281
201600021335,16,12,21,1345,1,1,1,1,2,281
201600021336,16,12,28,1430,1,2,1,1,2,281
201600021337,16,12,30,240,3,1,1,1,6,57
201600021338,16,12,29,1630,1,2,1,1,6,362
201600021339,16,1,8,1654,1,2,1,1,3,58
201600021340,16,1,11,1950,3,1,1,1,6,362
201600021341,16,1,14,1025,1,2,1,1,6,362
201600021342,16,1,14,727,5,2,6,2,3,362
201600021343,16,1,30,1710,1,2,3,1,1,362
201600021344,16,2,3,1305,1,1,2,1,2,58
201600021345,16,2,3,1652,1,2,1,1,6,362
201600021346,16,2,17,517,4,1,1,1,7,362
201600021347,16,2,27,1700,1,1,1,1,1,362
201600021348,16,2,16,1300,1,1,1,1,1,252
201600021349,16,2,27,1917,5,2,1,1,2,252
201600021350,16,3,3,2015,5,2,2,1,3,362
201600021351,16,3,7,1035,1,2,1,1,6,362
201600021352,16,3,11,1640,1,1,3,1,3,362
201600021353,16,3,31,830,1,1,6,1,4,252
201600021354,16,4,16,2230,5,2,3,1,3,58
201600021355,16,4,17,250,5,2,2,1,3,362
201600021356,16,4,27,1350,1,2,1,1,2,58
201600021357,16,4,26,1640,1,2,1,1,3,58
201600021358,16,4,30,120,5,2,3,1,3,362
201600021359,16,5,4,800,1,1,1,1,1,362
201600021360,16,5,4,1705,1,2,2,1,6,362
201600021361,16,5,4,725,1,2,1,1,6,362
201600021362,16,5,14,1649,1,2,1,1,3,58
201600021363,16,5,26,805,1,2,3,1,3,362
201600021364,16,5,26,1746,1,2,1,1,5,362
201600021365,16,5,30,745,1,2,1,1,6,362
201600021366,16,5,28,5,3,1,3,1,5,252
201600021367,16,6,9,1710,1,2,6,1,6,362
201600021368,16,6,7,1700,1,2,1,1,2,58
201600021369,16,6,16,1040,1,1,1,2,3,4
201600021370,16,6,22,1345,1,2,2,1,3,362
201600021371,16,6,30,1945,1,2,3,1,6,362
201600021372,16,6,29,2115,2,2,3,1,1,362
201600021373,16,7,4,705,1,2,1,1,3,58
201600021374,16,7,12,1710,1,1,1,1,5,362
201600021375,16,7,13,1713,1,2,1,1,2,362
201600021376,16,7,18,1205,1,1,1,1,2,58
201600021377,16,7,16,720,1,2,1,1,2,252
201600021378,16,7,16,1250,1,1,1,1,7,252
201600021379,16,5,4,2115,5,2,1,1,7,362
201600021380,16,6,9,1715,1,2,1,1,6,252
201600021381,16,8,4,2035,1,1,1,1,6,362
201600021382,16,9,22,1320,1,1,1,1,6,313
201600021383,16,9,22,1410,1,1,1,1,4,313
201600021384,16,9,27,1220,1,2,1,1,6,362
201600021385,16,9,28,815,1,2,3,1,1,252
201600021386,16,9,30,5,3,1,1,1,5,58
201600021387,16,10,13,1700,1,2,1,2,6,252
201600021388,16,10,21,1700,1,2,1,1,6,58
201600021389,16,10,25,2015,5,2,3,2,3,362
201600021390,16,10,26,1530,1,2,1,1,3,362
201600021391,16,10,27,1145,1,2,1,1,3,362
201600021392,16,11,8,1140,1,2,1,1,6,58
201600021393,16,11,12,1840,5,1,1,1,3,362
201600021394,16,11,10,738,2,2,4,2,2,252
201600021395,16,11,30,1149,1,2,1,1,6,362
201600021396,16,12,5,925,1,2,1,1,6,58
201600021397,16,12,12,1750,3,1,2,1,3,170
201600021398,16,12,13,1815,5,1,1,1,1,58
201600021399,16,12,17,1235,1,2,1,1,6,362
201600021400,16,1,21,830,1,2,1,1,3,37
201600021401,16,5,26,2330,3,1,1,1,1,37
201600021402,16,6,28,2300,3,1,1,1,7,39
201600021403,16,7,31,1945,1,1,1,1,6,27
201600021404,16,9,28,630,3,1,1,1,6,37
201600021405,16,10,2,1015,1,2,1,1,3,37
201600021406,16,11,6,1145,1,2,1,1,6,56
201600021407,16,12,26,1715,3,1,1,1,6,56
201600021408,16,2,19,1430,1,1,1,1,3,33
201600021409,16,5,2,1800,1,1,1,1,2,34
201600021410,16,6,29,1745,1,1,1,1,1,34
201600021411,16,9,13,1615,1,2,1,1,6,6
201600021412,16,10,6,710,2,1,1,1,1,109
201600021413,16,10,7,1155,1,1,1,1,5,33
201600021414,16,10,21,10,3,1,1,8,6,46
201600021415,16,10,30,415,5,2,1,1,1,46
201600021416,16,11,3,1325,1,1,3,1,5,33
201600021417,16,12,7,650,2,1,3,1,1,33
201600021418,16,12,13,835,1,1,1,1,1,64
201600021419,16,12,23,1630,1,1,1,1,1,46
201600021420,16,2,24,1145,1,1,1,2,6,362
201600021421,16,7,1,30,3,1,1,1,7,84
201600021422,16,12,16,845,1,1,1,1,2,84
201600021423,16,4,15,1045,1,1,1,1,3,194
201600021424,16,5,5,930,1,1,1,1,1,239
201600021425,16,6,29,2000,1,2,6,1,1,332
201600021426,16,7,1,230,5,2,1,1,7,332
201600021427,16,7,2,845,1,1,1,1,1,383
201600021428,16,7,31,930,1,2,1,1,1,337
201600021429,16,9,28,1430,1,2,1,1,2,133
201600021430,16,11,3,645,2,2,2,1,3,239
201600021431,16,11,16,730,1,2,3,1,3,239
201600021432,16,11,19,1145,1,2,1,1,3,270
201600021433,16,11,21,1745,3,1,1,8,3,337
201600021434,16,11,30,1830,3,1,1,1,6,332
201600021435,16,1,23,15,5,2,1,2,6,283
201600021436,16,2,9,1745,2,2,1,2,1,283
201600021437,16,5,26,800,1,2,2,1,1,283
201600021438,16,7,23,1230,1,2,1,1,3,283
201600021439,16,7,28,1130,1,2,1,1,6,283
201600021440,16,9,30,1730,1,2,1,1,3,283
201600021441,16,11,5,815,1,1,1,2,1,283
201600021442,16,2,3,2200,3,1,1,1,7,20
201600021443,16,7,29,1545,1,1,1,1,6,397
201600021444,16,10,6,1945,3,1,1,1,6,167
201600021445,16,1,5,1130,1,1,1,1,7,252
201600021446,16,3,1,1130,1,1,1,1,6,136
201600021447,16,7,24,830,1,1,1,1,7,91
201600021448,16,7,31,630,1,1,1,1,6,252
201600021449,16,8,25,1045,1,1,1,1,3,252
201600021450,16,9,2,1030,1,1,1,1,6,91
201600021451,16,10,13,830,1,1,1,1,6,223
201600021452,16,11,24,100,3,1,1,1,6,223
201600021453,16,11,8,1528,1,2,1,1,6,229
201600021454,16,12,22,1030,1,2,1,1,1,229
201600021455,16,1,9,455,5,2,1,1,6,229
201600021456,16,2,12,1610,1,2,3,1,3,229
201600021457,16,2,17,2110,5,2,2,1,1,229
201600021458,16,2,29,900,1,2,1,1,1,229
201600021459,16,2,29,1525,1,2,1,1,1,299
201600021460,16,3,4,1025,1,2,1,1,3,229
201600021461,16,3,15,1935,2,2,1,1,6,299
201600021462,16,3,25,810,1,2,1,1,6,229
201600021463,16,3,27,10,5,2,1,1,3,299
201600021464,16,3,30,1850,2,2,3,1,2,299
201600021465,16,4,4,725,1,1,1,1,1,299
201600021466,16,4,9,630,2,2,1,1,1,229
201600021467,16,4,19,1440,1,1,1,1,2,299
201600021468,16,5,27,1720,1,2,1,1,2,229
201600021469,16,6,10,1935,1,2,2,1,3,229
201600021470,16,6,17,1510,1,2,2,1,6,229
201600021471,16,6,24,1640,1,2,2,1,3,31
201600021472,16,6,25,1055,1,1,2,1,3,229
201600021473,16,6,29,2054,1,2,1,2,6,229
201600021474,16,6,30,2225,2,2,3,1,3,229
201600021475,16,7,6,1725,1,2,2,1,6,229
201600021476,16,7,9,1515,1,2,3,1,3,299
201600021477,16,7,11,1210,1,2,2,1,3,229
201600021478,16,9,22,1620,1,2,1,1,2,229
201600021479,16,10,24,2325,5,2,1,5,1,229
201600021480,16,9,27,1415,1,2,6,1,3,229
201600021481,16,5,18,1220,1,2,1,1,2,229
201600021482,16,9,25,1455,1,2,2,1,1,229
201600021483,16,9,22,1445,1,2,1,1,1,229
201600021484,16,9,23,810,1,2,1,1,6,229
201600021485,16,10,4,1725,1,2,1,1,1,229
201600021486,16,10,14,2140,5,2,1,1,7,229
201600021487,16,10,25,1440,1,2,1,1,6,229
201600021488,16,12,11,205,4,2,1,8,6,229
201600021489,16,6,28,1900,1,1,1,1,1,353
201600021490,16,11,26,2045,3,1,1,1,7,559
201600021491,16,1,16,1700,5,2,1,1,7,701
201600021492,16,12,10,1840,5,2,1,1,6,375
201600021493,16,12,25,145,3,1,1,1,1,701
201600021494,16,1,28,845,1,2,6,1,3,701
201600021495,16,2,13,930,1,1,1,3,1,701
201600021496,16,4,23,1725,1,1,1,1,2,701
201600021497,16,4,19,520,5,2,1,1,3,375
201600021498,16,6,16,1745,1,2,1,2,7,351
201600021499,16,4,10,1220,1,1,1,1,3,375
201600021500,16,7,23,1955,1,1,3,1,1,375
201600021501,16,10,9,1525,1,2,2,1,3,701
201600021502,16,10,11,1610,1,2,2,1,2,701
201600021503,16,10,16,650,5,2,2,1,2,375
201600021504,16,4,3,1245,1,2,3,1,2,701
201600021505,16,8,14,1610,1,2,1,1,7,701
201600021506,16,8,13,1750,1,1,1,1,6,701
201600021507,16,8,23,1415,1,2,1,1,7,375
201600021508,16,10,14,655,5,2,3,1,6,375
201600021509,16,6,21,1310,1,2,1,2,2,375
201600021510,16,9,4,1045,1,1,1,2,6,582
201600021511,16,6,21,1515,1,1,1,1,6,191
201600021512,16,11,18,145,5,2,2,1,6,474
201600021513,16,1,18,600,3,1,1,2,2,135
201600021514,16,1,25,1530,1,1,1,1,3,568
201600021515,16,1,28,745,1,1,1,1,7,124
201600021516,16,5,25,120,3,1,1,1,6,630
201600021517,16,6,14,1545,1,1,1,1,6,281
201600021518,16,7,9,2015,1,2,1,1,3,663
201600021519,16,8,13,2215,3,1,1,1,4,609
201600021520,16,9,6,1700,1,1,1,1,5,543
201600021521,16,12,31,1030,1,1,1,5,7,135
201600021522,16,10,16,1040,1,1,1,1,2,37
201600021523,16,10,16,1515,1,1,1,1,7,130
201600021524,16,11,6,1435,1,1,1,1,1,130
201600021525,16,11,18,1845,1,2,1,1,3,95
201600021526,16,12,13,2050,3,1,1,1,6,118
201600021527,16,1,16,1000,1,2,1,1,6,95
201600021528,16,1,17,915,1,1,1,1,6,118
201600021529,16,2,8,900,1,2,1,1,6,95
201600021530,16,5,5,1115,1,1,1,1,7,37
201600021531,16,5,21,1415,1,1,1,1,3,3
201600021532,16,5,26,1515,1,2,1,1,6,95
201600021533,16,5,28,1430,1,1,1,1,1,130
201600021534,16,6,27,730,1,2,1,1,1,140
201600021535,16,7,15,1600,1,1,1,7,3,130
201600021536,16,8,15,2015,2,2,1,1,3,95
201600021537,16,10,3,900,1,2,1,1,3,118
201600021538,16,3,31,1215,1,1,1,8,1,13
201600021539,16,5,30,515,2,1,1,3,1,554
201600021540,16,12,7,915,1,2,1,1,7,681
201600021541,16,2,3,1645,1,2,3,1,6,681
201600021542,16,3,30,1200,1,2,3,1,6,681
201600021543,16,4,16,445,4,1,1,1,7,588
201600021544,16,7,8,1310,1,2,1,7,3,681
201600021545,16,7,24,335,3,1,2,1,1,681
201600021546,16,5,4,1305,1,2,3,1,1,562
201600021547,16,5,12,755,1,2,3,1,3,681
201600021548,16,6,25,1845,1,2,7,1,6,681
201600021549,16,9,9,1025,1,2,1,1,2,562
201600021550,16,10,12,1720,1,2,4,1,7,554
201600021551,16,8,3,1915,1,1,1,1,7,407
201600021552,16,8,20,1945,1,1,2,1,5,153
201600021553,16,11,2,645,1,1,3,1,3,222
201600021554,16,11,19,615,3,1,1,2,6,142
201600021555,16,1,19,1615,1,1,1,4,3,470
201600021556,16,3,3,1400,1,1,1,4,6,629
201600021557,16,7,6,1900,1,1,1,1,5,97
201600021558,16,10,27,1,5,1,1,1,2,230
201600021559,16,11,14,415,3,1,1,1,2,156
201600021560,16,12,24,2015,3,1,1,2,1,214
201600021561,16,1,1,2200,5,2,3,2,1,665
201600021562,16,1,12,630,3,1,1,1,3,363
201600021563,16,2,10,1745,1,2,1,1,1,458
201600021564,16,4,5,345,3,1,1,1,6,666
201600021565,16,3,24,1200,1,2,1,1,1,363
201600021566,16,4,17,800,1,1,1,1,2,665
201600021567,16,5,17,1230,1,2,1,1,2,666
201600021568,16,7,13,1500,1,2,1,1,3,665
201600021569,16,8,13,1715,1,1,1,1,6,363
201600021570,16,7,2,1445,1,1,1,1,3,606
201600021571,16,8,3,900,1,1,1,3,6,244
201600021572,16,12,30,2140,3,1,1,1,3,278
201600021573,16,1,5,1800,3,1,1,2,5,203
201600021574,16,1,11,1145,1,1,1,4,6,203
201600021575,16,1,26,1430,1,1,1,1,6,19
201600021576,16,4,4,815,1,1,1,1,2,119
201600021577,16,4,5,1515,1,1,1,1,6,146
201600021578,16,4,18,1930,2,1,1,1,6,140
201600021579,16,9,12,1345,1,1,1,1,2,127
201600021580,16,3,14,830,1,1,1,1,2,31
201600021581,16,5,3,1245,1,1,1,1,6,178
201600021582,16,8,16,915,1,1,1,1,7,278
201600021583,16,11,24,1845,3,1,1,1,2,129
201600021584,16,7,19,930,1,1,1,1,3,462
201600021585,16,9,11,930,1,1,1,1,7,266
201600021586,16,10,6,1715,1,1,1,1,5,266
201600021587,16,1,9,1030,1,2,1,8,7,220
201600021588,16,1,21,1850,3,2,1,2,4,209
201600021589,16,2,1,915,1,2,1,1,7,85
201600021590,16,1,10,450,5,2,1,9,6,229
201600021591,16,2,3,1800,5,2,3,3,1,220
201600021592,16,3,17,925,1,1,2,1,3,229
201600021593,16,3,22,1250,1,1,6,1,3,85
201600021594,16,3,18,1825,1,2,3,1,3,218
201600021595,16,4,12,1350,1,2,1,1,6,85
201600021596,16,4,25,520,5,2,1,1,6,218
201600021597,16,4,13,1705,1,2,1,1,3,85
201600021598,16,4,29,750,1,2,2,1,6,85
201600021599,16,5,7,1105,1,1,6,1,7,85
201600021600,16,5,26,1715,1,2,3,1,3,70
201600021601,16,5,16,1900,1,2,1,1,6,220
201600021602,16,6,4,1925,1,2,1,1,3,229
201600021603,16,6,14,1330,1,2,1,1,6,85
201600021604,16,6,23,1340,1,2,1,1,6,85
201600021605,16,7,10,1600,1,1,1,1,6,209
201600021606,16,7,12,655,1,2,1,1,6,85
201600021607,16,7,10,1520,1,2,1,1,7,85
201600021608,16,7,31,110,5,2,1,1,6,85