Num_Acc,an,mois,jour,hrmn,lum,agg,int,atm,col,com
201600021609,16,8,1,735,1,2,3,1,1,85
201600021610,16,7,28,1730,1,2,1,1,6,209
201600021611,16,8,19,1410,1,2,1,1,6,218
201600021612,16,9,19,1405,1,2,1,1,6,220
201600021613,16,11,1,1055,1,1,1,1,6,110
201600021614,16,11,16,1040,1,2,6,2,2,229
201600021615,16,11,23,915,1,2,1,3,6,85
201600021616,16,12,7,1054,1,2,1,1,6,85
201600021617,16,5,8,1215,1,1,1,1,1,233
201600021618,16,7,27,1815,1,1,1,1,6,281
201600021619,16,1,16,1630,1,2,1,1,1,199
201600021620,16,3,4,1130,1,1,1,1,3,182
201600021621,16,3,27,1015,1,1,1,2,1,3
201600021622,16,3,31,1645,1,1,1,1,6,163
201600021623,16,7,10,1700,1,2,1,7,2,49
201600021624,16,7,25,1215,1,1,2,1,3,198
201600021625,16,7,28,830,1,1,1,1,7,337
201600021626,16,8,10,1500,1,1,1,1,7,3
201600021627,16,9,29,1330,1,1,1,1,1,8
201600021628,16,12,23,1,3,1,1,2,7,231
201600021629,16,12,2,2030,3,1,1,5,6,232
201600021630,16,12,5,945,1,2,1,1,1,176
201600021631,16,12,12,1530,1,1,2,1,5,198
201600021632,16,1,2,1500,1,2,3,1,6,134
201600021633,16,11,12,1845,3,2,1,2,6,134
201600021634,16,12,5,1810,5,2,6,1,6,404
201600021635,16,1,8,2045,5,2,2,5,3,134
201600021636,16,3,4,1535,1,1,1,2,2,134
201600021637,16,3,4,1620,1,2,3,2,5,404
201600021638,16,4,15,1830,1,2,1,1,6,134
201600021639,16,4,18,1435,1,1,1,1,6,134
201600021640,16,4,26,735,1,2,1,2,6,134
201600021641,16,4,27,1620,1,2,1,1,1,134
201600021642,16,5,2,850,1,2,1,1,6,134
201600021643,16,5,7,1440,1,2,1,1,2,134
201600021644,16,5,21,1850,1,2,1,2,6,404
201600021645,16,5,24,1130,1,2,6,1,6,134
201600021646,16,6,7,1750,1,1,1,1,3,223
201600021647,16,7,16,1805,1,1,9,1,3,134
201600021648,16,7,20,900,1,1,1,1,7,404
201600021649,16,8,9,1100,1,1,3,1,3,134
201600021650,16,8,24,2000,1,2,9,1,6,134
201600021651,16,10,6,1835,1,1,1,1,2,404
201600021652,16,6,2,1600,1,1,1,1,2,520
201600021653,16,9,24,645,3,1,1,1,2,81
201600021654,16,10,12,200,3,1,1,1,2,81
201600021655,16,10,26,1145,1,1,1,1,2,170
201600021656,16,3,23,1030,1,2,3,1,3,182
201600021657,16,10,13,615,5,1,6,2,3,257
201600021658,16,12,10,245,3,1,1,1,2,112
201600021659,16,12,11,1045,1,2,1,1,1,217
201600021660,16,2,13,1400,1,1,1,2,6,618
201600021661,16,4,10,1345,1,1,2,1,3,553
201600021662,16,8,19,1445,1,2,2,1,3,255
201600021663,16,1,31,2045,3,1,1,2,2,135
201600021664,16,2,13,1545,1,1,1,8,6,227
201600021665,16,2,14,1215,1,1,1,4,2,225
201600021666,16,2,26,745,1,1,1,1,3,251
201600021667,16,2,28,1615,1,1,1,6,3,34
201600021668,16,3,9,730,1,1,1,3,4,304
201600021669,16,2,10,130,3,1,1,4,7,135
201600021670,16,3,25,1800,1,1,1,1,2,304
201600021671,16,3,28,1845,1,1,1,2,4,372
201600021672,16,3,28,1445,1,1,1,4,6,34
201600021673,16,3,30,2350,3,1,1,2,6,4
201600021674,16,4,5,545,3,1,1,1,6,4
201600021675,16,4,11,1600,1,1,1,1,7,164
201600021676,16,4,22,1445,1,1,1,1,2,67
201600021677,16,4,30,1530,1,1,1,1,7,227
201600021678,16,5,17,1545,1,1,1,1,7,272
201600021679,16,5,21,1645,1,1,1,2,6,354
201600021680,16,5,26,1915,1,1,1,8,5,182
201600021681,16,6,7,2300,3,1,1,1,6,164
201600021682,16,6,13,1100,1,1,1,2,7,304
201600021683,16,7,10,1545,1,1,1,1,6,225
201600021684,16,9,30,1915,1,1,1,8,7,372
201600021685,16,10,29,1430,1,1,1,1,3,206
201600021686,16,11,8,1600,1,1,1,1,6,272
201600021687,16,11,20,1030,1,1,1,1,2,182
201600021688,16,11,24,845,1,1,1,1,7,251
201600021689,16,12,6,1745,3,1,1,8,2,225
201600021690,16,1,14,1430,1,1,1,4,2,327
201600021691,16,1,15,115,3,1,1,9,6,3
201600021692,16,1,27,1615,1,1,1,3,7,93
201600021693,16,3,4,1545,1,1,1,8,4,246
201600021694,16,5,13,1645,1,1,1,1,2,193
201600021695,16,5,17,1115,1,1,1,1,1,246
201600021696,16,5,17,1515,1,1,1,1,2,93
201600021697,16,8,31,1145,1,1,1,1,4,185
201600021698,16,9,17,530,3,1,1,2,3,213
201600021699,16,10,22,1145,1,1,1,1,3,213
201600021700,16,10,29,1715,1,1,1,1,7,388
201600021701,16,11,7,30,3,1,1,3,7,369
201600021702,16,12,15,800,2,1,1,1,5,84
201600021703,16,1,13,1045,1,1,1,1,7,266
201600021704,16,1,31,1945,3,1,1,2,7,264
201600021705,16,2,7,430,3,1,1,1,6,68
201600021706,16,3,30,1415,1,1,1,4,6,268
201600021707,16,4,22,945,1,1,1,1,7,183
201600021708,16,4,30,815,1,1,1,1,6,266
201600021709,16,4,30,815,1,1,1,7,5,266
201600021710,16,5,22,215,3,1,1,1,7,105
201600021711,16,5,31,900,1,1,1,1,4,75
201600021712,16,6,12,1730,1,1,1,1,3,211
201600021713,16,6,21,1345,1,1,1,1,7,75
201600021714,16,10,1,715,2,1,1,2,2,265
201600021715,16,10,20,1200,1,1,1,1,7,179
201600021716,16,10,29,900,1,1,1,1,7,75
201600021717,16,11,9,2200,3,1,1,2,2,105
201600021718,16,11,13,900,1,1,1,1,6,181
201600021719,16,12,13,830,1,1,1,1,2,179
201600021720,16,1,28,1300,1,1,1,2,6,20
201600021721,16,3,8,1345,1,1,1,6,6,142
201600021722,16,12,8,1815,3,1,1,8,5,142
201600021723,16,12,17,2145,3,1,1,5,5,86
201600021724,16,1,22,700,3,1,1,2,1,139
201600021725,16,1,25,800,1,1,1,1,4,139
201600021726,16,2,22,1630,1,1,1,1,6,363
201600021727,16,3,30,330,3,1,1,1,6,139
201600021728,16,8,24,2345,3,1,1,1,6,363
201600021729,16,8,28,1315,1,1,1,1,6,124
201600021730,16,10,15,1315,1,1,1,3,6,12
201600021731,16,10,29,1815,1,1,1,1,6,206
201600021732,16,11,28,1410,1,1,1,1,7,12
201600021733,16,8,8,230,3,1,9,1,6,152
201600021734,16,8,27,1430,1,1,1,1,3,267
201600021735,16,12,17,1910,3,1,1,5,4,293
201600021736,16,12,23,2230,3,1,1,5,6,152
201600021737,16,3,5,1800,2,2,2,1,3,419
201600021738,16,8,14,845,1,1,1,1,5,209
201600021739,16,9,9,2115,1,1,1,1,1,419
201600021740,16,9,30,815,2,2,1,7,6,354
201600021741,16,12,9,530,5,1,6,5,2,354
201600021742,16,12,30,1930,3,1,9,1,6,288
201600021743,16,4,29,1530,1,2,1,1,1,354
201600021744,16,5,8,1245,1,2,5,1,3,143
201600021745,16,8,23,1745,1,2,1,1,3,419
201600021746,16,9,1,2330,3,1,1,1,6,419
201600021747,16,9,4,115,5,1,1,1,6,209
201600021748,16,11,12,1330,1,1,9,1,3,360
201600021749,16,4,2,1200,1,1,9,1,3,314
201600021750,16,3,17,1445,1,2,1,1,6,314
201600021751,16,4,6,1530,1,1,1,1,3,428
201600021752,16,4,25,1745,1,2,1,2,3,322
201600021753,16,7,13,2230,3,1,1,2,3,314
201600021754,16,7,25,600,2,1,1,1,3,314
201600021755,16,8,25,1615,1,1,1,1,1,290
201600021756,16,10,8,1130,1,1,1,1,6,590
201600021757,16,10,20,2230,3,1,1,2,6,134
201600021758,16,12,22,1915,5,2,1,5,1,137
201600021759,16,5,8,1115,1,1,1,1,3,437
201600021760,16,5,21,1300,1,2,1,1,3,380
201600021761,16,10,19,1615,1,2,1,1,2,437
201600021762,16,12,14,1400,1,1,1,7,1,367
201600021763,16,6,5,2245,3,2,1,1,1,48
201600021764,16,7,17,1030,1,1,1,1,3,36
201600021765,16,7,31,915,3,1,1,1,7,48
201600021766,16,8,7,1945,1,2,1,1,1,48
201600021767,16,8,12,445,5,1,1,1,6,48
201600021768,16,8,17,1945,1,2,1,1,1,48
201600021769,16,9,15,1045,1,1,1,1,3,48
201600021770,16,4,10,1015,1,1,1,7,5,163
201600021771,16,9,29,530,3,1,3,1,3,166
201600021772,16,1,24,745,3,1,1,1,7,219
201600021773,16,1,24,1800,2,2,1,1,6,129
201600021774,16,2,6,800,2,1,1,6,7,45
201600021775,16,4,13,1630,1,1,1,1,1,285
201600021776,16,6,12,730,1,1,1,2,6,45
201600021777,16,7,3,1300,1,1,1,1,6,176
201600021778,16,7,15,1600,1,2,7,1,1,219
201600021779,16,8,23,1915,1,1,1,1,5,45
201600021780,16,9,1,2000,1,1,1,1,3,168
201600021781,16,9,20,2045,3,1,1,1,6,289
201600021782,16,10,15,2045,3,1,2,1,3,45
201600021783,16,10,28,1800,1,1,2,1,3,84
201600021784,16,10,28,2330,3,1,2,1,3,160
201600021785,16,12,17,1700,2,2,3,5,2,125
201600021786,16,2,22,1945,3,1,1,8,5,100
201600021787,16,11,8,1900,3,1,1,1,5,50
201600021788,16,1,2,930,1,1,1,1,7,214
201600021789,16,2,3,1930,3,1,1,2,6,30
201600021790,16,3,14,445,3,1,1,1,6,73
201600021791,16,3,16,630,2,1,1,1,6,633
201600021792,16,7,6,1915,1,1,1,1,4,214
201600021793,16,7,6,1830,1,1,1,1,2,214
201600021794,16,7,19,2130,1,1,1,1,7,205
201600021795,16,8,6,1630,1,1,1,1,6,244
201600021796,16,8,21,830,1,1,1,1,2,298
201600021797,16,8,23,1615,1,1,1,1,6,214
201600021798,16,9,17,645,3,1,1,3,4,282
201600021799,16,10,14,1115,1,1,1,2,2,87
201600021800,16,11,13,750,1,1,9,2,6,244
201600021801,16,12,11,1934,3,1,1,9,6,634
201600021802,16,12,26,1225,1,1,9,8,6,676
201600021803,16,9,30,2300,3,1,1,2,6,120
201600021804,16,10,23,1730,1,2,2,1,3,187
201600021805,16,9,11,2345,3,1,1,1,6,173
201600021806,16,9,28,1900,5,2,1,1,3,103
201600021807,16,10,21,645,3,1,1,2,1,173
201600021808,16,6,4,1700,1,1,1,1,1,157
201600021809,16,9,4,1630,1,1,1,1,1,96
201600021810,16,6,29,740,1,1,3,1,6,43
201600021811,16,1,3,230,5,1,1,1,7,61
201600021812,16,5,23,1100,1,1,6,1,1,410
201600021813,16,12,24,1700,2,1,3,2,1,396
201600021814,16,12,23,1800,3,1,6,5,6,253
201600021815,16,6,2,1630,1,2,1,2,1,427
201600021816,16,12,6,1030,1,2,6,1,6,194
201600021817,16,12,15,1900,1,2,2,1,3,19
201600021818,16,12,24,1400,1,2,2,1,3,19
201600021819,16,1,5,1820,5,2,2,3,3,19
201600021820,16,1,6,1200,1,2,1,1,4,19
201600021821,16,1,12,1835,5,2,1,8,2,19
201600021822,16,12,12,930,2,2,3,2,3,19
201600021823,16,1,11,810,1,2,1,1,6,19
201600021824,16,1,14,1000,1,2,1,1,2,19
201600021825,16,1,12,1140,1,2,2,1,3,19
201600021826,16,12,7,1820,5,2,3,1,1,19
201600021827,16,1,21,1635,1,2,1,1,6,19
201600021828,16,12,14,1135,1,2,1,1,6,19
201600021829,16,1,18,1640,1,2,1,1,6,19
201600021830,16,1,16,1715,1,2,1,1,7,19
201600021831,16,12,15,1648,1,2,1,1,6,19
201600021832,16,1,6,1842,5,2,2,3,6,19
201600021833,16,1,30,1930,5,1,1,1,4,19
201600021834,16,1,21,1945,5,2,3,2,3,19
201600021835,16,1,28,2110,1,2,3,1,1,19
201600021836,16,1,30,1850,5,2,1,2,6,19
201600021837,16,1,13,945,1,2,3,1,3,19
201600021838,16,2,2,1640,1,2,1,1,6,19
201600021839,16,2,4,1220,1,2,1,1,6,19
201600021840,16,1,30,1650,1,2,3,2,3,19
201600021841,16,2,10,1600,1,2,3,1,2,19
201600021842,16,2,7,635,5,2,2,2,5,19
201600021843,16,1,14,1345,1,2,1,1,6,19
201600021844,16,1,28,1840,5,2,1,1,2,19
201600021845,16,1,10,1845,5,2,1,2,2,19
201600021846,16,2,3,915,1,2,1,1,6,19
201600021847,16,2,10,1930,5,2,6,1,3,19
201600021848,16,2,10,1750,1,2,1,2,2,19
201600021849,16,2,10,1000,1,2,3,1,1,19
201600021850,16,2,17,2130,4,2,1,2,6,19
201600021851,16,2,15,930,1,1,1,1,6,19
201600021852,16,2,24,1115,1,2,1,2,6,19
201600021853,16,2,25,1320,1,2,1,1,4,19
201600021854,16,3,4,1530,1,2,1,1,6,19
201600021855,16,3,10,1530,1,2,1,1,1,19
201600021856,16,3,17,725,1,2,6,1,3,19
201600021857,16,3,22,845,1,2,3,1,6,19
201600021858,16,3,8,740,1,2,3,1,1,19
201600021859,16,3,14,800,2,2,6,1,3,19
201600021860,16,3,16,1020,1,1,3,1,3,19
201600021861,16,3,25,1220,1,2,1,1,6,19
201600021862,16,3,30,1640,1,1,1,1,3,19
201600021863,16,3,31,1410,1,2,1,1,2,19
201600021864,16,4,6,1850,1,2,2,1,3,19
201600021865,16,3,31,1300,1,2,1,1,6,19
201600021866,16,3,30,1220,1,2,1,1,3,19
201600021867,16,4,7,1900,1,2,1,1,1,19
201600021868,16,4,14,640,1,2,3,1,1,19
201600021869,16,4,11,1525,1,2,2,1,3,19
201600021870,16,4,4,1650,1,2,1,1,3,19
201600021871,16,4,11,1815,1,2,2,1,3,19
201600021872,16,4,17,850,1,2,1,1,6,19
201600021873,16,4,20,1705,1,2,2,1,3,19
201600021874,16,4,11,1700,1,2,1,1,2,19
201600021875,16,4,6,2110,5,2,1,1,1,19
201600021876,16,4,17,1630,1,2,3,1,3,19
201600021877,16,4,8,2100,4,2,1,2,6,19
201600021878,16,5,5,1530,1,2,1,1,1,19
201600021879,16,5,18,2050,2,2,1,1,4,19
201600021880,16,5,2,925,1,2,2,1,3,19
201600021881,16,4,27,900,1,2,3,2,3,19
201600021882,16,6,5,1910,1,2,1,1,6,19
201600021883,16,6,6,1810,1,2,1,1,4,19
201600021884,16,6,14,850,1,2,1,1,5,19
201600021885,16,6,19,1500,1,2,3,1,3,19
201600021886,16,6,12,1148,1,2,3,2,3,19
201600021887,16,6,17,1500,1,1,1,1,2,19
201600021888,16,6,2,2005,1,2,2,1,3,19
201600021889,16,6,20,915,1,2,3,2,1,19
201600021890,16,6,24,1550,1,2,2,1,3,19
201600021891,16,7,6,755,1,2,6,1,3,19
201600021892,16,7,6,1310,1,2,2,1,3,19
201600021893,16,7,7,1030,1,2,1,1,4,19
201600021894,16,6,13,2120,1,2,1,1,6,19
201600021895,16,6,26,1210,1,2,6,1,3,19
201600021896,16,7,16,2145,1,2,2,1,2,19
201600021897,16,7,17,2310,5,2,1,1,1,19
201600021898,16,7,15,1020,1,2,1,1,1,19
201600021899,16,7,14,1855,1,2,1,1,6,19
201600021900,16,7,20,745,1,2,1,1,6,19
201600021901,16,7,13,1840,1,2,3,1,2,19
201600021902,16,7,19,1650,1,2,1,1,6,19
201600021903,16,7,27,2215,5,2,6,1,3,19
201600021904,16,7,8,1800,1,2,2,1,3,19
201600021905,16,7,18,1700,1,2,2,1,3,19
201600021906,16,7,20,1915,1,2,1,1,3,19
201600021907,16,8,2,1840,1,2,1,8,3,19
201600021908,16,8,1,100,5,2,2,1,3,19
201600021909,16,7,19,1910,1,2,1,1,6,19
201600021910,16,7,13,1640,1,2,1,1,6,19
201600021911,16,8,16,1150,1,1,6,1,2,19
201600021912,16,8,29,1125,1,2,2,1,3,19
201600021913,16,8,21,1950,1,2,2,1,3,19
201600021914,16,8,28,1945,1,2,1,1,7,19
201600021915,16,8,16,215,5,2,1,1,6,19
201600021916,16,8,20,250,5,2,1,1,6,19
201600021917,16,8,25,1405,1,2,1,1,4,19
201600021918,16,9,9,1115,1,2,2,1,6,19
201600021919,16,9,10,1051,1,2,1,3,5,19
201600021920,16,9,9,2020,2,2,3,1,2,19
201600021921,16,7,31,1115,1,2,2,1,3,19
201600021922,16,9,17,24,5,2,1,1,6,19
201600021923,16,8,8,2010,1,2,1,1,7,19
201600021924,16,9,10,120,5,2,2,1,6,19
201600021925,16,9,16,1815,1,2,1,1,2,19
201600021926,16,9,14,1814,1,2,2,1,6,19
201600021927,16,9,23,1000,1,2,3,1,6,19
201600021928,16,9,6,1845,1,2,2,1,2,19
201600021929,16,9,25,1340,1,2,6,1,2,19
201600021930,16,10,4,1325,1,2,2,1,3,19
201600021931,16,10,3,915,1,2,1,1,6,19
201600021932,16,9,12,1945,1,2,2,1,6,19
201600021933,16,10,5,1000,1,2,1,1,6,19
201600021934,16,10,6,1835,1,2,2,1,6,19
201600021935,16,10,7,845,1,2,1,1,4,19
201600021936,16,10,3,1650,1,2,1,1,6,19
201600021937,16,10,11,1710,1,2,1,1,4,19
201600021938,16,10,12,1750,1,2,1,1,4,19
201600021939,16,10,15,2104,5,2,3,1,3,19
201600021940,16,10,19,1515,1,2,1,1,6,19
201600021941,16,10,6,950,1,2,1,1,6,19
201600021942,16,10,21,1255,1,2,3,1,1,19
201600021943,16,10,20,715,1,2,1,1,6,19
201600021944,16,9,29,1840,1,2,2,1,3,19
201600021945,16,9,23,1045,1,2,1,1,6,19
201600021946,16,11,2,1845,5,2,2,1,6,19
201600021947,16,10,9,145,5,2,2,1,6,19
201600021948,16,11,8,1815,5,2,1,2,6,19
201600021949,16,11,5,1010,1,1,1,1,3,19
201600021950,16,11,5,1800,4,2,6,1,3,19
201600021951,16,11,16,1545,1,2,3,1,6,19
201600021952,16,11,19,1100,1,1,1,1,1,19
201600021953,16,11,28,1425,1,2,2,1,3,19
201600021954,16,11,23,1825,5,2,1,2,6,19
201600021955,16,11,9,720,5,2,2,1,6,19
201600021956,16,11,25,1605,1,2,1,1,5,19
201600021957,16,11,30,1525,1,2,1,1,3,19
201600021958,16,1,19,1955,5,2,2,1,3,19
201600021959,16,12,6,705,5,2,6,1,6,19
201600021960,16,12,6,1715,1,2,2,1,1,19
201600021961,16,11,9,745,2,2,1,2,6,19
201600021962,16,12,7,1530,1,2,4,1,3,19
201600021963,16,12,10,1850,5,2,1,1,1,19
201600021964,16,12,9,1225,1,2,1,1,3,19
201600021965,16,11,25,1510,1,2,6,1,3,19
201600021966,16,12,14,905,1,2,2,1,3,19
201600021967,16,12,18,645,5,2,6,1,3,19
201600021968,16,12,16,1705,5,2,1,2,6,19
201600021969,16,12,13,955,1,2,1,1,6,19
201600021970,16,12,16,1840,5,2,2,1,3,19
201600021971,16,12,15,740,5,1,1,2,6,19
201600021972,16,12,19,1925,5,2,2,2,6,19
201600021973,16,5,15,1130,1,1,1,1,6,238
201600021974,16,1,2,1110,1,1,1,3,6,39
201600021975,16,2,11,2100,3,1,6,1,6,39
201600021976,16,2,14,1240,1,1,1,4,7,39
201600021977,16,2,19,720,3,1,1,9,6,39
201600021978,16,3,6,1635,1,2,1,1,6,39
201600021979,16,3,9,620,3,1,1,1,6,39
201600021980,16,3,9,1645,1,1,1,1,6,39
201600021981,16,3,12,730,2,1,1,1,7,39
201600021982,16,3,13,1650,1,2,1,1,5,39
201600021983,16,3,19,2225,5,2,1,1,6,39
201600021984,16,3,21,1845,1,1,1,1,1,39
201600021985,16,4,1,1224,1,2,1,1,4,39
201600021986,16,4,5,2110,3,2,6,1,6,39
201600021987,16,4,7,2140,5,1,2,1,3,39
201600021988,16,4,8,1414,1,2,1,1,7,39
201600021989,16,4,21,1528,1,2,1,1,2,39
201600021990,16,4,24,610,3,2,1,1,6,39
201600021991,16,5,8,1155,1,2,1,1,3,39
201600021992,16,5,11,5,3,1,1,1,7,39
201600021993,16,5,13,725,1,2,1,1,3,39
201600021994,16,5,13,1630,1,2,2,1,3,39
201600021995,16,5,23,1000,1,2,1,1,7,39
201600021996,16,5,27,1155,1,1,1,1,6,39
201600021997,16,6,12,320,3,1,1,2,7,39
201600021998,16,6,28,837,1,1,1,1,3,39
201600021999,16,7,16,455,3,1,1,1,2,39
201600022000,16,7,18,1005,1,1,1,1,4,39
201600022001,16,7,18,1655,1,2,6,1,3,39
201600022002,16,7,23,1530,1,2,1,1,5,39
201600022003,16,8,8,1545,1,1,1,1,6,39
201600022004,16,8,11,1702,1,2,9,1,6,39
201600022005,16,8,12,1810,1,2,1,1,2,39
201600022006,16,8,15,650,2,2,1,1,3,39
201600022007,16,8,24,250,5,2,1,1,7,39
201600022008,16,9,6,1220,1,1,1,1,7,39
201600022009,16,9,8,1500,1,2,1,1,6,39
201600022010,16,9,7,1833,1,2,6,1,7,39
201600022011,16,9,19,1815,1,1,6,1,3,39
201600022012,16,9,22,850,1,2,1,1,6,39
201600022013,16,9,22,2010,2,1,1,1,2,39
201600022014,16,9,29,1320,1,2,1,2,2,39
201600022015,16,10,7,850,1,2,6,1,3,39
201600022016,16,10,14,1900,1,2,1,1,2,39
201600022017,16,10,16,550,5,2,1,2,6,39
201600022018,16,10,18,1710,1,1,1,1,2,39
201600022019,16,10,23,20,5,2,1,1,7,39
201600022020,16,11,20,410,5,2,1,2,7,39
201600022021,16,11,28,1800,5,2,1,1,1,39
201600022022,16,11,28,1805,2,1,3,1,3,39
201600022023,16,11,30,1920,5,2,1,1,6,39
201600022024,16,12,2,735,3,1,2,8,1,39
201600022025,16,12,2,1300,1,1,1,1,7,39
201600022026,16,12,8,1200,1,2,1,8,6,39
201600022027,16,12,13,1710,1,2,1,1,6,39
201600022028,16,12,17,2157,3,1,1,1,6,39
201600022029,16,12,26,1650,1,2,1,1,1,39
201600022030,16,12,26,1200,1,2,6,1,3,39
201600022031,16,12,30,1835,5,2,1,1,6,39
201600022032,16,1,2,825,5,2,1,3,6,151
201600022033,16,2,23,1500,1,1,1,1,7,254
201600022034,16,3,12,1935,2,2,7,1,6,151
201600022035,16,7,21,2002,1,1,1,1,3,254
201600022036,16,7,30,1330,1,1,1,1,6,254
201600022037,16,9,24,2035,5,2,1,1,6,151
201600022038,16,11,10,850,1,1,1,2,4,254
201600022039,16,1,18,1315,1,1,1,1,6,349
201600022040,16,2,14,800,1,1,1,2,6,114
201600022041,16,5,22,1830,1,1,1,3,7,14
201600022042,16,6,29,730,1,1,1,1,2,27
201600022043,16,7,6,1630,1,1,1,1,6,27
201600022044,16,8,14,415,3,1,1,1,7,189
201600022045,16,8,15,2315,3,1,1,1,5,59
201600022046,16,9,8,745,1,1,1,1,1,432
201600022047,16,9,15,1430,1,1,1,1,2,399
201600022048,16,10,8,1645,1,1,1,8,7,197
201600022049,16,10,21,2300,3,1,1,1,1,519
201600022050,16,1,19,1615,1,2,6,4,6,690
201600022051,16,5,5,545,2,1,6,1,6,428
201600022052,16,8,25,745,1,1,6,1,6,690
201600022053,16,6,16,2200,2,2,3,1,1,404
201600022054,16,8,5,1945,1,2,1,1,3,404
201600022055,16,5,18,1615,1,1,1,3,7,238
201600022056,16,1,16,1445,1,1,1,1,6,256
201600022057,16,2,20,1345,1,1,1,2,4,256
201600022058,16,3,25,445,5,1,1,3,2,161
201600022059,16,8,6,530,3,1,1,1,2,232
201600022060,16,8,13,600,2,1,1,1,4,256
201600022061,16,8,20,500,3,1,1,1,7,46
201600022062,16,8,28,1515,1,1,1,1,6,161
201600022063,16,12,25,1715,1,1,1,1,3,46
201600022064,16,12,29,1300,1,1,1,1,7,46
201600022065,16,1,5,820,2,2,2,2,6,232
201600022066,16,12,31,1900,3,1,3,1,3,51
201600022067,16,12,2,920,1,1,1,9,7,232
201600022068,16,1,11,1126,1,1,9,4,7,232
201600022069,16,1,13,1645,1,2,1,2,2,232
201600022070,16,1,14,1647,1,2,1,2,4,232
201600022071,16,1,15,1915,5,2,1,1,6,51
201600022072,16,1,16,1620,1,1,1,1,6,232
201600022073,16,1,16,1815,5,2,1,1,2,232
201600022074,16,1,21,1246,1,2,1,2,1,232
201600022075,16,1,25,1944,2,2,1,1,6,232
201600022076,16,1,26,2040,5,2,1,1,6,232
201600022077,16,1,27,1707,1,2,4,1,6,232
201600022078,16,12,24,1610,1,2,3,1,7,232
201600022079,16,1,20,830,1,1,1,1,3,232
201600022080,16,2,1,1335,1,2,1,1,6,232
201600022081,16,2,1,1725,1,2,1,1,6,232
201600022082,16,2,2,1305,1,2,3,1,3,232
201600022083,16,2,3,1400,1,1,3,1,3,232
201600022084,16,2,3,1505,1,1,1,1,1,51
201600022085,16,2,4,750,1,2,3,1,3,232
201600022086,16,1,24,1730,1,2,1,1,3,232
201600022087,16,1,6,1725,5,2,4,3,3,232
201600022088,16,2,5,1250,1,2,3,1,3,232
201600022089,16,2,8,1215,1,2,1,1,2,232
201600022090,16,2,9,837,1,2,1,3,6,232
201600022091,16,2,9,2342,3,1,1,6,6,232
201600022092,16,2,11,1145,1,2,1,1,3,232
201600022093,16,1,29,1715,1,2,6,1,3,232
201600022094,16,2,24,2224,3,1,6,2,6,232
201600022095,16,3,1,1600,1,2,1,2,4,232
201600022096,16,2,13,2100,3,2,1,2,7,232
201600022097,16,3,4,2159,5,2,6,2,6,232
201600022098,16,3,7,1613,1,2,1,1,7,232
201600022099,16,3,14,725,1,2,1,1,6,232
201600022100,16,3,16,1223,1,2,4,1,5,232
201600022101,16,3,25,1440,1,1,3,1,6,232
201600022102,16,3,25,1400,1,1,1,1,6,232
201600022103,16,3,26,230,3,1,1,2,6,51
201600022104,16,3,31,905,1,1,1,1,6,51
201600022105,16,4,5,1140,1,2,6,1,6,232
201600022106,16,4,5,1740,1,1,1,1,6,232
201600022107,16,4,8,2010,2,1,1,1,6,232
201600022108,16,4,14,35,5,2,1,1,6,232
201600022109,16,4,14,1200,1,1,1,2,7,232
201600022110,16,4,15,1645,1,1,3,1,3,232
201600022111,16,4,21,450,3,1,1,1,7,232
201600022112,16,4,22,1200,1,2,1,1,3,232
201600022113,16,4,23,1545,1,2,1,1,4,232
201600022114,16,4,19,1000,1,2,1,1,6,232
201600022115,16,4,26,1315,1,2,9,1,6,232
201600022116,16,4,26,1420,1,2,1,1,6,232
201600022117,16,4,26,1350,1,1,9,1,7,232
201600022118,16,5,1,434,3,1,1,1,7,51
201600022119,16,5,4,1055,1,1,1,1,3,232
201600022120,16,5,1,1020,1,2,1,1,2,232
201600022121,16,4,23,1945,1,1,1,1,3,232
201600022122,16,5,7,635,5,2,1,2,6,232
201600022123,16,5,12,1255,1,2,3,1,3,51
201600022124,16,5,14,1230,1,2,3,1,6,232
201600022125,16,5,18,1655,1,1,1,1,6,232
201600022126,16,5,19,1655,1,2,1,2,6,232
201600022127,16,5,19,1805,1,2,3,2,4,232
201600022128,16,5,20,825,1,1,1,2,6,232
201600022129,16,5,21,1050,1,1,1,2,6,232
201600022130,16,5,21,2245,3,1,1,2,6,232
201600022131,16,5,26,750,1,2,3,1,3,232
201600022132,16,5,28,630,1,1,1,1,7,232
201600022133,16,5,30,1035,1,1,1,1,6,232
201600022134,16,6,7,2155,1,2,2,1,3,232
201600022135,16,9,5,2215,5,2,4,1,7,232
201600022136,16,6,7,1200,1,2,1,1,7,232
201600022137,16,6,10,1350,1,2,6,3,3,232
201600022138,16,6,10,1645,1,2,1,1,3,232
201600022139,16,6,8,1230,1,2,1,1,6,232
201600022140,16,6,13,755,1,2,1,1,2,232
201600022141,16,6,12,1024,1,2,4,2,3,232
201600022142,16,6,16,1535,1,2,1,2,3,232
201600022143,16,6,17,2108,1,2,1,1,3,232
201600022144,16,6,10,1340,1,2,9,2,6,232
201600022145,16,6,18,1855,1,1,1,1,6,232
201600022146,16,6,19,1930,1,2,1,1,1,232
201600022147,16,6,21,750,1,2,6,1,3,232
201600022148,16,6,22,1035,1,2,1,1,6,232
201600022149,16,6,16,1930,1,2,6,1,2,232
201600022150,16,6,26,130,5,2,1,1,7,232