Num_Acc,an,mois,jour,hrmn,lum,agg,int,atm,col,com
201600022151,16,6,29,1850,1,1,1,2,4,232
201600022152,16,7,2,2350,5,2,6,1,3,232
201600022153,16,7,5,2105,1,1,1,1,7,232
201600022154,16,7,3,1950,1,1,1,1,7,51
201600022155,16,7,6,2220,2,1,1,1,6,232
201600022156,16,7,11,2332,5,2,1,1,6,232
201600022157,16,7,13,1102,1,2,1,1,7,232
201600022158,16,6,19,1645,1,1,1,1,6,232
201600022159,16,7,16,1440,1,2,1,1,7,232
201600022160,16,7,16,1510,1,2,2,1,3,232
201600022161,16,7,12,1630,1,2,1,1,6,232
201600022162,16,7,9,2000,1,2,1,1,6,232
201600022163,16,7,18,935,1,2,1,1,3,232
201600022164,16,7,24,2030,1,1,1,1,6,232
201600022165,16,6,18,1030,1,1,1,1,4,232
201600022166,16,7,27,840,1,2,1,2,6,232
201600022167,16,7,28,800,1,1,6,1,2,232
201600022168,16,7,26,1800,1,2,3,1,3,232
201600022169,16,7,23,605,1,2,2,1,1,232
201600022170,16,7,24,1000,1,2,3,1,1,232
201600022171,16,7,31,1920,1,2,1,1,2,232
201600022172,16,8,8,1200,1,1,1,1,7,51
201600022173,16,8,8,1728,1,1,6,1,3,51
201600022174,16,8,12,1825,1,1,1,1,1,51
201600022175,16,8,16,2348,3,1,1,1,7,232
201600022176,16,8,18,915,1,2,1,8,6,232
201600022177,16,8,20,1120,1,1,1,1,5,232
201600022178,16,8,22,1805,1,2,3,1,3,232
201600022179,16,8,12,145,5,1,1,1,7,232
201600022180,16,8,24,1235,1,2,1,1,1,232
201600022181,16,8,27,240,3,1,1,1,1,232
201600022182,16,9,1,1050,1,2,1,1,6,232
201600022183,16,9,1,645,2,1,1,1,7,232
201600022184,16,9,7,520,3,1,1,1,7,232
201600022185,16,9,4,1156,1,2,1,1,6,232
201600022186,16,9,9,1615,1,1,1,1,1,232
201600022187,16,9,9,900,1,2,1,1,3,232
201600022188,16,9,10,1610,1,2,1,2,6,232
201600022189,16,9,11,940,1,2,6,1,2,232
201600022190,16,9,11,1820,1,2,1,1,3,51
201600022191,16,9,29,1400,1,2,1,2,2,232
201600022192,16,9,30,1215,1,2,1,1,2,232
201600022193,16,10,1,125,3,2,1,1,7,232
201600022194,16,10,2,1130,1,2,1,1,6,232
201600022195,16,10,3,1650,1,1,1,1,6,232
201600022196,16,10,4,1917,1,2,7,1,3,232
201600022197,16,10,5,1350,1,2,1,1,2,232
201600022198,16,10,7,1445,1,1,1,1,3,232
201600022199,16,10,9,1730,1,1,1,1,6,232
201600022200,16,10,12,1150,1,2,6,1,6,232
201600022201,16,10,17,730,5,2,9,1,3,232
201600022202,16,10,17,845,1,2,6,1,6,232
201600022203,16,10,17,1500,1,2,1,1,4,232
201600022204,16,10,18,1400,1,2,1,1,3,232
201600022205,16,10,19,800,2,1,1,1,3,232
201600022206,16,10,22,500,3,1,1,1,6,232
201600022207,16,10,23,1845,1,1,1,1,6,232
201600022208,16,10,24,125,5,1,4,1,7,232
201600022209,16,10,25,2300,5,2,3,1,6,232
201600022210,16,10,30,545,3,1,1,1,7,51
201600022211,16,11,1,1740,1,2,1,1,6,51
201600022212,16,11,6,1810,5,1,1,1,7,51
201600022213,16,11,18,645,3,1,1,2,6,232
201600022214,16,11,21,1945,5,2,1,2,3,232
201600022215,16,11,25,50,3,1,1,9,6,232
201600022216,16,11,29,1550,1,1,1,1,3,232
201600022217,16,11,29,1920,5,2,3,1,1,232
201600022218,16,10,28,900,1,1,1,1,7,232
201600022219,16,11,30,1900,5,2,1,1,3,232
201600022220,16,12,5,800,5,2,6,1,6,232
201600022221,16,12,6,1257,1,2,1,2,6,232
201600022222,16,11,13,240,5,2,1,2,6,232
201600022223,16,11,25,1615,1,1,1,1,6,51
201600022224,16,12,2,740,3,1,1,9,7,232
201600022225,16,12,7,1310,1,1,6,1,7,232
201600022226,16,12,10,840,2,2,1,1,6,232
201600022227,16,12,9,825,2,1,1,8,2,232
201600022228,16,12,17,1935,5,2,1,1,6,232
201600022229,16,12,18,1850,5,2,1,1,3,232
201600022230,16,12,18,1550,1,2,6,1,3,232
201600022231,16,12,20,1350,1,2,1,2,2,232
201600022232,16,12,2,655,3,1,1,9,6,232
201600022233,16,12,13,1950,5,2,6,1,7,232
201600022234,16,12,15,750,5,2,1,1,6,232
201600022235,16,12,27,1615,1,2,1,1,2,232
201600022236,16,9,18,1345,1,1,1,1,7,211
201600022237,16,9,24,1200,1,1,1,1,7,286
201600022238,16,10,1,830,1,1,1,2,6,443
201600022239,16,3,20,645,1,1,1,1,1,395
201600022240,16,5,24,1915,1,2,1,1,7,395
201600022241,16,7,6,1730,1,2,1,1,3,12
201600022242,16,9,8,1545,1,2,1,1,1,395
201600022243,16,10,5,2045,3,1,1,1,1,395
201600022244,16,10,30,1445,1,1,1,1,1,88
201600022245,16,11,14,1000,1,2,1,1,3,395
201600022246,16,11,30,1500,1,2,1,7,1,395
201600022247,16,12,18,1045,1,2,1,5,3,395
201600022248,16,10,2,15,3,2,1,1,6,302
201600022249,16,11,30,735,1,2,2,1,3,7
201600022250,16,11,19,15,5,2,1,1,6,7
201600022251,16,11,17,1115,1,2,2,1,3,243
201600022252,16,12,10,1230,1,2,1,1,3,7
201600022253,16,11,14,1200,1,2,1,1,2,7
201600022254,16,12,7,1315,1,2,1,1,3,7
201600022255,16,11,18,1210,1,2,1,1,6,7
201600022256,16,12,6,1315,1,2,1,1,6,7
201600022257,16,1,8,1020,1,2,1,1,6,7
201600022258,16,12,23,900,1,2,6,1,3,7
201600022259,16,1,8,1055,1,2,1,1,6,7
201600022260,16,1,8,1215,1,2,1,1,6,7
201600022261,16,1,15,940,1,2,1,1,6,7
201600022262,16,12,31,255,5,2,1,1,6,7
201600022263,16,1,15,2235,5,2,2,1,3,7
201600022264,16,12,23,1645,1,2,1,1,1,7
201600022265,16,1,19,1630,1,2,3,1,3,7
201600022266,16,12,13,1850,2,2,6,1,3,7
201600022267,16,1,29,1350,1,2,1,1,6,7
201600022268,16,12,12,1540,1,2,1,1,6,7
201600022269,16,12,15,1525,1,2,1,1,3,7
201600022270,16,2,4,1315,1,2,3,1,3,7
201600022271,16,12,31,1630,1,2,2,1,3,243
201600022272,16,2,15,450,5,2,1,1,6,7
201600022273,16,12,19,1640,2,2,2,1,3,7
201600022274,16,2,16,1630,1,2,1,1,6,7
201600022275,16,12,9,1826,4,2,1,1,6,7
201600022276,16,2,27,2050,5,2,1,1,6,7
201600022277,16,12,22,1515,1,2,3,1,2,7
201600022278,16,2,13,1700,1,2,1,1,6,7
201600022279,16,12,29,2220,5,2,1,1,1,7
201600022280,16,2,5,800,2,2,1,1,6,7
201600022281,16,3,10,1000,1,2,1,1,6,7
201600022282,16,3,4,2115,4,2,3,1,3,7
201600022283,16,3,11,1050,1,2,1,1,3,7
201600022284,16,12,17,1030,1,2,6,1,3,243
201600022285,16,3,13,315,5,2,1,1,1,7
201600022286,16,4,6,1600,1,2,1,1,3,7
201600022287,16,4,1,1725,1,2,2,1,2,7
201600022288,16,3,30,1410,1,2,1,1,6,7
201600022289,16,4,30,535,5,2,1,1,6,7
201600022290,16,4,2,1900,2,2,2,1,6,7
201600022291,16,4,4,1640,1,2,1,1,3,7
201600022292,16,4,15,1705,1,2,2,1,6,7
201600022293,16,4,8,1110,1,2,1,1,5,7
201600022294,16,6,4,1800,1,2,1,1,3,243
201600022295,16,6,11,1540,1,2,3,1,1,7
201600022296,16,5,5,1750,1,2,2,1,3,7
201600022297,16,5,8,1930,1,2,2,1,3,7
201600022298,16,6,17,1225,1,2,2,1,1,7
201600022299,16,6,23,2100,1,2,1,1,1,7
201600022300,16,6,19,2130,2,1,1,1,6,7
201600022301,16,6,17,1335,1,2,1,1,2,243
201600022302,16,6,22,1440,1,2,2,1,3,7
201600022303,16,6,23,900,1,1,1,1,3,7
201600022304,16,6,25,1005,1,1,1,1,1,7
201600022305,16,6,14,1630,1,2,1,1,6,7
201600022306,16,6,30,1715,1,1,1,1,2,7
201600022307,16,7,12,1310,1,1,1,2,4,7
201600022308,16,7,4,1845,1,2,1,1,6,7
201600022309,16,7,28,1825,1,2,3,1,3,7
201600022310,16,7,30,510,5,2,2,1,6,7
201600022311,16,7,31,1740,1,2,1,1,6,7
201600022312,16,7,31,2030,1,2,1,1,6,7
201600022313,16,8,11,2335,5,2,2,1,1,7
201600022314,16,8,12,2045,2,2,1,1,3,7
201600022315,16,8,1,1105,1,2,9,1,7,7
201600022316,16,8,16,1830,1,2,6,1,2,7
201600022317,16,9,13,915,1,2,1,1,3,7
201600022318,16,9,7,835,1,2,3,1,3,7
201600022319,16,9,2,1235,1,2,2,1,3,7
201600022320,16,9,26,1200,1,2,2,1,6,7
201600022321,16,9,20,1755,1,2,1,1,2,7
201600022322,16,9,20,1830,1,2,1,1,6,7
201600022323,16,9,24,1800,1,2,1,1,2,7
201600022324,16,9,30,1435,1,2,1,1,3,7
201600022325,16,9,16,1020,1,2,1,1,1,7
201600022326,16,10,8,2245,5,2,1,1,3,243
201600022327,16,10,12,1525,1,2,1,1,6,7
201600022328,16,11,23,1715,2,2,1,1,6,7
201600022329,16,10,19,820,1,2,1,1,6,7
201600022330,16,10,18,1930,1,2,2,1,3,243
201600022331,16,10,3,1710,1,2,1,7,6,7
201600022332,16,11,14,1200,1,2,1,1,2,7
201600022333,16,11,4,1815,4,2,1,2,6,7
201600022334,16,11,11,1430,1,2,1,1,2,7
201600022335,16,11,12,2315,5,2,6,1,1,7
201600022336,16,1,5,1900,3,1,1,1,4,28
201600022337,16,2,2,1025,1,2,1,1,6,28
201600022338,16,2,9,1910,5,2,2,2,6,28
201600022339,16,3,5,1700,1,2,6,1,3,28
201600022340,16,2,21,705,2,2,1,1,6,28
201600022341,16,4,1,1030,1,1,2,1,3,28
201600022342,16,2,19,1700,1,2,1,1,6,28
201600022343,16,5,20,1150,1,2,1,1,2,28
201600022344,16,6,13,1540,1,2,9,1,1,28
201600022345,16,6,25,1110,1,2,1,1,3,28
201600022346,16,7,31,110,5,2,1,1,2,28
201600022347,16,8,18,735,1,2,3,1,3,28
201600022348,16,8,13,1700,1,2,1,1,2,28
201600022349,16,8,30,1215,1,1,1,1,2,28
201600022350,16,9,2,1130,1,2,1,1,1,28
201600022351,16,9,4,2115,5,2,1,1,3,28
201600022352,16,9,26,1033,1,2,3,1,6,28
201600022353,16,9,30,1730,1,2,1,1,3,28
201600022354,16,11,7,1435,1,2,6,1,6,28
201600022355,16,12,27,1800,5,2,6,1,2,28
201600022356,16,12,11,1545,1,2,1,1,4,28
201600022357,16,12,21,1140,1,2,3,2,6,189
201600022358,16,12,26,2340,5,2,9,1,6,189
201600022359,16,12,17,2330,5,2,1,1,3,189
201600022360,16,1,7,1725,2,2,1,1,6,189
201600022361,16,12,25,645,5,2,1,1,7,189
201600022362,16,1,11,750,1,2,4,1,6,189
201600022363,16,1,6,1820,3,2,1,1,6,189
201600022364,16,1,14,2230,5,2,2,1,3,189
201600022365,16,1,13,2215,4,2,1,1,7,189
201600022366,16,1,8,1656,1,2,6,1,1,189
201600022367,16,1,20,1815,5,2,3,1,1,189
201600022368,16,1,24,1135,1,2,1,1,6,189
201600022369,16,1,18,1210,1,2,1,1,6,189
201600022370,16,1,31,1810,2,2,2,1,3,189
201600022371,16,2,5,1020,1,2,3,1,6,189
201600022372,16,2,9,735,1,2,1,1,7,189
201600022373,16,2,13,1135,1,1,1,2,3,189
201600022374,16,2,13,900,1,2,2,1,3,189
201600022375,16,1,7,1650,1,2,1,1,2,189
201600022376,16,2,12,1420,1,2,2,1,3,189
201600022377,16,2,16,1745,1,2,1,1,1,189
201600022378,16,2,24,2120,3,2,1,1,7,189
201600022379,16,2,19,1100,1,2,1,1,6,189
201600022380,16,2,26,1055,1,2,3,1,6,189
201600022381,16,3,1,1755,1,2,2,1,6,189
201600022382,16,2,27,2300,1,2,2,1,3,189
201600022383,16,3,5,1420,1,2,1,1,4,189
201600022384,16,3,10,1520,1,1,3,1,3,189
201600022385,16,3,14,1815,1,2,6,1,4,189
201600022386,16,3,11,1635,1,2,1,1,2,189
201600022387,16,3,19,1810,1,2,1,1,6,189
201600022388,16,2,24,2240,1,2,2,1,6,189
201600022389,16,3,24,1120,1,2,1,1,6,189
201600022390,16,3,24,1340,1,1,1,1,6,189
201600022391,16,3,23,1600,1,2,3,1,3,189
201600022392,16,3,29,1748,1,2,1,1,3,189
201600022393,16,2,5,2130,5,2,2,1,3,189
201600022394,16,4,1,150,3,1,1,1,7,189
201600022395,16,4,1,550,5,2,2,1,7,189
201600022396,16,4,2,2300,5,2,3,3,3,189
201600022397,16,4,10,1115,1,2,1,1,2,189
201600022398,16,3,2,904,1,1,3,1,1,189
201600022399,16,3,29,2120,5,2,1,1,6,189
201600022400,16,3,23,1425,1,2,1,1,1,189
201600022401,16,2,14,1740,1,2,3,1,5,189
201600022402,16,2,9,830,1,2,3,1,3,189
201600022403,16,2,21,2115,5,2,2,1,6,189
201600022404,16,4,4,1710,1,2,9,1,6,189
201600022405,16,4,13,1515,1,1,3,1,2,189
201600022406,16,4,14,1820,1,2,2,1,4,189
201600022407,16,4,17,1410,1,2,6,1,3,189
201600022408,16,4,19,1935,1,2,2,1,6,189
201600022409,16,4,22,1430,1,1,1,1,7,189
201600022410,16,4,25,720,1,2,1,1,3,189
201600022411,16,3,16,2120,4,2,1,1,6,189
201600022412,16,4,19,750,1,1,6,1,3,189
201600022413,16,4,27,950,1,2,6,1,4,189
201600022414,16,4,28,2040,1,1,1,1,3,189
201600022415,16,4,19,1440,1,2,1,1,1,189
201600022416,16,4,21,815,1,2,3,1,5,189
201600022417,16,4,25,1620,1,2,1,1,6,189
201600022418,16,5,6,1935,1,2,6,1,1,189
201600022419,16,5,4,1235,1,2,1,1,6,189
201600022420,16,5,17,915,1,2,3,1,3,189
201600022421,16,4,26,1550,1,2,1,1,6,189
201600022422,16,5,16,2000,1,2,3,1,3,189
201600022423,16,4,29,2300,5,2,1,1,3,189
201600022424,16,5,6,1840,1,2,6,1,3,189
201600022425,16,4,26,2204,5,2,2,1,3,189
201600022426,16,5,19,2035,1,2,1,1,2,189
201600022427,16,5,20,1155,1,2,4,1,6,189
201600022428,16,5,5,2050,2,2,2,1,1,189
201600022429,16,4,30,40,5,2,2,1,7,189
201600022430,16,5,15,415,5,2,2,1,3,189
201600022431,16,5,4,1800,1,2,1,1,6,189
201600022432,16,6,3,1430,1,2,2,1,6,189
201600022433,16,6,11,2306,5,2,2,1,3,189
201600022434,16,6,1,1320,1,2,1,1,2,189
201600022435,16,6,8,1930,1,1,2,1,3,189
201600022436,16,6,8,2015,2,2,3,1,3,189
201600022437,16,6,13,1600,1,2,2,1,3,189
201600022438,16,5,15,2324,5,2,1,1,7,189
201600022439,16,6,15,950,1,2,2,1,6,189
201600022440,16,6,6,1220,1,2,3,1,2,189
201600022441,16,6,3,1855,1,2,3,1,2,189
201600022442,16,6,19,740,1,2,1,1,3,189
201600022443,16,6,14,1630,1,2,1,1,6,189
201600022444,16,6,15,444,1,2,4,1,1,189
201600022445,16,5,22,2056,2,1,1,3,3,189
201600022446,16,6,2,1820,1,2,3,1,6,189
201600022447,16,6,12,1700,1,2,3,1,1,189
201600022448,16,6,29,1055,1,2,1,1,1,189
201600022449,16,6,18,1150,1,2,2,1,2,189
201600022450,16,6,15,715,1,2,6,1,2,189
201600022451,16,6,16,2255,5,2,2,1,3,189
201600022452,16,7,3,1610,1,1,2,1,7,189
201600022453,16,6,27,1635,1,2,2,1,5,189
201600022454,16,7,4,2320,5,2,2,1,1,189
201600022455,16,7,14,1810,1,2,1,1,6,189
201600022456,16,6,18,430,5,2,2,1,2,189
201600022457,16,6,22,959,1,2,9,1,6,189
201600022458,16,7,14,2200,1,2,2,1,3,189
201600022459,16,7,18,2310,5,2,3,1,1,189
201600022460,16,6,22,310,5,2,2,1,2,189
201600022461,16,7,26,215,5,2,2,1,3,189
201600022462,16,7,2,2100,1,2,2,1,3,189
201600022463,16,7,5,2300,3,1,3,1,3,189
201600022464,16,7,22,510,1,2,1,1,6,189
201600022465,16,7,28,455,3,1,3,1,6,189
201600022466,16,7,29,1415,1,2,2,1,6,189
201600022467,16,8,1,1000,1,2,1,1,6,189
201600022468,16,7,29,1450,1,2,1,1,2,189
201600022469,16,8,1,930,1,1,1,1,3,189
201600022470,16,8,4,1635,1,2,1,1,5,189
201600022471,16,8,10,2305,5,2,1,1,7,189
201600022472,16,7,27,1050,1,1,1,1,1,189
201600022473,16,7,29,1943,1,2,1,1,3,189
201600022474,16,8,5,1537,1,2,6,1,3,189
201600022475,16,8,6,200,5,2,2,1,3,189
201600022476,16,8,20,450,5,2,2,1,3,189
201600022477,16,8,31,925,1,2,2,1,2,189
201600022478,16,9,5,735,1,2,1,1,3,189
201600022479,16,8,20,1605,1,1,5,1,6,189
201600022480,16,8,26,1840,1,1,1,1,7,189
201600022481,16,9,5,815,1,2,1,1,6,189
201600022482,16,8,12,855,1,2,2,1,3,189
201600022483,16,9,17,2040,5,1,6,1,6,189
201600022484,16,9,16,325,3,2,3,1,7,189
201600022485,16,9,1,1020,1,2,6,1,3,189
201600022486,16,9,21,1610,1,2,1,1,1,189
201600022487,16,8,23,2330,5,2,6,1,3,189
201600022488,16,8,29,1645,1,1,3,1,1,189
201600022489,16,9,26,1130,1,2,2,1,3,189
201600022490,16,9,17,155,5,2,2,1,3,189
201600022491,16,10,3,1555,1,2,1,1,3,189
201600022492,16,8,21,240,5,2,3,1,3,189
201600022493,16,9,28,905,1,2,1,1,6,189
201600022494,16,8,18,1950,2,2,1,1,1,189
201600022495,16,10,4,830,1,2,2,1,3,189
201600022496,16,9,28,2040,5,2,2,1,3,189
201600022497,16,10,4,1727,1,2,1,7,6,189
201600022498,16,10,15,1745,1,2,3,1,7,189
201600022499,16,9,20,850,1,2,1,7,6,189
201600022500,16,10,8,1025,1,2,1,1,6,189
201600022501,16,10,9,620,5,2,1,1,6,189
201600022502,16,10,7,1140,1,2,1,1,2,189
201600022503,16,10,21,1250,1,2,3,1,3,189
201600022504,16,10,27,723,5,2,1,1,4,189
201600022505,16,10,27,1205,1,2,1,1,6,189
201600022506,16,10,29,1555,1,2,1,1,6,189
201600022507,16,9,11,2245,5,2,3,1,4,189
201600022508,16,9,1,920,1,2,3,1,3,189
201600022509,16,11,6,1905,5,2,4,1,3,189
201600022510,16,10,18,1700,1,1,2,7,6,189
201600022511,16,11,8,950,1,2,3,1,3,189
201600022512,16,11,21,1535,1,1,3,3,7,189
201600022513,16,11,26,835,1,2,1,1,6,189
201600022514,16,11,28,740,2,2,6,1,3,189
201600022515,16,10,22,2045,5,1,2,1,2,189
201600022516,16,10,21,255,3,2,1,1,1,189
201600022517,16,10,4,1150,1,2,1,1,6,189
201600022518,16,12,3,2102,5,2,1,2,2,189
201600022519,16,12,25,2207,5,2,1,1,6,189
201600022520,16,11,7,1420,1,2,2,1,3,189
201600022521,16,10,17,1237,1,1,2,1,5,189
201600022522,16,10,4,2011,5,2,3,1,3,189
201600022523,16,11,29,2,5,2,2,1,3,189
201600022524,16,12,17,1617,1,2,1,1,6,189
201600022525,16,12,16,2245,3,1,1,1,1,189
201600022526,16,12,10,1940,5,2,3,1,3,189
201600022527,16,11,22,1201,1,2,3,1,3,189
201600022528,16,11,30,1705,1,2,5,1,1,189
201600022529,16,11,5,2125,5,2,2,1,1,189
201600022530,16,12,18,640,5,1,1,1,7,189
201600022531,16,11,13,125,5,2,2,1,3,189
201600022532,16,11,27,725,1,1,6,1,7,189
201600022533,16,12,9,2225,5,2,1,1,3,189
201600022534,16,12,23,955,1,1,2,1,3,189
201600022535,16,12,28,1200,1,1,4,1,1,189
201600022536,16,12,16,1540,1,2,1,1,1,189
201600022537,16,1,11,830,1,1,1,8,6,1
201600022538,16,2,27,1900,5,1,1,8,3,35
201600022539,16,3,26,1245,1,1,2,1,3,181
201600022540,16,5,4,1030,1,1,1,1,7,13
201600022541,16,7,23,215,4,1,1,2,6,12
201600022542,16,9,11,2000,2,2,1,1,3,473
201600022543,16,11,11,1800,2,1,1,1,7,408
201600022544,16,6,4,2045,1,1,1,1,6,163
201600022545,16,6,24,1500,1,2,1,1,6,163
201600022546,16,7,17,1245,1,1,1,1,6,225
201600022547,16,9,21,1315,1,1,1,1,6,451
201600022548,16,9,26,1945,3,2,1,1,6,248
201600022549,16,10,6,2345,3,1,1,1,1,274
201600022550,16,10,13,2000,3,1,1,2,7,225
201600022551,16,5,26,1800,1,1,1,1,1,245
201600022552,16,7,30,1545,1,1,1,1,4,245
201600022553,16,9,10,615,2,2,1,1,6,247
201600022554,16,11,4,1730,3,1,1,2,1,262
201600022555,16,12,9,1530,1,1,1,1,7,245
201600022556,16,12,1,1420,1,1,1,9,6,1
201600022557,16,6,9,1300,1,1,1,1,7,245
201600022558,16,7,16,1700,1,1,1,1,1,247
201600022559,16,7,17,1230,1,1,1,1,6,2
201600022560,16,1,7,1815,3,1,1,2,6,85
201600022561,16,2,16,1100,1,1,1,6,3,324
201600022562,16,2,29,930,1,1,1,1,1,121
201600022563,16,3,2,1315,1,1,1,1,2,191
201600022564,16,3,17,1415,1,1,1,1,5,339
201600022565,16,3,22,215,3,1,1,1,2,339
201600022566,16,3,19,1030,1,1,1,1,6,99
201600022567,16,4,24,1730,1,1,1,1,1,166
201600022568,16,5,6,1615,1,1,3,1,3,343
201600022569,16,5,26,1645,1,1,1,1,1,169
201600022570,16,6,10,2215,3,1,1,1,5,169
201600022571,16,6,22,1845,1,1,1,1,6,31
201600022572,16,6,22,1830,1,1,1,1,6,357
201600022573,16,6,19,1900,1,1,1,1,3,357
201600022574,16,6,25,1845,1,1,1,1,6,169
201600022575,16,6,28,815,1,1,1,1,2,138
201600022576,16,7,6,1715,1,1,1,1,1,324
201600022577,16,7,17,1715,1,1,1,1,7,5
201600022578,16,7,30,2000,2,1,1,1,7,339
201600022579,16,8,26,1900,1,1,9,1,6,5
201600022580,16,8,27,200,3,1,1,1,6,33
201600022581,16,8,30,800,2,1,1,1,1,338
201600022582,16,9,9,1015,1,1,1,1,2,337
201600022583,16,9,9,830,1,1,3,1,3,85
201600022584,16,9,22,2030,3,1,1,1,6,342
201600022585,16,9,25,1930,1,1,1,1,6,5
201600022586,16,10,4,1115,1,1,1,1,3,357
201600022587,16,10,13,2015,3,1,1,3,6,116
201600022588,16,10,16,745,2,1,1,5,6,353
201600022589,16,10,13,2045,3,1,1,3,2,166
201600022590,16,11,2,700,1,1,1,5,6,357
201600022591,16,11,21,605,3,1,1,3,6,106
201600022592,16,11,21,1640,2,1,1,3,5,357
201600022593,16,11,26,550,3,1,1,1,6,339
201600022594,16,11,27,1535,1,2,1,1,6,198
201600022595,16,4,12,1830,1,1,1,1,6,135
201600022596,16,12,17,915,1,2,1,1,6,91
201600022597,16,1,1,700,3,1,1,1,6,85
201600022598,16,1,15,1530,1,1,1,1,1,225
201600022599,16,2,6,200,4,2,1,1,6,337
201600022600,16,3,5,2000,3,1,1,1,6,147
201600022601,16,3,13,1815,1,1,1,1,7,85
201600022602,16,4,1,1,3,1,1,5,7,29
201600022603,16,4,28,2100,2,1,3,1,6,85
201600022604,16,6,5,2200,2,1,1,1,6,92
201600022605,16,6,18,1545,1,1,1,1,7,156
201600022606,16,6,21,1500,1,1,2,1,3,226
201600022607,16,10,6,315,3,1,1,1,7,337
201600022608,16,10,9,2000,3,1,1,1,7,225
201600022609,16,10,15,2050,3,1,1,1,2,85
201600022610,16,12,16,1840,3,1,1,1,7,92
201600022611,16,3,2,1430,1,1,2,1,3,256
201600022612,16,5,25,1845,1,2,1,1,1,278
201600022613,16,10,6,930,1,2,1,1,1,507
201600022614,16,11,22,1230,1,1,1,1,7,306
201600022615,16,4,5,645,2,2,1,2,1,57
201600022616,16,4,9,1415,1,2,1,1,1,645
201600022617,16,8,12,1300,1,1,1,1,1,86
201600022618,16,8,14,1645,1,1,1,1,1,134
201600022619,16,10,5,745,2,2,1,7,2,86
201600022620,16,12,3,1545,1,1,1,1,2,86
201600022621,16,12,24,1230,1,2,9,1,6,86
201600022622,16,1,1,230,3,1,1,1,6,553
201600022623,16,2,5,1200,1,1,1,8,1,336
201600022624,16,5,8,1430,1,1,1,7,7,241
201600022625,16,5,26,1515,1,1,1,1,6,164
201600022626,16,6,1,1900,1,2,1,1,6,204
201600022627,16,9,18,1315,1,1,1,1,1,107
201600022628,16,1,28,645,3,1,1,2,1,120
201600022629,16,2,29,745,1,2,1,1,6,239
201600022630,16,5,4,1130,1,1,1,1,1,445
201600022631,16,6,21,345,3,1,1,2,6,73
201600022632,16,1,5,1030,1,1,1,1,6,483
201600022633,16,1,20,1430,1,2,1,1,1,483
201600022634,16,2,9,750,5,2,1,1,6,483
201600022635,16,2,12,1210,1,2,1,3,6,483
201600022636,16,2,25,1020,1,2,6,1,6,565
201600022637,16,4,6,1141,1,2,1,1,7,483
201600022638,16,4,22,1805,1,1,1,1,3,483
201600022639,16,4,29,1535,1,2,1,1,6,483
201600022640,16,5,17,1000,1,2,6,1,3,483
201600022641,16,5,15,1025,1,2,4,1,3,483
201600022642,16,5,22,1745,1,2,4,3,7,483
201600022643,16,5,24,1338,1,2,9,1,7,483
201600022644,16,5,11,1630,1,1,1,1,1,483
201600022645,16,5,20,1700,1,2,1,1,3,483
201600022646,16,6,11,1730,1,2,1,1,7,483
201600022647,16,6,12,702,1,1,1,1,7,565
201600022648,16,6,15,1840,1,2,1,1,2,483
201600022649,16,6,15,1200,1,2,1,1,7,483
201600022650,16,6,17,1135,1,2,3,1,2,483
201600022651,16,6,21,1630,1,2,6,1,7,483
201600022652,16,6,24,1210,1,2,4,1,3,483
201600022653,16,8,1,830,1,1,1,1,7,565
201600022654,16,8,15,1110,1,2,7,1,7,483
201600022655,16,9,9,1405,1,2,1,1,2,483
201600022656,16,9,19,5,5,1,1,1,7,565
201600022657,16,10,18,1520,1,2,1,8,3,483
201600022658,16,11,23,1400,1,2,1,2,7,483
201600022659,16,12,1,917,1,2,1,1,1,483
201600022660,16,12,9,1805,5,2,1,1,4,483
201600022661,16,12,16,1050,1,2,1,1,2,483
201600022662,16,12,16,1830,1,2,2,1,3,483
201600022663,16,7,5,1330,1,1,1,1,1,280
201600022664,16,10,22,1715,1,1,1,1,1,280
201600022665,16,11,7,1800,5,1,1,1,3,277
201600022666,16,12,30,2015,5,2,1,1,4,555
201600022667,16,1,3,1430,1,2,1,1,3,555
201600022668,16,1,4,1820,5,2,1,2,6,555
201600022669,16,1,4,2130,5,2,1,3,1,555
201600022670,16,1,4,1945,5,1,1,2,3,555
201600022671,16,1,5,725,5,1,1,1,4,555
201600022672,16,1,6,730,2,1,1,1,4,555
201600022673,16,1,6,1647,1,2,1,2,6,555
201600022674,16,1,6,2140,5,2,1,1,3,555
201600022675,16,1,7,1645,1,2,1,2,3,555
201600022676,16,1,8,1750,2,2,1,1,3,555
201600022677,16,1,8,1845,5,2,1,1,6,555
201600022678,16,1,9,1600,1,2,1,1,4,555
201600022679,16,1,10,1410,1,1,1,1,2,555
201600022680,16,1,11,1000,1,2,1,1,3,555
201600022681,16,1,11,1450,1,2,3,1,3,149
201600022682,16,1,11,2300,5,1,3,3,3,555
201600022683,16,1,12,730,5,2,1,2,1,555
201600022684,16,1,12,2025,5,2,1,2,6,555
201600022685,16,1,12,730,5,2,1,2,4,555
201600022686,16,1,13,1140,1,2,1,1,1,555
201600022687,16,1,13,1235,1,2,1,1,3,555
201600022688,16,1,13,1645,1,1,1,1,3,555
201600022689,16,1,14,645,5,2,1,2,6,149
201600022690,16,1,13,1300,1,2,2,1,1,557