Num_Acc,an,mois,jour,hrmn,lum,agg,int,atm,col,com
201600022691,16,1,14,1740,5,2,1,2,6,555
201600022692,16,1,15,710,5,2,3,2,3,555
201600022693,16,1,15,1940,2,2,1,1,2,555
201600022694,16,1,16,545,4,1,1,1,7,555
201600022695,16,1,16,1300,1,2,1,1,2,555
201600022696,16,1,16,1625,1,2,3,1,1,69
201600022697,16,1,16,1700,2,1,1,1,7,555
201600022698,16,1,16,1855,5,2,1,1,6,149
201600022699,16,1,17,220,5,2,1,1,7,555
201600022700,16,1,17,230,5,2,1,1,7,555
201600022701,16,1,15,1715,1,2,1,1,3,557
201600022702,16,1,18,1015,1,2,1,1,6,555
201600022703,16,1,19,945,1,2,1,2,6,555
201600022704,16,1,19,1640,1,2,1,1,4,555
201600022705,16,1,20,835,1,2,1,1,3,555
201600022706,16,1,21,25,5,2,3,1,3,149
201600022707,16,1,21,725,4,1,1,1,3,555
201600022708,16,1,21,1720,1,2,1,1,6,555
201600022709,16,1,21,1730,2,1,1,1,3,149
201600022710,16,1,21,1745,2,2,1,1,3,555
201600022711,16,1,22,733,5,2,1,2,6,557
201600022712,16,1,24,730,5,1,1,1,2,555
201600022713,16,1,24,1100,1,2,1,1,4,557
201600022714,16,1,24,1400,1,2,1,1,3,555
201600022715,16,1,25,945,1,1,1,1,2,555
201600022716,16,1,26,1458,1,2,1,1,3,555
201600022717,16,1,28,650,5,2,1,1,6,149
201600022718,16,1,28,743,2,1,1,1,4,555
201600022719,16,1,28,1215,1,1,1,1,2,555
201600022720,16,1,28,1900,5,2,3,1,3,557
201600022721,16,1,28,1925,3,1,1,1,2,149
201600022722,16,1,29,1654,1,2,3,1,3,555
201600022723,16,1,30,750,1,2,2,1,6,555
201600022724,16,1,31,2124,5,2,1,2,1,555
201600022725,16,1,30,2025,5,2,2,1,1,555
201600022726,16,1,31,1735,5,1,1,2,4,555
201600022727,16,2,1,830,1,2,1,1,2,149
201600022728,16,2,3,1800,5,2,1,1,3,555
201600022729,16,2,3,1910,5,1,1,1,4,69
201600022730,16,2,6,1110,1,2,1,1,6,555
201600022731,16,2,6,1535,1,2,1,1,6,555
201600022732,16,2,7,1740,1,2,2,2,3,555
201600022733,16,2,5,1635,1,1,1,1,3,555
201600022734,16,2,5,1420,1,2,1,1,3,555
201600022735,16,2,4,1730,2,2,1,1,3,555
201600022736,16,2,8,810,1,2,9,1,3,555
201600022737,16,2,8,855,1,2,3,1,6,555
201600022738,16,2,9,1850,5,2,1,3,6,149
201600022739,16,2,9,1952,5,2,1,2,3,555
201600022740,16,2,11,645,5,2,1,2,1,557
201600022741,16,2,11,1900,5,2,1,2,6,555
201600022742,16,2,11,1540,1,2,1,1,2,555
201600022743,16,2,12,700,5,2,1,3,6,149
201600022744,16,2,12,715,2,2,1,3,3,555
201600022745,16,2,12,1330,1,2,3,3,3,557
201600022746,16,2,12,1615,1,2,1,1,6,555
201600022747,16,2,10,1305,1,2,6,3,2,69
201600022748,16,2,13,1140,1,2,1,1,3,557
201600022749,16,2,15,1700,1,2,1,1,3,557
201600022750,16,2,17,1950,3,2,1,1,6,555
201600022751,16,2,18,930,1,1,1,2,3,555
201600022752,16,2,18,1848,5,2,1,1,6,555
201600022753,16,2,19,1720,1,2,3,7,3,69
201600022754,16,2,19,1535,1,2,1,1,6,555
201600022755,16,2,22,1630,1,2,3,2,3,149
201600022756,16,2,23,1045,1,2,1,2,6,555
201600022757,16,2,24,1340,1,2,1,1,3,555
201600022758,16,2,24,1445,1,1,1,1,4,555
201600022759,16,2,25,1655,1,2,1,1,5,555
201600022760,16,2,27,950,1,2,2,3,3,555
201600022761,16,2,27,1515,1,2,1,8,6,149
201600022762,16,2,29,850,1,2,1,1,2,555
201600022763,16,2,29,1850,2,2,1,1,3,557
201600022764,16,3,1,1320,1,2,2,1,1,555
201600022765,16,3,2,2130,5,2,1,2,3,555
201600022766,16,3,3,1310,1,2,1,2,1,555
201600022767,16,3,3,1820,5,1,1,2,4,555
201600022768,16,3,4,1300,1,1,1,1,2,555
201600022769,16,3,4,1910,5,2,1,3,6,555
201600022770,16,3,4,1800,2,2,1,1,3,555
201600022771,16,3,5,1045,1,2,2,1,3,555
201600022772,16,3,5,1145,1,2,3,1,3,555
201600022773,16,3,5,1435,1,2,1,2,3,555
201600022774,16,3,6,1045,1,1,1,1,7,555
201600022775,16,3,6,300,5,2,1,1,6,555
201600022776,16,3,6,330,5,2,1,1,6,555
201600022777,16,3,8,710,2,2,3,1,3,555
201600022778,16,3,8,850,1,2,3,1,3,555
201600022779,16,3,8,1645,1,2,1,1,2,555
201600022780,16,3,8,1720,1,1,1,1,2,555
201600022781,16,3,8,2000,5,2,1,1,3,555
201600022782,16,3,9,1640,1,2,2,1,3,555
201600022783,16,3,10,910,1,2,6,1,3,69
201600022784,16,3,11,920,1,2,1,1,3,555
201600022785,16,3,11,1615,1,1,6,1,1,149
201600022786,16,3,11,1830,1,2,6,1,3,149
201600022787,16,3,13,550,4,1,1,1,4,555
201600022788,16,3,12,2010,5,2,1,1,1,69
201600022789,16,3,12,339,5,2,1,1,3,555
201600022790,16,3,15,1122,1,2,1,1,6,69
201600022791,16,3,15,830,1,2,3,1,6,555
201600022792,16,3,15,900,1,2,3,1,3,555
201600022793,16,3,16,1900,5,1,1,1,2,555
201600022794,16,3,17,1400,1,2,3,1,3,555
201600022795,16,3,16,1545,1,2,1,1,4,555
201600022796,16,3,18,820,1,1,1,2,3,433
201600022797,16,3,18,1600,1,2,1,1,6,555
201600022798,16,3,19,1205,1,2,6,1,3,149
201600022799,16,3,19,1351,1,2,1,1,6,555
201600022800,16,3,19,1730,1,2,1,1,3,555
201600022801,16,3,19,1900,2,2,1,1,6,555
201600022802,16,3,20,1310,1,1,1,1,2,555
201600022803,16,3,18,1750,1,2,1,1,2,555
201600022804,16,3,17,1400,1,2,3,1,1,555
201600022805,16,3,21,1645,1,2,1,1,2,557
201600022806,16,3,22,1315,1,2,1,1,3,555
201600022807,16,3,22,1855,1,2,1,1,6,555
201600022808,16,3,22,2010,5,2,3,1,2,555
201600022809,16,3,22,1334,1,2,1,1,3,555
201600022810,16,3,23,1000,1,1,1,1,3,555
201600022811,16,3,24,850,1,1,1,1,2,555
201600022812,16,3,24,2106,1,2,1,1,2,555
201600022813,16,3,25,1435,1,2,1,1,2,555
201600022814,16,3,25,1700,1,2,6,1,3,555
201600022815,16,3,25,1734,1,1,1,1,4,555
201600022816,16,3,26,1420,1,2,1,1,6,555
201600022817,16,3,26,1423,1,2,1,1,5,555
201600022818,16,3,27,510,5,2,3,3,3,555
201600022819,16,3,27,721,4,2,1,2,6,555
201600022820,16,3,27,1605,1,2,2,1,3,149
201600022821,16,3,29,1810,1,2,1,1,1,555
201600022822,16,3,30,2120,5,2,3,1,3,555
201600022823,16,4,2,735,1,2,1,1,1,555
201600022824,16,4,2,1055,1,2,1,1,3,555
201600022825,16,4,2,2320,5,2,1,1,7,555
201600022826,16,4,3,545,5,1,1,1,3,555
201600022827,16,4,4,1745,1,2,1,2,3,555
201600022828,16,4,4,2043,2,2,1,2,1,555
201600022829,16,4,5,1105,1,2,1,2,4,557
201600022830,16,4,6,1830,1,2,1,1,2,555
201600022831,16,4,7,1402,1,2,1,8,3,555
201600022832,16,4,8,825,1,2,1,1,6,555
201600022833,16,4,8,840,1,2,3,1,6,555
201600022834,16,4,8,1400,1,1,1,1,2,555
201600022835,16,4,9,2340,5,2,1,1,3,555
201600022836,16,4,10,1830,1,2,1,1,2,555
201600022837,16,4,12,1050,1,2,1,1,7,149
201600022838,16,4,12,1746,1,2,1,7,2,149
201600022839,16,4,12,1825,1,2,1,1,6,555
201600022840,16,4,8,1700,1,2,1,1,3,149
201600022841,16,4,14,820,1,2,1,1,4,555
201600022842,16,4,14,1535,1,2,1,1,3,149
201600022843,16,4,14,2045,5,2,1,1,3,555
201600022844,16,4,14,2345,5,2,1,1,7,555
201600022845,16,4,14,834,1,2,1,1,6,557
201600022846,16,4,15,1004,1,2,1,1,3,69
201600022847,16,4,15,1605,1,2,3,1,3,555
201600022848,16,4,16,1540,1,2,6,1,3,555
201600022849,16,4,15,800,1,2,2,1,3,149
201600022850,16,4,18,820,1,2,6,1,2,149
201600022851,16,4,18,1630,1,2,1,1,3,555
201600022852,16,4,19,815,1,2,1,1,2,555
201600022853,16,4,19,1615,1,2,1,1,2,555
201600022854,16,4,18,1740,1,1,1,1,2,555
201600022855,16,4,20,1200,1,2,1,1,3,555
201600022856,16,4,20,1445,1,2,1,1,3,555
201600022857,16,4,22,915,1,2,9,1,6,555
201600022858,16,4,22,1050,1,2,2,1,1,555
201600022859,16,4,22,1930,1,2,1,1,1,555
201600022860,16,4,22,2155,5,2,1,1,3,555
201600022861,16,4,24,1513,1,2,1,1,3,555
201600022862,16,4,23,949,1,2,2,8,3,555
201600022863,16,4,25,2005,2,2,1,1,7,555
201600022864,16,4,26,1300,1,2,1,1,3,555
201600022865,16,4,26,1435,1,2,1,1,2,555
201600022866,16,4,26,1650,1,2,1,1,3,149
201600022867,16,4,27,1045,1,2,1,1,3,555
201600022868,16,4,17,1139,1,2,1,1,3,555
201600022869,16,4,27,1234,1,2,1,1,1,555
201600022870,16,4,27,1500,1,2,1,1,6,555
201600022871,16,4,27,1545,1,2,1,1,4,555
201600022872,16,4,29,707,1,2,2,1,3,555
201600022873,16,4,29,1605,1,2,2,1,1,555
201600022874,16,5,1,1559,1,2,1,1,3,555
201600022875,16,4,30,150,5,2,6,1,7,149
201600022876,16,4,28,1330,1,2,1,1,2,555
201600022877,16,4,29,1730,1,2,3,1,3,557
201600022878,16,5,2,1815,1,2,2,1,2,149
201600022879,16,5,3,1330,1,2,1,1,3,555
201600022880,16,5,4,1810,1,2,1,1,3,149
201600022881,16,5,5,2159,3,1,1,1,5,149
201600022882,16,5,6,1218,1,2,1,1,3,557
201600022883,16,5,7,240,5,2,2,1,1,555
201600022884,16,5,7,2235,5,2,1,1,7,555
201600022885,16,5,9,1005,1,2,2,1,3,149
201600022886,16,5,8,1850,1,2,1,1,5,555
201600022887,16,5,9,1315,1,2,1,2,4,555
201600022888,16,5,9,1455,1,2,1,2,4,555
201600022889,16,5,9,1730,1,2,1,2,7,555
201600022890,16,5,10,925,1,2,1,1,6,555
201600022891,16,5,10,1010,1,2,1,1,6,555
201600022892,16,5,11,1705,1,2,1,2,6,555
201600022893,16,5,12,250,5,2,2,1,1,555
201600022894,16,5,11,1240,1,2,1,2,2,149
201600022895,16,5,12,1445,1,2,1,1,3,555
201600022896,16,5,13,1655,1,2,1,1,3,69
201600022897,16,5,14,438,2,2,1,2,7,555
201600022898,16,5,14,1108,1,2,1,2,2,69
201600022899,16,5,16,2155,5,2,1,1,3,555
201600022900,16,5,17,843,1,2,4,1,3,557
201600022901,16,5,17,1000,1,2,6,1,6,555
201600022902,16,5,17,855,1,1,1,1,4,555
201600022903,16,5,18,1240,1,2,1,1,2,555
201600022904,16,5,18,1650,1,2,3,1,3,149
201600022905,16,5,15,1745,1,2,1,1,3,555
201600022906,16,5,19,845,1,1,1,2,4,555
201600022907,16,5,19,1645,1,1,1,1,3,555
201600022908,16,5,19,1928,1,2,1,1,6,555
201600022909,16,5,20,1555,1,2,1,1,3,555
201600022910,16,5,20,1900,1,2,1,1,3,555
201600022911,16,5,20,1905,1,2,1,1,3,555
201600022912,16,5,23,920,1,2,1,1,1,555
201600022913,16,5,21,805,1,2,1,1,2,555
201600022914,16,5,23,1411,1,2,1,1,3,555
201600022915,16,5,23,1715,1,2,1,1,2,555
201600022916,16,5,25,1845,1,2,1,1,6,555
201600022917,16,5,25,1845,1,2,1,1,6,69
201600022918,16,5,27,845,1,1,1,1,3,555
201600022919,16,5,27,1730,1,2,1,1,3,555
201600022920,16,5,27,1845,1,2,1,1,2,555
201600022921,16,5,27,1915,1,2,1,1,3,555
201600022922,16,5,29,1620,1,2,1,1,3,555
201600022923,16,5,29,1825,1,1,1,1,4,555
201600022924,16,5,26,2330,5,2,1,1,3,555
201600022925,16,5,30,1505,1,2,1,1,3,555
201600022926,16,5,30,1800,1,2,1,1,2,555
201600022927,16,5,25,850,1,2,1,1,4,557
201600022928,16,5,31,1510,1,2,1,2,2,555
201600022929,16,5,31,1640,1,2,1,1,3,149
201600022930,16,5,31,1809,1,2,1,1,4,555
201600022931,16,6,1,1400,1,2,6,1,7,149
201600022932,16,6,1,813,1,2,3,1,3,555
201600022933,16,6,1,1100,1,2,1,2,3,555
201600022934,16,6,1,2105,2,2,2,1,3,555
201600022935,16,6,2,830,1,2,1,2,3,555
201600022936,16,6,2,2115,5,2,3,1,3,555
201600022937,16,6,3,1530,1,2,1,1,4,557
201600022938,16,6,4,1040,1,2,1,1,2,555
201600022939,16,6,4,1930,1,2,1,1,5,555
201600022940,16,6,4,1930,1,2,3,1,2,149
201600022941,16,6,7,850,1,1,1,1,2,555
201600022942,16,6,7,1555,1,2,1,1,2,149
201600022943,16,6,8,1623,1,1,1,1,4,555
201600022944,16,6,9,720,1,2,1,1,5,555
201600022945,16,6,8,1830,1,1,1,1,4,149
201600022946,16,6,9,1400,1,1,1,1,3,149
201600022947,16,6,12,1355,1,2,1,1,3,555
201600022948,16,6,10,1940,1,2,3,1,3,555
201600022949,16,6,13,740,1,1,1,2,4,555
201600022950,16,6,13,1620,1,2,1,1,6,555
201600022951,16,6,14,1030,1,1,1,1,2,555
201600022952,16,6,14,1550,1,2,1,1,3,555
201600022953,16,6,15,750,1,1,1,2,6,555
201600022954,16,6,14,1830,1,2,1,1,3,555
201600022955,16,6,15,645,1,1,1,1,2,555
201600022956,16,6,14,1141,1,2,1,1,4,555
201600022957,16,6,16,955,1,2,1,1,6,557
201600022958,16,6,16,930,1,1,1,1,2,555
201600022959,16,6,18,2030,1,2,1,1,6,555
201600022960,16,6,20,900,1,2,1,1,6,555
201600022961,16,6,20,1740,1,2,1,1,2,555
201600022962,16,6,21,2055,1,2,1,1,3,149
201600022963,16,6,22,540,1,2,1,1,1,555
201600022964,16,6,22,1210,1,2,1,1,6,555
201600022965,16,6,22,1735,1,2,1,1,6,557
201600022966,16,6,23,933,1,2,1,1,6,555
201600022967,16,6,23,1815,1,1,1,1,4,555
201600022968,16,6,22,750,1,2,1,1,3,557
201600022969,16,6,24,1540,1,1,1,1,2,555
201600022970,16,6,24,1625,1,2,1,1,2,557
201600022971,16,6,24,2315,5,2,1,8,6,555
201600022972,16,6,24,1800,1,2,3,1,1,555
201600022973,16,6,27,1415,1,2,4,1,6,555
201600022974,16,6,28,1545,1,2,1,1,3,149
201600022975,16,6,28,2100,1,2,1,1,6,555
201600022976,16,6,28,830,1,2,1,1,2,555
201600022977,16,6,29,1410,1,2,1,1,3,555
201600022978,16,6,29,1440,1,2,2,1,3,555
201600022979,16,6,30,1625,1,2,2,1,3,555
201600022980,16,7,1,545,2,2,1,1,3,555
201600022981,16,7,1,845,1,1,1,1,2,149
201600022982,16,7,1,1200,1,2,1,1,3,555
201600022983,16,7,1,1420,1,2,1,7,2,555
201600022984,16,7,2,1630,1,2,1,1,3,555
201600022985,16,7,1,1735,1,2,1,1,3,555
201600022986,16,7,4,1800,1,2,1,1,3,555
201600022987,16,7,2,2015,1,2,1,1,3,555
201600022988,16,7,5,555,2,2,1,2,4,555
201600022989,16,7,5,1910,1,2,1,1,3,555
201600022990,16,7,5,1400,1,2,1,1,1,555
201600022991,16,7,6,1953,1,2,1,1,3,555
201600022992,16,7,6,2045,1,2,1,1,3,555
201600022993,16,7,7,1100,1,2,1,1,3,555
201600022994,16,7,7,1610,1,2,1,1,7,555
201600022995,16,7,8,300,5,2,1,1,1,555
201600022996,16,7,8,835,1,2,1,1,2,149
201600022997,16,7,8,1115,1,2,1,1,6,555
201600022998,16,7,8,855,1,2,1,1,6,555
201600022999,16,7,8,950,1,2,1,1,3,555
201600023000,16,7,8,1600,1,1,1,1,2,555
201600023001,16,7,10,320,5,2,1,1,6,557
201600023002,16,7,10,1940,1,2,1,1,1,555
201600023003,16,7,11,1000,1,2,1,1,6,555
201600023004,16,7,11,2020,1,2,1,1,1,555
201600023005,16,6,21,1040,1,2,1,1,1,555
201600023006,16,7,12,1720,1,2,1,1,6,555
201600023007,16,7,13,2140,5,1,1,1,3,555
201600023008,16,7,14,2130,2,2,1,1,5,555
201600023009,16,7,15,1400,1,2,1,1,5,555
201600023010,16,7,16,1030,1,1,1,1,5,555
201600023011,16,7,19,1715,1,2,3,1,3,555
201600023012,16,7,20,800,1,2,1,1,3,555
201600023013,16,7,20,1845,1,2,1,1,5,555
201600023014,16,7,21,815,1,2,1,1,3,555
201600023015,16,7,21,830,1,2,1,1,3,555
201600023016,16,7,21,810,1,1,1,1,3,555
201600023017,16,7,21,1940,1,2,1,1,3,555
201600023018,16,7,22,1715,1,1,1,1,4,555
201600023019,16,7,24,1020,1,2,1,1,1,555
201600023020,16,7,24,1935,1,2,1,1,3,555
201600023021,16,7,23,1550,1,2,1,1,1,555
201600023022,16,7,25,1135,1,2,1,1,1,555
201600023023,16,7,25,745,1,2,1,1,2,555
201600023024,16,7,25,1450,1,2,1,1,2,555
201600023025,16,7,26,945,1,1,1,1,3,555
201600023026,16,7,26,1430,1,2,6,1,3,557
201600023027,16,7,29,640,1,2,3,1,3,149
201600023028,16,7,29,1300,1,2,1,1,6,555
201600023029,16,7,29,1445,1,2,1,1,3,555
201600023030,16,7,30,1030,1,2,3,1,3,557
201600023031,16,7,30,1145,1,2,1,1,1,555
201600023032,16,7,29,615,2,2,3,1,3,555
201600023033,16,8,1,1955,1,2,1,1,3,555
201600023034,16,8,2,1115,1,2,1,1,2,149
201600023035,16,8,2,820,1,2,2,1,3,555
201600023036,16,8,3,1115,1,2,1,1,6,555
201600023037,16,8,3,2110,5,2,1,1,2,555
201600023038,16,8,4,835,1,2,1,1,3,557
201600023039,16,8,5,1810,1,2,1,1,3,555
201600023040,16,8,6,1900,1,2,1,1,3,555
201600023041,16,8,5,1610,1,2,1,1,2,555
201600023042,16,8,9,1325,1,2,1,1,6,555
201600023043,16,8,10,925,1,2,1,1,6,555
201600023044,16,8,10,1105,1,2,1,1,6,149
201600023045,16,8,12,1445,1,2,1,1,3,555
201600023046,16,8,13,1904,1,2,6,1,5,557
201600023047,16,8,13,2030,2,2,3,1,3,555
201600023048,16,8,17,1750,1,2,2,1,3,555
201600023049,16,8,19,821,1,2,6,1,3,149
201600023050,16,8,18,1340,1,2,1,1,3,555
201600023051,16,8,19,1705,1,2,1,1,6,555
201600023052,16,8,20,925,1,1,1,1,5,555
201600023053,16,8,20,925,1,1,1,3,3,555
201600023054,16,8,22,207,5,2,6,1,1,557
201600023055,16,8,22,1410,1,2,1,1,2,555
201600023056,16,8,22,1500,1,1,1,1,2,555
201600023057,16,8,22,1525,1,2,1,1,4,555
201600023058,16,8,23,750,1,2,1,1,6,555
201600023059,16,8,23,1445,1,2,1,1,3,555
201600023060,16,8,23,1800,1,2,1,1,3,555
201600023061,16,8,24,815,1,2,3,1,3,555
201600023062,16,8,24,1440,1,2,1,1,3,555
201600023063,16,8,25,1300,1,2,1,1,6,555
201600023064,16,8,25,1905,1,1,1,1,4,555
201600023065,16,8,26,1440,1,2,1,1,6,69
201600023066,16,8,27,1125,1,2,1,1,3,555
201600023067,16,8,27,2200,5,2,1,1,6,555
201600023068,16,8,27,2245,5,1,1,1,2,69
201600023069,16,8,28,740,1,1,1,1,2,555
201600023070,16,8,30,905,1,2,1,1,3,555
201600023071,16,8,30,1130,1,2,1,1,6,555
201600023072,16,8,29,1740,1,1,1,1,4,69
201600023073,16,8,29,1135,1,2,2,1,3,69
201600023074,16,8,30,1250,1,2,1,1,6,555
201600023075,16,8,31,1530,1,1,1,1,2,555
201600023076,16,9,1,855,1,2,1,1,6,555
201600023077,16,9,1,1815,1,1,1,1,2,149
201600023078,16,9,1,2240,5,2,3,1,3,555
201600023079,16,9,2,110,5,2,1,1,3,555
201600023080,16,9,1,1825,1,2,1,1,6,557
201600023081,16,9,2,1240,1,2,1,1,3,149
201600023082,16,9,2,825,1,1,1,1,3,555
201600023083,16,9,5,750,1,2,1,1,1,555
201600023084,16,9,5,1640,1,1,1,1,6,557
201600023085,16,9,5,2145,3,1,1,1,4,555
201600023086,16,9,5,1125,1,1,1,1,4,555
201600023087,16,9,6,807,1,1,1,1,4,555
201600023088,16,9,7,758,1,2,1,1,6,555
201600023089,16,9,6,740,1,2,1,1,5,149
201600023090,16,9,6,1305,1,2,1,1,4,149
201600023091,16,9,7,855,1,1,1,1,4,555
201600023092,16,9,7,930,1,2,1,1,6,555
201600023093,16,9,8,715,1,2,1,1,3,555
201600023094,16,9,9,1110,1,2,1,1,3,555
201600023095,16,9,9,1350,1,2,1,1,2,149
201600023096,16,9,9,1245,1,1,1,1,4,555
201600023097,16,9,9,2333,5,2,3,1,3,555
201600023098,16,9,10,1045,1,2,1,1,6,555
201600023099,16,9,3,224,5,2,1,1,6,555
201600023100,16,9,12,1355,1,2,1,1,6,555
201600023101,16,9,12,1020,1,2,1,1,6,555
201600023102,16,9,12,1100,1,2,1,1,2,149
201600023103,16,9,12,1705,1,2,1,1,3,555
201600023104,16,9,12,1755,1,1,3,1,3,555
201600023105,16,9,10,220,5,2,1,1,6,555
201600023106,16,9,13,635,1,2,4,1,3,555
201600023107,16,9,13,810,1,2,1,1,6,555
201600023108,16,9,13,1830,1,2,2,1,3,557
201600023109,16,9,15,1135,1,2,1,1,3,555
201600023110,16,9,16,2000,5,2,1,2,2,555
201600023111,16,9,17,420,5,2,1,1,2,555
201600023112,16,9,17,1825,1,1,1,1,2,555
201600023113,16,9,17,1800,1,2,1,1,2,555
201600023114,16,9,21,845,1,2,1,1,6,555
201600023115,16,9,21,1240,1,2,1,1,3,555
201600023116,16,9,22,1450,1,2,1,1,6,555
201600023117,16,9,22,1855,1,1,1,1,2,555
201600023118,16,9,23,1710,1,1,1,1,4,555
201600023119,16,9,25,1840,1,2,1,1,7,555
201600023120,16,9,25,1950,5,2,2,1,2,555
201600023121,16,9,24,1519,1,1,1,1,7,149
201600023122,16,9,25,600,4,2,1,1,6,149
201600023123,16,9,22,1150,1,2,1,1,3,555
201600023124,16,9,26,1805,1,2,1,1,6,555
201600023125,16,9,27,715,2,1,2,1,3,555
201600023126,16,9,27,1220,1,2,1,1,2,555
201600023127,16,9,27,1540,1,2,1,1,3,555
201600023128,16,9,27,1545,1,2,1,1,3,555
201600023129,16,9,24,820,1,2,1,1,1,555
201600023130,16,9,28,1507,1,1,1,1,4,555
201600023131,16,9,29,845,1,2,1,7,6,149
201600023132,16,9,29,845,1,2,1,1,3,555
201600023133,16,9,29,820,1,2,1,1,6,555
201600023134,16,9,29,825,1,1,1,1,3,555
201600023135,16,9,29,925,1,2,1,1,6,555
201600023136,16,9,29,1635,1,1,1,1,2,555
201600023137,16,9,30,1945,5,2,1,1,6,555
201600023138,16,10,1,1345,1,2,1,1,3,69
201600023139,16,10,3,1310,1,2,1,1,1,555
201600023140,16,10,3,1750,1,2,2,1,3,555
201600023141,16,10,3,1813,1,1,1,1,3,555
201600023142,16,10,3,1830,1,2,1,1,6,555
201600023143,16,10,4,1710,1,1,1,1,6,555
201600023144,16,10,5,750,1,1,1,1,3,555
201600023145,16,10,5,1335,1,2,2,1,3,555
201600023146,16,10,5,1835,1,1,1,1,3,555
201600023147,16,10,6,15,5,1,1,1,6,555
201600023148,16,10,6,710,5,2,3,1,3,557
201600023149,16,10,6,1020,1,2,1,1,3,555
201600023150,16,10,6,655,5,2,1,1,6,555
201600023151,16,10,6,825,1,2,1,1,6,555
201600023152,16,10,6,1250,1,2,2,1,6,555
201600023153,16,10,6,1700,1,1,1,1,4,555
201600023154,16,10,6,1940,5,1,1,1,3,555
201600023155,16,10,7,830,1,2,1,1,1,149
201600023156,16,10,7,1310,1,2,1,1,3,555
201600023157,16,10,8,1108,1,2,1,1,1,555
201600023158,16,10,8,1440,1,2,2,1,1,555
201600023159,16,10,8,1700,1,2,1,1,3,555
201600023160,16,10,9,1800,1,2,1,1,6,555
201600023161,16,10,8,1800,1,2,1,1,3,555
201600023162,16,10,10,800,2,2,1,1,3,555
201600023163,16,10,10,1318,1,2,3,1,3,149
201600023164,16,10,11,1620,1,1,1,1,3,69
201600023165,16,10,11,2140,5,2,2,1,3,555
201600023166,16,10,12,720,2,1,1,1,3,555
201600023167,16,10,12,850,1,1,1,1,5,555
201600023168,16,10,12,1030,1,1,1,1,5,555
201600023169,16,10,12,1410,1,2,1,1,6,555
201600023170,16,10,12,1730,1,2,1,1,6,555
201600023171,16,10,12,1820,1,2,4,1,3,555
201600023172,16,10,14,1930,3,2,1,2,3,555
201600023173,16,10,14,2010,5,2,1,2,3,555
201600023174,16,10,15,1455,1,1,1,1,2,555
201600023175,16,10,15,1750,1,1,3,1,3,555
201600023176,16,10,16,1835,1,2,1,1,2,555
201600023177,16,10,17,720,2,1,1,1,3,555
201600023178,16,10,18,652,5,1,1,1,2,555
201600023179,16,10,18,1320,1,1,1,1,2,555
201600023180,16,10,18,1820,1,2,1,1,3,69
201600023181,16,10,19,2040,5,2,1,1,3,555
201600023182,16,10,20,5,3,1,1,1,1,555
201600023183,16,10,20,730,5,1,6,1,3,555
201600023184,16,10,20,835,1,2,1,1,3,555
201600023185,16,10,20,1620,1,1,1,1,2,555
201600023186,16,10,20,1805,1,2,1,1,3,555
201600023187,16,10,20,1830,2,2,1,1,2,555
201600023188,16,10,21,1630,1,2,1,1,6,555
201600023189,16,10,21,1825,1,2,1,1,3,555
201600023190,16,10,22,150,5,2,2,1,3,555
201600023191,16,10,22,1650,1,2,3,1,6,555
201600023192,16,10,24,2150,5,1,1,2,2,555
201600023193,16,10,24,1610,1,2,3,1,3,555
201600023194,16,10,27,700,5,1,1,2,5,555
201600023195,16,10,25,1220,1,2,1,1,6,555
201600023196,16,10,27,1730,1,2,1,1,3,555
201600023197,16,10,28,416,1,2,1,1,6,69
201600023198,16,10,28,1535,1,2,1,1,3,555
201600023199,16,10,30,140,3,1,1,1,6,555
201600023200,16,10,31,955,1,2,2,1,3,555
201600023201,16,11,1,1910,5,2,3,1,3,555
201600023202,16,11,1,2000,4,1,1,1,4,555
201600023203,16,11,2,1630,1,1,1,1,4,555
201600023204,16,11,2,1715,1,2,1,1,3,555
201600023205,16,11,2,2020,5,2,1,1,2,555
201600023206,16,11,3,1345,1,2,1,1,3,555
201600023207,16,11,3,1515,1,2,1,1,1,555
201600023208,16,11,3,1800,2,2,1,1,3,555
201600023209,16,11,3,1900,5,2,1,1,2,555
201600023210,16,11,4,720,2,2,2,1,3,555
201600023211,16,11,4,1915,5,1,1,1,3,555
201600023212,16,11,4,1923,3,1,1,1,1,555
201600023213,16,11,5,215,5,2,3,2,3,555
201600023214,16,11,5,1810,4,2,1,2,6,555
201600023215,16,11,6,830,1,2,1,1,1,555
201600023216,16,11,7,1910,5,1,1,1,2,555
201600023217,16,11,7,1700,1,2,3,1,3,555
201600023218,16,11,8,820,1,2,1,1,1,149
201600023219,16,11,8,1910,5,2,3,2,3,555
201600023220,16,11,8,1815,5,2,1,1,6,555
201600023221,16,11,9,625,5,2,1,3,2,555
201600023222,16,11,9,1950,5,1,1,1,2,555
201600023223,16,11,10,630,4,1,1,2,4,555
201600023224,16,11,10,1050,1,1,1,2,3,555
201600023225,16,11,10,1708,1,2,1,1,1,555
201600023226,16,11,12,1640,1,2,1,1,6,555
201600023227,16,11,13,2335,5,2,1,1,1,555