Num_Acc,an,mois,jour,hrmn,lum,agg,int,atm,col,com
201600023228,16,11,11,1330,1,2,1,1,2,555
201600023229,16,11,14,1245,1,1,1,1,5,555
201600023230,16,11,14,1420,1,1,1,1,5,555
201600023231,16,11,15,730,1,2,3,1,3,555
201600023232,16,11,15,2125,5,2,3,1,1,555
201600023233,16,11,16,750,2,2,1,1,6,149
201600023234,16,11,16,905,1,1,1,1,2,555
201600023235,16,11,16,1729,2,2,1,1,3,149
201600023236,16,11,17,745,1,2,2,1,3,149
201600023237,16,11,17,1228,1,1,1,1,3,555
201600023238,16,11,17,2200,5,2,1,1,7,555
201600023239,16,11,18,940,1,1,1,2,2,149
201600023240,16,11,19,1500,1,2,1,1,4,69
201600023241,16,11,20,325,3,1,1,1,6,555
201600023242,16,11,21,1710,2,2,2,2,3,555
201600023243,16,11,17,1945,3,2,1,1,6,555
201600023244,16,11,21,1715,3,1,1,2,3,69
201600023245,16,11,21,1800,4,2,1,3,6,555
201600023246,16,11,22,1750,2,2,1,1,3,555
201600023247,16,11,23,900,1,2,1,1,6,555
201600023248,16,11,21,1610,2,1,1,2,2,149
201600023249,16,11,24,1320,1,2,1,1,1,555
201600023250,16,11,24,1715,2,2,3,1,3,555
201600023251,16,11,24,1955,5,2,1,1,6,555
201600023252,16,11,25,1700,1,2,1,1,4,149
201600023253,16,11,25,1755,5,2,1,1,3,555
201600023254,16,11,25,1820,5,2,1,1,6,555
201600023255,16,11,26,545,5,1,1,5,6,555
201600023256,16,11,27,1552,1,2,1,1,1,555
201600023257,16,11,26,600,5,2,1,1,3,555
201600023258,16,11,28,1852,4,1,1,1,2,555
201600023259,16,11,28,2040,5,2,1,1,3,149
201600023260,16,11,29,1825,5,2,2,1,1,555
201600023261,16,11,30,800,1,2,1,1,3,555
201600023262,16,11,30,1020,1,2,1,1,1,557
201600023263,16,11,30,1540,1,2,1,1,3,555
201600023264,16,12,1,1825,5,2,1,1,3,555
201600023265,16,11,30,1035,1,1,1,1,3,149
201600023266,16,12,1,1345,1,2,3,1,1,555
201600023267,16,12,2,1630,1,2,1,1,6,555
201600023268,16,12,3,15,5,2,1,1,7,555
201600023269,16,12,3,102,5,2,2,1,3,555
201600023270,16,12,3,2335,5,2,1,1,1,555
201600023271,16,12,4,1859,5,1,1,1,2,555
201600023272,16,12,5,1730,5,2,1,1,6,555
201600023273,16,12,6,845,1,2,1,1,3,149
201600023274,16,11,30,1610,1,2,1,1,3,555
201600023275,16,12,6,1230,1,2,1,1,3,555
201600023276,16,12,7,730,5,1,1,1,2,555
201600023277,16,12,7,1440,1,1,1,1,2,555
201600023278,16,12,7,1810,5,2,1,1,6,555
201600023279,16,12,6,1400,1,2,1,1,1,555
201600023280,16,12,8,1520,1,2,1,1,6,555
201600023281,16,12,8,1630,1,2,1,1,6,557
201600023282,16,12,4,430,3,1,1,1,6,149
201600023283,16,12,9,1120,1,2,1,1,6,555
201600023284,16,12,9,2015,4,1,1,1,4,555
201600023285,16,12,10,1,4,2,1,1,6,555
201600023286,16,12,10,1310,1,2,1,1,6,555
201600023287,16,12,11,1010,1,2,1,1,3,555
201600023288,16,12,11,2215,5,2,1,1,3,555
201600023289,16,12,9,1340,1,2,1,1,3,555
201600023290,16,12,12,1130,1,2,1,1,3,555
201600023291,16,12,12,1150,1,2,1,1,5,555
201600023292,16,12,14,1935,5,2,2,1,3,555
201600023293,16,12,14,1425,1,2,1,1,6,555
201600023294,16,12,15,1800,5,1,1,1,3,555
201600023295,16,12,15,2345,3,2,1,1,6,555
201600023296,16,12,18,1755,5,2,1,1,6,555
201600023297,16,12,18,1,5,1,1,1,6,69
201600023298,16,12,19,1900,3,2,1,1,4,555
201600023299,16,12,21,1700,2,2,1,1,6,555
201600023300,16,12,21,1455,1,2,1,1,3,555
201600023301,16,12,22,820,1,1,1,1,1,555
201600023302,16,12,22,1610,1,2,1,2,3,555
201600023303,16,12,22,1825,5,2,1,2,6,557
201600023304,16,12,25,1900,5,2,1,1,3,555
201600023305,16,12,25,1330,1,2,1,1,6,555
201600023306,16,12,28,1920,5,2,1,1,3,557
201600023307,16,12,29,1300,1,2,1,1,2,555
201600023308,16,1,3,1015,1,2,2,1,3,227
201600023309,16,5,22,1745,1,2,2,1,2,145
201600023310,16,1,23,1230,1,1,1,1,3,270
201600023311,16,3,13,1515,1,1,1,1,6,305
201600023312,16,4,13,1700,1,1,1,1,2,481
201600023313,16,4,16,245,4,1,1,2,2,270
201600023314,16,5,30,1245,1,1,1,8,2,270
201600023315,16,7,28,700,1,1,1,1,2,591
201600023316,16,8,2,2200,3,1,1,1,6,543
201600023317,16,11,17,1830,3,1,1,2,5,576
201600023318,16,11,22,1200,1,1,1,3,6,543
201600023319,16,2,11,400,3,1,1,1,7,478
201600023320,16,4,1,700,2,1,1,1,2,232
201600023321,16,6,25,1530,1,1,1,1,3,242
201600023322,16,8,15,1230,1,1,1,1,7,478
201600023323,16,1,16,1845,3,1,9,1,2,107
201600023324,16,1,24,430,3,1,1,5,4,57
201600023325,16,2,22,2330,3,1,1,1,6,49
201600023326,16,3,8,715,1,1,1,1,2,73
201600023327,16,3,10,745,1,1,1,1,4,130
201600023328,16,3,31,1530,1,1,1,1,6,49
201600023329,16,5,13,1915,1,1,1,6,1,107
201600023330,16,5,30,200,3,1,1,6,7,99
201600023331,16,6,2,1630,1,1,9,1,7,54
201600023332,16,6,21,715,1,1,1,1,5,130
201600023333,16,6,27,1700,1,1,1,1,4,86
201600023334,16,7,24,100,3,1,1,8,3,73
201600023335,16,8,2,915,1,1,1,1,6,26
201600023336,16,8,5,1600,1,1,1,1,5,33
201600023337,16,8,31,30,3,1,1,1,6,57
201600023338,16,9,9,1015,1,1,1,1,4,62
201600023339,16,10,18,1600,1,1,1,1,2,130
201600023340,16,11,15,1545,1,1,9,1,3,130
201600023341,16,12,8,830,1,1,1,1,7,54
201600023342,16,1,4,1330,1,1,1,8,7,18
201600023343,16,2,19,1900,3,1,1,1,1,361
201600023344,16,3,11,1745,1,1,1,1,6,161
201600023345,16,3,25,1426,1,1,1,1,2,196
201600023346,16,3,28,1721,1,1,1,1,2,403
201600023347,16,4,1,2300,3,1,1,1,6,141
201600023348,16,4,10,1623,1,1,1,1,3,409
201600023349,16,4,11,1700,1,1,1,3,3,15
201600023350,16,6,23,845,1,1,1,1,2,196
201600023351,16,7,22,715,1,1,1,1,6,41
201600023352,16,7,24,300,3,1,1,1,6,253
201600023353,16,9,23,2115,3,1,1,1,6,80
201600023354,16,10,17,645,3,1,1,1,4,104
201600023355,16,11,25,1545,1,1,1,1,5,18
201600023356,16,12,8,2115,3,1,1,1,6,15
201600023357,16,12,20,1615,1,1,1,1,6,118
201600023358,16,3,1,900,1,1,1,1,5,130
201600023359,16,5,1,2145,3,1,1,1,7,142
201600023360,16,8,13,1615,1,1,1,1,2,14
201600023361,16,2,6,1530,1,2,1,1,6,78
201600023362,16,3,27,1645,1,1,1,1,6,78
201600023363,16,4,29,1730,1,1,1,1,4,141
201600023364,16,6,13,945,1,1,4,1,2,521
201600023365,16,6,26,1545,1,1,1,1,6,141
201600023366,16,9,8,700,2,1,1,1,3,505
201600023367,16,9,27,730,1,1,1,1,6,478
201600023368,16,10,22,400,3,1,1,5,6,78
201600023369,16,10,25,2020,5,1,1,8,6,141
201600023370,16,11,20,30,3,1,1,1,4,141
201600023371,16,11,17,715,2,1,3,1,5,79
201600023372,16,11,17,1230,1,2,1,1,1,156
201600023373,16,10,22,1810,1,1,3,1,2,74
201600023374,16,12,25,1740,2,1,1,1,5,203
201600023375,16,10,25,730,2,1,1,8,6,286
201600023376,16,12,24,1520,1,1,1,2,6,250
201600023377,16,1,31,1915,3,1,1,3,1,115
201600023378,16,3,8,1245,1,1,1,1,6,238
201600023379,16,10,7,1900,2,1,1,1,3,36
201600023380,16,1,24,345,5,2,1,1,6,13
201600023381,16,1,22,1920,5,2,1,8,1,13
201600023382,16,2,10,1240,1,2,1,2,1,13
201600023383,16,2,12,1800,1,1,1,1,3,13
201600023384,16,2,20,1350,1,2,2,1,3,13
201600023385,16,3,8,1240,1,1,1,1,6,13
201600023386,16,3,9,1355,1,1,1,8,1,13
201600023387,16,3,10,1215,1,2,1,1,6,13
201600023388,16,3,31,2315,3,2,1,2,6,13
201600023389,16,4,26,1525,1,2,3,1,3,13
201600023390,16,5,15,45,3,1,1,1,7,13
201600023391,16,5,19,1440,1,2,1,1,2,13
201600023392,16,5,23,1045,1,1,1,1,1,13
201600023393,16,5,23,1150,1,2,1,1,6,13
201600023394,16,6,10,225,5,2,3,1,3,13
201600023395,16,6,14,1050,1,2,1,1,6,13
201600023396,16,6,22,930,1,2,2,1,1,13
201600023397,16,6,23,840,1,2,4,1,2,13
201600023398,16,7,4,820,1,1,1,1,6,13
201600023399,16,7,5,1800,1,2,1,1,2,13
201600023400,16,7,12,645,2,1,1,2,1,13
201600023401,16,8,8,1430,1,2,3,1,1,13
201600023402,16,8,14,1032,1,1,1,1,6,13
201600023403,16,9,9,820,1,2,3,1,3,13
201600023404,16,9,19,1835,1,2,1,1,2,13
201600023405,16,10,9,1225,1,1,1,1,6,13
201600023406,16,10,25,1400,1,2,6,1,3,13
201600023407,16,10,27,1700,1,2,1,1,3,13
201600023408,16,11,8,730,1,1,1,8,1,13
201600023409,16,11,12,1640,1,1,1,8,5,13
201600023410,16,11,15,1845,1,1,3,1,1,13
201600023411,16,11,23,1215,1,2,4,2,3,13
201600023412,16,11,24,1020,1,2,1,1,3,13
201600023413,16,11,29,1429,1,2,1,1,2,13
201600023414,16,11,30,1335,1,2,2,1,6,13
201600023415,16,12,7,1225,1,1,3,1,3,13
201600023416,16,12,7,1349,1,2,1,1,2,13
201600023417,16,12,7,1525,1,2,1,1,2,13
201600023418,16,12,7,1835,5,2,1,1,6,13
201600023419,16,12,17,1615,1,2,2,1,2,13
201600023420,16,12,25,250,3,1,1,1,7,13
201600023421,16,12,26,1400,1,1,1,1,6,13
201600023422,16,12,29,1739,1,2,1,1,5,13
201600023423,16,9,11,1445,1,1,1,1,3,161
201600023424,16,9,23,845,1,1,1,1,6,86
201600023425,16,10,23,100,3,1,1,1,6,404
201600023426,16,10,24,1245,1,1,1,2,6,410
201600023427,16,11,7,1220,1,1,1,1,6,210
201600023428,16,11,23,1205,1,1,3,1,6,11
201600023429,16,12,6,800,2,1,1,5,1,246
201600023430,16,12,15,1405,1,1,1,1,6,86
201600023431,16,12,25,1919,3,1,1,1,6,11
201600023432,16,1,11,1745,3,1,1,2,5,599
201600023433,16,3,28,1015,1,1,1,8,6,261
201600023434,16,4,6,715,2,1,9,5,6,261
201600023435,16,7,31,1515,1,1,1,1,3,614
201600023436,16,8,10,1915,1,1,1,1,6,643
201600023437,16,9,26,1430,1,1,1,1,6,16
201600023438,16,11,7,2009,3,1,1,1,6,370
201600023439,16,1,20,730,2,1,1,1,3,675
201600023440,16,5,17,1545,1,1,1,1,2,66
201600023441,16,5,23,2330,3,1,1,1,1,729
201600023442,16,8,27,1645,1,1,1,1,6,675
201600023443,16,9,13,1245,1,1,1,1,6,325
201600023444,16,9,11,1045,1,2,1,1,6,44
201600023445,16,9,30,1745,1,1,1,1,3,573
201600023446,16,10,17,750,1,2,1,1,6,44
201600023447,16,11,29,1730,5,2,1,1,6,389
201600023448,16,11,29,1605,1,1,3,1,4,29
201600023449,16,12,4,1600,1,1,4,1,3,418
201600023450,16,11,27,1500,1,2,1,7,7,44
201600023451,16,6,12,1300,1,1,2,1,3,454
201600023452,16,10,12,1705,1,1,1,1,1,547
201600023453,16,1,13,1330,1,2,1,8,4,113
201600023454,16,1,29,1500,1,2,1,2,6,113
201600023455,16,10,29,1215,1,2,1,1,3,113
201600023456,16,11,13,1515,1,1,1,3,1,575
201600023457,16,1,17,1500,3,1,1,2,6,294
201600023458,16,10,19,1200,1,2,2,1,6,116
201600023459,16,12,31,1230,1,2,1,1,6,624
201600023460,16,3,1,1615,1,1,1,2,6,288
201600023461,16,6,10,1245,1,1,1,1,7,635
201600023462,16,6,11,1630,1,2,1,1,5,562
201600023463,16,11,3,2020,5,2,1,1,6,210
201600023464,16,11,29,800,1,1,1,1,1,392
201600023465,16,1,2,1930,3,1,1,2,1,40
201600023466,16,4,9,1600,1,1,1,3,2,91
201600023467,16,5,1,630,1,2,6,1,6,29
201600023468,16,5,31,2000,1,1,1,2,3,223
201600023469,16,7,15,45,3,2,1,1,7,55
201600023470,16,9,3,45,3,1,1,1,1,128
201600023471,16,10,2,815,1,1,1,1,7,29
201600023472,16,10,22,1745,1,1,9,1,7,223
201600023473,16,11,29,1115,1,2,1,1,6,276
201600023474,16,12,24,1130,1,1,1,1,3,91
201600023475,16,12,30,30,3,2,1,5,6,29
201600023476,16,3,30,1800,1,1,1,1,7,107
201600023477,16,5,23,1000,1,1,1,1,7,77
201600023478,16,1,28,1455,1,2,1,3,1,529
201600023479,16,12,27,1000,1,2,1,1,6,529
201600023480,16,2,3,900,1,1,6,3,2,529
201600023481,16,11,30,1650,1,1,1,1,6,529
201600023482,16,2,7,1540,1,2,1,3,6,529
201600023483,16,2,19,1,5,2,2,5,3,529
201600023484,16,2,26,1430,1,1,1,1,6,529
201600023485,16,2,17,2100,5,2,6,1,3,529
201600023486,16,3,6,530,5,2,6,1,6,529
201600023487,16,3,7,955,1,2,6,1,6,529
201600023488,16,3,31,1815,1,2,1,1,6,529
201600023489,16,4,2,1050,1,2,1,1,2,529
201600023490,16,4,5,1330,1,1,1,1,4,529
201600023491,16,4,27,1230,1,1,1,1,6,529
201600023492,16,5,2,1555,1,2,1,1,6,529
201600023493,16,5,5,30,5,1,1,1,6,529
201600023494,16,5,5,850,1,2,1,1,6,9
201600023495,16,5,4,1215,1,2,7,1,2,9
201600023496,16,5,11,2240,4,1,1,1,6,529
201600023497,16,5,17,1905,1,2,1,1,2,529
201600023498,16,5,6,1900,1,2,1,1,6,529
201600023499,16,6,1,910,1,2,3,1,3,529
201600023500,16,5,28,1215,1,2,2,1,5,529
201600023501,16,5,31,1615,1,2,1,1,6,529
201600023502,16,6,7,1755,1,1,1,1,6,529
201600023503,16,6,19,210,5,1,1,3,6,529
201600023504,16,6,8,2215,5,2,2,1,3,9
201600023505,16,6,21,1600,1,2,1,1,2,9
201600023506,16,7,5,1605,1,1,1,1,6,529
201600023507,16,7,8,1840,1,1,1,1,1,529
201600023508,16,7,11,1045,1,1,1,1,6,529
201600023509,16,7,26,1200,1,2,2,1,6,529
201600023510,16,8,2,210,5,2,3,1,6,529
201600023511,16,7,31,1140,1,2,1,1,6,9
201600023512,16,8,1,1000,1,2,6,1,6,529
201600023513,16,8,7,1145,1,1,1,1,6,9
201600023514,16,8,4,1835,1,1,1,2,6,529
201600023515,16,8,11,1815,1,2,6,1,6,529
201600023516,16,8,14,1250,1,1,1,1,6,529
201600023517,16,8,15,1640,1,2,1,1,6,9
201600023518,16,8,14,1930,1,1,1,1,2,529
201600023519,16,8,18,1230,1,1,1,1,1,529
201600023520,16,8,11,1640,1,1,1,1,1,529
201600023521,16,8,9,1215,1,2,1,1,6,9
201600023522,16,8,25,1750,1,1,1,1,6,9
201600023523,16,8,31,1745,1,2,3,1,6,529
201600023524,16,9,8,1030,1,2,6,1,2,529
201600023525,16,9,10,1250,1,2,1,1,6,529
201600023526,16,9,10,1725,1,2,2,1,3,529
201600023527,16,9,12,1120,1,2,1,1,6,529
201600023528,16,9,10,1320,1,2,1,1,1,9
201600023529,16,9,16,2040,5,2,2,1,1,529
201600023530,16,9,13,1530,1,1,6,1,3,529
201600023531,16,8,2,1620,1,1,2,1,3,529
201600023532,16,8,8,1820,1,2,1,1,6,529
201600023533,16,9,23,1745,1,2,3,1,6,9
201600023534,16,9,7,1035,1,2,1,1,6,9
201600023535,16,9,24,1620,1,2,1,1,7,9
201600023536,16,10,6,1420,1,1,1,1,4,529
201600023537,16,9,28,1700,1,2,2,1,1,9
201600023538,16,10,9,1715,1,2,1,1,6,9
201600023539,16,10,24,1240,1,2,2,1,3,9
201600023540,16,10,26,1000,1,2,1,1,6,529
201600023541,16,10,27,1257,1,2,1,1,6,529
201600023542,16,10,21,1240,1,2,1,1,6,9
201600023543,16,10,30,440,5,2,1,5,6,529
201600023544,16,11,10,1719,2,2,1,3,6,529
201600023545,16,10,30,1340,1,2,1,1,3,9
201600023546,16,11,25,2350,5,2,1,2,6,529
201600023547,16,11,30,1710,1,1,6,1,6,529
201600023548,16,12,15,1123,1,2,2,1,6,529
201600023549,16,12,24,1900,1,1,2,1,6,9
201600023550,16,12,26,900,2,2,6,2,3,529
201600023551,16,1,19,1045,1,2,1,8,1,191
201600023552,16,2,21,1245,1,1,1,7,1,134
201600023553,16,3,1,800,1,1,1,1,6,188
201600023554,16,3,19,1100,1,2,1,1,6,191
201600023555,16,6,17,1545,1,2,1,1,7,188
201600023556,16,7,17,1815,1,2,2,1,3,191
201600023557,16,8,10,1445,1,1,1,1,6,188
201600023558,16,1,4,1715,4,2,3,1,6,63
201600023559,16,12,30,610,3,2,1,1,6,63
201600023560,16,12,28,2130,5,2,2,1,3,167
201600023561,16,1,1,300,5,2,1,5,5,63
201600023562,16,12,29,1035,1,2,1,5,6,63
201600023563,16,12,23,2020,3,2,1,1,4,63
201600023564,16,12,31,1630,1,2,1,1,6,318
201600023565,16,1,4,1845,5,2,3,2,3,63
201600023566,16,1,6,1150,1,2,3,1,6,63
201600023567,16,1,4,1840,5,2,6,3,6,200
201600023568,16,1,6,830,2,2,1,3,6,13
201600023569,16,1,8,735,2,2,2,2,3,63
201600023570,16,12,30,1545,1,2,1,1,2,75
201600023571,16,1,5,1900,5,2,1,2,6,119
201600023572,16,1,5,2025,5,2,2,2,3,281
201600023573,16,12,30,1805,5,2,1,1,6,69
201600023574,16,1,8,2020,5,2,1,2,3,63
201600023575,16,1,8,1850,5,2,6,2,2,63
201600023576,16,1,11,1025,1,2,4,6,6,63
201600023577,16,1,11,2035,5,2,9,1,3,63
201600023578,16,1,8,1815,4,2,6,2,6,281
201600023579,16,1,3,1754,4,2,1,3,6,249
201600023580,16,1,6,1925,5,2,1,2,6,318
201600023581,16,1,14,2220,5,2,3,1,6,63
201600023582,16,1,12,800,4,2,4,1,6,167
201600023583,16,1,5,2110,5,2,3,2,3,522
201600023584,16,1,15,900,1,2,4,1,6,39
201600023585,16,1,15,1850,5,2,1,1,6,63
201600023586,16,1,18,1415,1,2,2,2,1,63
201600023587,16,1,10,610,5,2,1,3,6,119
201600023588,16,1,18,800,2,2,4,3,6,63
201600023589,16,1,14,1625,1,2,2,1,2,281
201600023590,16,1,12,800,2,2,3,3,1,75
201600023591,16,1,20,830,1,2,2,1,3,63
201600023592,16,1,19,1920,5,2,2,2,6,63
201600023593,16,1,16,1850,5,2,2,1,6,162
201600023594,16,1,16,1540,1,2,1,1,6,281
201600023595,16,1,20,1240,1,2,6,1,5,550
201600023596,16,1,21,2215,5,2,3,8,3,63
201600023597,16,1,18,1830,4,2,1,2,2,281
201600023598,16,1,15,730,2,2,1,1,6,192
201600023599,16,1,18,745,5,2,2,3,6,69
201600023600,16,1,21,1250,1,2,1,8,3,63
201600023601,16,1,19,1400,1,2,1,3,3,281
201600023602,16,1,21,2310,5,2,2,1,3,39
201600023603,16,1,23,415,5,2,1,5,3,63
201600023604,16,12,12,1345,1,2,2,1,6,550
201600023605,16,1,21,800,2,2,6,5,3,522
201600023606,16,1,21,1040,1,2,3,1,2,63
201600023607,16,1,23,610,5,2,3,1,2,119
201600023608,16,1,19,1740,5,2,1,3,6,39
201600023609,16,1,20,2200,4,2,6,1,6,281
201600023610,16,1,20,1430,1,2,4,1,3,162
201600023611,16,1,20,1005,1,2,2,1,1,550
201600023612,16,1,21,1445,1,1,1,1,2,200
201600023613,16,1,12,2005,5,2,3,1,3,318
201600023614,16,1,18,1000,1,2,2,1,3,192
201600023615,16,1,22,1705,1,2,2,3,1,192
201600023616,16,1,27,1845,4,2,6,1,1,63
201600023617,16,1,23,2300,5,2,4,1,1,162
201600023618,16,1,26,1810,5,2,3,1,3,63
201600023619,16,1,28,1720,2,2,3,2,2,63
201600023620,16,1,28,1400,1,2,2,1,3,63
201600023621,16,1,26,1550,1,2,1,1,3,281
201600023622,16,1,31,2325,5,2,1,2,6,318
201600023623,16,1,28,2300,5,2,4,1,3,63
201600023624,16,1,30,2335,5,2,3,2,2,63
201600023625,16,1,30,1550,1,2,2,2,3,63
201600023626,16,1,29,2140,5,2,2,1,3,281
201600023627,16,1,26,1712,1,2,3,1,3,39
201600023628,16,2,2,815,1,2,1,1,5,63
201600023629,16,1,25,735,5,2,3,1,3,281
201600023630,16,2,3,1430,1,2,2,1,6,63
201600023631,16,1,29,1545,1,2,1,1,2,192
201600023632,16,1,29,2226,5,2,6,1,6,32
201600023633,16,2,4,845,1,2,1,7,2,63
201600023634,16,1,28,1900,5,2,2,2,2,318
201600023635,16,2,6,320,5,2,1,5,6,63
201600023636,16,2,3,1350,1,2,1,1,4,281
201600023637,16,2,6,1020,1,2,2,1,3,39
201600023638,16,1,28,1140,1,2,1,1,3,318
201600023639,16,2,7,600,5,2,2,2,1,63
201600023640,16,2,3,1710,1,2,1,1,6,281
201600023641,16,2,7,530,5,2,2,3,2,63
201600023642,16,2,7,2150,5,2,5,2,3,63
201600023643,16,2,3,840,1,2,1,1,6,318
201600023644,16,1,26,835,1,1,3,2,3,281
201600023645,16,1,29,1803,1,2,3,1,5,162
201600023646,16,2,6,1230,1,2,4,4,6,119
201600023647,16,2,9,2102,5,2,6,2,6,63
201600023648,16,2,9,2115,5,1,1,3,6,39
201600023649,16,2,2,2203,5,2,2,3,3,550
201600023650,16,2,9,740,1,2,3,1,6,522
201600023651,16,2,5,715,2,1,1,1,1,75
201600023652,16,2,8,1740,2,2,3,1,2,249
201600023653,16,2,9,745,1,1,1,1,5,281
201600023654,16,2,11,800,1,2,1,3,3,522
201600023655,16,2,11,800,1,2,3,3,2,63
201600023656,16,2,11,815,1,2,4,1,6,63
201600023657,16,2,11,1813,5,1,2,2,1,63
201600023658,16,2,11,2130,5,2,1,2,3,63
201600023659,16,2,8,1123,1,2,1,1,1,550
201600023660,16,2,12,1610,1,2,1,1,2,63
201600023661,16,2,12,955,1,2,3,2,3,63
201600023662,16,2,13,1800,1,2,2,1,1,63
201600023663,16,2,14,1715,1,2,1,2,1,318
201600023664,16,2,13,250,5,2,2,1,2,281
201600023665,16,2,12,2115,5,2,3,2,1,281
201600023666,16,2,6,330,5,2,3,5,6,550
201600023667,16,2,8,1010,1,2,2,2,3,63
201600023668,16,2,7,1745,1,2,1,2,3,192
201600023669,16,2,5,1740,1,2,1,1,4,192
201600023670,16,2,16,1720,1,2,2,1,1,63
201600023671,16,2,10,1300,1,2,2,2,6,75
201600023672,16,2,10,1435,1,2,1,2,3,192
201600023673,16,2,13,1545,1,2,1,3,6,119
201600023674,16,2,17,2130,5,2,1,1,6,63
201600023675,16,2,13,400,5,2,1,3,6,119
201600023676,16,1,6,1140,1,2,1,3,4,69
201600023677,16,2,15,2115,5,2,4,1,6,119
201600023678,16,2,10,1925,5,2,2,1,1,318
201600023679,16,2,20,1230,1,2,1,1,3,63
201600023680,16,2,22,555,5,2,3,1,6,63
201600023681,16,2,11,935,1,2,1,1,6,192
201600023682,16,2,20,1745,2,2,1,2,6,318
201600023683,16,2,16,920,1,2,6,1,3,522
201600023684,16,2,22,1505,1,2,1,1,3,63
201600023685,16,2,25,130,5,2,1,2,7,63
201600023686,16,2,25,1927,5,2,1,1,6,63
201600023687,16,2,17,1025,1,2,2,1,6,75
201600023688,16,2,18,1515,1,2,3,1,3,39
201600023689,16,2,22,1430,1,2,2,1,6,281
201600023690,16,2,19,815,2,2,6,2,3,318
201600023691,16,2,21,330,5,2,1,2,6,550
201600023692,16,2,26,1810,2,2,2,1,3,63
201600023693,16,2,22,1545,1,2,6,1,3,200
201600023694,16,2,28,2115,5,2,1,1,6,63
201600023695,16,2,27,2310,5,2,1,1,2,63
201600023696,16,2,27,630,5,2,2,1,3,63
201600023697,16,2,22,1715,1,2,1,1,3,249
201600023698,16,2,29,1320,1,2,2,1,3,63
201600023699,16,2,29,845,1,2,1,1,6,63
201600023700,16,2,29,1535,1,2,6,1,3,119
201600023701,16,3,1,1835,2,2,3,1,3,63
201600023702,16,2,24,2250,5,2,2,1,3,522
201600023703,16,2,25,1920,5,2,2,1,3,281
201600023704,16,3,1,2005,5,2,2,1,5,63
201600023705,16,3,2,915,1,2,1,1,4,63
201600023706,16,3,2,730,1,2,4,3,3,63
201600023707,16,3,3,800,1,2,2,2,3,63
201600023708,16,2,29,1640,1,2,1,1,6,39
201600023709,16,3,3,920,1,2,3,2,3,39
201600023710,16,3,5,125,5,2,1,2,1,63
201600023711,16,3,5,1715,1,2,2,1,7,63
201600023712,16,3,6,1730,1,2,6,1,6,119
201600023713,16,3,4,615,5,2,3,2,3,63
201600023714,16,3,1,2053,5,2,6,1,7,550
201600023715,16,3,2,940,1,2,1,2,2,281
201600023716,16,3,3,1325,1,2,4,2,5,318
201600023717,16,3,4,815,1,2,1,3,4,13
201600023718,16,3,8,745,1,2,1,1,3,63
201600023719,16,3,8,945,1,2,1,1,6,63
201600023720,16,3,8,1740,1,2,2,1,6,69
201600023721,16,3,11,150,5,2,2,1,2,63
201600023722,16,3,9,1945,5,2,3,1,3,63
201600023723,16,3,11,245,5,2,3,1,6,63
201600023724,16,3,11,430,5,2,1,1,6,63
201600023725,16,3,9,1843,5,2,4,2,1,550
201600023726,16,3,11,2340,5,2,1,1,6,522
201600023727,16,3,12,1425,1,2,5,1,6,63
201600023728,16,3,8,1520,1,2,1,1,1,318
201600023729,16,3,12,1350,1,2,1,1,6,63
201600023730,16,3,4,2055,5,2,1,1,3,162
201600023731,16,3,14,1630,1,2,3,1,3,63
201600023732,16,3,15,1010,1,2,1,1,6,63
201600023733,16,3,11,540,3,1,2,1,1,318
201600023734,16,3,15,2209,5,2,2,1,3,63
201600023735,16,3,16,1720,1,2,1,1,6,63
201600023736,16,3,15,2020,5,2,1,1,3,522
201600023737,16,3,16,2050,5,2,2,1,3,63
201600023738,16,3,15,2010,5,2,3,1,6,63
201600023739,16,3,17,1720,1,2,2,1,6,281
201600023740,16,3,18,2040,5,2,1,1,3,119
201600023741,16,3,16,2005,5,2,3,1,3,318
201600023742,16,3,16,1520,1,2,1,1,3,13
201600023743,16,3,20,1205,1,2,3,1,3,63
201600023744,16,3,11,1240,1,2,1,1,6,192
201600023745,16,3,21,2350,5,2,1,1,7,63
201600023746,16,3,18,1528,1,2,3,1,6,63
201600023747,16,3,18,900,1,2,1,2,6,119
201600023748,16,3,18,900,1,2,2,2,3,63
201600023749,16,3,23,1655,1,2,1,1,1,63
201600023750,16,3,24,918,1,2,3,1,3,65
201600023751,16,3,16,1420,1,2,3,1,3,119
201600023752,16,3,25,950,1,2,4,2,3,63
201600023753,16,3,25,2140,5,2,3,2,7,63
201600023754,16,3,25,1640,1,2,3,1,6,63
201600023755,16,3,26,1645,1,2,1,1,6,63
201600023756,16,3,28,450,5,2,3,2,6,39
201600023757,16,3,29,728,1,2,1,1,6,550
201600023758,16,3,29,1330,1,2,1,1,6,63
201600023759,16,3,29,1820,1,2,1,1,5,63
201600023760,16,3,30,1800,1,2,1,1,6,63
201600023761,16,3,23,850,1,2,1,1,6,162
201600023762,16,3,31,930,1,2,1,2,6,63
201600023763,16,3,30,1750,1,2,2,1,3,63
201600023764,16,3,31,1415,1,2,3,3,4,63
201600023765,16,1,30,120,5,2,1,1,2,63
201600023766,16,4,3,40,5,2,1,8,7,63
201600023767,16,4,2,1924,1,2,2,1,3,39