Num_Acc,an,mois,jour,hrmn,lum,agg,int,atm,col,com
201600023768,16,4,1,845,1,2,6,1,6,63
201600023769,16,4,1,1630,1,1,1,1,3,63
201600023770,16,4,3,2040,2,2,2,2,3,63
201600023771,16,3,31,1500,1,2,1,1,3,63
201600023772,16,4,1,2230,5,2,3,1,2,63
201600023773,16,3,30,1925,1,2,2,1,3,63
201600023774,16,3,28,2125,5,2,1,1,1,318
201600023775,16,4,5,845,1,2,2,1,6,63
201600023776,16,3,30,1745,1,2,1,1,2,281
201600023777,16,3,31,745,1,2,1,1,3,522
201600023778,16,4,2,1955,1,2,3,1,6,318
201600023779,16,3,30,1500,1,2,6,1,3,119
201600023780,16,4,6,1330,1,2,3,1,3,63
201600023781,16,4,6,2115,5,2,2,1,6,63
201600023782,16,3,29,1545,1,2,3,1,2,522
201600023783,16,4,7,1745,1,2,2,2,3,63
201600023784,16,4,4,1900,1,2,6,2,3,200
201600023785,16,4,2,1328,1,2,3,1,3,550
201600023786,16,4,7,2125,5,2,1,1,3,249
201600023787,16,4,4,1048,1,2,1,1,3,318
201600023788,16,4,7,1730,1,2,2,1,3,63
201600023789,16,4,8,945,1,2,1,1,6,63
201600023790,16,4,8,1705,1,2,2,1,3,63
201600023791,16,4,8,1040,1,2,1,1,2,63
201600023792,16,4,9,2145,5,2,1,1,6,63
201600023793,16,4,9,745,1,2,1,1,6,63
201600023794,16,4,11,2130,5,2,4,1,6,63
201600023795,16,4,7,900,1,2,2,2,5,281
201600023796,16,4,9,45,5,2,3,1,2,63
201600023797,16,4,9,1136,1,2,3,3,3,63
201600023798,16,4,12,1745,1,2,3,2,3,63
201600023799,16,4,4,1500,1,2,1,2,3,39
201600023800,16,4,12,929,1,2,6,1,3,13
201600023801,16,4,8,2130,5,2,1,1,6,318
201600023802,16,4,14,445,4,1,1,1,6,63
201600023803,16,4,8,800,1,2,2,1,6,192
201600023804,16,4,11,1829,1,2,2,1,5,281
201600023805,16,4,14,822,1,2,3,1,3,63
201600023806,16,4,12,1355,1,2,3,1,3,318
201600023807,16,4,18,850,1,2,4,1,3,550
201600023808,16,4,18,1238,1,2,2,1,2,69
201600023809,16,4,15,50,5,2,1,3,7,65
201600023810,16,4,12,1920,1,2,2,1,3,318
201600023811,16,4,13,2255,5,2,2,1,1,281
201600023812,16,4,15,1420,1,2,2,1,3,550
201600023813,16,4,22,1800,1,2,4,1,2,63
201600023814,16,4,24,1800,1,2,2,1,6,63
201600023815,16,4,21,2220,5,2,9,1,6,318
201600023816,16,4,20,1405,1,2,9,1,6,39
201600023817,16,4,21,1805,1,2,2,1,3,318
201600023818,16,4,21,2135,5,2,2,1,3,119
201600023819,16,4,22,320,5,2,2,1,3,318
201600023820,16,4,26,845,1,2,1,1,3,63
201600023821,16,4,26,815,1,2,4,1,2,63
201600023822,16,4,26,750,1,2,3,1,3,63
201600023823,16,4,26,1705,1,2,2,1,3,63
201600023824,16,4,27,1506,1,2,1,1,6,75
201600023825,16,4,27,2045,1,2,3,7,6,63
201600023826,16,4,25,1325,1,2,1,1,7,249
201600023827,16,4,21,900,1,2,6,1,3,162
201600023828,16,4,24,1540,1,2,2,1,3,281
201600023829,16,4,28,1815,1,2,2,1,6,63
201600023830,16,4,29,1700,1,2,4,1,3,63
201600023831,16,4,25,1830,1,2,1,1,6,200
201600023832,16,4,25,1840,1,2,1,1,2,192
201600023833,16,4,26,1740,1,2,1,1,3,162
201600023834,16,4,25,2125,5,2,1,1,1,39
201600023835,16,4,14,2250,3,1,6,2,6,281
201600023836,16,4,28,830,1,2,1,1,1,550
201600023837,16,4,30,1555,1,2,1,1,6,13
201600023838,16,5,2,1140,1,2,2,1,3,63
201600023839,16,5,2,1750,1,2,1,1,3,63
201600023840,16,5,3,1605,1,2,3,1,2,63
201600023841,16,5,3,2230,5,2,2,1,3,63
201600023842,16,5,3,2240,5,2,2,1,3,63
201600023843,16,5,2,1915,1,2,3,1,6,281
201600023844,16,5,4,2050,2,2,3,1,7,63
201600023845,16,5,4,1905,1,2,3,1,2,63
201600023846,16,5,2,1715,1,2,3,1,3,281
201600023847,16,5,3,1315,1,2,2,1,6,281
201600023848,16,5,2,1340,1,2,2,1,3,281
201600023849,16,4,20,915,1,1,2,1,4,162
201600023850,16,5,6,1658,1,2,3,1,3,63
201600023851,16,5,6,1130,1,1,3,1,2,63
201600023852,16,4,29,1545,1,2,2,1,3,550
201600023853,16,4,25,1030,1,2,2,1,3,39
201600023854,16,5,3,1740,1,2,2,1,3,162
201600023855,16,5,4,1907,1,2,1,1,6,119
201600023856,16,5,6,1946,1,1,2,1,6,281
201600023857,16,5,10,1015,1,2,1,1,6,63
201600023858,16,5,3,1625,1,1,6,1,2,167
201600023859,16,5,11,330,5,2,3,2,7,63
201600023860,16,5,9,820,1,2,1,2,2,281
201600023861,16,5,11,1425,1,2,1,1,6,63
201600023862,16,5,7,1640,1,2,1,1,6,318
201600023863,16,5,6,1950,1,2,2,1,3,522
201600023864,16,5,9,1450,1,2,6,3,3,281
201600023865,16,5,10,1240,1,2,1,1,3,281
201600023866,16,5,12,1725,1,2,3,1,6,63
201600023867,16,5,13,250,5,2,2,1,6,63
201600023868,16,5,4,1828,1,1,1,1,4,522
201600023869,16,5,16,2350,5,2,3,1,6,63
201600023870,16,5,14,1707,1,1,2,1,3,63
201600023871,16,5,13,1845,1,2,3,1,6,63
201600023872,16,5,13,840,1,2,2,1,3,63
201600023873,16,5,15,1650,1,1,1,1,3,318
201600023874,16,5,11,1650,1,1,1,1,3,192
201600023875,16,5,12,810,1,2,2,1,6,75
201600023876,16,5,17,1115,1,2,1,1,2,63
201600023877,16,5,10,1725,1,2,2,1,1,63
201600023878,16,5,13,2320,4,2,2,1,3,63
201600023879,16,5,13,740,1,1,2,1,1,162
201600023880,16,5,11,1955,1,1,6,1,3,167
201600023881,16,5,17,1300,1,1,1,1,6,63
201600023882,16,5,19,220,5,2,2,1,6,63
201600023883,16,5,18,1550,1,2,3,1,3,63
201600023884,16,5,12,820,1,2,1,1,4,281
201600023885,16,5,17,1015,1,2,1,1,6,167
201600023886,16,5,18,1845,1,2,3,1,4,63
201600023887,16,5,17,1740,1,2,4,1,3,281
201600023888,16,5,21,1200,1,2,3,1,3,63
201600023889,16,5,20,2100,1,1,1,1,6,63
201600023890,16,5,22,805,1,2,7,2,1,281
201600023891,16,5,20,2115,1,2,1,1,1,63
201600023892,16,5,21,2140,5,2,2,1,6,63
201600023893,16,5,21,2210,5,2,6,3,2,63
201600023894,16,5,23,1330,1,2,2,1,1,63
201600023895,16,5,17,1030,1,2,1,1,6,522
201600023896,16,5,22,2125,2,2,1,3,7,249
201600023897,16,5,24,1550,1,2,4,1,2,63
201600023898,16,5,24,850,1,2,2,1,3,63
201600023899,16,5,24,1010,1,2,1,1,2,63
201600023900,16,5,13,1130,1,2,4,1,3,63
201600023901,16,5,24,1830,1,2,2,1,3,63
201600023902,16,5,25,1319,1,2,4,1,3,281
201600023903,16,5,19,1210,1,2,2,1,3,39
201600023904,16,5,23,2300,5,2,6,1,6,522
201600023905,16,5,21,920,1,2,3,1,3,200
201600023906,16,5,21,35,5,2,3,1,3,318
201600023907,16,5,25,900,1,2,1,1,2,281
201600023908,16,5,21,1305,1,1,2,1,1,318
201600023909,16,5,26,820,1,2,2,2,1,63
201600023910,16,5,27,1105,1,2,6,1,6,69
201600023911,16,5,28,1520,1,2,1,1,6,63
201600023912,16,5,24,745,1,2,4,1,2,63
201600023913,16,5,28,1535,1,2,2,1,3,63
201600023914,16,5,30,1320,1,2,2,1,3,63
201600023915,16,5,29,959,1,2,6,1,1,249
201600023916,16,5,31,2100,1,2,1,1,2,63
201600023917,16,6,1,1435,1,2,1,2,3,63
201600023918,16,6,1,850,1,2,2,2,2,63
201600023919,16,6,3,100,5,2,1,1,6,63
201600023920,16,6,2,2315,5,2,2,8,3,63
201600023921,16,6,2,1700,1,2,1,1,6,63
201600023922,16,5,30,1455,1,2,3,1,1,167
201600023923,16,5,26,905,1,2,2,1,3,281
201600023924,16,5,22,1930,1,2,3,2,3,75
201600023925,16,5,25,1225,1,2,3,1,4,281
201600023926,16,6,3,1020,1,2,4,1,2,69
201600023927,16,6,3,1745,1,2,1,1,3,63
201600023928,16,6,1,1430,1,1,6,1,2,3
201600023929,16,5,24,1853,1,2,2,1,3,39
201600023930,16,5,26,1645,1,2,3,1,2,162
201600023931,16,5,27,1653,1,2,1,1,6,32
201600023932,16,5,31,820,1,2,3,1,4,281
201600023933,16,6,2,1515,1,2,1,1,7,281
201600023934,16,6,2,2243,5,2,2,1,3,119
201600023935,16,6,7,1900,1,2,2,1,3,63
201600023936,16,6,7,1410,1,2,3,1,3,63
201600023937,16,6,4,2140,1,2,1,1,1,281
201600023938,16,6,4,2335,4,2,1,1,6,39
201600023939,16,6,8,1805,1,2,4,1,2,63
201600023940,16,5,31,745,1,2,2,1,2,318
201600023941,16,6,6,1930,1,2,1,1,6,39
201600023942,16,6,6,1700,1,2,1,1,2,63
201600023943,16,5,13,340,5,2,1,1,7,63
201600023944,16,6,8,815,1,2,1,1,2,522
201600023945,16,6,12,125,5,2,3,1,3,63
201600023946,16,6,11,200,5,2,1,1,6,63
201600023947,16,6,9,1015,1,2,1,1,2,13
201600023948,16,6,6,1623,1,2,2,1,3,39
201600023949,16,6,8,2255,5,1,2,1,3,162
201600023950,16,6,8,815,1,2,2,1,3,522
201600023951,16,6,8,810,1,2,1,1,3,162
201600023952,16,6,13,1635,1,2,2,2,6,63
201600023953,16,6,14,900,1,2,2,1,3,63
201600023954,16,6,7,812,1,2,6,1,3,281
201600023955,16,6,10,1900,1,2,2,1,4,281
201600023956,16,6,9,905,1,2,1,1,6,39
201600023957,16,6,15,550,2,2,1,2,6,167
201600023958,16,6,16,600,2,2,4,8,6,63
201600023959,16,6,15,2320,5,2,2,2,1,281
201600023960,16,6,16,1145,1,2,2,1,3,63
201600023961,16,6,17,1640,1,2,3,1,3,63
201600023962,16,6,18,2210,5,2,1,1,6,63
201600023963,16,6,20,850,1,2,1,1,1,63
201600023964,16,6,20,2115,1,2,3,1,6,63
201600023965,16,6,17,900,1,2,4,2,5,281
201600023966,16,6,20,1540,1,2,1,1,3,63
201600023967,16,6,15,1420,1,2,2,2,3,39
201600023968,16,6,16,1210,1,2,6,1,2,281
201600023969,16,6,22,35,5,2,1,1,7,63
201600023970,16,6,16,1650,1,2,4,2,3,522
201600023971,16,6,21,2240,5,2,2,1,3,63
201600023972,16,6,21,1715,1,2,1,1,3,63
201600023973,16,6,21,1020,1,2,1,1,2,63
201600023974,16,6,15,1900,1,2,1,1,1,39
201600023975,16,6,17,1725,1,2,1,1,6,63
201600023976,16,6,18,1600,1,2,1,1,3,281
201600023977,16,6,23,1850,1,2,3,1,3,39
201600023978,16,6,23,1930,1,2,6,1,2,63
201600023979,16,6,23,1300,1,2,1,1,3,63
201600023980,16,6,21,900,1,2,9,1,6,39
201600023981,16,6,21,815,1,2,3,1,3,318
201600023982,16,6,19,1925,1,1,1,1,2,13
201600023983,16,6,24,2215,1,2,3,1,3,63
201600023984,16,6,24,900,1,2,2,1,3,63
201600023985,16,6,21,1830,1,2,4,1,2,550
201600023986,16,6,24,2235,5,2,5,1,3,63
201600023987,16,6,20,2120,1,2,2,1,3,318
201600023988,16,6,27,2320,5,2,6,1,2,39
201600023989,16,6,28,1640,1,2,3,1,6,318
201600023990,16,6,27,820,1,2,6,1,2,119
201600023991,16,6,28,1935,1,2,3,1,3,63
201600023992,16,6,26,10,5,2,3,1,3,63
201600023993,16,6,28,815,1,2,1,1,3,281
201600023994,16,6,30,1940,1,2,2,1,3,63
201600023995,16,6,29,835,1,2,1,1,6,167
201600023996,16,6,23,1115,1,1,2,1,3,162
201600023997,16,7,1,1255,1,2,2,1,5,63
201600023998,16,7,1,1630,1,2,1,1,1,75
201600023999,16,7,1,2320,5,2,4,8,3,63
201600024000,16,7,4,855,1,1,1,1,7,63
201600024001,16,7,1,1650,1,2,2,1,3,63
201600024002,16,7,2,1130,1,2,3,2,6,63
201600024003,16,7,3,10,5,2,1,1,4,63
201600024004,16,7,4,2120,1,2,3,1,2,63
201600024005,16,7,4,2045,1,2,2,1,3,63
201600024006,16,7,5,1315,1,2,3,1,3,63
201600024007,16,7,3,1800,1,2,1,1,3,192
201600024008,16,7,5,1630,1,2,1,1,3,63
201600024009,16,7,6,1049,1,2,1,1,6,63
201600024010,16,7,6,1115,1,2,1,1,6,63
201600024011,16,7,2,1840,1,2,3,1,3,63
201600024012,16,7,4,2055,1,2,1,1,1,75
201600024013,16,7,2,2355,5,2,1,1,6,550
201600024014,16,7,4,1415,1,2,6,1,2,249
201600024015,16,7,3,1205,1,2,3,1,3,281
201600024016,16,7,6,1520,1,2,1,1,6,63
201600024017,16,7,7,1715,1,2,2,1,2,63
201600024018,16,7,10,1050,1,2,3,1,5,63
201600024019,16,7,6,520,2,2,2,1,3,249
201600024020,16,7,5,1805,1,1,2,1,3,192
201600024021,16,7,6,2255,1,2,6,1,6,32
201600024022,16,7,9,1945,1,2,2,1,3,119
201600024023,16,7,9,1100,1,1,1,1,4,13
201600024024,16,7,12,955,1,2,2,1,3,63
201600024025,16,7,13,700,1,2,2,1,2,63
201600024026,16,7,13,1330,1,2,1,1,3,63
201600024027,16,7,13,1145,1,2,1,1,1,63
201600024028,16,7,8,1810,1,2,2,1,3,550
201600024029,16,7,4,2115,1,2,5,1,7,281
201600024030,16,7,15,1440,1,2,3,1,3,63
201600024031,16,7,15,1710,1,2,2,1,6,63
201600024032,16,7,16,1800,1,2,4,1,6,522
201600024033,16,7,12,1030,1,2,1,1,6,281
201600024034,16,7,12,2014,1,2,2,1,3,318
201600024035,16,7,13,1720,1,2,6,1,3,13
201600024036,16,7,13,1825,1,2,1,1,3,318
201600024037,16,7,19,1600,1,2,2,1,2,63
201600024038,16,7,13,750,1,2,1,1,1,550
201600024039,16,7,17,2030,1,2,3,1,3,192
201600024040,16,7,19,845,1,1,2,1,1,63
201600024041,16,7,16,30,5,2,1,1,7,550
201600024042,16,7,18,930,1,2,6,1,3,249
201600024043,16,7,20,1630,1,2,2,1,2,63
201600024044,16,7,19,955,1,2,3,1,6,318
201600024045,16,7,18,1710,1,2,4,1,6,522
201600024046,16,7,23,1833,1,2,5,1,2,63
201600024047,16,7,25,900,1,2,3,1,3,63
201600024048,16,7,26,540,3,1,1,1,6,63
201600024049,16,7,25,1520,1,2,2,1,3,63
201600024050,16,7,27,150,5,2,1,1,2,63
201600024051,16,7,25,1940,1,2,2,1,6,281
201600024052,16,7,26,1915,1,2,2,1,3,63
201600024053,16,7,18,1600,1,2,2,1,3,63
201600024054,16,7,24,115,4,2,1,1,6,192
201600024055,16,7,19,1740,1,1,1,1,4,75
201600024056,16,7,22,35,5,2,1,1,6,550
201600024057,16,7,28,2055,1,2,1,1,6,63
201600024058,16,7,28,1050,1,2,4,1,6,63
201600024059,16,7,29,135,5,2,3,1,3,63
201600024060,16,7,27,2000,1,2,7,1,4,63
201600024061,16,7,26,2045,1,2,3,1,2,281
201600024062,16,8,1,1900,1,2,2,1,5,63
201600024063,16,7,27,35,5,2,2,1,3,550
201600024064,16,8,2,1555,1,2,1,1,6,63
201600024065,16,8,1,1210,1,2,2,1,2,119
201600024066,16,8,2,1840,1,2,2,1,3,63
201600024067,16,8,2,1720,1,2,2,1,3,63
201600024068,16,8,3,1330,1,2,4,1,2,63
201600024069,16,8,1,2100,1,2,2,1,2,192
201600024070,16,8,3,905,1,2,3,1,6,63
201600024071,16,8,4,1540,1,2,2,2,3,63
201600024072,16,7,30,1040,1,2,4,1,2,39
201600024073,16,8,4,1400,1,2,1,2,2,63
201600024074,16,8,2,1815,1,2,1,1,2,281
201600024075,16,8,7,50,5,2,4,8,3,167
201600024076,16,8,5,1440,1,2,1,1,6,63
201600024077,16,8,6,535,5,2,3,1,3,63
201600024078,16,8,7,1815,1,2,2,1,3,63
201600024079,16,8,5,2155,5,2,5,1,3,63
201600024080,16,8,3,1400,1,2,2,7,2,281
201600024081,16,8,7,20,5,2,3,1,4,13
201600024082,16,8,2,1110,1,2,6,1,3,318
201600024083,16,8,10,100,5,2,2,1,3,63
201600024084,16,8,9,1445,1,2,2,1,3,63
201600024085,16,8,5,615,1,2,2,1,3,63
201600024086,16,8,14,1750,1,2,1,1,6,63
201600024087,16,8,13,1840,1,2,2,1,3,63
201600024088,16,8,12,1200,1,2,1,1,4,63
201600024089,16,8,12,1750,1,2,2,1,3,63
201600024090,16,8,13,830,1,2,6,1,3,39
201600024091,16,8,14,1245,1,2,3,1,3,63
201600024092,16,8,15,2155,1,2,4,1,1,63
201600024093,16,8,12,1220,1,2,3,1,3,63
201600024094,16,8,14,1740,1,2,3,1,5,63
201600024095,16,8,16,1320,1,2,2,1,3,63
201600024096,16,8,16,1624,1,2,2,1,3,63
201600024097,16,8,22,1,5,2,4,1,5,550
201600024098,16,8,10,1245,1,2,2,1,3,192
201600024099,16,8,20,420,5,2,1,8,6,63
201600024100,16,8,18,35,5,2,2,1,1,281
201600024101,16,8,19,1700,1,1,1,1,4,281
201600024102,16,8,14,2230,3,1,4,1,2,200
201600024103,16,8,22,450,5,2,2,1,6,167
201600024104,16,8,12,750,1,2,2,1,3,162
201600024105,16,8,25,850,1,2,2,1,3,63
201600024106,16,8,25,610,5,2,2,1,3,63
201600024107,16,8,20,1640,1,2,1,1,4,119
201600024108,16,8,22,1115,1,2,4,1,6,318
201600024109,16,8,22,1430,1,2,6,1,3,75
201600024110,16,8,25,1640,1,2,1,1,2,281
201600024111,16,8,28,1110,1,2,6,1,6,119
201600024112,16,8,26,300,5,2,2,1,3,63
201600024113,16,8,29,1706,1,2,1,1,3,63
201600024114,16,8,29,2000,1,2,3,1,3,63
201600024115,16,8,29,2245,5,2,9,1,1,63
201600024116,16,8,29,2220,5,2,2,1,3,63
201600024117,16,8,30,1710,1,2,1,1,3,63
201600024118,16,8,30,1555,1,2,3,1,6,63
201600024119,16,9,1,1710,1,2,1,1,6,63
201600024120,16,9,1,910,1,2,1,1,1,63
201600024121,16,9,1,700,1,2,1,1,2,281
201600024122,16,8,28,1715,1,2,1,1,1,75
201600024123,16,9,1,1430,1,2,1,1,2,281
201600024124,16,8,30,1915,1,2,6,1,1,522
201600024125,16,9,4,145,5,2,1,1,6,63
201600024126,16,9,2,650,5,2,4,1,6,63
201600024127,16,9,2,1830,1,2,1,1,3,63
201600024128,16,9,3,1000,1,2,3,1,3,63
201600024129,16,8,31,1220,1,2,2,1,3,522
201600024130,16,9,3,1100,1,2,1,1,2,281
201600024131,16,9,4,950,1,2,1,1,6,192
201600024132,16,9,2,1115,1,2,4,1,6,63
201600024133,16,9,4,2030,5,2,6,1,4,522
201600024134,16,9,6,947,1,2,1,1,3,63
201600024135,16,9,7,830,1,2,1,1,3,63
201600024136,16,9,7,1100,1,2,1,1,3,63
201600024137,16,9,7,2345,5,2,1,1,3,63
201600024138,16,9,6,900,1,1,2,1,3,69
201600024139,16,9,4,1845,1,2,1,1,6,318
201600024140,16,9,4,1845,1,2,1,1,4,63
201600024141,16,9,9,1730,1,2,4,1,4,63
201600024142,16,9,9,2145,5,2,3,1,2,63
201600024143,16,9,9,1410,1,2,2,1,3,63
201600024144,16,9,11,230,5,2,1,1,6,63
201600024145,16,9,12,800,1,2,1,1,4,63
201600024146,16,9,10,2115,5,2,4,1,3,63
201600024147,16,8,13,2040,2,2,2,1,3,63
201600024148,16,9,12,1417,1,2,2,1,3,63
201600024149,16,9,12,1229,1,1,9,1,2,63
201600024150,16,9,7,1915,1,2,2,1,3,75
201600024151,16,9,9,1435,1,2,1,1,1,318
201600024152,16,9,12,1810,1,2,4,1,2,249
201600024153,16,9,14,830,1,2,1,1,5,63
201600024154,16,9,15,555,5,2,2,1,3,63
201600024155,16,9,14,1630,1,2,2,3,3,63
201600024156,16,9,14,2225,1,2,3,1,3,63
201600024157,16,9,14,2125,5,1,2,1,1,162
201600024158,16,9,14,1540,1,2,1,1,1,63
201600024159,16,9,16,1410,1,2,2,2,3,63
201600024160,16,9,16,1420,1,2,1,2,2,63
201600024161,16,9,12,1930,1,2,4,1,2,318
201600024162,16,9,14,1630,1,2,1,2,6,13
201600024163,16,9,17,2030,5,2,2,1,6,281
201600024164,16,9,16,1426,1,2,5,2,3,63
201600024165,16,9,18,2235,5,2,6,1,1,550
201600024166,16,9,15,745,1,2,1,1,1,281
201600024167,16,9,12,945,1,2,1,1,3,550
201600024168,16,9,21,830,1,2,9,1,3,63
201600024169,16,9,8,1720,1,2,1,1,3,162
201600024170,16,9,17,430,5,2,2,8,3,281
201600024171,16,9,21,2340,5,2,1,1,6,63
201600024172,16,9,21,1615,1,2,1,1,6,63
201600024173,16,9,21,1510,1,2,1,1,2,63
201600024174,16,9,21,2155,5,2,6,1,1,63
201600024175,16,9,22,1500,1,1,1,1,2,39
201600024176,16,9,23,140,5,2,1,1,6,63
201600024177,16,9,24,930,1,2,1,1,6,63
201600024178,16,9,23,1843,1,2,1,1,3,63
201600024179,16,9,16,1340,1,2,1,2,3,69
201600024180,16,9,22,820,1,2,1,1,4,281
201600024181,16,9,20,1740,1,2,1,1,6,522
201600024182,16,9,23,840,1,2,2,1,3,63
201600024183,16,9,23,1325,1,2,2,1,3,63
201600024184,16,9,23,1540,1,2,4,1,3,63
201600024185,16,9,23,2155,5,2,3,1,3,39
201600024186,16,9,26,1730,1,2,1,1,3,63
201600024187,16,9,22,1230,1,2,1,1,3,162
201600024188,16,9,23,625,5,2,1,1,6,119
201600024189,16,9,22,850,1,1,6,1,1,167
201600024190,16,9,19,1700,1,2,3,1,3,318
201600024191,16,9,27,755,1,2,3,1,3,63
201600024192,16,9,27,1345,1,1,1,1,2,281
201600024193,16,9,29,2125,5,2,4,1,2,63
201600024194,16,9,27,755,1,2,1,1,1,167
201600024195,16,9,23,1725,1,2,3,1,3,550
201600024196,16,9,23,2300,5,2,1,1,2,39
201600024197,16,9,29,1640,1,2,1,1,6,281
201600024198,16,9,21,1838,1,2,1,1,1,522
201600024199,16,10,1,2135,5,2,4,1,2,63
201600024200,16,9,30,725,2,2,3,1,3,63
201600024201,16,10,3,1335,1,2,1,1,3,63
201600024202,16,10,1,420,5,2,2,2,2,63
201600024203,16,9,21,1540,1,2,2,1,6,63
201600024204,16,10,4,1800,1,2,1,1,4,63
201600024205,16,10,3,840,1,2,1,1,2,281
201600024206,16,10,4,2010,5,2,2,1,1,63
201600024207,16,9,23,1755,1,2,3,1,3,162
201600024208,16,10,4,1150,1,2,2,1,3,63
201600024209,16,10,3,1830,1,2,1,1,3,281
201600024210,16,9,27,2030,5,2,1,1,3,550
201600024211,16,10,2,1040,1,2,3,1,2,318
201600024212,16,9,30,1600,1,2,3,1,3,318
201600024213,16,10,6,1545,1,2,4,1,3,63
201600024214,16,10,6,930,1,2,3,1,3,63
201600024215,16,10,6,1800,1,2,1,1,2,63
201600024216,16,10,6,2010,1,2,1,1,2,63
201600024217,16,10,4,930,1,2,4,1,2,281
201600024218,16,10,3,1135,1,2,2,1,3,522
201600024219,16,10,5,1036,1,2,1,1,6,522
201600024220,16,10,7,1030,1,2,3,1,4,39
201600024221,16,10,8,2230,5,2,1,1,7,63
201600024222,16,10,7,1155,1,2,4,1,3,63
201600024223,16,10,5,730,5,2,2,1,3,69
201600024224,16,10,9,345,5,2,3,1,6,63
201600024225,16,10,10,1538,1,2,2,1,6,318
201600024226,16,10,3,745,1,2,6,1,3,39
201600024227,16,10,10,1345,1,2,2,1,6,63
201600024228,16,10,10,1008,1,2,2,1,3,63
201600024229,16,9,27,1150,1,2,1,1,6,318
201600024230,16,10,4,1110,1,2,4,1,6,550
201600024231,16,10,4,945,1,2,1,1,3,200
201600024232,16,10,9,1830,1,2,1,1,4,281
201600024233,16,10,11,1635,1,2,3,1,1,63
201600024234,16,10,12,745,2,2,2,1,3,63
201600024235,16,10,13,810,1,2,2,1,3,63
201600024236,16,10,5,2210,5,2,3,1,3,522
201600024237,16,10,10,1758,1,2,1,1,3,281
201600024238,16,10,11,1800,1,2,1,1,6,281
201600024239,16,10,11,745,2,2,2,1,3,63
201600024240,16,10,15,1000,1,2,2,1,3,63
201600024241,16,10,15,1550,1,2,3,1,3,63
201600024242,16,10,16,1915,2,2,4,1,2,63
201600024243,16,10,16,2330,5,2,4,1,3,281
201600024244,16,10,17,900,1,2,1,2,1,63
201600024245,16,10,18,20,5,2,9,1,6,63
201600024246,16,10,17,2145,5,2,3,1,3,63
201600024247,16,10,18,940,1,2,2,1,6,63
201600024248,16,10,18,900,1,2,3,1,3,63
201600024249,16,10,15,10,5,2,4,1,3,281
201600024250,16,10,14,745,1,2,1,1,6,63
201600024251,16,10,14,2115,5,2,3,1,3,522
201600024252,16,10,10,1100,1,2,1,1,6,200
201600024253,16,10,19,1840,1,2,1,1,3,167
201600024254,16,10,19,2030,5,2,3,1,2,281
201600024255,16,10,14,1300,1,2,2,1,3,39
201600024256,16,10,14,1530,1,1,1,1,3,75
201600024257,16,10,16,142,5,2,1,1,6,119
201600024258,16,10,19,1940,1,2,4,1,6,63
201600024259,16,10,20,2150,5,2,2,1,3,63
201600024260,16,10,20,2135,5,1,1,1,6,167
201600024261,16,10,18,940,1,2,1,1,2,75
201600024262,16,10,24,245,5,1,1,1,6,39
201600024263,16,10,18,1220,1,2,2,1,3,281
201600024264,16,10,21,1342,1,2,3,1,6,281
201600024265,16,10,24,1510,1,2,3,1,6,63
201600024266,16,10,19,1741,1,2,4,1,1,550
201600024267,16,10,20,2050,5,2,2,1,3,522
201600024268,16,10,22,2150,5,2,4,1,1,318
201600024269,16,10,23,645,5,2,1,1,2,162
201600024270,16,10,24,845,1,2,6,1,3,192
201600024271,16,10,22,1920,5,2,1,1,3,162
201600024272,16,10,21,1610,1,2,1,1,6,192
201600024273,16,10,21,1405,1,2,4,1,1,192
201600024274,16,10,26,2045,5,2,2,1,2,63
201600024275,16,10,21,740,5,2,4,1,6,318
201600024276,16,10,21,1640,1,2,2,1,6,522
201600024277,16,10,25,1445,1,2,3,1,3,63
201600024278,16,10,21,1740,1,2,4,1,3,75
201600024279,16,10,27,845,1,2,2,1,3,63
201600024280,16,10,27,1820,1,2,1,1,1,63
201600024281,16,10,27,2200,5,2,2,1,3,249
201600024282,16,10,28,645,5,2,2,1,2,63
201600024283,16,10,28,2115,5,2,2,1,1,522
201600024284,16,11,1,600,5,2,2,1,3,63
201600024285,16,10,30,200,5,2,1,1,6,63
201600024286,16,10,31,1021,1,2,1,1,6,63
201600024287,16,10,26,1340,1,2,6,1,4,281
201600024288,16,10,30,25,5,2,7,1,6,63
201600024289,16,10,27,1639,1,2,2,1,3,522
201600024290,16,10,28,1800,1,2,3,1,1,63
201600024291,16,10,28,1810,2,2,3,1,3,63
201600024292,16,11,2,915,1,2,2,1,6,63
201600024293,16,11,2,1915,2,2,3,1,3,63
201600024294,16,10,25,1600,1,2,3,1,3,39
201600024295,16,10,26,1750,1,1,2,1,3,318
201600024296,16,11,2,1857,5,2,4,1,3,281
201600024297,16,11,3,2200,5,2,1,1,1,281
201600024298,16,11,6,210,5,2,2,1,2,63
201600024299,16,11,6,1350,1,2,4,1,3,63
201600024300,16,10,27,2130,5,2,2,1,2,162
201600024301,16,11,4,1715,2,2,3,1,6,63
201600024302,16,11,2,1915,5,2,6,5,2,281
201600024303,16,11,5,700,4,2,1,2,1,318
201600024304,16,11,7,745,2,2,1,1,1,63
201600024305,16,11,7,2130,5,2,2,1,3,281
201600024306,16,11,2,1840,5,2,3,5,3,162
201600024307,16,11,8,130,5,2,2,1,6,63
201600024308,16,11,7,2015,1,2,2,1,1,63
201600024309,16,11,8,1755,1,2,2,1,3,63
201600024310,16,11,3,1605,1,2,2,1,3,39
201600024311,16,11,13,215,5,2,4,2,1,63
201600024312,16,11,9,1115,1,2,4,2,3,63