Num_Acc,an,mois,jour,hrmn,lum,agg,int,atm,col,com
201600024313,16,11,8,1810,5,2,2,2,7,281
201600024314,16,11,8,810,1,2,3,1,2,249
201600024315,16,11,8,1315,1,2,3,1,1,167
201600024316,16,11,9,2310,5,1,1,2,6,63
201600024317,16,11,9,1630,1,2,9,3,3,63
201600024318,16,11,4,1727,1,2,4,1,2,281
201600024319,16,11,14,810,2,2,6,1,3,63
201600024320,16,11,14,605,5,2,2,1,3,63
201600024321,16,11,13,420,5,2,4,2,6,63
201600024322,16,11,8,830,1,2,2,1,3,281
201600024323,16,11,10,340,5,2,4,3,6,550
201600024324,16,11,15,1345,1,2,2,1,3,63
201600024325,16,11,15,1830,5,2,1,1,4,162
201600024326,16,11,10,1740,2,2,3,2,2,318
201600024327,16,11,10,1150,1,2,1,1,6,281
201600024328,16,11,12,1330,1,2,3,1,3,281
201600024329,16,11,16,734,1,1,2,1,3,63
201600024330,16,10,16,620,5,2,3,1,3,63
201600024331,16,11,17,2310,5,2,3,1,3,522
201600024332,16,11,14,930,1,2,1,1,1,550
201600024333,16,11,17,1440,1,2,3,1,6,63
201600024334,16,11,18,2115,5,2,4,2,7,63
201600024335,16,11,17,755,2,2,3,1,3,318
201600024336,16,11,20,2028,5,2,3,2,1,119
201600024337,16,11,19,600,5,2,3,2,6,63
201600024338,16,11,18,2045,5,2,2,2,3,522
201600024339,16,11,21,1930,5,2,2,1,7,63
201600024340,16,11,21,1020,1,2,2,1,3,63
201600024341,16,11,21,1815,5,2,2,1,3,63
201600024342,16,11,23,730,1,2,2,2,3,63
201600024343,16,11,19,615,5,2,2,1,3,281
201600024344,16,11,18,1815,5,2,2,2,1,318
201600024345,16,11,21,1025,1,2,2,1,5,13
201600024346,16,11,17,1800,5,2,2,2,2,69
201600024347,16,11,21,825,1,2,2,2,2,119
201600024348,16,11,23,1750,5,2,3,2,1,281
201600024349,16,11,23,848,1,2,2,2,2,63
201600024350,16,11,16,750,2,2,2,1,1,75
201600024351,16,11,18,1430,1,2,3,1,1,200
201600024352,16,11,18,745,2,2,4,2,3,69
201600024353,16,11,24,1625,1,2,3,1,3,63
201600024354,16,11,25,745,1,2,2,2,1,63
201600024355,16,11,24,2120,5,2,2,1,1,63
201600024356,16,11,21,1412,1,2,1,1,4,318
201600024357,16,11,26,2030,5,2,2,2,1,119
201600024358,16,11,22,2050,5,2,3,2,6,522
201600024359,16,11,23,715,5,2,1,2,3,522
201600024360,16,11,25,800,2,2,1,2,1,63
201600024361,16,11,24,750,2,2,6,2,6,281
201600024362,16,11,24,1805,5,2,3,1,6,318
201600024363,16,11,27,1700,1,2,2,1,1,63
201600024364,16,11,28,1435,1,2,2,1,2,63
201600024365,16,11,18,930,1,2,2,2,3,192
201600024366,16,11,23,1620,1,2,4,2,2,162
201600024367,16,11,29,1755,5,2,3,1,1,63
201600024368,16,11,29,1350,1,2,2,1,3,63
201600024369,16,11,30,1315,1,2,3,1,6,63
201600024370,16,11,30,945,1,2,4,1,6,63
201600024371,16,12,1,1725,1,2,1,1,3,63
201600024372,16,11,28,1645,1,2,3,1,3,192
201600024373,16,11,30,715,2,2,2,1,7,281
201600024374,16,11,30,1200,1,2,2,1,6,249
201600024375,16,11,27,1200,1,2,1,1,3,318
201600024376,16,11,29,1800,1,2,3,1,3,63
201600024377,16,11,26,1220,1,2,1,1,6,63
201600024378,16,11,26,1200,1,2,4,1,3,162
201600024379,16,11,29,755,5,2,1,1,3,522
201600024380,16,11,29,2015,5,2,2,1,1,522
201600024381,16,12,2,1400,1,2,2,1,3,63
201600024382,16,12,3,2305,5,2,1,1,3,63
201600024383,16,11,25,1745,4,2,2,2,3,281
201600024384,16,12,5,1450,1,2,2,1,3,63
201600024385,16,12,6,735,1,2,3,1,3,63
201600024386,16,12,5,1725,5,2,3,1,5,63
201600024387,16,11,30,1645,1,2,1,1,6,281
201600024388,16,11,30,1935,5,2,4,1,3,318
201600024389,16,12,2,1840,5,2,4,1,6,200
201600024390,16,12,6,2010,5,2,9,1,2,63
201600024391,16,12,2,800,1,2,4,1,3,318
201600024392,16,12,1,840,1,2,3,1,6,318
201600024393,16,12,6,730,2,2,1,1,3,63
201600024394,16,12,7,2010,5,2,3,1,3,63
201600024395,16,12,7,745,2,2,2,1,2,63
201600024396,16,12,7,2215,5,1,2,1,1,162
201600024397,16,12,8,1400,1,2,1,1,3,63
201600024398,16,12,8,2130,5,2,2,1,6,63
201600024399,16,12,8,1407,1,2,9,1,6,63
201600024400,16,11,7,30,5,2,3,1,3,63
201600024401,16,12,10,1910,5,2,1,1,2,63
201600024402,16,11,29,725,5,2,9,1,1,281
201600024403,16,12,10,1925,5,2,2,1,4,63
201600024404,16,12,9,630,5,2,6,8,2,281
201600024405,16,12,10,210,5,2,3,5,1,63
201600024406,16,12,10,1550,1,2,1,1,2,63
201600024407,16,12,12,810,1,2,3,1,2,63
201600024408,16,12,9,1640,1,2,3,1,1,63
201600024409,16,12,12,1145,1,2,2,1,1,63
201600024410,16,12,10,1600,1,2,3,1,6,63
201600024411,16,11,9,1615,1,2,2,2,3,63
201600024412,16,12,10,335,5,2,4,5,6,318
201600024413,16,12,11,2110,5,2,7,1,3,63
201600024414,16,12,8,1235,1,2,1,1,5,119
201600024415,16,12,14,1830,5,2,3,1,3,63
201600024416,16,12,14,1815,5,2,4,1,3,63
201600024417,16,12,3,40,5,2,2,1,3,162
201600024418,16,12,13,1220,1,2,3,1,3,63
201600024419,16,12,13,1730,2,2,4,1,1,281
201600024420,16,12,13,1420,1,2,1,1,3,63
201600024421,16,12,9,1110,1,2,1,1,1,249
201600024422,16,12,9,2100,5,2,2,1,3,249
201600024423,16,12,14,1510,1,2,3,1,2,63
201600024424,16,12,13,1345,1,2,9,1,6,119
201600024425,16,12,15,1720,5,2,2,1,3,39
201600024426,16,12,12,1830,2,2,1,1,3,13
201600024427,16,12,9,1800,5,2,1,1,3,162
201600024428,16,2,21,500,5,2,1,1,6,63
201600024429,16,12,16,1900,5,2,2,1,1,63
201600024430,16,12,16,1905,1,2,3,1,6,63
201600024431,16,12,17,1720,5,2,4,1,3,63
201600024432,16,12,14,800,2,2,2,7,1,281
201600024433,16,12,15,1300,1,2,9,1,3,281
201600024434,16,12,19,1550,1,2,2,1,1,63
201600024435,16,12,19,1830,5,2,2,1,3,63
201600024436,16,12,16,1005,1,2,1,1,3,13
201600024437,16,12,16,1800,5,1,3,1,6,249
201600024438,16,12,14,1820,5,2,1,1,3,550
201600024439,16,12,16,1745,5,2,1,1,2,200
201600024440,16,12,20,1820,1,2,6,1,6,63
201600024441,16,12,21,2140,5,2,4,2,1,63
201600024442,16,12,10,1935,5,2,1,1,6,318
201600024443,16,12,21,2130,5,2,6,2,2,63
201600024444,16,12,22,2140,5,2,1,2,2,63
201600024445,16,12,20,1700,1,2,3,1,6,119
201600024446,16,12,19,1410,1,2,1,1,3,318
201600024447,16,12,15,1645,2,2,2,1,6,281
201600024448,16,12,22,1930,5,2,2,1,3,63
201600024449,16,12,21,1445,1,2,1,1,7,550
201600024450,16,12,17,10,5,2,3,1,1,75
201600024451,16,12,24,16,5,2,1,1,6,63
201600024452,16,12,23,1740,5,2,3,1,2,281
201600024453,16,12,27,2135,5,2,9,1,3,63
201600024454,16,12,21,1540,1,2,2,1,3,167
201600024455,16,12,19,1645,2,2,1,1,7,39
201600024456,16,12,23,2125,5,2,1,2,3,63
201600024457,16,12,28,950,1,2,2,1,3,63
201600024458,16,12,23,1815,5,2,2,1,7,63
201600024459,16,12,23,1355,1,2,2,8,6,63
201600024460,16,12,29,700,2,2,6,5,3,63
201600024461,16,12,23,1330,1,2,3,1,3,63
201600024462,16,9,23,1530,1,1,1,1,3,355
201600024463,16,6,1,1500,1,1,2,1,1,272
201600024464,16,7,20,1445,1,2,1,1,3,32
201600024465,16,1,7,1100,1,2,1,1,3,161
201600024466,16,2,14,1530,1,2,9,1,1,161
201600024467,16,3,25,1000,1,2,1,1,7,44
201600024468,16,3,14,645,2,1,1,1,7,44
201600024469,16,5,2,2145,5,2,1,1,3,161
201600024470,16,4,26,1300,1,2,9,1,1,161
201600024471,16,5,25,1545,1,2,1,1,1,44
201600024472,16,6,3,1830,1,2,1,1,4,161
201600024473,16,6,8,1330,1,2,9,1,1,161
201600024474,16,6,15,1715,1,2,1,1,1,161
201600024475,16,6,17,1745,1,1,1,1,6,161
201600024476,16,6,30,1145,1,1,1,1,6,44
201600024477,16,6,28,1700,2,2,6,1,3,161
201600024478,16,7,11,1930,1,1,1,1,6,161
201600024479,16,7,13,2000,1,1,1,1,1,161
201600024480,16,8,13,1400,1,2,1,1,1,161
201600024481,16,9,1,2015,3,1,1,1,5,161
201600024482,16,9,14,1400,1,1,1,1,1,161
201600024483,16,10,3,1830,1,2,1,1,1,161
201600024484,16,10,14,1245,2,2,3,3,1,161
201600024485,16,10,19,745,2,2,1,1,6,161
201600024486,16,10,24,1615,1,1,1,1,7,161
201600024487,16,11,8,1630,1,1,1,1,5,161
201600024488,16,11,19,2345,3,1,1,1,6,161
201600024489,16,11,26,1650,2,2,4,1,3,44
201600024490,16,11,30,2010,5,2,3,1,1,161
201600024491,16,12,13,815,1,2,1,1,3,161
201600024492,16,1,12,1120,1,2,1,1,6,3
201600024493,16,3,26,1000,1,2,1,1,6,3
201600024494,16,4,2,1815,1,2,2,2,3,3
201600024495,16,6,13,1100,1,2,1,1,6,3
201600024496,16,4,8,1900,1,2,1,1,2,3
201600024497,16,6,19,1930,1,2,1,1,3,3
201600024498,16,7,11,1825,1,2,1,1,1,3
201600024499,16,7,12,1515,1,1,1,1,3,3
201600024500,16,8,8,1035,1,2,1,1,3,3
201600024501,16,8,28,600,2,1,1,1,3,3
201600024502,16,7,7,710,1,2,1,1,6,3
201600024503,16,9,15,1735,1,2,3,1,3,3
201600024504,16,6,5,1620,1,1,1,1,6,3
201600024505,16,9,23,2130,5,2,1,1,6,3
201600024506,16,9,3,1350,1,2,1,1,3,3
201600024507,16,10,6,2115,5,2,2,1,3,3
201600024508,16,9,10,525,3,2,1,2,7,3
201600024509,16,11,10,2035,5,2,1,1,1,3
201600024510,16,11,24,1811,5,2,6,1,3,3
201600024511,16,12,13,705,5,2,3,1,6,3
201600024512,16,1,6,830,1,1,1,1,7,32
201600024513,16,11,21,1530,1,1,1,1,7,32
201600024514,16,1,9,1050,1,2,1,1,7,32
201600024515,16,11,22,1730,2,1,1,1,3,32
201600024516,16,1,19,1430,1,1,1,1,1,32
201600024517,16,1,16,1200,1,2,6,1,3,32
201600024518,16,1,29,1400,1,2,2,1,7,32
201600024519,16,12,23,2150,5,1,6,1,3,32
201600024520,16,1,20,1155,1,2,9,1,6,32
201600024521,16,2,5,1320,1,2,1,7,7,32
201600024522,16,2,13,1720,1,1,1,1,7,32
201600024523,16,2,10,730,1,2,6,1,6,336
201600024524,16,2,12,740,1,2,1,1,7,32
201600024525,16,2,27,1945,1,1,3,1,3,32
201600024526,16,3,27,520,3,1,1,5,6,32
201600024527,16,3,24,1410,1,1,1,1,7,32
201600024528,16,4,15,915,1,2,1,1,7,32
201600024529,16,3,28,530,5,2,1,1,6,32
201600024530,16,4,15,750,1,2,1,1,7,32
201600024531,16,4,27,800,1,1,1,1,7,32
201600024532,16,3,30,950,1,1,1,1,1,32
201600024533,16,5,2,1830,1,2,1,1,7,32
201600024534,16,5,10,1950,1,2,1,1,1,32
201600024535,16,5,28,1610,1,2,1,1,7,32
201600024536,16,5,3,1910,1,1,1,1,1,32
201600024537,16,6,27,1530,1,2,1,1,7,32
201600024538,16,6,29,1200,1,1,1,1,4,32
201600024539,16,7,8,1339,1,2,1,1,1,336
201600024540,16,6,7,1440,1,2,1,1,7,32
201600024541,16,7,21,500,3,1,1,1,6,32
201600024542,16,7,31,420,3,1,1,1,6,32
201600024543,16,8,2,850,1,2,1,1,3,32
201600024544,16,7,5,210,5,1,1,1,3,32
201600024545,16,9,21,1615,1,1,1,1,5,32
201600024546,16,9,30,1650,1,2,1,1,7,32
201600024547,16,11,1,1000,1,2,1,1,7,32
201600024548,16,10,8,1535,1,2,1,7,3,32
201600024549,16,11,6,820,1,1,1,1,2,32
201600024550,16,11,9,2330,5,2,1,9,1,32
201600024551,16,12,14,830,1,2,1,1,2,32
201600024552,16,12,14,955,1,2,1,1,7,32
201600024553,16,12,17,1115,1,2,1,1,5,32
201600024554,16,11,19,25,3,1,1,1,6,32
201600024555,16,1,3,1640,2,2,1,1,7,172
201600024556,16,1,4,1055,1,1,1,8,3,172
201600024557,16,1,4,1840,5,2,2,1,3,172
201600024558,16,1,4,1950,5,2,1,8,4,172
201600024559,16,1,5,1607,1,2,2,1,3,172
201600024560,16,1,6,1330,1,2,1,1,3,172
201600024561,16,1,1,1625,1,2,1,8,5,172
201600024562,16,1,10,1335,1,2,3,1,6,172
201600024563,16,1,12,1750,2,2,1,1,7,172
201600024564,16,1,14,635,5,2,3,1,6,172
201600024565,16,1,15,1710,1,2,1,1,3,172
201600024566,16,1,16,515,5,2,1,1,6,172
201600024567,16,12,24,1420,1,2,3,1,3,172
201600024568,16,1,16,1145,1,2,1,1,3,172
201600024569,16,1,19,1135,1,2,1,1,6,172
201600024570,16,1,19,1955,3,1,1,8,1,129
201600024571,16,1,22,630,5,2,1,1,1,172
201600024572,16,1,23,1130,1,2,3,1,3,172
201600024573,16,1,23,1950,5,2,1,1,4,172
201600024574,16,1,24,1535,1,1,1,1,7,198
201600024575,16,1,27,1240,1,2,6,1,6,172
201600024576,16,1,27,1310,1,2,1,1,7,172
201600024577,16,1,28,1800,2,2,1,1,3,172
201600024578,16,1,28,1830,5,2,1,1,6,172
201600024579,16,1,30,1050,1,2,1,1,3,172
201600024580,16,1,31,2150,5,2,1,1,6,172
201600024581,16,2,1,1530,1,1,1,1,7,198
201600024582,16,2,1,1105,1,2,2,1,3,172
201600024583,16,12,22,1540,1,2,1,1,6,172
201600024584,16,2,2,2110,5,2,3,1,3,172
201600024585,16,2,2,2330,5,2,1,1,6,172
201600024586,16,2,3,1015,1,2,1,1,6,172
201600024587,16,2,4,1000,1,2,1,1,3,172
201600024588,16,2,4,1830,5,2,2,1,3,172
201600024589,16,2,5,830,1,2,3,1,3,172
201600024590,16,2,8,920,1,2,1,1,6,172
201600024591,16,2,8,1810,5,2,1,1,2,172
201600024592,16,2,10,755,1,2,1,1,7,172
201600024593,16,2,4,2200,5,2,1,1,6,129
201600024594,16,2,15,920,1,2,1,1,7,172
201600024595,16,2,15,1310,1,2,2,1,2,172
201600024596,16,2,16,1110,1,2,1,1,7,172
201600024597,16,2,19,1620,1,2,1,1,4,129
201600024598,16,2,19,1700,1,2,1,1,6,172
201600024599,16,2,20,1510,1,2,1,1,3,172
201600024600,16,2,21,640,5,2,3,1,3,172
201600024601,16,2,22,1405,1,2,1,2,2,172
201600024602,16,2,22,1915,5,2,2,1,6,172
201600024603,16,2,25,1135,1,2,2,1,3,172
201600024604,16,2,25,1258,1,2,1,1,6,172
201600024605,16,2,28,1948,5,2,1,1,6,172
201600024606,16,3,2,1545,1,2,3,1,3,172
201600024607,16,3,3,1540,1,2,1,1,7,172
201600024608,16,3,7,915,1,2,2,1,1,172
201600024609,16,3,8,1710,1,2,1,1,6,172
201600024610,16,3,8,1600,1,2,1,1,2,172
201600024611,16,3,8,1742,1,2,1,1,6,172
201600024612,16,3,9,920,1,2,1,1,7,172
201600024613,16,3,9,1705,1,2,1,2,6,172
201600024614,16,3,9,1755,2,2,1,2,4,172
201600024615,16,3,9,1930,5,2,1,8,3,172
201600024616,16,3,10,740,1,1,1,1,2,172
201600024617,16,3,11,1100,1,2,1,1,7,172
201600024618,16,3,14,1755,1,2,3,1,1,172
201600024619,16,3,15,1256,1,2,1,1,4,172
201600024620,16,3,15,1630,1,2,1,1,3,172
201600024621,16,3,17,750,1,2,1,2,7,172
201600024622,16,3,19,410,5,2,1,1,6,172
201600024623,16,3,23,2110,5,2,6,1,2,172
201600024624,16,3,24,2100,5,2,1,1,2,172
201600024625,16,3,27,2000,2,2,2,1,1,172
201600024626,16,3,29,850,1,2,1,1,3,172
201600024627,16,3,29,1510,1,2,1,1,1,172
201600024628,16,3,30,600,5,2,3,1,3,172
201600024629,16,3,30,2310,5,2,1,1,6,172
201600024630,16,4,1,1050,1,2,3,1,3,172
201600024631,16,4,2,1510,1,1,1,2,2,198
201600024632,16,4,4,810,1,2,1,2,6,172
201600024633,16,4,5,2205,3,2,1,1,7,172
201600024634,16,4,7,1730,1,2,1,1,4,172
201600024635,16,4,10,1210,1,2,1,1,3,172
201600024636,16,4,10,1700,1,1,1,1,6,198
201600024637,16,4,6,2005,1,2,1,8,1,172
201600024638,16,4,13,1500,1,2,1,1,4,172
201600024639,16,4,13,2343,5,2,6,1,3,172
201600024640,16,4,14,1735,1,2,1,1,3,172
201600024641,16,4,15,745,1,2,1,1,3,172
201600024642,16,4,15,1400,1,2,2,1,2,172
201600024643,16,4,18,825,1,2,1,1,2,172
201600024644,16,4,16,1645,1,2,1,1,7,172
201600024645,16,4,10,1845,1,2,1,1,1,172
201600024646,16,4,19,1445,1,2,1,1,6,172
201600024647,16,4,19,1550,1,2,1,1,2,172
201600024648,16,4,19,1805,1,2,3,1,3,172
201600024649,16,4,22,35,5,2,1,2,3,172
201600024650,16,4,22,730,1,2,1,1,1,172
201600024651,16,4,25,1400,1,2,2,1,3,172
201600024652,16,4,25,1350,1,2,1,1,6,172
201600024653,16,4,26,1600,1,2,2,1,3,172
201600024654,16,4,26,1737,1,2,3,1,1,172
201600024655,16,4,26,2305,3,1,1,1,3,129
201600024656,16,4,28,1145,1,2,1,1,5,172
201600024657,16,4,28,1710,1,1,1,1,6,172
201600024658,16,5,2,1800,1,2,1,1,3,172
201600024659,16,5,3,1445,1,2,1,1,2,172
201600024660,16,5,4,1920,1,2,2,1,3,172
201600024661,16,5,7,1230,1,2,1,1,2,198
201600024662,16,5,9,850,1,2,1,1,3,172
201600024663,16,5,10,1930,2,2,1,2,7,172
201600024664,16,5,11,1540,1,2,1,8,3,172
201600024665,16,5,13,1830,1,2,1,2,6,172
201600024666,16,5,13,1708,1,2,1,2,3,172
201600024667,16,5,13,1848,1,2,1,2,6,172
201600024668,16,5,14,1830,1,2,1,1,7,172
201600024669,16,5,16,1950,1,2,2,1,1,172
201600024670,16,5,17,1015,1,2,1,1,6,172
201600024671,16,5,18,915,1,2,9,1,6,172
201600024672,16,5,19,1350,1,2,1,1,2,172
201600024673,16,5,19,1920,1,2,1,1,7,172
201600024674,16,5,20,1830,1,2,1,1,3,172
201600024675,16,5,21,150,5,2,1,1,6,172
201600024676,16,5,21,1015,1,2,2,1,3,172
201600024677,16,5,25,2355,5,2,3,1,3,172
201600024678,16,5,25,1145,1,2,3,1,2,172
201600024679,16,5,26,1015,1,2,1,1,1,172
201600024680,16,5,28,2040,5,2,1,2,1,172
201600024681,16,5,28,2115,5,2,1,2,3,172
201600024682,16,5,29,315,5,2,1,3,6,172
201600024683,16,5,29,2320,5,2,1,1,6,172
201600024684,16,6,1,1810,1,2,1,8,7,172
201600024685,16,6,3,740,1,1,2,1,1,172
201600024686,16,6,3,940,1,2,3,1,3,172
201600024687,16,6,3,1600,1,2,1,1,4,172
201600024688,16,6,4,35,5,2,1,1,3,172
201600024689,16,6,4,1655,1,2,2,1,3,172
201600024690,16,6,6,1550,1,2,1,1,6,172
201600024691,16,6,8,1145,1,2,2,1,3,172
201600024692,16,6,9,900,1,2,1,1,1,172
201600024693,16,6,9,1220,1,2,1,1,2,172
201600024694,16,6,9,1406,1,2,1,1,6,172
201600024695,16,6,9,1800,1,2,1,1,6,172
201600024696,16,6,11,645,3,1,1,1,6,129
201600024697,16,6,12,1430,1,2,1,1,1,172
201600024698,16,6,13,1900,1,2,1,1,1,172
201600024699,16,6,14,1900,1,2,3,1,1,172
201600024700,16,6,15,1800,1,2,1,1,3,172
201600024701,16,6,15,2330,5,2,6,2,3,172
201600024702,16,5,21,1,5,2,7,1,7,129
201600024703,16,6,16,1800,1,2,1,1,7,172
201600024704,16,6,18,125,5,2,6,2,3,172
201600024705,16,6,18,1445,1,1,1,1,2,172
201600024706,16,6,24,200,5,2,3,1,7,198
201600024707,16,6,24,1515,1,2,1,1,3,172
201600024708,16,6,24,2040,1,2,1,1,6,172
201600024709,16,6,25,2010,1,2,1,1,3,172
201600024710,16,6,27,830,1,2,1,1,6,172
201600024711,16,6,27,645,1,2,1,1,3,172
201600024712,16,6,27,1125,1,2,1,1,6,172
201600024713,16,6,28,800,1,2,9,1,3,172
201600024714,16,7,1,1950,1,2,3,1,4,172
201600024715,16,7,2,127,5,2,4,1,3,172
201600024716,16,7,3,645,1,2,1,1,2,172
201600024717,16,7,4,835,1,2,2,1,6,172
201600024718,16,7,5,850,1,2,6,1,3,172
201600024719,16,7,7,1555,1,2,2,1,3,172
201600024720,16,7,7,2155,5,2,1,1,6,172
201600024721,16,7,9,1004,1,2,1,1,3,172
201600024722,16,7,9,1330,1,2,2,1,3,172
201600024723,16,7,11,1630,1,2,1,1,6,198
201600024724,16,7,12,1920,1,2,1,1,2,172
201600024725,16,7,13,2107,5,2,6,1,6,172
201600024726,16,7,15,53,5,1,1,1,4,129
201600024727,16,7,18,1345,1,2,1,1,5,172
201600024728,16,7,18,1940,1,2,1,1,3,172
201600024729,16,7,20,525,5,2,2,1,3,172
201600024730,16,7,20,1220,1,2,1,1,6,172
201600024731,16,7,18,740,1,2,1,1,3,172
201600024732,16,7,23,1925,1,2,3,1,6,198
201600024733,16,7,25,1750,1,2,1,1,6,129
201600024734,16,7,26,840,1,2,2,1,3,172
201600024735,16,7,26,1535,1,2,1,1,2,172
201600024736,16,7,26,1712,1,2,2,1,1,172
201600024737,16,7,28,2300,5,2,3,1,3,172
201600024738,16,7,29,930,1,2,9,1,2,172
201600024739,16,7,30,1345,1,2,1,1,6,172
201600024740,16,7,31,1350,1,2,1,1,6,172
201600024741,16,8,1,1140,1,2,2,1,3,172
201600024742,16,8,1,2030,1,2,2,1,3,172
201600024743,16,8,2,855,1,2,1,1,3,172
201600024744,16,8,2,1740,1,2,1,1,2,172
201600024745,16,8,3,1505,1,2,1,1,3,172
201600024746,16,8,6,1415,1,2,1,1,3,172
201600024747,16,8,8,2005,1,2,1,1,3,172
201600024748,16,8,11,1930,1,2,1,1,4,172
201600024749,16,8,19,2020,1,2,2,1,3,172
201600024750,16,8,22,20,5,2,1,1,6,172
201600024751,16,8,24,1835,1,2,1,1,3,172
201600024752,16,8,29,1515,1,2,1,1,3,172
201600024753,16,8,30,1100,1,2,3,1,3,172
201600024754,16,8,31,905,1,2,1,1,1,172
201600024755,16,9,2,1525,1,2,2,1,3,172
201600024756,16,9,5,1340,1,2,1,1,3,172
201600024757,16,9,5,1720,1,2,1,1,2,172
201600024758,16,9,7,1130,1,2,1,1,3,172
201600024759,16,9,5,1800,1,2,1,1,6,172
201600024760,16,9,6,752,1,2,2,1,3,172
201600024761,16,9,6,1000,1,2,1,1,6,172
201600024762,16,9,6,1200,1,2,1,1,3,172
201600024763,16,9,8,615,5,2,2,1,5,172
201600024764,16,9,9,1335,1,2,2,1,1,172
201600024765,16,9,10,1420,1,2,1,1,6,172
201600024766,16,9,11,1830,1,2,1,1,1,172
201600024767,16,9,13,810,1,2,1,1,6,172
201600024768,16,9,13,1740,1,2,1,1,6,172
201600024769,16,9,15,830,1,2,1,1,4,172
201600024770,16,9,16,1500,1,2,1,1,7,129
201600024771,16,9,16,1750,1,2,1,1,4,172
201600024772,16,9,16,1020,1,1,1,1,2,198
201600024773,16,9,17,1540,1,2,2,1,5,198
201600024774,16,9,18,1200,1,1,1,1,4,172
201600024775,16,9,20,2050,5,2,1,1,3,172
201600024776,16,9,21,1130,1,2,1,1,6,172
201600024777,16,9,22,1330,1,2,1,1,3,172
201600024778,16,9,22,1530,1,2,1,1,1,172
201600024779,16,9,23,1643,1,2,1,1,6,172
201600024780,16,9,25,445,5,2,2,1,3,172
201600024781,16,9,28,1340,1,2,1,1,1,172
201600024782,16,9,28,1810,1,2,1,1,3,129
201600024783,16,9,23,1225,1,2,1,1,3,172
201600024784,16,9,29,1622,1,2,1,1,3,172
201600024785,16,10,1,135,5,2,9,1,7,172
201600024786,16,10,1,2328,5,2,3,1,6,172
201600024787,16,10,2,145,3,1,1,2,7,129
201600024788,16,10,2,2208,5,2,1,1,3,172
201600024789,16,10,5,1634,1,2,1,1,2,172
201600024790,16,10,7,1215,1,2,1,1,3,172
201600024791,16,10,8,700,5,2,1,1,5,172
201600024792,16,10,9,210,5,2,1,1,7,129
201600024793,16,10,10,1220,1,2,1,1,2,172
201600024794,16,10,12,1700,1,2,1,1,3,172
201600024795,16,10,12,2335,5,2,1,3,6,172
201600024796,16,10,14,900,1,2,2,2,2,172
201600024797,16,10,14,935,1,1,1,3,1,198
201600024798,16,10,14,1115,1,2,1,2,6,172
201600024799,16,10,14,2234,3,2,1,1,2,129
201600024800,16,10,17,1730,1,2,1,1,3,129
201600024801,16,10,18,900,1,2,1,1,2,172
201600024802,16,10,18,1830,2,2,1,1,2,172
201600024803,16,10,19,1930,5,2,1,1,6,172
201600024804,16,10,23,1730,1,2,1,8,7,172
201600024805,16,10,24,830,1,2,1,1,6,172
201600024806,16,10,25,1550,1,2,1,1,2,172
201600024807,16,10,25,2100,5,2,2,8,3,172
201600024808,16,10,25,1825,1,2,1,1,2,172
201600024809,16,10,28,2300,5,2,2,1,3,172
201600024810,16,10,30,930,1,2,1,1,2,172
201600024811,16,10,31,1445,1,2,1,1,6,172
201600024812,16,10,31,1700,1,1,1,1,7,198
201600024813,16,11,3,1415,1,2,2,1,1,172
201600024814,16,11,4,1915,5,2,1,2,6,172
201600024815,16,11,4,1920,5,2,1,2,3,172
201600024816,16,11,5,1316,1,2,2,1,3,172
201600024817,16,11,5,1815,5,2,1,1,2,172
201600024818,16,11,5,2100,5,2,1,1,7,172
201600024819,16,11,6,15,5,2,1,1,7,172
201600024820,16,11,6,630,2,2,3,1,3,172
201600024821,16,11,8,1120,1,2,9,1,1,172
201600024822,16,11,8,1955,3,1,1,1,5,172
201600024823,16,11,11,1045,1,2,1,1,6,172
201600024824,16,11,11,1900,5,2,1,1,3,172
201600024825,16,11,16,1740,5,2,1,1,3,172
201600024826,16,11,17,1215,1,2,1,1,6,172
201600024827,16,11,15,1630,1,2,1,8,1,172
201600024828,16,11,20,1027,1,2,9,2,1,172
201600024829,16,11,20,1000,1,1,1,8,6,172
201600024830,16,11,21,1930,5,2,1,1,6,172
201600024831,16,11,22,1410,1,2,1,8,6,172
201600024832,16,11,23,1710,2,2,1,1,6,172
201600024833,16,11,24,810,1,2,1,2,4,172
201600024834,16,11,24,1000,1,2,1,2,6,172
201600024835,16,11,27,50,5,2,1,1,4,172
201600024836,16,11,27,1815,5,2,1,1,3,172
201600024837,16,11,28,1320,1,2,1,1,6,172
201600024838,16,11,28,1730,1,2,1,8,3,129
201600024839,16,12,3,1930,5,2,1,1,5,172
201600024840,16,12,4,1,5,2,2,1,3,172
201600024841,16,12,4,1845,5,2,1,2,1,172
201600024842,16,12,6,1100,1,2,1,1,3,172
201600024843,16,12,7,1050,1,2,1,1,3,172
201600024844,16,12,9,105,5,2,3,1,6,172
201600024845,16,12,8,1950,5,2,2,1,7,172
201600024846,16,12,9,1745,5,2,1,1,6,172
201600024847,16,12,10,1715,1,2,1,1,6,172
201600024848,16,12,10,2040,5,2,9,1,6,129