Num_Acc,an,mois,jour,hrmn,lum,agg,int,atm,col,com
201600024849,16,12,11,955,1,2,1,1,1,172
201600024850,16,12,12,915,1,2,1,1,6,172
201600024851,16,12,15,2320,5,2,3,2,3,172
201600024852,16,12,8,1450,1,2,1,1,7,172
201600024853,16,12,16,1415,1,2,1,2,3,172
201600024854,16,12,16,1810,2,2,1,1,2,172
201600024855,16,12,17,1135,1,2,1,1,3,172
201600024856,16,12,18,208,5,2,2,1,3,172
201600024857,16,12,20,1230,1,2,1,2,3,172
201600024858,16,12,20,1355,1,1,1,2,7,129
201600024859,16,12,22,1400,1,2,1,1,2,172
201600024860,16,12,23,1030,1,2,1,1,7,172
201600024861,16,12,23,1200,1,2,1,1,3,172
201600024862,16,12,29,112,5,2,1,1,6,172
201600024863,16,1,13,740,2,2,1,1,2,301
201600024864,16,2,7,1920,5,2,3,1,3,301
201600024865,16,2,15,1715,1,1,1,1,5,108
201600024866,16,2,20,2036,3,2,1,1,7,301
201600024867,16,10,9,35,3,1,9,1,7,108
201600024868,16,3,5,520,5,2,1,1,7,301
201600024869,16,4,2,145,5,2,1,2,7,301
201600024870,16,5,4,2130,5,2,7,1,2,301
201600024871,16,5,7,1715,1,2,1,1,1,108
201600024872,16,5,15,1822,1,1,1,1,2,301
201600024873,16,5,13,2320,5,2,3,1,1,301
201600024874,16,5,31,1330,1,2,1,1,3,301
201600024875,16,6,8,1,3,1,1,1,7,108
201600024876,16,6,10,1130,1,2,1,1,6,301
201600024877,16,6,12,505,2,2,1,1,7,301
201600024878,16,6,14,1420,1,2,1,1,3,301
201600024879,16,6,28,1555,1,2,3,1,3,301
201600024880,16,6,28,1745,1,2,1,1,6,301
201600024881,16,7,10,1045,1,1,1,1,1,108
201600024882,16,7,31,1435,1,2,1,1,5,301
201600024883,16,8,29,1005,1,2,1,1,6,301
201600024884,16,9,2,1900,1,2,1,1,7,108
201600024885,16,9,6,1355,1,1,1,1,1,301
201600024886,16,10,6,645,3,1,1,1,1,108
201600024887,16,10,10,1500,1,1,1,1,3,108
201600024888,16,10,17,715,5,2,1,1,6,301
201600024889,16,11,19,1255,1,2,1,1,3,301
201600024890,16,11,19,2130,3,1,1,1,1,108
201600024891,16,12,9,1850,5,2,1,1,6,301
201600024892,16,12,16,20,5,2,1,2,3,108
201600024893,16,1,5,1757,2,2,2,2,6,150
201600024894,16,1,10,1835,5,2,9,1,6,115
201600024895,16,1,4,750,2,2,7,2,6,115
201600024896,16,1,12,2025,5,2,6,3,3,115
201600024897,16,1,6,1715,5,2,1,1,6,115
201600024898,16,1,22,1850,2,2,3,5,6,115
201600024899,16,2,23,1515,1,1,1,1,1,150
201600024900,16,2,25,1705,1,2,1,1,6,115
201600024901,16,3,15,930,1,2,1,1,2,115
201600024902,16,3,19,2120,5,1,1,8,6,150
201600024903,16,4,2,1430,1,2,2,1,1,115
201600024904,16,4,16,1055,1,2,1,1,3,115
201600024905,16,6,2,1540,1,2,6,1,6,115
201600024906,16,7,3,1730,1,2,2,2,3,115
201600024907,16,8,9,910,1,2,1,1,6,115
201600024908,16,8,24,1840,1,2,1,1,2,115
201600024909,16,9,5,1150,1,2,1,1,6,115
201600024910,16,9,18,430,5,2,3,2,3,115
201600024911,16,9,30,650,5,2,1,8,6,115
201600024912,16,10,4,1340,1,2,1,1,6,115
201600024913,16,9,28,1515,1,2,1,1,2,115
201600024914,16,10,18,2120,5,2,1,1,1,115
201600024915,16,11,22,1750,5,2,6,1,6,115
201600024916,16,11,24,1820,5,2,4,1,6,115
201600024917,16,11,29,1700,1,2,1,1,2,115
201600024918,16,12,22,2000,5,2,2,1,3,115
201600024919,16,12,9,1512,1,2,1,7,6,238
201600024920,16,1,2,1545,1,2,1,1,6,238
201600024921,16,1,3,1430,1,1,1,3,7,278
201600024922,16,12,10,1805,5,2,1,1,2,238
201600024923,16,1,3,1810,3,1,1,2,7,51
201600024924,16,12,11,650,3,1,1,5,7,55
201600024925,16,12,9,1330,1,1,1,1,3,238
201600024926,16,1,4,830,2,2,2,1,3,238
201600024927,16,1,5,1840,5,2,1,1,6,51
201600024928,16,12,14,1418,1,2,1,1,6,55
201600024929,16,12,12,1730,1,2,1,2,4,238
201600024930,16,1,5,1930,5,2,3,1,6,238
201600024931,16,12,13,1300,1,2,1,1,7,238
201600024932,16,1,1,39,5,2,1,1,6,238
201600024933,16,12,14,630,3,2,6,1,3,51
201600024934,16,1,6,2015,5,2,2,2,3,238
201600024935,16,12,18,2010,5,2,2,8,3,238
201600024936,16,1,7,1555,1,2,1,1,6,238
201600024937,16,12,19,1830,5,2,3,1,3,238
201600024938,16,1,7,1700,1,2,1,1,2,238
201600024939,16,12,19,1459,1,1,7,1,6,278
201600024940,16,1,8,820,2,2,3,2,6,238
201600024941,16,12,20,836,1,1,1,5,2,238
201600024942,16,1,8,910,1,2,1,3,3,238
201600024943,16,12,22,1549,1,1,1,1,2,238
201600024944,16,1,8,2155,5,2,5,3,3,238
201600024945,16,12,22,1850,5,2,1,1,6,238
201600024946,16,1,9,1810,5,2,3,8,2,238
201600024947,16,1,9,2325,3,2,1,2,6,238
201600024948,16,12,23,1945,3,1,1,1,2,206
201600024949,16,1,10,1335,1,2,6,1,7,51
201600024950,16,12,25,1954,5,2,3,1,3,55
201600024951,16,1,11,1330,1,2,6,7,6,51
201600024952,16,12,26,1853,5,2,1,1,6,238
201600024953,16,12,27,600,3,1,1,1,2,278
201600024954,16,1,13,1110,1,2,6,1,3,238
201600024955,16,12,27,1800,3,2,6,1,6,238
201600024956,16,1,13,1818,5,2,1,1,3,238
201600024957,16,12,30,1727,5,2,3,1,6,238
201600024958,16,1,14,845,1,2,6,1,3,238
201600024959,16,12,30,1810,5,2,2,1,3,238
201600024960,16,1,14,1120,1,2,5,1,6,206
201600024961,16,1,14,1800,5,2,2,1,7,238
201600024962,16,1,14,2030,5,2,2,1,3,238
201600024963,16,1,15,945,1,2,5,1,3,238
201600024964,16,1,15,2235,3,1,1,8,1,278
201600024965,16,1,18,2000,5,2,2,1,2,238
201600024966,16,1,18,805,5,2,6,2,6,238
201600024967,16,1,20,2005,5,2,2,1,3,238
201600024968,16,1,21,815,4,2,2,1,6,238
201600024969,16,1,21,845,1,2,6,1,6,278
201600024970,16,1,21,1700,1,2,3,8,2,238
201600024971,16,1,22,800,5,2,6,3,6,238
201600024972,16,1,22,1245,1,2,3,1,3,238
201600024973,16,1,23,1650,1,2,1,1,3,238
201600024974,16,1,25,1200,1,2,6,1,3,238
201600024975,16,1,26,1130,1,2,2,1,6,238
201600024976,16,1,26,1400,1,2,1,1,6,238
201600024977,16,1,26,2015,5,2,3,1,3,238
201600024978,16,1,27,900,1,2,2,2,3,238
201600024979,16,12,30,2115,5,2,1,1,6,238
201600024980,16,1,29,830,1,2,3,8,3,238
201600024981,16,11,21,1245,1,2,1,1,6,238
201600024982,16,1,29,1830,5,2,2,1,6,238
201600024983,16,1,30,1700,1,2,1,8,6,206
201600024984,16,2,1,855,1,2,3,1,3,51
201600024985,16,2,2,955,1,2,1,2,2,238
201600024986,16,2,2,1630,1,2,2,1,6,238
201600024987,16,2,2,2000,5,2,1,1,6,238
201600024988,16,2,2,2045,5,2,2,1,3,238
201600024989,16,2,4,1200,1,2,3,1,6,238
201600024990,16,2,4,1700,1,2,3,1,6,238
201600024991,16,2,5,2150,5,2,2,1,3,238
201600024992,16,2,5,1415,1,2,1,1,6,55
201600024993,16,2,6,1555,1,2,3,1,6,238
201600024994,16,2,8,1745,1,2,1,2,4,238
201600024995,16,2,12,1100,1,2,1,2,6,238
201600024996,16,2,13,345,5,2,1,3,6,238
201600024997,16,2,13,1440,1,1,1,2,6,278
201600024998,16,2,13,1700,1,2,1,1,3,278
201600024999,16,2,14,640,3,2,1,1,6,238
201600025000,16,2,14,2020,5,2,5,1,3,238
201600025001,16,2,15,1400,1,2,1,1,6,238
201600025002,16,2,17,1115,1,2,1,1,6,238
201600025003,16,2,17,1930,1,1,3,1,6,278
201600025004,16,2,17,1930,5,2,3,2,6,238
201600025005,16,2,18,1254,1,2,6,1,3,238
201600025006,16,2,18,1820,1,2,3,1,4,238
201600025007,16,2,19,920,1,2,1,1,2,238
201600025008,16,2,16,1033,1,2,3,1,6,238
201600025009,16,2,16,830,1,1,1,1,5,55
201600025010,16,2,21,1845,2,2,5,8,3,238
201600025011,16,2,23,600,3,1,1,2,7,51
201600025012,16,2,23,800,2,2,1,8,2,238
201600025013,16,2,23,1520,1,2,1,1,3,238
201600025014,16,2,24,1240,1,2,1,3,6,55
201600025015,16,2,24,1715,1,2,6,2,6,238
201600025016,16,2,25,2015,5,2,5,1,3,238
201600025017,16,2,26,545,5,2,1,1,6,238
201600025018,16,2,27,1130,1,2,3,1,6,238
201600025019,16,2,27,1800,1,2,5,1,6,238
201600025020,16,2,29,1030,1,2,1,1,6,238
201600025021,16,3,1,1500,1,2,1,3,6,238
201600025022,16,3,2,1730,1,2,1,2,6,238
201600025023,16,3,2,1810,1,2,3,2,3,51
201600025024,16,3,3,1055,1,2,1,2,6,238
201600025025,16,3,3,1155,1,2,2,1,3,238
201600025026,16,3,3,1200,1,2,1,1,3,281
201600025027,16,3,5,948,1,2,2,1,2,238
201600025028,16,3,5,1930,3,1,1,1,7,51
201600025029,16,3,5,1225,1,2,1,1,6,278
201600025030,16,3,6,1820,1,2,2,1,3,238
201600025031,16,3,7,850,1,2,6,8,6,51
201600025032,16,3,7,1545,1,2,3,1,3,238
201600025033,16,3,8,1330,1,2,1,1,4,238
201600025034,16,3,8,1525,1,2,6,1,6,281
201600025035,16,3,9,1436,1,2,1,1,6,238
201600025036,16,3,10,740,2,2,6,1,3,238
201600025037,16,3,10,1742,1,2,1,8,6,238
201600025038,16,3,15,1210,1,2,2,1,3,238
201600025039,16,3,11,130,5,2,2,1,6,238
201600025040,16,3,11,2050,5,2,1,1,7,238
201600025041,16,3,11,1719,1,2,2,1,2,238
201600025042,16,3,12,1910,1,1,1,1,7,278
201600025043,16,3,14,845,1,2,1,1,3,238
201600025044,16,3,14,1340,1,2,3,1,3,238
201600025045,16,3,16,1735,1,2,2,1,6,238
201600025046,16,3,17,1420,1,2,1,1,2,238
201600025047,16,3,20,1215,1,2,1,1,1,238
201600025048,16,3,18,825,1,2,3,1,3,238
201600025049,16,3,18,1255,1,2,3,1,6,238
201600025050,16,3,19,1215,1,1,6,1,3,55
201600025051,16,3,19,1950,1,2,2,1,2,238
201600025052,16,3,20,1645,1,2,3,1,6,238
201600025053,16,3,20,1920,1,2,2,1,6,238
201600025054,16,3,20,715,1,1,1,1,2,281
201600025055,16,3,26,1245,1,2,2,2,3,238
201600025056,16,3,28,2010,1,2,2,1,3,238
201600025057,16,3,30,1825,1,2,1,2,6,238
201600025058,16,3,31,740,1,2,5,1,6,238
201600025059,16,3,31,845,1,2,5,1,4,238
201600025060,16,3,31,1730,1,2,2,1,6,238
201600025061,16,4,1,730,1,2,1,1,3,238
201600025062,16,4,1,1000,1,2,6,1,3,281
201600025063,16,4,1,1720,1,2,1,1,6,238
201600025064,16,4,1,1755,1,2,5,1,4,278
201600025065,16,4,3,2125,5,2,2,1,6,238
201600025066,16,4,4,30,5,2,5,1,7,206
201600025067,16,4,4,1640,1,2,3,1,6,238
201600025068,16,4,5,820,1,2,1,1,6,238
201600025069,16,4,5,1730,1,2,3,1,4,238
201600025070,16,4,7,1825,1,2,6,1,4,238
201600025071,16,4,7,900,1,2,1,1,6,238
201600025072,16,4,7,1530,1,2,2,1,3,281
201600025073,16,4,7,1900,1,1,5,1,1,51
201600025074,16,4,7,1630,1,2,1,1,6,51
201600025075,16,4,8,1610,1,2,1,1,7,238
201600025076,16,4,9,555,5,2,3,2,6,238
201600025077,16,4,10,1910,1,2,1,1,2,238
201600025078,16,4,11,1650,1,2,6,1,3,51
201600025079,16,4,11,1745,1,2,3,1,2,238
201600025080,16,4,13,2025,1,2,1,1,6,238
201600025081,16,4,14,1345,1,2,2,2,3,238
201600025082,16,4,15,1635,1,2,3,1,3,238
201600025083,16,4,16,1130,1,2,5,1,2,238
201600025084,16,4,16,1705,1,2,1,1,2,238
201600025085,16,4,16,2100,2,2,1,1,3,238
201600025086,16,4,17,1425,1,2,2,1,3,238
201600025087,16,4,18,800,1,2,1,1,4,51
201600025088,16,4,18,820,1,2,3,1,3,238
201600025089,16,4,18,830,1,2,1,1,2,238
201600025090,16,4,18,1610,1,2,1,1,6,238
201600025091,16,4,18,1830,1,2,3,1,1,278
201600025092,16,4,18,2020,1,2,3,1,3,238
201600025093,16,4,19,1500,1,2,2,1,3,238
201600025094,16,4,20,650,2,1,1,1,7,51
201600025095,16,4,21,730,1,2,5,1,3,238
201600025096,16,4,24,2220,3,2,2,1,2,238
201600025097,16,4,22,1530,1,2,2,1,3,238
201600025098,16,4,22,1700,1,2,3,1,2,238
201600025099,16,4,22,1620,1,2,1,1,4,238
201600025100,16,4,22,1830,1,2,1,1,4,238
201600025101,16,4,25,1230,1,2,1,1,6,238
201600025102,16,4,25,2040,1,2,3,1,3,238
201600025103,16,4,27,905,1,2,5,1,3,238
201600025104,16,4,28,500,5,2,1,1,2,238
201600025105,16,4,29,800,2,2,2,1,7,238
201600025106,16,4,29,1705,1,2,3,2,3,238
201600025107,16,4,29,1800,1,2,2,3,6,238
201600025108,16,4,30,530,5,2,1,1,6,238
201600025109,16,5,3,742,1,2,3,1,6,281
201600025110,16,5,3,1620,1,2,1,1,7,238
201600025111,16,5,4,845,1,2,1,1,3,238
201600025112,16,5,4,800,1,2,3,1,6,238
201600025113,16,5,4,1900,2,2,6,7,3,238
201600025114,16,5,5,750,2,2,5,1,7,238
201600025115,16,5,5,1820,1,2,6,1,3,281
201600025116,16,5,4,1740,1,2,1,1,3,238
201600025117,16,5,6,1120,1,2,1,1,2,55
201600025118,16,5,8,1720,1,2,1,1,6,238
201600025119,16,5,9,1135,1,2,1,1,6,238
201600025120,16,5,11,1530,1,2,6,1,6,51
201600025121,16,5,12,1340,1,2,1,1,6,278
201600025122,16,5,12,1615,1,2,3,1,1,55
201600025123,16,5,12,1840,1,2,2,1,3,238
201600025124,16,5,17,1100,1,2,3,8,6,238
201600025125,16,5,17,1715,1,2,1,1,6,238
201600025126,16,5,18,5,3,1,1,1,7,278
201600025127,16,5,18,100,5,2,6,1,6,278
201600025128,16,5,19,1650,1,2,1,1,6,238
201600025129,16,5,19,1730,1,2,1,1,6,238
201600025130,16,5,20,840,1,2,2,1,3,238
201600025131,16,5,20,1245,1,2,6,1,1,51
201600025132,16,5,20,1400,1,2,2,1,3,238
201600025133,16,5,22,2300,3,2,1,1,2,238
201600025134,16,5,23,840,1,2,3,1,3,278
201600025135,16,5,30,1015,1,2,1,1,3,238
201600025136,16,5,24,1730,1,2,1,1,3,51
201600025137,16,5,25,1840,1,2,6,1,2,51
201600025138,16,5,28,530,3,2,1,1,6,238
201600025139,16,5,28,1740,1,2,5,1,3,278
201600025140,16,5,26,2100,1,2,1,1,6,238
201600025141,16,5,24,1345,1,1,1,1,1,238
201600025142,16,5,24,1600,1,2,3,1,3,51
201600025143,16,5,28,744,1,2,1,1,2,238
201600025144,16,5,27,1919,1,2,2,1,3,238
201600025145,16,5,29,445,5,2,2,1,3,238
201600025146,16,5,30,930,1,1,1,1,4,278
201600025147,16,5,27,1810,1,2,1,1,6,55
201600025148,16,5,28,1255,1,2,1,1,3,238
201600025149,16,6,2,1300,1,2,2,1,3,238
201600025150,16,6,1,940,1,2,2,8,6,238
201600025151,16,6,3,1810,1,2,1,1,4,238
201600025152,16,6,4,155,3,2,1,1,1,278
201600025153,16,6,5,2100,1,2,2,1,1,238
201600025154,16,6,5,2115,1,2,3,1,3,238
201600025155,16,6,6,755,1,2,6,1,3,55
201600025156,16,6,6,1400,1,2,2,1,3,238
201600025157,16,6,7,820,1,2,2,1,3,238
201600025158,16,6,7,1555,1,2,1,1,3,238
201600025159,16,6,7,1715,1,2,6,1,3,238
201600025160,16,6,7,1830,1,2,1,1,2,238
201600025161,16,6,7,2315,5,2,2,1,3,238
201600025162,16,6,8,830,1,2,1,1,6,238
201600025163,16,6,8,740,1,2,5,1,6,238
201600025164,16,6,8,1825,1,2,2,1,1,238
201600025165,16,6,9,1840,1,2,1,1,3,51
201600025166,16,6,10,840,1,2,6,1,1,238
201600025167,16,6,10,1635,1,2,6,1,3,238
201600025168,16,6,11,500,5,2,6,2,6,238
201600025169,16,6,11,1055,1,2,5,1,6,278
201600025170,16,6,11,2140,1,2,1,2,6,238
201600025171,16,6,11,1120,1,2,2,3,6,238
201600025172,16,6,11,1820,1,2,2,1,3,238
201600025173,16,6,12,830,1,2,3,8,7,238
201600025174,16,6,12,1320,1,2,1,1,6,238
201600025175,16,6,12,2325,5,2,5,1,6,238
201600025176,16,6,13,1450,1,2,1,3,2,51
201600025177,16,6,14,920,1,2,1,1,3,238
201600025178,16,6,14,930,1,2,1,1,6,238
201600025179,16,6,14,1520,1,2,1,8,6,51
201600025180,16,6,14,2150,2,2,1,2,6,238
201600025181,16,6,14,1915,1,2,1,8,5,278
201600025182,16,6,14,2110,1,2,2,3,3,238
201600025183,16,6,15,1055,1,2,1,1,2,51
201600025184,16,6,16,1245,1,2,1,1,4,238
201600025185,16,6,16,1820,1,2,2,1,4,238
201600025186,16,6,17,1235,1,2,7,1,7,238
201600025187,16,6,17,2110,1,2,1,1,3,238
201600025188,16,6,18,1920,1,2,3,1,3,238
201600025189,16,6,18,2140,2,2,1,1,7,51
201600025190,16,6,19,315,5,2,3,1,6,238
201600025191,16,6,19,1400,1,2,2,1,3,238
201600025192,16,6,19,1750,1,2,1,1,6,238
201600025193,16,6,20,1605,1,2,1,1,2,238
201600025194,16,6,20,1715,1,2,1,2,3,238
201600025195,16,6,20,1919,1,1,6,2,7,51
201600025196,16,6,20,1605,1,1,6,3,2,51
201600025197,16,6,22,1210,1,2,3,1,6,238
201600025198,16,6,23,820,1,2,1,3,6,238
201600025199,16,6,22,2210,5,2,6,1,6,51
201600025200,16,6,24,410,5,2,3,1,6,238
201600025201,16,6,24,950,1,2,1,1,3,238
201600025202,16,6,24,1000,1,2,6,1,3,238
201600025203,16,6,24,1525,1,2,1,1,4,206
201600025204,16,6,26,1630,1,2,2,1,6,55
201600025205,16,6,27,1130,1,2,2,1,3,238
201600025206,16,6,27,930,1,2,2,2,7,238
201600025207,16,5,31,1750,1,2,1,1,4,238
201600025208,16,6,27,1740,1,2,2,1,3,238
201600025209,16,6,28,820,1,2,3,1,3,238
201600025210,16,6,28,1530,1,2,1,1,6,238
201600025211,16,6,28,2215,5,2,1,1,3,238
201600025212,16,6,29,808,1,2,1,1,2,51
201600025213,16,6,29,1000,1,2,1,1,6,238
201600025214,16,6,30,20,5,2,1,1,6,238
201600025215,16,6,30,1030,1,2,3,1,3,238
201600025216,16,6,12,630,5,2,2,2,3,238
201600025217,16,6,30,1700,1,2,3,8,5,238
201600025218,16,7,1,1145,1,2,3,1,3,238
201600025219,16,7,1,1700,1,2,1,1,2,238
201600025220,16,7,2,1220,1,2,6,1,6,51
201600025221,16,7,4,1030,1,2,1,1,6,238
201600025222,16,7,4,1300,1,2,3,1,3,238
201600025223,16,7,5,1350,1,2,6,1,6,51
201600025224,16,7,5,1850,1,2,1,1,2,238
201600025225,16,7,7,1530,1,2,6,1,6,278
201600025226,16,4,15,1640,1,2,1,1,2,238
201600025227,16,7,14,100,3,2,5,1,2,238
201600025228,16,7,7,1615,1,2,6,1,5,51
201600025229,16,7,7,1750,1,2,6,1,3,278
201600025230,16,7,7,2050,1,2,2,1,3,238
201600025231,16,7,8,1940,1,2,1,1,3,238
201600025232,16,7,9,1250,1,2,3,1,6,238
201600025233,16,7,12,1040,1,2,1,1,1,238
201600025234,16,7,16,1720,1,2,2,1,3,238
201600025235,16,7,17,735,1,2,1,1,6,238
201600025236,16,7,13,1900,1,1,9,1,2,278
201600025237,16,7,15,1630,1,2,5,1,6,238
201600025238,16,7,15,2030,1,2,5,1,7,238
201600025239,16,7,16,850,1,2,6,1,3,281
201600025240,16,7,16,1850,1,2,2,1,3,238
201600025241,16,7,17,1450,1,2,2,1,2,238
201600025242,16,7,12,1710,1,2,1,1,6,238
201600025243,16,7,17,1949,1,2,2,1,3,238
201600025244,16,7,18,125,3,2,1,1,6,238
201600025245,16,7,18,740,1,2,6,1,2,281
201600025246,16,7,19,1300,1,2,3,1,3,238
201600025247,16,7,19,1200,1,2,1,1,2,238
201600025248,16,7,19,1919,1,2,3,1,3,238
201600025249,16,7,20,830,1,2,6,1,2,238
201600025250,16,7,20,1217,1,2,1,1,3,238
201600025251,16,7,20,1845,1,2,6,1,1,278
201600025252,16,7,21,2040,1,2,1,1,2,238
201600025253,16,7,22,950,1,2,6,1,3,238
201600025254,16,7,22,1215,1,2,1,1,1,238
201600025255,16,7,26,830,1,2,3,1,3,238
201600025256,16,7,26,1307,1,2,3,1,3,55
201600025257,16,7,26,1410,1,2,1,1,3,278
201600025258,16,7,26,1540,1,2,1,1,7,238
201600025259,16,7,27,700,1,2,1,1,7,238
201600025260,16,7,27,1150,1,2,1,1,3,238
201600025261,16,8,8,1545,1,2,5,1,1,238
201600025262,16,8,5,2130,1,2,1,1,6,238
201600025263,16,8,19,1116,1,2,3,2,3,238
201600025264,16,8,24,1730,1,2,2,1,2,238
201600025265,16,8,27,1200,1,2,1,1,4,238
201600025266,16,8,28,1250,1,2,3,1,6,278
201600025267,16,8,19,900,1,2,6,3,3,238
201600025268,16,8,28,1745,1,2,1,1,6,238
201600025269,16,8,20,730,1,2,2,8,3,238
201600025270,16,8,21,930,1,2,2,1,3,238
201600025271,16,8,22,1445,1,2,1,1,6,238
201600025272,16,7,29,1530,1,2,2,1,3,55
201600025273,16,8,3,1645,1,2,1,1,2,238
201600025274,16,8,31,1300,1,2,2,1,4,238
201600025275,16,8,30,1550,1,2,1,1,2,238
201600025276,16,8,29,1850,1,2,1,7,3,238
201600025277,16,8,30,1345,1,2,1,1,1,281
201600025278,16,7,29,1806,1,2,2,1,6,238
201600025279,16,8,16,1504,1,2,3,1,3,238
201600025280,16,8,3,1510,1,2,3,2,3,238
201600025281,16,8,6,827,1,2,9,1,2,238
201600025282,16,8,6,937,1,2,2,1,7,238
201600025283,16,10,6,1035,1,2,2,1,3,238
201600025284,16,10,3,843,1,2,3,1,6,238
201600025285,16,10,9,1252,1,2,6,1,2,55
201600025286,16,10,4,830,1,2,2,1,3,238
201600025287,16,10,5,1431,1,2,1,1,3,238
201600025288,16,10,6,1742,1,2,6,1,3,238
201600025289,16,10,6,2220,5,2,3,1,3,238
201600025290,16,10,6,1704,1,2,3,1,3,238
201600025291,16,10,6,1735,1,2,5,1,3,278
201600025292,16,10,7,954,1,2,2,1,3,238
201600025293,16,10,12,1615,1,2,2,1,2,238
201600025294,16,10,7,1219,1,2,2,1,3,238
201600025295,16,10,7,1524,1,2,6,1,3,55
201600025296,16,10,7,1610,1,2,1,1,3,238
201600025297,16,10,10,1310,1,2,3,1,2,238
201600025298,16,10,11,921,1,1,5,1,4,238
201600025299,16,10,11,820,1,2,1,1,6,238
201600025300,16,9,1,2110,3,2,1,1,6,278
201600025301,16,10,12,824,1,2,6,1,3,238
201600025302,16,9,2,700,4,2,1,1,6,238
201600025303,16,10,12,1730,1,2,1,1,6,238
201600025304,16,9,2,858,1,2,5,1,2,238
201600025305,16,10,12,1811,1,2,6,1,3,238
201600025306,16,9,3,1155,1,2,6,1,6,281
201600025307,16,10,12,1847,1,2,6,1,3,238
201600025308,16,9,3,1230,1,2,1,1,6,238
201600025309,16,10,13,930,1,2,1,1,3,51
201600025310,16,9,4,1931,4,2,2,1,2,238
201600025311,16,10,13,1900,1,2,1,1,3,238
201600025312,16,9,5,1600,1,2,4,1,3,238
201600025313,16,10,13,1918,5,2,1,1,6,238
201600025314,16,9,5,1950,1,2,2,1,6,238
201600025315,16,10,14,218,5,2,1,1,6,238
201600025316,16,9,6,800,1,1,1,1,2,55
201600025317,16,10,14,1010,1,2,6,1,6,238
201600025318,16,9,6,1750,1,2,2,1,6,281
201600025319,16,10,14,1525,1,2,1,1,3,238
201600025320,16,9,3,1930,1,2,2,1,3,238
201600025321,16,10,15,1623,1,2,1,2,4,238
201600025322,16,10,16,1219,1,1,3,1,7,238
201600025323,16,9,7,1000,1,1,1,1,4,238
201600025324,16,10,17,836,1,2,1,1,3,238
201600025325,16,9,7,1256,1,2,6,1,4,278
201600025326,16,10,17,1430,1,2,2,8,3,238
201600025327,16,10,17,2008,5,2,6,1,3,51
201600025328,16,9,8,1720,1,2,2,1,3,238
201600025329,16,10,18,754,5,2,3,1,3,238
201600025330,16,9,8,1750,1,2,2,1,2,51
201600025331,16,10,17,1805,1,2,3,1,3,238
201600025332,16,9,9,1100,1,2,1,1,2,238
201600025333,16,10,18,1159,1,2,2,1,6,238
201600025334,16,9,10,930,1,2,2,1,3,238
201600025335,16,10,19,1239,1,2,2,1,3,238
201600025336,16,9,11,1146,1,2,2,1,6,238
201600025337,16,10,19,1530,1,2,6,1,6,51
201600025338,16,9,12,2355,3,2,6,1,6,206
201600025339,16,10,19,2104,5,2,1,1,1,238
201600025340,16,9,13,845,1,2,2,1,6,238
201600025341,16,10,20,1710,1,2,1,1,2,238
201600025342,16,9,13,837,1,2,1,8,4,281
201600025343,16,10,20,1735,1,2,1,1,6,238
201600025344,16,9,14,1615,1,2,5,1,3,238
201600025345,16,10,21,420,3,2,1,1,6,238
201600025346,16,10,21,958,1,2,6,1,4,278
201600025347,16,8,22,900,1,2,3,1,6,238
201600025348,16,9,16,10,4,2,1,1,6,238
201600025349,16,9,15,830,1,2,1,1,4,281
201600025350,16,10,3,830,1,2,3,1,3,278
201600025351,16,10,25,827,1,2,1,5,3,238
201600025352,16,10,26,1908,3,2,1,1,7,278
201600025353,16,9,16,1140,1,2,6,1,3,55
201600025354,16,10,23,1513,1,2,2,3,2,238
201600025355,16,9,16,1200,1,2,5,1,2,51
201600025356,16,10,23,1845,3,2,1,2,7,238
201600025357,16,10,21,733,5,2,1,8,3,238
201600025358,16,9,17,240,4,2,3,1,3,238
201600025359,16,9,17,1240,1,2,1,1,2,238
201600025360,16,10,24,739,4,2,6,2,7,278
201600025361,16,10,21,915,1,2,1,8,4,238
201600025362,16,9,18,750,2,2,2,2,3,238
201600025363,16,10,25,2314,5,2,1,1,6,238
201600025364,16,10,26,742,5,2,6,8,4,281
201600025365,16,9,18,1040,1,1,5,2,6,238
201600025366,16,10,27,2139,5,2,2,1,1,238
201600025367,16,10,27,1743,1,2,3,1,6,238
201600025368,16,9,19,735,2,2,1,1,7,238
201600025369,16,9,20,857,1,2,1,1,3,238
201600025370,16,10,28,29,5,2,1,1,6,238
201600025371,16,10,28,1825,1,2,2,1,3,238
201600025372,16,10,21,1711,1,2,1,1,3,238
201600025373,16,9,21,1955,1,2,1,1,2,281
201600025374,16,10,28,1840,1,2,1,1,2,238
201600025375,16,9,21,1350,1,2,2,1,3,238
201600025376,16,10,30,1743,1,2,2,1,6,238
201600025377,16,9,21,2015,5,2,2,1,3,238
201600025378,16,10,30,1857,5,2,1,1,1,238
201600025379,16,9,22,1830,1,2,6,1,6,278
201600025380,16,10,27,1814,1,1,1,1,6,238
201600025381,16,10,25,1058,1,2,1,1,7,238
201600025382,16,10,31,1412,1,2,1,1,6,238
201600025383,16,9,23,1235,1,2,1,1,6,238
201600025384,16,10,31,1402,1,2,1,1,7,238
201600025385,16,9,23,1528,1,2,5,1,2,238