Num_Acc,an,mois,jour,hrmn,lum,agg,int,atm,col,com
201600025386,16,9,23,1835,1,2,5,1,4,238
201600025387,16,11,1,1115,1,2,1,1,6,238
201600025388,16,11,1,1546,1,2,1,1,6,238
201600025389,16,11,2,1645,1,1,1,1,6,238
201600025390,16,9,26,1458,1,2,2,1,6,238
201600025391,16,11,3,856,1,1,6,7,3,278
201600025392,16,9,27,1326,1,2,5,1,7,51
201600025393,16,11,3,1323,1,2,3,1,7,238
201600025394,16,11,4,842,1,1,1,1,4,278
201600025395,16,9,28,1530,1,2,2,1,2,238
201600025396,16,11,4,1511,1,2,6,8,6,238
201600025397,16,11,4,646,3,1,9,2,6,281
201600025398,16,9,29,231,5,2,3,2,7,238
201600025399,16,11,4,1230,1,1,6,2,6,51
201600025400,16,9,29,605,5,2,1,2,3,281
201600025401,16,11,6,5,3,1,1,1,6,278
201600025402,16,9,29,808,1,2,1,1,4,278
201600025403,16,11,6,2119,4,2,4,2,7,238
201600025404,16,9,29,1908,3,2,5,2,2,281
201600025405,16,11,7,1529,1,1,1,1,3,51
201600025406,16,9,30,1030,1,2,1,1,7,238
201600025407,16,11,8,909,1,2,2,1,1,238
201600025408,16,9,30,1345,1,2,1,1,3,238
201600025409,16,9,6,832,1,2,1,1,7,238
201600025410,16,9,28,1600,1,2,3,1,7,278
201600025411,16,11,8,2345,3,1,1,2,2,278
201600025412,16,11,8,1700,1,2,3,1,6,238
201600025413,16,11,9,1220,1,2,1,1,6,238
201600025414,16,11,9,1420,1,2,1,1,2,238
201600025415,16,11,9,1728,1,1,1,2,2,238
201600025416,16,11,9,1854,3,1,1,1,4,278
201600025417,16,11,10,2050,3,1,1,1,2,238
201600025418,16,11,10,1547,1,2,1,1,7,51
201600025419,16,11,10,745,5,2,6,2,3,238
201600025420,16,11,11,1940,3,1,1,1,3,278
201600025421,16,11,12,1740,4,1,1,2,4,281
201600025422,16,10,6,1730,1,2,1,1,6,238
201600025423,16,11,11,450,3,1,1,1,6,238
201600025424,16,11,12,1358,1,2,2,2,3,238
201600025425,16,11,12,2252,5,2,2,2,3,238
201600025426,16,11,14,750,2,2,2,1,3,238
201600025427,16,11,15,1257,1,2,1,2,2,238
201600025428,16,11,16,1929,5,2,3,2,3,238
201600025429,16,11,17,230,5,2,1,1,6,238
201600025430,16,11,17,2339,4,2,8,1,7,238
201600025431,16,11,17,828,1,1,6,1,4,281
201600025432,16,11,17,1354,1,2,3,1,3,238
201600025433,16,11,17,1921,5,2,3,1,1,238
201600025434,16,11,18,1526,1,2,1,1,6,238
201600025435,16,11,19,2024,5,2,3,3,4,55
201600025436,16,11,19,1846,3,1,6,2,2,206
201600025437,16,11,21,1811,5,2,2,3,6,238
201600025438,16,11,21,2110,5,2,1,1,3,238
201600025439,16,11,21,1600,1,1,6,1,6,51
201600025440,16,11,21,1401,1,1,6,2,6,51
201600025441,16,11,21,700,3,1,1,1,4,238
201600025442,16,11,22,912,1,1,1,7,5,55
201600025443,16,11,22,1505,1,2,2,1,3,238
201600025444,16,11,22,1745,3,1,1,1,3,55
201600025445,16,11,23,800,1,2,1,1,4,238
201600025446,16,11,24,2201,5,1,3,1,3,238
201600025447,16,11,25,1936,5,2,1,1,7,238
201600025448,16,11,25,1652,1,2,2,1,3,238
201600025449,16,11,26,500,3,1,1,1,7,238
201600025450,16,11,27,146,5,1,2,1,3,238
201600025451,16,11,27,149,5,2,6,1,7,238
201600025452,16,11,26,904,1,2,1,1,6,51
201600025453,16,11,28,1900,3,1,1,1,4,278
201600025454,16,11,28,1452,1,2,1,1,7,51
201600025455,16,11,29,731,5,2,2,1,3,238
201600025456,16,11,29,1434,1,2,3,1,3,51
201600025457,16,11,29,1706,1,2,1,1,3,238
201600025458,16,11,29,1626,1,2,6,1,6,238
201600025459,16,11,29,1222,1,2,6,7,6,238
201600025460,16,11,29,1520,1,2,1,1,6,238
201600025461,16,11,29,1520,1,2,6,7,6,278
201600025462,16,12,18,1945,5,2,2,1,3,238
201600025463,16,11,30,737,5,2,1,1,2,51
201600025464,16,11,30,950,1,2,3,1,6,238
201600025465,16,12,3,1122,1,1,1,1,6,55
201600025466,16,12,4,1507,1,2,2,1,3,238
201600025467,16,12,5,1745,3,1,1,1,4,238
201600025468,16,12,6,1855,5,2,3,1,6,238
201600025469,16,12,7,1811,5,2,2,1,6,238
201600025470,16,12,8,1408,1,2,1,1,3,238
201600025471,16,12,8,1634,1,2,1,1,6,238
201600025472,16,12,9,1402,1,2,2,1,3,238
201600025473,16,12,9,2027,5,2,1,1,6,238
201600025474,16,12,9,730,5,2,1,1,6,238
201600025475,16,3,2,1220,1,2,9,1,1,288
201600025476,16,3,2,1855,2,1,1,8,3,241
201600025477,16,4,8,1715,1,2,1,1,3,288
201600025478,16,3,25,1815,1,2,1,1,6,288
201600025479,16,6,2,1625,1,2,3,1,6,288
201600025480,16,5,26,1430,1,2,6,1,6,93
201600025481,16,7,22,1834,1,2,2,1,1,288
201600025482,16,8,25,2005,1,2,1,1,6,93
201600025483,16,8,5,1930,1,2,3,1,1,288
201600025484,16,9,28,2115,3,1,1,1,1,288
201600025485,16,9,28,1900,1,2,1,1,6,288
201600025486,16,11,12,2040,5,2,1,2,2,288
201600025487,16,11,18,1610,1,2,1,8,2,288
201600025488,16,12,12,1910,2,2,6,1,3,44
201600025489,16,12,14,1411,1,2,6,1,2,44
201600025490,16,12,4,1125,1,2,1,1,6,44
201600025491,16,12,5,1910,2,2,1,1,4,63
201600025492,16,12,13,1440,1,2,1,1,2,44
201600025493,16,12,16,1735,2,2,1,1,6,44
201600025494,16,12,17,1800,2,1,1,1,3,202
201600025495,16,11,23,1030,1,2,1,1,1,63
201600025496,16,11,25,850,3,2,1,8,2,44
201600025497,16,1,9,944,1,1,6,1,6,63
201600025498,16,1,15,1600,1,2,1,1,6,44
201600025499,16,1,5,1233,1,2,1,8,1,44
201600025500,16,1,8,48,5,2,7,1,1,44
201600025501,16,1,16,1230,1,2,3,8,3,44
201600025502,16,1,17,943,1,2,2,1,3,44
201600025503,16,1,23,502,5,2,1,8,6,44
201600025504,16,1,29,1020,1,2,1,1,3,44
201600025505,16,1,25,1810,5,1,1,1,3,159
201600025506,16,2,2,1220,1,2,1,1,3,44
201600025507,16,2,28,625,5,2,1,1,6,44
201600025508,16,2,14,1645,1,2,1,1,3,44
201600025509,16,2,19,2115,5,1,1,1,6,44
201600025510,16,2,19,549,5,2,1,9,6,44
201600025511,16,2,16,1824,2,2,1,1,6,44
201600025512,16,2,26,1345,1,2,2,1,6,44
201600025513,16,2,28,1815,2,2,3,1,3,44
201600025514,16,3,25,1115,1,2,1,1,2,44
201600025515,16,4,6,1950,1,2,1,1,2,44
201600025516,16,3,4,1809,1,1,1,1,4,202
201600025517,16,3,13,2250,5,2,1,1,6,44
201600025518,16,3,1,750,1,1,1,1,6,159
201600025519,16,3,22,1620,1,2,1,1,3,63
201600025520,16,3,18,1848,1,2,3,1,5,44
201600025521,16,3,23,1035,1,2,2,1,3,44
201600025522,16,3,18,2005,5,1,4,1,3,159
201600025523,16,4,12,948,1,2,1,2,1,63
201600025524,16,4,18,2005,2,2,1,1,6,44
201600025525,16,4,19,815,2,2,2,1,3,159
201600025526,16,5,9,1825,1,2,1,8,4,44
201600025527,16,5,14,2216,5,2,1,1,6,44
201600025528,16,5,12,1750,1,1,1,8,4,63
201600025529,16,5,13,115,5,2,1,2,7,44
201600025530,16,5,31,1345,1,2,2,8,3,44
201600025531,16,5,24,1539,1,2,1,1,6,63
201600025532,16,5,22,1500,1,2,1,1,3,44
201600025533,16,5,17,1710,1,2,1,1,6,44
201600025534,16,5,23,900,1,2,1,8,6,63
201600025535,16,5,27,1725,1,2,1,1,3,202
201600025536,16,6,9,1610,1,2,1,1,3,44
201600025537,16,6,13,1845,1,1,1,8,3,159
201600025538,16,6,13,1700,1,1,2,8,3,44
201600025539,16,6,4,630,2,2,1,8,6,63
201600025540,16,6,12,2011,1,2,3,2,3,44
201600025541,16,6,10,1735,1,2,3,1,3,63
201600025542,16,6,10,811,1,2,1,1,4,44
201600025543,16,6,9,1720,1,2,6,1,3,44
201600025544,16,7,21,745,1,2,1,1,1,44
201600025545,16,6,18,1620,1,2,2,1,6,44
201600025546,16,6,26,1448,1,2,1,1,6,44
201600025547,16,7,6,1320,1,1,2,1,1,202
201600025548,16,6,16,1656,1,1,1,1,2,44
201600025549,16,6,10,1734,1,2,1,1,2,63
201600025550,16,7,9,1100,1,2,1,1,4,159
201600025551,16,6,21,1235,1,2,1,8,4,44
201600025552,16,7,18,1100,1,2,1,1,2,44
201600025553,16,7,30,1850,1,2,1,1,4,44
201600025554,16,7,2,1500,1,2,1,1,3,44
201600025555,16,7,27,1830,1,1,1,1,2,159
201600025556,16,7,6,1420,1,2,1,1,6,44
201600025557,16,7,3,1112,1,2,1,8,6,44
201600025558,16,7,15,1250,1,1,1,1,2,44
201600025559,16,8,29,1556,1,1,6,2,6,63
201600025560,16,7,16,1055,1,2,1,1,1,44
201600025561,16,7,18,1256,1,2,2,1,3,63
201600025562,16,7,26,1731,1,2,6,1,3,44
201600025563,16,9,8,1730,1,2,1,1,2,44
201600025564,16,9,7,910,1,2,6,1,2,44
201600025565,16,8,4,1740,1,2,4,1,3,159
201600025566,16,8,13,2035,1,2,1,1,7,44
201600025567,16,8,15,2214,5,2,3,1,3,44
201600025568,16,8,8,1336,1,2,1,8,4,44
201600025569,16,8,3,2120,5,2,7,1,3,44
201600025570,16,9,8,1420,1,2,1,1,6,44
201600025571,16,9,16,1730,1,2,1,1,2,44
201600025572,16,9,9,940,1,2,1,1,6,44
201600025573,16,9,18,2215,5,2,2,1,3,44
201600025574,16,8,23,1604,1,2,1,1,3,44
201600025575,16,9,8,1115,1,1,2,1,3,159
201600025576,16,9,12,828,1,2,1,1,6,44
201600025577,16,9,7,910,1,2,1,1,6,44
201600025578,16,9,10,1710,1,2,2,1,3,44
201600025579,16,9,4,1154,1,2,1,8,6,44
201600025580,16,10,13,1825,2,2,1,1,6,44
201600025581,16,9,17,1610,1,2,1,1,6,44
201600025582,16,9,16,610,2,2,1,1,6,44
201600025583,16,9,24,1445,1,2,1,1,4,202
201600025584,16,10,26,1830,2,1,1,1,6,202
201600025585,16,9,27,1130,1,1,6,1,4,63
201600025586,16,9,17,915,1,1,6,1,3,63
201600025587,16,11,4,1745,2,2,1,2,6,44
201600025588,16,11,15,825,1,2,1,1,6,44
201600025589,16,10,6,1209,1,2,3,1,5,44
201600025590,16,10,4,1337,1,2,3,1,3,44
201600025591,16,10,6,1337,1,2,1,1,2,63
201600025592,16,8,12,2200,5,1,6,1,6,63
201600025593,16,10,29,645,5,1,1,1,6,44
201600025594,16,11,17,1945,5,2,6,3,6,44
201600025595,16,11,4,820,1,2,1,1,2,63
201600025596,16,10,17,1349,1,2,1,1,7,159
201600025597,16,10,21,2150,5,2,1,1,6,44
201600025598,16,10,31,2102,5,2,1,1,6,63
201600025599,16,12,2,940,1,2,2,1,3,44
201600025600,16,12,8,1930,3,1,1,1,3,159
201600025601,16,11,5,1905,2,2,2,8,3,44
201600025602,16,11,7,754,2,1,1,1,6,202
201600025603,16,11,8,1830,3,2,1,1,4,202
201600025604,16,11,11,53,5,2,1,1,2,44
201600025605,16,11,5,1015,1,1,6,1,3,57
201600025606,16,11,3,1547,1,2,1,1,6,63
201600025607,16,12,6,800,1,2,1,1,3,44
201600025608,16,11,7,1415,1,2,1,1,2,44
201600025609,16,11,12,700,3,1,1,1,6,202
201600025610,16,11,3,1853,2,2,1,1,7,44
201600025611,16,11,4,1705,2,2,1,1,7,202
201600025612,16,1,2,1945,5,2,1,1,7,261
201600025613,16,1,3,2125,3,1,1,2,7,122
201600025614,16,1,4,1015,1,2,6,1,7,214
201600025615,16,10,20,835,1,2,1,1,7,122
201600025616,16,1,4,1835,5,2,1,8,7,261
201600025617,16,1,4,1830,5,2,1,2,2,261
201600025618,16,1,5,1140,1,2,1,1,6,261
201600025619,16,1,6,2310,5,2,1,2,2,261
201600025620,16,1,9,1020,1,2,1,1,5,122
201600025621,16,1,9,1410,1,2,1,1,2,261
201600025622,16,1,9,1545,1,2,1,1,2,261
201600025623,16,1,10,1702,2,2,1,8,2,261
201600025624,16,1,11,700,5,2,1,3,3,233
201600025625,16,1,12,1010,1,2,6,1,3,261
201600025626,16,1,12,1557,1,1,1,2,2,195
201600025627,16,1,13,510,5,2,2,1,3,261
201600025628,16,11,7,2106,5,2,6,1,7,261
201600025629,16,1,14,1330,1,2,1,1,6,261
201600025630,16,1,14,2300,3,2,1,1,7,122
201600025631,16,1,15,650,5,2,6,1,7,214
201600025632,16,1,15,741,5,2,3,1,2,261
201600025633,16,1,18,840,1,2,1,4,3,261
201600025634,16,1,19,1235,1,2,1,1,6,261
201600025635,16,1,20,815,1,1,1,1,2,195
201600025636,16,1,20,1510,1,2,2,1,6,261
201600025637,16,1,21,1105,1,2,2,1,3,261
201600025638,16,1,22,135,5,2,1,1,6,261
201600025639,16,11,23,1853,5,2,1,1,4,261
201600025640,16,1,3,2145,4,2,2,2,1,261
201600025641,16,1,22,1825,5,2,1,2,6,261
201600025642,16,1,24,1740,1,2,3,1,3,214
201600025643,16,12,11,1200,1,1,1,1,7,261
201600025644,16,1,25,905,1,2,1,1,3,233
201600025645,16,1,25,900,1,2,1,1,6,214
201600025646,16,1,27,1220,1,2,3,1,2,261
201600025647,16,1,28,840,1,1,1,3,4,195
201600025648,16,1,28,910,1,2,1,2,7,122
201600025649,16,1,28,1620,1,2,1,1,7,195
201600025650,16,1,28,1820,5,2,1,1,2,208
201600025651,16,1,27,2300,5,2,1,2,6,261
201600025652,16,1,28,130,5,2,1,8,7,261
201600025653,16,1,29,1620,1,2,3,1,3,261
201600025654,16,1,30,1412,1,2,1,2,7,261
201600025655,16,1,30,1720,2,2,3,2,1,261
201600025656,16,1,31,1845,5,2,6,1,6,261
201600025657,16,2,1,1518,1,2,1,1,4,233
201600025658,16,2,3,1810,5,2,1,1,3,122
201600025659,16,2,4,1830,1,2,3,1,3,261
201600025660,16,2,4,1815,5,2,1,1,3,208
201600025661,16,2,5,1620,1,2,1,1,3,261
201600025662,16,2,6,1830,5,1,1,1,6,261
201600025663,16,2,6,2200,3,2,1,1,2,122
201600025664,16,2,7,2045,5,2,1,2,7,122
201600025665,16,2,8,1140,1,2,1,1,6,261
201600025666,16,2,8,1900,5,2,1,8,6,261
201600025667,16,2,10,1350,1,2,2,1,6,261
201600025668,16,2,10,1425,1,2,4,1,7,261
201600025669,16,2,10,1725,1,2,1,1,2,261
201600025670,16,2,10,1745,1,2,9,1,6,261
201600025671,16,2,10,1915,5,2,9,1,3,261
201600025672,16,2,10,2200,3,2,1,1,6,261
201600025673,16,2,10,1200,1,2,3,1,7,261
201600025674,16,2,11,2049,3,1,1,1,6,261
201600025675,16,2,13,50,5,2,2,1,3,261
201600025676,16,2,13,1115,1,1,1,2,6,122
201600025677,16,2,14,1335,1,2,1,1,6,261
201600025678,16,2,15,907,1,1,1,8,7,122
201600025679,16,2,15,1525,1,1,2,1,3,261
201600025680,16,2,15,1933,5,2,3,1,3,261
201600025681,16,2,16,851,1,2,1,1,6,122
201600025682,16,2,16,1630,1,2,1,1,7,195
201600025683,16,1,22,1945,3,2,1,1,6,122
201600025684,16,1,18,1200,1,2,1,1,7,195
201600025685,16,2,18,900,1,2,2,4,3,122
201600025686,16,2,18,1000,1,2,3,2,6,261
201600025687,16,2,18,1020,1,1,1,2,6,122
201600025688,16,2,19,605,5,2,1,8,3,261
201600025689,16,2,19,1330,1,2,2,1,5,233
201600025690,16,2,19,1430,1,2,1,1,6,214
201600025691,16,2,19,2053,5,2,1,1,2,233
201600025692,16,2,20,1140,1,2,1,2,2,261
201600025693,16,2,20,1525,1,2,1,1,2,122
201600025694,16,2,21,2200,5,2,2,2,6,261
201600025695,16,2,22,1102,1,2,1,1,3,122
201600025696,16,2,22,1940,5,2,2,8,3,261
201600025697,16,1,23,1910,5,2,1,1,2,261
201600025698,16,2,24,1530,1,2,1,3,1,122
201600025699,16,2,24,2150,5,2,1,2,6,261
201600025700,16,1,18,1355,1,2,1,1,6,261
201600025701,16,2,25,910,1,2,3,1,1,261
201600025702,16,2,26,715,5,2,1,1,2,261
201600025703,16,2,26,1602,1,2,1,1,4,261
201600025704,16,2,29,750,1,2,1,1,6,122
201600025705,16,2,29,715,1,1,3,1,3,122
201600025706,16,3,2,920,1,2,1,2,6,261
201600025707,16,3,2,1730,1,2,2,1,3,261
201600025708,16,3,3,1250,1,2,6,1,3,233
201600025709,16,3,4,210,5,2,2,2,3,261
201600025710,16,3,5,630,5,2,1,2,6,261
201600025711,16,2,29,1117,1,2,2,1,3,261
201600025712,16,3,5,1200,1,2,1,1,4,261
201600025713,16,3,7,849,1,2,1,8,2,261
201600025714,16,3,4,1210,1,2,6,2,7,261
201600025715,16,3,7,1600,1,1,1,1,1,122
201600025716,16,3,8,850,1,2,3,1,3,261
201600025717,16,3,8,941,1,1,1,1,2,122
201600025718,16,3,9,955,1,2,1,1,6,261
201600025719,16,3,10,1125,1,1,1,1,7,122
201600025720,16,3,10,1440,1,2,1,1,7,261
201600025721,16,3,4,2000,5,2,2,2,2,261
201600025722,16,3,12,620,5,2,1,1,1,233
201600025723,16,3,11,1120,1,2,1,1,1,208
201600025724,16,3,12,1110,1,2,1,1,6,261
201600025725,16,3,12,1350,1,2,2,1,3,261
201600025726,16,3,13,455,5,2,6,1,3,261
201600025727,16,3,15,1715,1,2,6,1,3,261
201600025728,16,3,16,730,1,1,1,1,6,122
201600025729,16,3,16,900,1,1,1,1,6,122
201600025730,16,3,18,850,1,2,1,1,3,261
201600025731,16,3,19,545,5,2,1,1,6,233
201600025732,16,3,19,1520,1,2,1,1,6,261
201600025733,16,3,21,955,1,2,2,1,6,122
201600025734,16,3,21,1135,1,2,1,1,7,122
201600025735,16,3,21,1720,1,2,1,1,1,261
201600025736,16,3,22,904,1,2,2,1,3,261
201600025737,16,3,25,1110,1,1,1,2,3,195
201600025738,16,3,25,1950,5,2,6,1,3,214
201600025739,16,4,3,1200,1,2,1,1,6,261
201600025740,16,4,2,2025,1,2,2,1,3,261
201600025741,16,4,3,1642,1,2,1,1,6,261
201600025742,16,4,4,1928,1,2,2,1,3,261
201600025743,16,4,5,1716,1,2,3,1,3,214
201600025744,16,4,7,1440,1,2,4,8,2,208
201600025745,16,4,7,2125,5,2,9,1,5,261
201600025746,16,4,8,1120,1,2,2,1,1,261
201600025747,16,4,10,210,3,2,1,1,7,195
201600025748,16,4,10,1145,1,2,1,1,3,261
201600025749,16,4,13,2210,5,2,1,1,7,261
201600025750,16,4,14,1000,1,2,7,1,6,261
201600025751,16,4,14,1345,1,2,1,2,7,214
201600025752,16,4,11,1215,1,2,3,1,7,261
201600025753,16,4,14,1520,1,2,1,2,7,261
201600025754,16,4,14,1700,1,2,2,2,3,208
201600025755,16,4,15,917,1,2,1,1,3,261
201600025756,16,3,2,845,2,1,1,2,7,122
201600025757,16,3,2,650,5,2,1,3,1,122
201600025758,16,4,16,2320,5,2,1,1,6,261
201600025759,16,4,17,2145,5,2,2,8,3,261
201600025760,16,4,18,810,1,2,1,1,3,122
201600025761,16,4,18,815,1,2,2,1,3,261
201600025762,16,4,18,1100,1,2,1,1,2,261
201600025763,16,4,18,1515,1,1,9,1,4,195
201600025764,16,4,18,1715,1,2,1,1,6,261
201600025765,16,4,19,1225,1,2,1,1,6,261
201600025766,16,4,19,1345,1,2,2,1,3,261
201600025767,16,4,19,1530,1,2,9,1,6,261
201600025768,16,3,18,920,1,2,1,1,1,261
201600025769,16,3,23,845,1,2,1,1,7,261
201600025770,16,4,20,1745,1,2,1,1,7,261
201600025771,16,4,21,1810,1,2,1,1,6,261
201600025772,16,4,22,1230,1,2,2,1,3,261
201600025773,16,4,23,2205,5,2,1,1,6,261
201600025774,16,4,25,800,1,1,1,1,4,122
201600025775,16,4,26,1648,1,2,1,1,6,261
201600025776,16,4,27,1245,1,2,1,1,2,233
201600025777,16,4,28,1130,1,2,1,1,3,261
201600025778,16,4,29,1435,1,2,1,1,3,261
201600025779,16,4,29,1705,1,2,1,8,6,261
201600025780,16,4,29,415,5,2,1,1,7,261
201600025781,16,4,30,1545,1,2,2,1,4,261
201600025782,16,5,1,2025,2,2,1,1,7,261
201600025783,16,4,29,1200,1,2,1,1,6,208
201600025784,16,5,3,1005,1,2,1,1,3,261
201600025785,16,5,3,1800,1,2,1,1,3,261
201600025786,16,5,6,800,1,2,1,1,3,261
201600025787,16,5,6,600,5,2,1,1,6,214
201600025788,16,5,6,950,1,2,2,1,3,261
201600025789,16,5,6,2045,2,2,2,1,7,233
201600025790,16,5,7,1835,1,2,1,1,2,233
201600025791,16,5,10,1720,1,1,1,1,3,233
201600025792,16,5,10,1210,1,2,1,2,7,261
201600025793,16,5,14,540,5,2,2,1,6,261
201600025794,16,5,14,2105,5,2,2,1,7,261
201600025795,16,5,14,1915,1,2,2,1,3,195
201600025796,16,5,11,2215,5,2,1,8,1,233
201600025797,16,5,16,2025,1,2,6,1,2,261
201600025798,16,5,17,1040,1,2,1,1,2,261
201600025799,16,5,17,2000,1,2,3,1,3,261
201600025800,16,5,18,1700,1,2,1,1,2,233
201600025801,16,5,18,2220,5,2,3,3,3,261
201600025802,16,5,19,1210,1,2,3,1,3,122
201600025803,16,5,20,850,1,2,2,1,3,261
201600025804,16,5,21,5,5,2,2,1,3,261
201600025805,16,5,20,1220,1,2,1,1,6,261
201600025806,16,5,21,1155,1,2,2,1,3,261
201600025807,16,5,21,2030,1,2,1,1,7,214
201600025808,16,5,21,2005,1,2,1,1,3,233
201600025809,16,5,23,1730,1,2,3,1,6,261
201600025810,16,5,23,2100,2,1,9,1,6,261
201600025811,16,5,25,505,5,2,2,1,3,261
201600025812,16,5,25,1220,1,2,2,1,3,261
201600025813,16,5,26,640,1,1,6,1,6,122
201600025814,16,5,26,1440,1,2,1,1,6,261
201600025815,16,5,28,1455,1,2,1,1,6,261
201600025816,16,5,29,230,3,2,1,1,1,233
201600025817,16,5,30,900,1,2,1,1,2,214
201600025818,16,5,31,1035,1,2,2,2,3,261
201600025819,16,5,31,1217,1,2,6,3,2,261
201600025820,16,5,31,1400,1,2,2,2,3,261
201600025821,16,5,31,2105,1,1,1,1,6,261
201600025822,16,6,1,145,3,1,1,1,6,195
201600025823,16,6,1,535,4,2,1,2,7,261
201600025824,16,6,1,1235,1,2,2,1,2,261
201600025825,16,6,1,1620,1,2,6,1,2,214
201600025826,16,6,1,1925,1,2,1,2,6,233
201600025827,16,6,3,1540,1,2,6,1,7,122
201600025828,16,6,5,850,1,2,1,1,7,214
201600025829,16,6,5,1625,1,1,1,1,6,122
201600025830,16,6,6,510,5,2,1,1,3,261
201600025831,16,6,6,731,1,2,1,1,6,261
201600025832,16,6,7,1512,1,2,1,7,6,261
201600025833,16,6,7,1925,1,2,1,1,3,261
201600025834,16,6,7,1000,1,2,1,1,7,261
201600025835,16,6,8,1115,1,2,2,1,3,261
201600025836,16,6,8,1254,1,2,1,1,3,261
201600025837,16,6,8,1415,1,2,1,1,7,261
201600025838,16,6,10,1715,1,2,1,1,4,261
201600025839,16,6,11,55,3,2,1,8,6,195
201600025840,16,6,11,925,1,2,1,8,7,214
201600025841,16,6,11,2130,2,2,1,2,1,261
201600025842,16,6,12,2000,1,1,3,1,1,208
201600025843,16,6,13,1700,1,2,1,8,7,261
201600025844,16,6,14,1345,1,2,1,1,2,122
201600025845,16,6,15,20,5,2,1,2,6,261
201600025846,16,6,15,1330,1,2,6,1,3,261
201600025847,16,6,15,1405,1,2,1,1,7,261
201600025848,16,6,15,1545,1,2,1,1,2,122
201600025849,16,6,3,1455,1,2,6,1,7,195
201600025850,16,6,17,830,1,2,3,1,3,122
201600025851,16,6,17,1445,1,1,1,1,7,122
201600025852,16,6,17,1900,1,2,2,3,6,261
201600025853,16,6,20,1615,1,2,1,1,6,261
201600025854,16,6,21,1925,1,2,1,1,1,261
201600025855,16,6,22,118,5,2,3,1,3,214
201600025856,16,6,22,2035,1,2,1,1,3,261
201600025857,16,6,24,1550,1,2,3,1,2,122
201600025858,16,6,24,2315,5,2,1,1,2,261
201600025859,16,6,27,1140,1,2,1,1,6,261
201600025860,16,6,29,915,1,2,2,1,6,261
201600025861,16,6,29,1645,1,2,1,1,6,261
201600025862,16,7,1,1015,1,2,1,1,6,122
201600025863,16,7,1,1709,1,2,1,1,6,261
201600025864,16,5,7,1825,1,2,1,1,2,261
201600025865,16,7,3,1850,1,2,1,1,7,261
201600025866,16,7,3,1917,1,2,6,2,7,208
201600025867,16,7,3,1210,1,2,1,1,2,122
201600025868,16,7,4,1525,1,1,1,1,2,122
201600025869,16,7,5,1115,1,2,1,1,6,261
201600025870,16,7,5,1905,1,2,6,1,7,122
201600025871,16,7,7,850,1,2,4,1,6,122
201600025872,16,7,7,1305,1,2,1,1,3,261
201600025873,16,7,7,2040,1,2,1,1,3,261
201600025874,16,7,8,1640,1,2,1,1,3,214
201600025875,16,7,9,1723,1,2,1,1,6,122
201600025876,16,7,10,145,5,2,1,1,6,261
201600025877,16,7,12,240,5,2,9,1,7,261
201600025878,16,7,12,1010,1,2,3,1,3,261
201600025879,16,7,12,1610,1,2,1,1,7,233
201600025880,16,7,13,855,1,2,3,1,7,261
201600025881,16,7,9,2333,5,2,1,1,7,261
201600025882,16,7,18,1040,1,2,6,1,3,233
201600025883,16,7,18,1655,1,1,1,1,6,122
201600025884,16,7,20,1120,1,2,3,1,3,261
201600025885,16,7,20,1815,1,2,1,1,7,122
201600025886,16,7,21,640,1,2,1,1,1,233
201600025887,16,7,22,1840,1,2,2,1,3,122
201600025888,16,7,23,1815,1,2,2,1,7,261
201600025889,16,7,24,35,5,2,2,1,3,261
201600025890,16,7,24,1710,1,2,2,1,1,261
201600025891,16,6,10,1136,1,2,1,1,7,208
201600025892,16,7,27,1728,1,2,6,1,3,214
201600025893,16,8,1,2023,1,2,1,1,6,261
201600025894,16,8,2,1030,1,2,1,1,7,261
201600025895,16,8,2,1600,1,2,1,1,3,122
201600025896,16,8,3,1408,1,2,1,1,3,261
201600025897,16,8,4,1045,1,2,6,2,4,261
201600025898,16,8,4,1220,1,1,1,2,3,261
201600025899,16,8,4,1740,1,2,1,1,2,208
201600025900,16,8,5,2000,1,2,1,1,6,261
201600025901,16,8,6,2140,5,2,1,1,6,233
201600025902,16,8,7,640,1,2,3,1,3,261
201600025903,16,8,6,1720,1,2,1,1,1,208
201600025904,16,8,7,1940,1,2,9,1,6,261
201600025905,16,8,9,1510,1,2,3,1,2,261
201600025906,16,8,11,1130,1,2,2,1,3,195
201600025907,16,8,12,745,1,2,2,1,3,261
201600025908,16,8,12,1700,1,2,1,1,3,233
201600025909,16,8,12,1505,1,1,1,1,7,261
201600025910,16,8,12,2135,5,2,1,1,1,122
201600025911,16,8,14,900,1,2,1,1,6,261
201600025912,16,7,12,1034,1,2,1,1,7,122
201600025913,16,8,16,1145,1,2,2,1,6,261
201600025914,16,8,17,1240,1,2,2,1,7,261
201600025915,16,8,17,1105,1,2,1,1,2,214
201600025916,16,8,18,1250,1,2,6,1,7,261
201600025917,16,8,18,1745,1,2,1,1,3,233
201600025918,16,8,12,2005,1,2,3,1,6,208
201600025919,16,8,18,1055,1,2,1,1,2,195
201600025920,16,8,20,640,2,2,1,1,6,214
201600025921,16,8,20,1100,1,2,9,1,6,122
201600025922,16,8,19,1500,1,2,1,1,6,122
201600025923,16,8,21,1945,1,2,1,1,2,261