Num_Acc,an,mois,jour,hrmn,lum,agg,int,atm,col,com
201600025924,16,4,15,1229,1,2,1,1,2,261
201600025925,16,8,22,932,1,1,3,1,7,261
201600025926,16,8,22,1710,1,2,1,1,6,214
201600025927,16,8,23,940,1,2,1,1,2,261
201600025928,16,8,23,1240,1,2,2,1,6,122
201600025929,16,8,23,1400,1,2,2,1,6,261
201600025930,16,8,24,1205,1,2,3,1,6,261
201600025931,16,8,24,1355,1,2,2,1,7,261
201600025932,16,8,25,940,1,2,1,1,6,261
201600025933,16,8,24,2010,1,2,1,1,6,261
201600025934,16,8,25,1330,1,1,1,1,7,195
201600025935,16,8,25,1515,1,2,2,1,3,261
201600025936,16,8,29,1215,1,1,1,1,2,122
201600025937,16,9,1,1800,1,2,1,1,6,261
201600025938,16,9,2,1919,1,2,3,1,3,122
201600025939,16,9,4,140,5,2,2,1,6,261
201600025940,16,9,2,1140,1,2,1,1,6,261
201600025941,16,9,5,1535,1,2,3,1,3,122
201600025942,16,9,6,810,1,2,3,1,2,122
201600025943,16,9,6,830,1,2,1,1,3,214
201600025944,16,9,7,900,1,2,1,7,6,214
201600025945,16,9,7,1340,1,2,1,1,6,233
201600025946,16,9,8,1015,1,2,2,1,3,208
201600025947,16,9,7,1855,1,2,3,1,6,122
201600025948,16,9,8,1845,1,2,1,1,6,261
201600025949,16,9,9,945,1,2,3,1,1,261
201600025950,16,9,10,1730,1,2,1,1,6,261
201600025951,16,9,11,1915,1,2,1,1,7,261
201600025952,16,9,12,1545,1,2,1,1,7,195
201600025953,16,9,13,1800,1,2,3,1,3,208
201600025954,16,9,15,2250,5,2,1,1,6,261
201600025955,16,9,16,1623,1,1,1,2,7,122
201600025956,16,9,16,1620,1,2,1,3,7,122
201600025957,16,9,16,1630,1,2,1,2,6,261
201600025958,16,9,16,2225,3,1,1,1,7,261
201600025959,16,9,19,1650,1,2,2,8,2,261
201600025960,16,9,20,1400,1,2,6,1,3,261
201600025961,16,9,22,815,1,2,1,1,6,233
201600025962,16,9,23,1759,1,2,1,1,7,122
201600025963,16,9,24,1645,1,2,1,1,2,233
201600025964,16,9,29,750,2,2,1,1,3,261
201600025965,16,9,30,847,1,2,3,1,3,233
201600025966,16,9,30,800,1,1,1,1,2,214
201600025967,16,9,30,1730,1,2,6,2,3,233
201600025968,16,10,3,1320,1,2,3,1,7,122
201600025969,16,10,3,1740,1,2,3,1,7,122
201600025970,16,10,4,915,1,2,6,1,7,261
201600025971,16,10,4,1445,1,2,1,1,7,261
201600025972,16,10,4,1940,2,2,1,1,1,233
201600025973,16,10,5,745,1,1,1,1,7,208
201600025974,16,10,5,950,1,2,1,1,6,195
201600025975,16,10,5,1730,1,2,1,1,1,122
201600025976,16,10,5,1850,1,2,1,1,6,261
201600025977,16,10,6,1550,1,2,1,1,4,261
201600025978,16,10,7,1108,1,2,2,1,3,261
201600025979,16,10,7,1725,1,2,6,1,6,122
201600025980,16,10,9,1550,1,1,6,1,7,261
201600025981,16,10,7,1745,1,2,1,1,6,261
201600025982,16,10,10,1340,1,2,2,1,3,261
201600025983,16,10,10,1358,1,2,4,1,2,195
201600025984,16,10,11,1400,1,2,1,1,2,261
201600025985,16,10,11,1720,1,2,2,1,4,261
201600025986,16,10,11,2115,5,2,2,1,2,261
201600025987,16,10,11,2225,5,2,3,1,3,261
201600025988,16,10,12,1700,1,2,1,1,1,261
201600025989,16,10,13,710,5,2,3,1,3,122
201600025990,16,10,13,1750,2,2,3,2,2,122
201600025991,16,10,14,100,5,2,6,8,6,233
201600025992,16,10,14,1840,5,1,2,1,3,214
201600025993,16,10,15,935,1,2,1,1,6,208
201600025994,16,10,15,1930,5,2,1,1,3,261
201600025995,16,10,16,2115,5,2,1,1,7,233
201600025996,16,10,20,1515,1,2,1,1,7,261
201600025997,16,10,20,1830,2,2,9,1,6,233
201600025998,16,10,19,1510,1,2,1,1,6,261
201600025999,16,10,21,1530,1,2,3,1,3,208
201600026000,16,10,22,1220,1,2,9,1,3,195
201600026001,16,10,19,1145,1,2,3,1,3,261
201600026002,16,10,24,1340,1,2,1,2,7,233
201600026003,16,10,24,1355,1,2,1,2,6,261
201600026004,16,10,24,1725,1,1,1,1,7,261
201600026005,16,9,2,1159,1,2,3,1,1,214
201600026006,16,10,25,1620,1,2,3,1,3,261
201600026007,16,10,25,1120,1,1,2,1,3,233
201600026008,16,10,25,1020,1,2,3,1,3,122
201600026009,16,10,26,805,1,1,1,1,6,261
201600026010,16,10,27,600,5,2,3,1,6,261
201600026011,16,10,27,1055,1,2,1,1,6,261
201600026012,16,9,9,1743,1,1,1,1,6,208
201600026013,16,10,28,930,1,2,1,1,4,261
201600026014,16,10,28,1600,1,2,6,1,3,261
201600026015,16,10,30,1800,5,2,1,1,7,261
201600026016,16,11,1,1023,1,1,1,5,2,261
201600026017,16,11,2,515,5,2,1,5,7,261
201600026018,16,11,2,1745,5,2,1,1,6,261
201600026019,16,11,2,2030,5,2,1,1,3,261
201600026020,16,11,4,1835,1,2,1,1,6,261
201600026021,16,11,5,1030,1,2,6,1,7,261
201600026022,16,11,5,1545,1,2,6,1,3,214
201600026023,16,11,5,1515,1,2,1,1,3,233
201600026024,16,11,6,1730,1,2,3,1,3,214
201600026025,16,11,7,1020,1,2,2,2,1,261
201600026026,16,11,7,1800,5,2,1,2,4,122
201600026027,16,11,7,1450,1,2,1,1,7,261
201600026028,16,11,7,2050,5,2,1,3,3,261
201600026029,16,11,10,1000,1,2,2,1,6,261
201600026030,16,11,10,825,1,2,3,1,3,122
201600026031,16,11,10,1205,1,2,1,1,4,261
201600026032,16,11,12,1725,5,2,1,2,2,233
201600026033,16,11,12,2115,5,2,2,2,3,208
201600026034,16,11,13,2255,5,2,1,1,6,214
201600026035,16,10,24,1420,1,2,1,2,3,261
201600026036,16,11,15,1840,5,2,1,2,4,261
201600026037,16,11,16,810,2,2,1,1,6,261
201600026038,16,11,16,910,1,1,1,1,6,195
201600026039,16,11,16,900,1,2,1,2,6,122
201600026040,16,11,13,1115,1,2,1,1,6,122
201600026041,16,11,16,1240,1,2,3,1,3,261
201600026042,16,11,16,1320,1,2,1,1,2,261
201600026043,16,11,16,2100,5,2,6,2,3,233
201600026044,16,11,17,905,1,2,6,1,5,261
201600026045,16,11,16,1835,5,2,1,3,6,122
201600026046,16,11,17,1830,5,2,1,1,2,261
201600026047,16,11,18,1810,5,2,2,2,6,261
201600026048,16,11,18,2145,5,2,6,3,2,261
201600026049,16,11,19,1510,1,2,3,1,3,261
201600026050,16,11,21,820,1,2,1,1,6,233
201600026051,16,11,22,750,1,2,3,1,3,208
201600026052,16,11,22,820,1,2,1,1,7,261
201600026053,16,11,22,1720,1,2,1,1,6,261
201600026054,16,11,23,900,1,2,2,2,3,261
201600026055,16,11,27,1120,1,2,2,1,7,195
201600026056,16,11,28,45,5,2,3,1,6,122
201600026057,16,11,28,1430,1,2,6,1,3,233
201600026058,16,9,29,2110,3,1,9,1,7,122
201600026059,16,11,30,1340,1,2,1,1,6,261
201600026060,16,11,30,1549,1,2,1,1,3,261
201600026061,16,12,1,1000,1,2,1,1,6,233
201600026062,16,12,1,2045,5,2,3,1,5,261
201600026063,16,12,2,845,1,2,2,1,3,261
201600026064,16,12,2,1010,1,2,1,1,7,233
201600026065,16,11,29,1208,1,2,1,1,2,261
201600026066,16,11,29,1110,1,2,1,1,3,233
201600026067,16,12,2,1525,1,2,2,1,6,261
201600026068,16,12,2,1835,5,2,2,1,1,208
201600026069,16,12,2,2200,3,1,1,1,6,195
201600026070,16,12,2,2025,5,2,6,1,3,261
201600026071,16,12,6,1,3,2,1,8,6,122
201600026072,16,12,8,1730,5,2,6,1,6,261
201600026073,16,12,6,1159,1,2,6,1,6,208
201600026074,16,12,6,1216,1,2,1,1,2,261
201600026075,16,12,12,830,1,2,2,1,6,261
201600026076,16,12,13,1930,5,2,1,1,4,261
201600026077,16,12,13,2125,5,2,2,1,3,261
201600026078,16,12,15,915,1,2,1,1,4,261
201600026079,16,12,15,1310,1,2,1,7,6,122
201600026080,16,12,15,1845,5,2,1,1,3,122
201600026081,16,12,15,1920,3,2,1,1,6,261
201600026082,16,12,19,2210,3,2,1,1,6,122
201600026083,16,12,21,1735,3,2,1,2,2,261
201600026084,16,12,21,1725,5,2,2,2,3,122
201600026085,16,12,21,1845,5,2,1,2,6,122
201600026086,16,12,21,1910,4,2,1,3,2,261
201600026087,16,12,22,1350,1,2,1,1,3,122
201600026088,16,12,22,1450,1,2,6,1,7,261
201600026089,16,12,22,1150,1,2,1,8,6,261
201600026090,16,12,23,1055,1,2,2,5,6,261
201600026091,16,12,23,1555,1,2,1,1,2,261
201600026092,16,12,23,2005,5,2,1,1,6,122
201600026093,16,12,24,1125,1,2,1,1,7,261
201600026094,16,12,26,708,5,2,6,2,7,261
201600026095,16,12,27,1540,1,2,1,1,3,214
201600026096,16,12,27,1700,2,2,4,1,2,208
201600026097,16,12,28,1545,1,2,3,1,3,261
201600026098,16,12,28,115,5,2,2,1,3,261
201600026099,16,1,22,1800,5,2,1,2,6,261
201600026100,16,1,3,1640,1,1,3,1,3,53
201600026101,16,2,9,1015,1,2,1,1,3,53
201600026102,16,2,21,1900,5,2,1,1,6,53
201600026103,16,4,6,1100,1,2,1,2,6,53
201600026104,16,4,14,2150,5,2,2,1,3,53
201600026105,16,4,21,1720,1,2,1,1,6,53
201600026106,16,5,6,2050,2,2,1,1,2,53
201600026107,16,5,17,1153,1,2,9,1,6,53
201600026108,16,5,19,943,1,2,1,8,6,53
201600026109,16,7,18,1823,1,1,9,1,6,53
201600026110,16,8,1,910,1,2,1,1,6,53
201600026111,16,8,7,1345,1,2,1,1,1,53
201600026112,16,8,8,1555,1,2,2,1,3,53
201600026113,16,11,4,800,1,2,2,1,3,53
201600026114,16,11,18,420,5,2,3,1,3,53
201600026115,16,12,9,1845,5,2,9,1,3,53
201600026116,16,1,7,1900,5,2,1,2,1,185
201600026117,16,1,8,1135,1,1,1,2,6,229
201600026118,16,1,15,1030,1,2,3,1,3,169
201600026119,16,1,17,1450,1,2,1,1,2,185
201600026120,16,1,29,1800,5,2,2,1,3,185
201600026121,16,2,5,2110,5,2,1,1,2,421
201600026122,16,2,6,1825,5,2,1,1,6,185
201600026123,16,2,14,630,3,2,1,1,2,185
201600026124,16,2,15,1150,1,2,1,1,6,421
201600026125,16,2,13,2238,3,1,1,1,7,421
201600026126,16,2,17,1930,5,2,7,1,6,185
201600026127,16,2,25,1230,1,1,1,3,4,185
201600026128,16,2,26,1225,1,2,3,1,3,185
201600026129,16,3,1,1210,1,2,3,1,6,185
201600026130,16,3,8,1438,1,2,1,2,3,185
201600026131,16,3,12,920,1,2,1,1,6,185
201600026132,16,3,12,1215,1,2,1,1,6,185
201600026133,16,3,14,1800,2,2,1,1,6,179
201600026134,16,3,15,1500,1,2,1,1,3,151
201600026135,16,3,18,630,2,1,1,1,6,151
201600026136,16,3,18,1530,1,2,1,1,6,151
201600026137,16,3,20,1055,1,2,6,1,3,185
201600026138,16,3,21,1340,1,2,1,1,6,421
201600026139,16,3,23,1630,1,2,1,1,6,169
201600026140,16,3,25,225,5,2,1,1,6,185
201600026141,16,3,29,1815,1,2,1,1,6,185
201600026142,16,4,2,2030,1,2,1,1,2,516
201600026143,16,4,12,1125,1,2,1,1,6,185
201600026144,16,4,18,730,1,2,1,1,6,169
201600026145,16,4,27,1411,1,2,1,1,4,185
201600026146,16,4,29,1820,1,2,1,1,5,516
201600026147,16,5,4,1258,1,2,9,1,1,185
201600026148,16,5,4,1440,1,2,1,1,2,151
201600026149,16,5,7,1935,1,2,1,1,2,421
201600026150,16,5,9,2300,5,2,9,2,1,421
201600026151,16,5,10,850,1,2,3,1,3,185
201600026152,16,5,10,2215,5,2,1,1,6,185
201600026153,16,5,15,1920,1,2,1,1,1,185
201600026154,16,5,21,540,4,2,2,1,6,185
201600026155,16,5,21,1725,1,2,2,1,3,151
201600026156,16,5,23,745,1,2,1,2,6,185
201600026157,16,5,25,545,2,2,3,1,3,185
201600026158,16,5,28,215,3,1,1,1,2,185
201600026159,16,5,28,1715,1,2,1,1,6,169
201600026160,16,6,7,1945,1,2,1,1,6,185
201600026161,16,6,8,1750,1,2,1,1,4,151
201600026162,16,6,12,1630,1,2,1,1,6,185
201600026163,16,6,19,1645,1,2,9,2,6,185
201600026164,16,6,23,415,5,2,3,1,1,185
201600026165,16,6,27,1400,1,2,2,1,3,185
201600026166,16,6,28,1655,1,1,1,1,6,383
201600026167,16,6,29,645,1,1,1,1,6,382
201600026168,16,6,29,1155,1,2,2,1,3,185
201600026169,16,6,29,1605,1,2,4,1,6,185
201600026170,16,7,2,1520,1,2,1,1,6,421
201600026171,16,7,3,1800,1,2,1,1,6,185
201600026172,16,7,5,750,1,2,9,1,6,185
201600026173,16,7,7,10,5,2,2,1,7,185
201600026174,16,7,7,940,1,1,1,1,6,185
201600026175,16,7,8,1730,1,2,2,1,4,185
201600026176,16,7,8,2350,5,2,1,1,6,185
201600026177,16,7,9,1030,1,1,1,1,1,179
201600026178,16,7,9,2320,5,2,3,1,5,185
201600026179,16,7,10,750,1,2,2,1,6,185
201600026180,16,7,12,1200,1,2,1,1,6,185
201600026181,16,7,21,1045,1,2,4,1,6,185
201600026182,16,7,21,1550,1,2,1,1,6,421
201600026183,16,7,23,545,2,1,1,8,2,185
201600026184,16,7,29,920,1,2,1,1,6,516
201600026185,16,7,31,640,1,1,1,1,6,185
201600026186,16,8,2,1730,1,2,2,1,6,421
201600026187,16,8,3,1500,1,2,2,1,3,421
201600026188,16,8,15,2210,5,2,2,1,6,185
201600026189,16,8,16,1500,1,1,1,1,5,111
201600026190,16,8,21,1940,1,2,1,1,6,185
201600026191,16,8,27,100,3,1,1,1,7,423
201600026192,16,9,1,1400,1,2,4,1,6,185
201600026193,16,9,8,1820,1,2,2,1,6,185
201600026194,16,9,9,920,1,2,5,1,4,185
201600026195,16,9,11,1054,1,2,1,1,6,185
201600026196,16,9,15,955,1,2,2,1,3,185
201600026197,16,9,17,1205,1,1,1,2,2,185
201600026198,16,9,21,1842,1,1,1,1,6,185
201600026199,16,9,22,800,1,1,1,1,1,179
201600026200,16,9,29,825,1,1,1,1,1,516
201600026201,16,9,30,750,1,2,3,1,6,185
201600026202,16,9,30,2105,5,1,1,1,6,516
201600026203,16,10,6,1835,1,1,1,1,2,185
201600026204,16,10,7,1040,1,2,1,1,6,151
201600026205,16,10,7,1750,1,2,3,1,6,185
201600026206,16,10,10,2032,5,2,2,1,6,185
201600026207,16,10,12,1530,1,2,3,1,6,421
201600026208,16,10,15,1930,1,2,1,1,3,151
201600026209,16,10,16,615,1,2,1,1,2,185
201600026210,16,10,17,1226,1,2,2,1,1,185
201600026211,16,10,20,1640,1,2,1,1,2,516
201600026212,16,10,22,1424,1,2,2,1,6,185
201600026213,16,10,28,2020,4,1,1,1,5,185
201600026214,16,10,29,2145,1,1,1,1,6,185
201600026215,16,10,29,2359,4,1,1,1,2,185
201600026216,16,11,4,1845,5,2,3,1,6,185
201600026217,16,11,5,2240,5,2,3,2,3,185
201600026218,16,11,8,750,1,2,1,8,6,185
201600026219,16,11,16,1440,1,2,2,1,6,185
201600026220,16,11,19,945,1,2,2,1,7,169
201600026221,16,11,21,1645,1,2,2,9,6,185
201600026222,16,11,24,1930,5,2,1,2,1,185
201600026223,16,11,25,1750,5,1,1,1,4,516
201600026224,16,11,26,620,3,1,5,2,7,185
201600026225,16,12,1,740,1,2,2,1,3,185
201600026226,16,12,9,820,1,1,1,1,1,185
201600026227,16,12,9,1045,1,2,3,8,6,169
201600026228,16,12,9,1820,5,2,1,1,4,185
201600026229,16,12,10,2320,5,2,3,1,6,185
201600026230,16,12,13,1910,5,1,2,1,6,185
201600026231,16,12,13,830,1,2,1,1,6,185
201600026232,16,12,16,1330,1,2,1,1,6,185
201600026233,16,12,20,910,1,2,1,1,2,185
201600026234,16,12,21,2000,4,1,1,1,6,185
201600026235,16,12,22,1100,1,2,3,1,6,185
201600026236,16,12,23,337,5,2,6,2,6,516
201600026237,16,10,2,430,5,2,1,1,6,544
201600026238,16,11,12,1755,5,1,1,2,6,544
201600026239,16,1,9,2220,4,1,1,1,2,544
201600026240,16,9,30,1355,1,1,2,1,5,318
201600026241,16,11,17,1545,1,2,1,1,6,544
201600026242,16,3,8,1820,2,2,1,1,3,544
201600026243,16,10,14,808,2,2,1,3,6,544
201600026244,16,3,8,1845,1,2,1,1,3,544
201600026245,16,10,14,2053,5,2,2,2,3,318
201600026246,16,10,14,1135,1,1,1,1,1,544
201600026247,16,5,25,1200,1,2,1,1,6,544
201600026248,16,10,12,1540,1,1,4,1,1,318
201600026249,16,11,11,2132,1,1,1,1,1,544
201600026250,16,4,3,1655,1,2,1,1,2,544
201600026251,16,6,29,1016,1,1,1,1,3,318
201600026252,16,6,5,1445,1,2,1,1,1,544
201600026253,16,9,17,30,3,1,1,1,1,544
201600026254,16,9,19,1730,2,2,1,1,6,544
201600026255,16,10,12,1250,1,2,1,1,6,544
201600026256,16,1,2,1920,5,2,4,2,6,563
201600026257,16,1,26,1905,5,2,1,1,2,563
201600026258,16,1,27,1755,2,1,1,1,6,563
201600026259,16,3,4,1100,1,2,3,2,3,563
201600026260,16,3,1,1205,1,2,1,1,2,563
201600026261,16,3,18,1715,1,2,3,1,3,563
201600026262,16,4,18,2100,5,2,1,2,2,563
201600026263,16,5,13,815,1,1,1,3,4,563
201600026264,16,6,6,1540,1,2,4,1,3,563
201600026265,16,7,12,1100,1,2,6,2,6,563
201600026266,16,7,12,1943,1,2,1,3,4,563
201600026267,16,9,4,1745,1,2,1,1,3,563
201600026268,16,9,17,950,1,2,9,3,2,563
201600026269,16,9,18,1445,1,2,1,1,5,563
201600026270,16,10,4,1030,1,2,1,1,2,563
201600026271,16,10,7,735,1,2,3,1,5,563
201600026272,16,11,12,1000,1,2,1,1,2,563
201600026273,16,11,13,1400,1,1,1,2,1,563
201600026274,16,11,18,635,5,2,1,1,6,563
201600026275,16,12,14,1755,2,2,1,1,1,563
201600026276,16,1,4,935,1,1,1,3,1,198
201600026277,16,1,6,1830,3,1,1,2,6,233
201600026278,16,1,20,2010,5,2,1,1,6,198
201600026279,16,3,21,1420,1,1,1,1,1,198
201600026280,16,3,15,1640,1,1,1,1,7,198
201600026281,16,6,19,1050,1,2,1,8,6,198
201600026282,16,7,15,1300,1,1,1,7,7,198
201600026283,16,7,24,615,2,1,1,8,7,198
201600026284,16,7,28,1855,1,2,6,1,6,150
201600026285,16,9,22,1040,1,2,1,1,6,198
201600026286,16,10,16,1925,2,1,1,1,2,198
201600026287,16,10,19,1740,1,2,3,1,3,198
201600026288,16,10,30,1735,5,2,1,1,6,198
201600026289,16,11,19,2230,3,1,1,1,5,233
201600026290,16,12,3,145,5,2,1,1,6,198
201600026291,16,2,1,1640,1,2,2,1,3,300
201600026292,16,4,14,1515,1,2,1,1,6,300
201600026293,16,4,21,2100,3,1,1,1,6,362
201600026294,16,7,2,925,1,2,1,1,6,362
201600026295,16,7,10,1100,1,2,3,1,6,300
201600026296,16,9,22,705,1,2,3,1,3,300
201600026297,16,10,13,1800,2,2,1,3,6,362
201600026298,16,10,14,2010,5,1,1,2,6,300
201600026299,16,11,5,1825,5,2,1,3,6,300
201600026300,16,11,7,1345,1,2,1,1,6,300
201600026301,16,12,13,1420,1,2,1,1,6,300
201600026302,16,12,3,1240,1,2,2,1,5,279
201600026303,16,3,17,1315,1,1,1,1,5,279
201600026304,16,2,4,550,3,1,6,1,3,88
201600026305,16,5,18,845,1,2,1,1,6,279
201600026306,16,4,17,1110,1,1,1,1,1,279
201600026307,16,3,23,2050,5,2,3,1,3,279
201600026308,16,4,21,1620,1,1,1,2,1,279
201600026309,16,6,30,1330,1,2,2,1,1,279
201600026310,16,7,24,1850,1,2,1,1,6,88
201600026311,16,5,11,1945,1,2,1,1,7,88
201600026312,16,9,3,1930,1,2,1,1,6,88
201600026313,16,7,9,1555,1,2,3,1,3,88
201600026314,16,10,29,1530,1,2,1,1,6,88
201600026315,16,11,29,720,5,2,2,5,3,88
201600026316,16,1,12,1535,1,2,1,2,4,192
201600026317,16,12,24,910,1,1,1,2,6,192
201600026318,16,2,2,1810,5,2,3,1,3,192
201600026319,16,1,13,755,5,2,3,1,3,192
201600026320,16,2,11,1555,1,2,3,8,3,192
201600026321,16,2,24,1505,1,1,3,1,3,281
201600026322,16,4,15,1200,1,2,1,1,6,192
201600026323,16,5,16,811,1,1,6,1,7,192
201600026324,16,5,27,1235,1,2,1,1,4,192
201600026325,16,7,24,920,1,2,1,1,3,192
201600026326,16,8,1,2050,1,2,1,1,2,192
201600026327,16,8,5,810,1,2,6,7,3,192
201600026328,16,8,9,1830,1,2,6,1,3,281
201600026329,16,8,12,1000,1,1,1,1,3,192
201600026330,16,8,19,515,5,1,1,1,6,192
201600026331,16,8,31,1850,1,2,9,1,3,192
201600026332,16,9,13,1125,1,2,1,1,6,192
201600026333,16,11,16,1900,5,2,6,1,3,192
201600026334,16,12,10,1923,5,2,1,1,6,192
201600026335,16,10,17,1740,1,2,1,1,6,18
201600026336,16,11,26,2122,5,2,1,1,3,18
201600026337,16,1,9,920,1,2,1,1,1,18
201600026338,16,1,14,1505,1,1,1,2,5,18
201600026339,16,1,27,1100,1,2,1,1,6,18
201600026340,16,1,28,755,5,2,1,2,6,18
201600026341,16,1,29,1145,1,2,3,1,3,47
201600026342,16,2,5,2120,3,1,1,1,7,295
201600026343,16,1,16,1410,1,2,1,1,5,18
201600026344,16,1,28,1905,5,2,3,1,1,18
201600026345,16,2,10,850,1,2,1,1,6,18
201600026346,16,2,12,1538,1,2,3,2,3,18
201600026347,16,2,19,1540,1,1,1,1,2,18
201600026348,16,2,24,1805,1,2,6,2,2,18
201600026349,16,2,27,1220,1,2,1,1,6,18
201600026350,16,2,27,1720,1,2,1,1,3,18
201600026351,16,3,8,1031,1,1,1,1,2,18
201600026352,16,3,29,1650,1,2,1,2,1,212
201600026353,16,3,30,1500,1,2,1,1,1,47
201600026354,16,3,31,1800,1,2,1,2,3,18
201600026355,16,3,8,1209,1,2,2,1,6,18
201600026356,16,4,1,1510,1,2,1,1,6,18
201600026357,16,4,8,2110,5,2,1,1,7,295
201600026358,16,4,11,1400,1,2,3,2,3,47
201600026359,16,4,14,1620,1,1,1,2,2,18
201600026360,16,4,20,1510,1,2,1,1,3,18
201600026361,16,4,16,1550,1,2,1,2,2,18
201600026362,16,4,27,1335,1,2,6,1,3,212
201600026363,16,4,28,1613,1,2,1,1,6,18
201600026364,16,4,28,1640,1,2,3,1,3,18
201600026365,16,5,4,800,1,2,9,1,3,18
201600026366,16,4,29,2330,5,2,3,1,3,18
201600026367,16,5,7,1625,1,2,1,1,3,18
201600026368,16,5,11,1730,1,2,1,1,3,18
201600026369,16,5,13,1355,1,1,1,2,2,47
201600026370,16,5,21,1050,1,1,1,1,7,18
201600026371,16,5,23,810,1,2,1,2,3,18
201600026372,16,5,24,1730,1,2,6,1,2,18
201600026373,16,5,20,1745,1,2,1,1,6,18
201600026374,16,6,3,2130,2,2,1,1,7,295
201600026375,16,6,2,1940,1,2,2,1,3,18
201600026376,16,6,12,1900,1,2,1,2,2,18
201600026377,16,6,13,1840,1,2,1,1,1,18
201600026378,16,6,23,1325,1,1,1,1,4,18
201600026379,16,6,27,1220,1,2,1,1,6,18
201600026380,16,6,28,1205,1,2,2,1,3,212
201600026381,16,6,15,835,1,2,1,1,6,18
201600026382,16,7,20,340,3,1,1,1,7,295
201600026383,16,7,25,1855,1,2,6,1,4,18
201600026384,16,7,31,2100,1,2,1,1,1,18
201600026385,16,8,12,1825,1,2,2,1,3,18
201600026386,16,8,22,1735,1,2,1,1,4,47
201600026387,16,8,24,1310,1,2,1,1,2,295
201600026388,16,9,13,1730,1,1,1,1,2,18
201600026389,16,9,15,800,1,2,1,2,7,18
201600026390,16,9,15,1650,1,2,1,1,2,18
201600026391,16,8,17,1640,1,2,1,1,1,18
201600026392,16,8,28,447,3,1,1,1,2,295
201600026393,16,10,6,1720,1,1,1,1,4,295
201600026394,16,10,14,1025,1,2,1,1,7,18
201600026395,16,10,14,908,1,2,1,1,2,18
201600026396,16,10,17,700,5,2,1,1,6,18
201600026397,16,10,1,1955,5,2,1,1,3,18
201600026398,16,10,30,550,5,2,1,5,7,18
201600026399,16,11,5,930,1,2,3,1,3,18
201600026400,16,11,7,1223,1,2,1,2,7,18
201600026401,16,11,10,345,3,1,1,1,7,295
201600026402,16,11,23,2235,5,2,1,1,7,18
201600026403,16,11,20,1200,1,2,1,1,2,18
201600026404,16,12,7,930,1,2,1,1,6,47
201600026405,16,12,7,1300,1,2,1,1,2,295
201600026406,16,11,23,1750,5,2,1,1,6,18
201600026407,16,12,1,1730,5,2,1,1,4,47
201600026408,16,12,15,745,2,2,1,1,3,295
201600026409,16,12,22,1350,1,2,3,2,3,295
201600026410,16,12,23,1355,1,2,1,1,6,18
201600026411,16,1,5,1210,1,2,2,1,3,269
201600026412,16,12,23,1610,1,2,5,1,1,226
201600026413,16,1,15,1600,1,2,2,1,6,269
201600026414,16,1,21,1740,2,2,3,1,3,269
201600026415,16,2,25,1640,1,2,1,1,6,269
201600026416,16,3,16,920,1,2,3,1,6,269
201600026417,16,5,5,255,4,2,1,1,6,226
201600026418,16,5,10,2230,5,2,9,1,3,226
201600026419,16,5,31,1600,1,1,1,2,1,269
201600026420,16,6,18,20,5,2,7,2,6,269
201600026421,16,6,26,1820,1,2,6,1,5,269
201600026422,16,6,26,1842,1,2,3,1,3,269
201600026423,16,7,7,1745,1,2,1,1,2,269
201600026424,16,9,17,1955,1,2,3,1,1,269
201600026425,16,10,27,1710,1,1,1,1,3,226
201600026426,16,11,4,1730,1,2,1,1,2,269
201600026427,16,11,6,558,3,1,1,1,6,3
201600026428,16,11,28,415,3,1,1,1,6,269
201600026429,16,12,31,1005,1,2,1,1,6,316
201600026430,16,1,20,825,1,2,1,1,6,183
201600026431,16,1,27,1800,1,2,1,1,1,44
201600026432,16,1,27,1925,5,2,1,1,3,95
201600026433,16,1,29,1720,1,1,3,1,1,99
201600026434,16,2,5,915,1,2,1,1,6,183
201600026435,16,2,12,1720,1,2,1,1,6,316
201600026436,16,2,21,1315,1,1,1,1,6,183
201600026437,16,3,4,1945,5,1,1,3,6,316
201600026438,16,4,4,1010,1,2,1,8,1,44
201600026439,16,4,7,1100,1,2,1,1,1,44
201600026440,16,4,22,1055,1,2,1,1,6,44
201600026441,16,5,12,1445,1,2,1,1,1,31
201600026442,16,5,18,1730,1,1,3,1,3,316
201600026443,16,5,29,125,5,2,1,1,6,44
201600026444,16,6,7,1325,1,2,1,1,5,95
201600026445,16,6,22,1415,1,1,1,1,1,31
201600026446,16,7,3,2045,1,1,1,1,1,95
201600026447,16,7,18,2105,1,2,1,1,6,183
201600026448,16,10,4,945,1,2,1,1,6,95
201600026449,16,10,23,2145,5,2,1,1,2,183
201600026450,16,11,5,1725,5,2,1,2,6,95
201600026451,16,11,17,1653,1,2,3,1,3,187
201600026452,16,11,19,1630,1,1,1,1,1,170
201600026453,16,11,23,300,5,2,9,1,6,187
201600026454,16,11,25,1730,5,2,1,1,6,71
201600026455,16,11,30,1450,1,2,3,1,3,187
201600026456,16,12,7,1415,1,2,4,1,3,187
201600026457,16,12,11,1440,1,2,1,1,1,187
201600026458,16,12,13,1810,2,2,1,1,6,187