Num_Acc,an,mois,jour,hrmn,lum,agg,int,atm,col,com
201600026459,16,12,17,101,5,2,1,1,6,127
201600026460,16,12,19,1810,5,2,1,2,7,184
201600026461,16,12,20,1854,2,2,3,1,3,127
201600026462,16,12,20,1650,2,2,1,3,7,127
201600026463,16,1,3,1050,1,2,3,1,3,187
201600026464,16,1,3,1830,5,2,1,2,6,187
201600026465,16,1,7,1155,1,2,1,2,2,187
201600026466,16,1,7,1615,1,1,1,1,7,170
201600026467,16,1,8,1210,1,2,3,1,3,187
201600026468,16,1,9,1550,1,2,1,1,7,127
201600026469,16,1,14,1015,1,2,2,1,3,184
201600026470,16,1,23,1615,1,2,2,1,3,184
201600026471,16,1,28,1758,5,2,1,1,6,187
201600026472,16,2,2,1355,1,1,1,1,7,170
201600026473,16,2,3,1835,5,2,2,2,3,184
201600026474,16,2,4,1010,1,1,1,1,7,170
201600026475,16,2,4,1821,5,2,2,1,6,187
201600026476,16,2,6,150,5,2,1,1,7,127
201600026477,16,2,7,1625,1,2,1,1,6,184
201600026478,16,2,9,1106,1,2,3,6,6,187
201600026479,16,2,10,850,1,2,6,1,3,127
201600026480,16,2,12,1850,5,2,2,2,1,187
201600026481,16,2,16,1400,1,2,2,1,3,127
201600026482,16,2,24,850,1,2,1,2,6,187
201600026483,16,2,26,1405,1,2,1,1,2,184
201600026484,16,2,26,1530,1,2,1,1,3,187
201600026485,16,2,28,1525,1,2,6,1,7,187
201600026486,16,3,3,1110,1,2,3,2,2,187
201600026487,16,3,4,2015,5,2,1,2,7,187
201600026488,16,3,5,1700,1,2,2,1,3,187
201600026489,16,3,7,1945,5,2,2,2,3,187
201600026490,16,3,8,1610,1,2,3,1,3,187
201600026491,16,3,15,1035,1,2,1,1,3,127
201600026492,16,3,22,1210,1,2,1,1,2,187
201600026493,16,3,22,1740,1,2,2,1,3,187
201600026494,16,3,23,1740,1,1,1,1,6,187
201600026495,16,3,25,1141,1,2,1,1,2,187
201600026496,16,3,26,1208,1,2,7,1,3,187
201600026497,16,4,3,1025,1,1,1,2,1,170
201600026498,16,4,10,1120,1,2,3,1,3,127
201600026499,16,4,14,1355,1,2,2,1,3,187
201600026500,16,4,29,1740,1,1,1,1,4,187
201600026501,16,4,30,1915,2,2,2,2,5,71
201600026502,16,5,3,1310,1,2,2,1,3,184
201600026503,16,5,3,2113,5,2,1,1,7,184
201600026504,16,5,7,1040,1,1,1,1,1,170
201600026505,16,5,9,1223,1,2,2,1,3,187
201600026506,16,5,18,1845,1,2,1,1,2,187
201600026507,16,5,12,1345,1,2,2,1,3,187
201600026508,16,5,17,830,1,2,2,1,6,187
201600026509,16,5,18,1700,1,2,2,1,3,187
201600026510,16,5,19,1740,1,2,2,1,3,184
201600026511,16,5,20,1415,1,1,2,1,3,184
201600026512,16,5,23,1650,1,2,1,2,3,187
201600026513,16,5,23,1830,1,2,1,2,5,71
201600026514,16,5,26,1120,1,2,6,1,3,187
201600026515,16,6,6,1310,1,2,3,1,3,187
201600026516,16,6,7,1230,1,2,6,1,3,184
201600026517,16,6,9,1900,1,2,1,1,4,71
201600026518,16,6,11,1100,1,1,2,1,3,170
201600026519,16,6,13,1700,1,2,2,2,3,187
201600026520,16,6,15,1220,1,2,2,2,3,187
201600026521,16,6,16,1815,1,1,1,1,7,170
201600026522,16,6,17,1430,1,1,1,1,1,127
201600026523,16,6,22,1700,1,2,1,1,7,184
201600026524,16,6,24,1550,1,2,3,1,6,187
201600026525,16,6,30,2030,2,2,2,1,3,187
201600026526,16,7,1,205,5,2,6,1,1,187
201600026527,16,7,1,1720,1,2,1,1,4,71
201600026528,16,7,4,833,1,2,1,1,6,187
201600026529,16,7,7,1830,1,2,1,1,2,127
201600026530,16,7,9,1950,1,1,2,1,3,187
201600026531,16,7,10,2132,1,2,1,1,3,187
201600026532,16,7,16,1030,1,1,2,1,6,71
201600026533,16,7,18,1220,1,2,6,1,3,184
201600026534,16,7,20,1820,1,2,1,1,7,187
201600026535,16,7,21,1530,1,2,1,2,6,187
201600026536,16,7,22,1940,1,2,1,9,6,170
201600026537,16,7,29,1745,1,2,1,1,6,184
201600026538,16,7,30,2110,2,2,1,1,6,170
201600026539,16,8,5,1025,1,2,6,1,1,187
201600026540,16,8,19,1010,1,2,2,1,3,187
201600026541,16,8,27,1505,1,2,1,1,2,71
201600026542,16,8,30,1800,1,2,1,1,3,187
201600026543,16,8,30,1810,1,2,3,1,3,71
201600026544,16,9,1,900,1,2,6,1,1,184
201600026545,16,9,1,2113,1,2,1,1,7,184
201600026546,16,9,2,1030,1,2,3,1,3,187
201600026547,16,9,4,1855,1,2,3,1,6,187
201600026548,16,9,6,1910,2,2,3,1,3,187
201600026549,16,9,6,1535,1,2,3,1,3,187
201600026550,16,9,8,805,1,2,7,7,6,187
201600026551,16,9,10,1645,1,2,1,1,6,127
201600026552,16,9,11,940,1,2,9,1,1,184
201600026553,16,9,13,1010,1,2,1,1,2,187
201600026554,16,9,14,1355,1,2,3,1,3,71
201600026555,16,9,16,1640,1,2,1,2,2,184
201600026556,16,10,4,1500,1,2,1,1,6,127
201600026557,16,10,4,1140,1,2,3,1,6,187
201600026558,16,10,9,1530,1,2,3,1,5,184
201600026559,16,10,12,1640,1,2,3,1,3,71
201600026560,16,10,12,2119,5,2,3,1,3,187
201600026561,16,10,14,1625,1,2,3,3,3,127
201600026562,16,10,15,1105,1,2,3,1,6,187
201600026563,16,10,19,1456,1,2,7,1,4,71
201600026564,16,10,19,1740,1,2,1,1,6,187
201600026565,16,10,19,1936,5,2,3,1,2,187
201600026566,16,10,27,1311,1,2,1,1,6,187
201600026567,16,10,27,2014,5,2,6,1,1,187
201600026568,16,10,29,1000,1,2,1,1,6,187
201600026569,16,11,2,1445,1,2,1,1,7,187
201600026570,16,11,3,805,2,2,9,5,6,184
201600026571,16,11,6,1825,2,2,3,2,6,184
201600026572,16,11,7,1222,1,2,1,2,6,127
201600026573,16,11,4,2312,5,2,2,1,3,187
201600026574,16,11,9,800,1,2,3,3,3,184
201600026575,16,11,10,1820,2,2,1,2,3,170
201600026576,16,11,10,1405,1,2,1,2,6,71
201600026577,16,11,11,935,1,2,9,2,6,184
201600026578,16,11,12,1018,1,2,1,1,1,187
201600026579,16,11,16,1215,1,2,1,1,1,187
201600026580,16,11,16,1853,4,2,1,1,4,71
201600026581,16,12,22,1450,1,2,1,1,6,218
201600026582,16,12,30,1920,3,1,1,1,4,218
201600026583,16,12,28,1210,1,2,2,1,3,218
201600026584,16,1,5,1130,1,2,1,1,6,218
201600026585,16,1,7,2000,1,2,1,1,3,218
201600026586,16,1,14,1315,1,2,1,1,6,218
201600026587,16,4,1,1728,1,2,1,1,6,218
201600026588,16,1,23,225,5,2,1,2,6,218
201600026589,16,1,31,1920,5,2,3,2,3,218
201600026590,16,2,12,1200,1,2,1,1,3,218
201600026591,16,2,17,1025,1,2,1,1,3,218
201600026592,16,2,13,2030,5,2,3,1,3,218
201600026593,16,1,2,1439,1,2,2,1,3,218
201600026594,16,3,12,1705,1,2,3,1,1,218
201600026595,16,3,14,820,1,2,1,1,6,218
201600026596,16,3,19,1215,1,2,3,1,3,218
201600026597,16,1,2,1537,1,2,1,1,6,218
201600026598,16,1,7,1210,1,2,1,1,7,218
201600026599,16,1,15,319,5,2,1,1,7,218
201600026600,16,3,11,1730,1,1,1,1,4,330
201600026601,16,3,4,735,1,2,1,2,6,218
201600026602,16,1,16,1121,1,2,1,8,6,275
201600026603,16,1,22,1226,1,2,1,1,3,218
201600026604,16,4,1,1725,1,2,3,2,6,218
201600026605,16,3,1,1015,1,2,6,1,6,218
201600026606,16,2,5,1329,1,2,1,1,6,218
201600026607,16,2,10,1152,1,2,1,1,6,218
201600026608,16,3,31,740,1,2,1,1,6,218
201600026609,16,4,11,1830,1,1,1,1,4,189
201600026610,16,4,12,820,1,2,1,1,6,218
201600026611,16,4,14,1130,1,2,1,1,6,218
201600026612,16,4,23,1,5,2,3,2,3,218
201600026613,16,4,22,1745,1,2,1,1,6,218
201600026614,16,2,21,1424,1,2,3,1,2,218
201600026615,16,4,28,1300,1,2,3,1,3,218
201600026616,16,3,6,2130,5,2,1,1,6,218
201600026617,16,3,7,1535,1,2,2,1,3,218
201600026618,16,4,13,1525,1,2,2,8,6,218
201600026619,16,4,13,1650,1,2,3,2,1,218
201600026620,16,4,12,1114,1,2,1,1,6,218
201600026621,16,3,22,1720,1,2,1,1,6,218
201600026622,16,4,14,900,1,1,1,1,4,305
201600026623,16,3,25,1400,1,2,1,1,6,218
201600026624,16,5,10,1120,1,2,1,2,4,218
201600026625,16,5,15,525,5,2,1,1,6,305
201600026626,16,5,20,1500,1,2,1,1,6,218
201600026627,16,5,20,1655,1,2,1,1,2,218
201600026628,16,5,20,1730,1,2,1,1,6,218
201600026629,16,5,21,1900,1,2,1,1,1,218
201600026630,16,5,27,1810,1,2,3,1,6,218
201600026631,16,5,25,1020,1,2,1,1,3,218
201600026632,16,5,31,1600,1,2,1,2,6,218
201600026633,16,6,2,1710,1,2,1,3,6,218
201600026634,16,6,6,2010,1,1,1,1,3,218
201600026635,16,5,2,1539,1,2,2,1,6,218
201600026636,16,5,5,1838,1,2,1,1,6,218
201600026637,16,6,2,1640,1,2,1,3,6,218
201600026638,16,6,12,839,1,2,1,1,6,218
201600026639,16,6,10,1250,1,2,1,1,6,218
201600026640,16,6,13,950,1,2,1,1,1,218
201600026641,16,6,17,2100,2,2,1,1,1,218
201600026642,16,6,17,1755,1,2,2,1,6,218
201600026643,16,6,18,1133,1,2,2,1,3,218
201600026644,16,6,22,1732,1,2,1,1,6,218
201600026645,16,6,29,710,1,2,1,1,6,305
201600026646,16,4,24,1810,1,1,2,1,3,218
201600026647,16,6,11,1000,1,2,1,1,7,218
201600026648,16,6,28,1920,1,2,1,1,3,218
201600026649,16,6,21,1340,1,2,3,1,3,218
201600026650,16,6,30,1820,1,2,1,1,6,218
201600026651,16,7,8,905,1,2,1,1,6,218
201600026652,16,7,11,1035,1,2,1,8,6,218
201600026653,16,7,13,1830,1,2,3,1,3,218
201600026654,16,7,22,1520,1,1,1,2,4,223
201600026655,16,7,26,2300,5,2,3,1,3,218
201600026656,16,7,22,950,1,1,1,1,6,330
201600026657,16,7,28,2315,5,2,1,1,2,218
201600026658,16,8,1,925,1,2,1,1,6,218
201600026659,16,8,3,950,1,2,1,1,6,305
201600026660,16,8,2,1341,1,2,1,1,2,218
201600026661,16,8,6,1910,1,2,1,1,4,218
201600026662,16,8,2,2116,1,2,3,1,3,218
201600026663,16,8,5,1452,1,2,3,1,3,218
201600026664,16,8,30,320,5,1,1,1,6,189
201600026665,16,6,8,1734,1,2,2,1,3,218
201600026666,16,9,1,1625,1,2,1,1,6,218
201600026667,16,7,13,1545,1,2,3,1,3,218
201600026668,16,7,2,1850,1,2,3,1,3,218
201600026669,16,7,1,1315,1,1,1,1,7,223
201600026670,16,9,3,1440,1,2,1,1,6,218
201600026671,16,9,9,2245,5,2,1,1,7,218
201600026672,16,9,13,1510,1,2,2,1,1,218
201600026673,16,9,17,2100,5,2,1,2,3,218
201600026674,16,8,15,1235,1,2,1,1,6,218
201600026675,16,9,16,940,1,2,1,1,6,218
201600026676,16,9,20,1315,1,2,1,1,2,218
201600026677,16,9,21,1625,1,2,1,1,4,330
201600026678,16,9,25,1410,1,2,1,1,7,218
201600026679,16,9,24,2106,5,2,1,1,6,218
201600026680,16,9,28,1800,1,2,3,1,6,218
201600026681,16,8,30,1546,1,2,3,1,6,218
201600026682,16,9,25,1950,5,2,1,3,1,218
201600026683,16,10,5,2045,4,1,4,1,3,218
201600026684,16,10,9,1304,1,2,1,1,6,218
201600026685,16,10,15,1810,2,2,3,1,3,218
201600026686,16,9,4,733,1,1,1,1,7,218
201600026687,16,10,18,1905,5,2,1,1,3,218
201600026688,16,9,12,1700,1,2,1,1,6,218
201600026689,16,10,31,2105,5,2,3,1,3,218
201600026690,16,10,21,1530,1,2,1,1,6,218
201600026691,16,11,5,1800,5,1,2,3,3,218
201600026692,16,11,6,1725,2,2,2,2,7,218
201600026693,16,11,13,1130,2,2,3,8,6,218
201600026694,16,11,13,1020,1,2,1,1,6,237
201600026695,16,11,14,1645,2,2,3,1,6,218
201600026696,16,11,11,1630,1,2,1,1,5,218
201600026697,16,11,12,200,5,2,1,1,6,218
201600026698,16,11,15,1210,1,2,1,1,2,275
201600026699,16,11,17,1137,1,2,3,1,1,218
201600026700,16,11,22,1321,1,2,3,3,6,218
201600026701,16,11,29,930,1,2,9,1,2,218
201600026702,16,11,16,1428,1,2,1,1,6,218
201600026703,16,11,30,1015,1,2,1,1,6,218
201600026704,16,11,29,1955,5,2,1,1,2,189
201600026705,16,12,6,1740,2,1,3,1,4,218
201600026706,16,12,6,1325,1,1,3,1,6,218
201600026707,16,10,29,1540,1,2,1,1,6,218
201600026708,16,12,7,1055,1,2,1,1,7,218
201600026709,16,12,10,120,5,2,1,1,7,218
201600026710,16,12,13,1500,1,2,1,1,6,218
201600026711,16,12,17,1515,1,2,1,1,6,218
201600026712,16,1,21,1950,5,2,1,1,6,186
201600026713,16,12,1,1630,1,2,1,1,6,123
201600026714,16,2,3,1740,1,1,1,1,3,186
201600026715,16,2,10,1855,4,2,1,1,6,207
201600026716,16,2,14,1140,1,1,1,1,1,259
201600026717,16,3,5,1150,1,2,1,1,3,225
201600026718,16,4,7,1450,1,2,1,1,6,186
201600026719,16,4,7,1635,1,2,1,1,4,207
201600026720,16,4,27,1450,1,2,3,1,1,225
201600026721,16,5,28,30,3,1,1,1,6,259
201600026722,16,6,30,1345,1,2,1,1,2,186
201600026723,16,7,5,1840,1,2,1,1,4,207
201600026724,16,7,9,1000,1,2,1,1,6,110
201600026725,16,9,21,830,1,2,1,1,6,207
201600026726,16,9,27,1545,1,2,4,1,3,207
201600026727,16,10,1,1940,3,1,1,2,3,207
201600026728,16,10,4,1815,1,2,1,1,2,110
201600026729,16,10,4,1515,1,2,1,1,3,186
201600026730,16,10,7,2130,5,2,1,1,3,207
201600026731,16,12,20,1755,5,2,3,1,3,110
201600026732,16,12,15,1750,5,2,1,1,6,46
201600026733,16,1,8,1000,1,2,1,1,3,157
201600026734,16,12,24,1940,5,2,1,1,6,41
201600026735,16,1,29,1955,5,2,1,1,6,157
201600026736,16,2,1,1435,1,2,1,1,2,157
201600026737,16,12,27,1645,1,2,1,1,6,41
201600026738,16,2,3,1115,1,2,1,1,6,46
201600026739,16,4,15,1825,1,2,7,1,6,41
201600026740,16,5,5,1020,1,1,6,1,3,41
201600026741,16,6,1,1715,1,2,1,1,2,251
201600026742,16,6,3,750,1,2,3,1,3,157
201600026743,16,6,27,1700,1,2,1,1,6,157
201600026744,16,6,24,1905,1,2,1,1,1,157
201600026745,16,7,26,1340,1,2,1,1,3,157
201600026746,16,8,2,1229,1,2,1,1,6,157
201600026747,16,8,12,655,1,2,1,1,6,157
201600026748,16,9,6,1420,1,2,1,1,4,157
201600026749,16,9,7,1350,1,2,1,1,6,157
201600026750,16,10,5,1220,1,2,1,1,3,157
201600026751,16,10,11,840,1,2,1,1,6,41
201600026752,16,10,13,1320,1,2,3,2,6,157
201600026753,16,11,7,1515,1,2,1,1,6,157
201600026754,16,11,8,1550,1,2,1,1,6,157
201600026755,16,12,2,1740,5,2,1,1,6,41
201600026756,16,1,8,1931,5,2,1,3,6,55
201600026757,16,1,14,1200,1,2,3,1,3,55
201600026758,16,1,15,1528,1,1,2,3,1,132
201600026759,16,2,3,2145,5,2,1,1,6,135
201600026760,16,2,24,2123,5,2,1,2,6,55
201600026761,16,3,5,108,5,2,1,2,6,132
201600026762,16,4,1,405,4,2,1,1,6,55
201600026763,16,4,2,753,1,2,1,1,6,55
201600026764,16,4,14,1810,1,2,1,1,6,55
201600026765,16,5,8,1250,1,2,2,1,3,132
201600026766,16,5,21,1145,1,2,3,1,3,132
201600026767,16,5,23,1955,1,1,1,1,1,55
201600026768,16,5,27,1720,1,2,1,1,2,55
201600026769,16,6,5,1823,1,2,6,1,7,55
201600026770,16,6,30,1140,1,2,6,1,3,132
201600026771,16,7,4,1505,1,2,2,1,3,132
201600026772,16,7,16,1410,1,2,1,1,6,55
201600026773,16,7,14,1140,1,2,1,1,7,55
201600026774,16,8,5,1630,1,2,2,1,3,132
201600026775,16,8,6,1515,1,2,1,1,3,135
201600026776,16,8,13,1950,1,2,2,1,6,132
201600026777,16,8,15,1850,1,2,1,1,1,135
201600026778,16,8,27,2057,1,2,1,1,6,132
201600026779,16,9,21,1732,1,2,1,1,6,132
201600026780,16,9,23,1620,1,2,1,1,3,132
201600026781,16,10,8,1428,1,2,1,1,3,135
201600026782,16,11,6,1900,5,2,1,1,6,109
201600026783,16,1,7,1545,1,2,1,1,3,109
201600026784,16,11,22,900,1,2,1,1,6,109
201600026785,16,11,24,1615,1,2,1,1,6,109
201600026786,16,1,9,1345,1,2,2,1,1,190
201600026787,16,11,16,725,5,2,1,3,6,109
201600026788,16,11,19,1100,1,2,1,1,6,114
201600026789,16,1,5,1830,5,2,1,1,6,162
201600026790,16,12,29,1500,1,2,1,1,7,162
201600026791,16,11,27,550,5,2,1,1,6,109
201600026792,16,1,8,730,5,2,1,2,6,143
201600026793,16,11,14,845,2,2,1,1,6,109
201600026794,16,1,14,805,2,2,6,2,6,109
201600026795,16,11,25,2013,5,2,1,2,6,109
201600026796,16,1,21,1635,1,2,1,1,6,109
201600026797,16,11,9,900,2,2,1,1,6,109
201600026798,16,1,13,1200,1,2,1,1,7,109
201600026799,16,11,7,750,1,1,1,1,6,162
201600026800,16,11,16,800,2,2,6,2,6,190
201600026801,16,11,20,1355,1,2,1,1,6,109
201600026802,16,1,12,1710,1,2,6,1,3,109
201600026803,16,11,22,800,2,2,1,8,6,109
201600026804,16,8,2,1410,1,2,6,1,6,109
201600026805,16,11,25,2230,5,1,1,1,6,109
201600026806,16,1,29,1525,1,2,6,1,6,109
201600026807,16,11,21,825,2,2,1,1,6,109
201600026808,16,1,1,250,5,2,2,1,3,109
201600026809,16,11,16,1815,2,2,1,1,6,162
201600026810,16,2,1,2115,5,2,6,1,3,109
201600026811,16,11,13,1840,3,1,1,1,4,109
201600026812,16,1,15,2125,5,2,1,1,1,109
201600026813,16,11,20,330,5,2,1,2,1,109
201600026814,16,11,14,1837,5,2,1,1,3,109
201600026815,16,11,20,1755,4,1,1,2,4,114
201600026816,16,11,19,930,1,2,1,1,2,109
201600026817,16,11,15,1030,1,2,3,8,6,109
201600026818,16,11,9,1925,5,2,1,2,6,143
201600026819,16,12,22,500,5,2,1,2,1,109
201600026820,16,12,13,1750,5,2,1,1,3,109
201600026821,16,12,10,1745,2,2,1,5,6,109
201600026822,16,12,7,910,1,2,1,7,3,109
201600026823,16,2,3,1740,1,2,1,1,6,162
201600026824,16,12,22,1100,1,2,1,1,6,109
201600026825,16,12,2,1509,1,2,1,1,2,109
201600026826,16,12,8,805,1,1,1,1,3,114
201600026827,16,12,22,1820,3,2,1,2,3,162
201600026828,16,12,19,2010,5,2,1,1,1,109
201600026829,16,12,20,1920,3,2,1,1,3,109
201600026830,16,12,8,830,1,2,1,1,3,190
201600026831,16,1,30,1640,1,2,1,2,6,162
201600026832,16,12,2,1550,1,1,1,1,2,162
201600026833,16,2,9,2130,5,2,1,1,7,109
201600026834,16,12,28,2320,5,2,3,1,6,109
201600026835,16,1,25,1600,1,2,6,1,2,109
201600026836,16,12,2,1600,1,2,1,1,6,114
201600026837,16,1,1,2215,5,2,1,1,1,162
201600026838,16,12,22,1950,2,2,1,1,6,109
201600026839,16,1,31,715,5,2,1,2,6,109
201600026840,16,12,22,2040,5,2,1,1,6,109
201600026841,16,1,11,1325,1,2,1,1,6,109
201600026842,16,12,23,100,5,2,1,1,6,109
201600026843,16,1,25,115,5,2,1,9,6,109
201600026844,16,12,10,150,5,2,1,5,6,109
201600026845,16,1,31,1810,2,2,2,1,3,109
201600026846,16,12,1,1745,5,2,1,1,6,109
201600026847,16,2,1,900,1,2,1,2,3,162
201600026848,16,2,6,2315,5,2,3,6,6,109
201600026849,16,1,20,1625,1,2,6,1,6,114
201600026850,16,1,29,1310,1,2,3,1,2,190
201600026851,16,2,24,625,5,2,1,1,7,109
201600026852,16,1,6,1752,3,1,1,2,6,194
201600026853,16,11,23,1238,1,2,1,1,5,109
201600026854,16,1,6,2110,5,2,1,2,7,109
201600026855,16,1,4,1610,1,2,1,8,3,114
201600026856,16,2,17,1750,1,2,1,1,6,109
201600026857,16,1,17,2126,5,2,1,9,6,109
201600026858,16,2,28,605,5,2,1,1,7,109
201600026859,16,1,7,855,1,2,1,1,6,109
201600026860,16,1,28,1150,1,2,2,1,3,143
201600026861,16,1,28,1445,1,2,1,1,1,114
201600026862,16,1,22,1625,1,2,1,2,6,109
201600026863,16,1,12,840,2,2,1,2,6,109
201600026864,16,2,15,1900,2,2,1,1,3,162
201600026865,16,2,1,750,1,2,1,1,4,109
201600026866,16,2,12,155,5,2,9,6,6,109
201600026867,16,2,22,1805,2,2,1,8,1,162
201600026868,16,2,1,810,1,2,1,1,6,109
201600026869,16,2,16,1810,2,2,6,1,6,109
201600026870,16,2,23,1225,1,2,1,2,3,162
201600026871,16,2,26,1705,1,2,1,1,2,109
201600026872,16,2,16,1515,1,2,1,1,3,109
201600026873,16,2,26,1910,3,2,1,1,3,109
201600026874,16,2,9,715,5,2,1,6,3,109
201600026875,16,2,23,835,2,2,1,3,6,109
201600026876,16,2,23,1505,1,2,9,1,6,109
201600026877,16,3,1,1750,1,2,1,2,6,109
201600026878,16,3,10,910,2,1,1,1,6,109
201600026879,16,3,3,1010,1,2,1,1,6,114
201600026880,16,3,1,1545,1,2,1,2,6,109
201600026881,16,3,8,830,1,2,1,1,2,26
201600026882,16,2,9,1335,1,2,2,1,3,162
201600026883,16,3,11,2020,1,2,5,1,3,109
201600026884,16,3,12,1805,1,2,6,1,3,162
201600026885,16,3,4,2251,5,2,1,1,6,109
201600026886,16,3,1,1025,1,2,1,1,1,143
201600026887,16,3,14,800,1,1,1,1,3,109
201600026888,16,3,25,820,1,2,1,1,3,109
201600026889,16,3,3,825,1,2,1,1,6,109
201600026890,16,3,25,1820,1,1,1,1,3,162
201600026891,16,3,22,1435,1,2,1,1,5,109
201600026892,16,3,15,830,1,2,1,1,6,162
201600026893,16,3,17,805,1,1,1,1,3,109
201600026894,16,2,26,720,2,2,1,1,6,109
201600026895,16,3,9,2000,1,2,1,1,2,109
201600026896,16,4,1,830,1,2,1,1,2,143
201600026897,16,3,30,1250,1,1,1,2,4,114
201600026898,16,3,13,855,1,2,1,1,6,109
201600026899,16,4,1,1045,1,2,1,1,1,109
201600026900,16,3,20,1300,1,2,1,1,6,109
201600026901,16,3,21,1250,1,1,1,1,6,109
201600026902,16,3,25,845,1,2,1,2,3,162
201600026903,16,3,29,1930,1,2,1,1,6,162
201600026904,16,3,17,1535,1,2,1,1,2,162
201600026905,16,3,23,835,1,2,1,1,3,109
201600026906,16,3,22,750,1,2,1,1,6,109
201600026907,16,3,17,1,5,2,1,1,3,109
201600026908,16,4,14,840,1,2,1,1,6,20
201600026909,16,4,18,2020,1,2,2,1,3,109
201600026910,16,4,13,1605,1,2,1,1,3,109
201600026911,16,3,13,1330,1,2,1,1,7,109
201600026912,16,3,15,1200,1,2,1,1,6,109
201600026913,16,3,12,1915,2,2,1,1,6,109
201600026914,16,3,17,645,2,2,1,1,6,162
201600026915,16,4,1,1415,1,2,1,1,2,109
201600026916,16,4,26,718,1,1,1,1,5,109
201600026917,16,3,17,1700,1,2,1,1,1,190
201600026918,16,4,25,1105,1,2,1,1,3,109
201600026919,16,3,22,805,1,2,1,1,3,162
201600026920,16,5,1,1445,1,2,1,1,1,114
201600026921,16,4,16,1550,1,2,1,1,3,162
201600026922,16,4,26,2110,1,2,1,1,3,109
201600026923,16,4,23,1205,1,2,1,1,1,162
201600026924,16,4,15,1755,1,2,1,1,5,109
201600026925,16,5,4,1800,1,1,1,1,3,109
201600026926,16,4,28,920,1,1,1,1,2,114
201600026927,16,4,23,200,5,1,1,1,6,109
201600026928,16,5,9,1755,1,2,1,1,3,109
201600026929,16,5,16,950,1,2,1,1,3,109
201600026930,16,4,13,2320,5,1,1,1,3,109
201600026931,16,5,6,1915,1,2,1,1,6,109
201600026932,16,4,8,1800,2,2,1,1,2,109
201600026933,16,5,20,1400,1,2,1,1,7,109
201600026934,16,5,4,1945,1,2,1,1,6,109
201600026935,16,5,3,712,1,2,1,1,3,35
201600026936,16,4,23,1844,1,2,1,1,1,162
201600026937,16,5,20,930,1,1,1,2,4,162
201600026938,16,4,23,905,1,2,1,1,6,109
201600026939,16,4,30,407,5,2,1,2,6,109
201600026940,16,4,9,950,1,2,1,1,6,109
201600026941,16,4,16,2100,1,2,1,1,6,109
201600026942,16,4,28,900,1,1,1,1,6,172
201600026943,16,4,29,905,1,2,1,1,3,109
201600026944,16,4,29,2320,5,1,1,1,6,109
201600026945,16,5,3,1955,1,2,1,1,4,109
201600026946,16,5,26,850,1,2,1,1,6,109
201600026947,16,5,24,1915,1,1,1,1,6,109
201600026948,16,5,19,1620,1,2,1,1,6,162
201600026949,16,5,24,920,1,2,3,1,6,109
201600026950,16,5,26,900,1,2,1,1,6,109
201600026951,16,5,23,1620,1,1,1,1,2,172
201600026952,16,5,21,1110,1,2,1,1,3,190
201600026953,16,5,27,20,3,1,1,1,6,114
201600026954,16,6,7,2336,5,2,1,1,3,162
201600026955,16,6,7,1445,1,2,1,1,6,109
201600026956,16,6,8,615,1,2,1,1,6,109
201600026957,16,5,23,1555,1,2,1,1,6,109
201600026958,16,5,11,1610,1,2,1,1,6,143
201600026959,16,6,10,1910,1,2,1,1,1,109
201600026960,16,6,7,800,1,2,2,1,6,109
201600026961,16,6,15,1800,1,1,1,1,4,114
201600026962,16,6,8,1815,1,2,1,1,1,109
201600026963,16,6,23,245,4,2,1,2,7,109
201600026964,16,6,18,150,3,2,1,2,2,109
201600026965,16,6,16,1255,1,2,1,1,6,109
201600026966,16,5,12,1615,1,1,1,1,3,143
201600026967,16,6,11,1915,1,2,2,1,6,109
201600026968,16,6,23,1735,1,2,1,1,6,109
201600026969,16,5,28,1555,1,1,1,1,5,114
201600026970,16,6,10,330,3,2,1,1,7,190
201600026971,16,5,11,2135,1,2,1,1,6,109
201600026972,16,6,25,2245,3,2,1,1,6,114
201600026973,16,5,17,1130,1,2,1,1,6,109
201600026974,16,5,24,805,1,2,1,1,6,109
201600026975,16,5,25,1210,1,2,1,1,6,143
201600026976,16,5,29,1300,1,2,1,2,7,114
201600026977,16,5,25,2005,1,2,1,1,3,109
201600026978,16,6,8,1725,1,2,1,1,1,162
201600026979,16,6,11,328,3,2,1,2,6,109
201600026980,16,6,13,1755,1,2,1,2,6,109
201600026981,16,6,11,1115,1,1,1,1,4,114
201600026982,16,6,8,1635,1,2,1,1,2,109
201600026983,16,6,21,1510,1,2,1,8,6,143
201600026984,16,6,17,1230,1,1,1,1,2,114
201600026985,16,6,5,800,1,2,7,1,6,109
201600026986,16,6,16,735,1,2,1,1,6,109
201600026987,16,6,22,759,1,2,1,1,3,109
201600026988,16,6,9,900,1,2,1,1,6,109
201600026989,16,6,28,2300,3,2,1,1,6,162
201600026990,16,6,13,1430,1,2,1,1,3,109
201600026991,16,6,22,1835,1,2,1,3,6,162
201600026992,16,6,24,1615,1,2,1,1,3,109
201600026993,16,6,30,1845,1,2,1,1,2,109
201600026994,16,6,26,250,5,2,1,1,1,109