Num_Acc,an,mois,jour,hrmn,lum,agg,int,atm,col,com
201600026995,16,6,7,1900,1,2,1,1,1,109
201600026996,16,7,8,1230,1,2,1,1,6,109
201600026997,16,7,11,1620,1,2,1,1,3,109
201600026998,16,7,21,1945,1,2,9,1,6,109
201600026999,16,8,3,240,5,2,1,1,6,109
201600027000,16,7,11,1945,1,2,1,1,6,109
201600027001,16,7,10,1910,1,2,1,1,6,109
201600027002,16,7,19,830,1,2,1,1,3,109
201600027003,16,7,24,1830,1,2,1,1,1,162
201600027004,16,7,17,1810,1,2,9,1,6,162
201600027005,16,7,19,1200,1,2,1,1,3,162
201600027006,16,7,4,1843,1,2,1,1,3,109
201600027007,16,8,11,1645,1,2,1,1,3,162
201600027008,16,7,12,1330,1,2,1,2,1,190
201600027009,16,7,18,725,1,2,1,1,6,109
201600027010,16,7,26,1710,1,2,1,1,6,109
201600027011,16,7,29,1810,1,2,1,1,3,109
201600027012,16,8,16,905,1,2,1,1,6,162
201600027013,16,7,2,955,1,1,1,1,7,109
201600027014,16,8,10,1955,1,2,1,1,3,109
201600027015,16,7,17,2143,2,2,1,1,6,109
201600027016,16,7,30,1020,1,1,1,1,4,114
201600027017,16,7,1,1530,1,2,1,1,6,109
201600027018,16,7,11,1645,1,2,1,1,6,109
201600027019,16,7,6,1730,1,2,1,1,6,114
201600027020,16,7,10,1825,1,2,2,1,3,109
201600027021,16,8,17,2326,5,2,1,1,6,109
201600027022,16,7,25,1040,1,1,1,1,4,109
201600027023,16,7,12,2245,5,2,1,1,6,162
201600027024,16,7,15,1118,1,2,1,1,6,109
201600027025,16,7,1,1435,1,2,1,1,6,109
201600027026,16,8,12,1411,1,2,1,1,6,114
201600027027,16,8,23,1455,1,2,1,1,6,109
201600027028,16,9,3,1435,1,2,1,1,6,109
201600027029,16,9,16,1430,1,2,1,1,1,109
201600027030,16,9,1,1715,1,2,1,1,6,143
201600027031,16,9,16,650,2,1,1,1,6,109
201600027032,16,10,2,120,5,2,2,1,1,109
201600027033,16,8,20,2040,1,1,1,1,6,162
201600027034,16,9,2,1355,1,2,6,1,6,109
201600027035,16,8,30,310,3,2,1,1,6,162
201600027036,16,8,30,800,1,1,1,1,6,109
201600027037,16,9,24,5,5,1,1,1,6,109
201600027038,16,9,29,945,1,2,1,1,4,114
201600027039,16,8,7,2011,1,2,1,1,6,109
201600027040,16,8,20,255,5,2,1,1,7,109
201600027041,16,8,2,835,1,2,1,1,6,109
201600027042,16,8,23,1640,1,2,1,1,6,109
201600027043,16,9,25,1940,1,2,1,1,6,162
201600027044,16,8,9,1555,1,1,1,1,6,162
201600027045,16,10,4,910,1,2,1,1,4,109
201600027046,16,8,23,905,1,2,1,1,2,162
201600027047,16,8,12,1200,1,1,1,1,3,109
201600027048,16,10,18,1340,1,2,3,1,2,109
201600027049,16,9,1,1725,1,2,1,1,6,109
201600027050,16,10,21,258,5,2,1,1,7,109
201600027051,16,9,18,1845,1,2,1,1,3,143
201600027052,16,9,15,1705,1,1,1,1,6,109
201600027053,16,9,12,1748,1,2,1,1,7,109
201600027054,16,9,28,1005,1,2,1,1,6,109
201600027055,16,9,8,1845,1,2,1,1,6,109
201600027056,16,10,22,5,5,2,1,1,3,109
201600027057,16,9,30,1710,1,2,1,1,6,172
201600027058,16,9,23,1015,1,2,1,1,6,20
201600027059,16,9,20,935,1,2,1,1,3,162
201600027060,16,9,20,1620,1,2,1,1,3,143
201600027061,16,9,28,1710,1,2,1,1,1,162
201600027062,16,10,5,1315,1,2,1,1,6,109
201600027063,16,10,2,1850,2,2,1,1,6,109
201600027064,16,10,14,1600,1,2,1,1,6,109
201600027065,16,10,7,1500,1,2,1,1,6,114
201600027066,16,8,4,1900,2,2,1,1,6,109
201600027067,16,9,28,815,1,2,1,1,3,109
201600027068,16,11,7,2150,5,2,1,1,1,162
201600027069,16,10,8,1730,1,2,1,1,6,109
201600027070,16,10,3,1700,1,2,3,1,6,114
201600027071,16,10,10,1015,1,2,1,1,6,109
201600027072,16,9,23,1255,1,2,1,1,6,109
201600027073,16,9,10,900,1,2,6,1,6,109
201600027074,16,9,15,1810,1,2,1,1,3,109
201600027075,16,9,24,1807,1,2,1,1,6,109
201600027076,16,9,6,2020,2,2,1,1,6,109
201600027077,16,9,29,850,1,2,1,1,3,109
201600027078,16,9,30,50,5,2,1,1,6,109
201600027079,16,9,29,820,1,2,1,1,1,190
201600027080,16,9,15,1745,1,2,1,1,3,109
201600027081,16,10,1,1450,1,2,1,1,6,162
201600027082,16,11,24,42,5,2,1,1,6,109
201600027083,16,10,8,1825,1,2,1,1,6,162
201600027084,16,10,3,850,1,2,1,1,2,162
201600027085,16,10,21,1830,1,2,1,1,1,109
201600027086,16,10,29,1030,1,2,1,1,3,162
201600027087,16,10,6,2300,5,2,1,1,3,190
201600027088,16,10,19,1830,1,2,1,1,6,109
201600027089,16,10,12,815,2,2,1,1,5,109
201600027090,16,10,28,1110,1,2,1,1,3,109
201600027091,16,10,18,1645,1,2,1,1,5,162
201600027092,16,10,23,345,5,2,1,1,6,109
201600027093,16,10,7,1735,1,2,1,1,6,162
201600027094,16,11,14,700,5,2,1,1,1,109
201600027095,16,11,4,1335,1,2,1,1,1,109
201600027096,16,11,18,1950,2,2,1,1,6,109
201600027097,16,11,8,1827,5,2,1,2,6,114
201600027098,16,10,6,154,5,2,3,1,6,109
201600027099,16,12,3,250,5,2,1,1,7,109
201600027100,16,10,6,1820,1,2,1,1,1,109
201600027101,16,10,16,915,1,2,1,1,6,109
201600027102,16,10,31,1042,1,1,1,1,7,109
201600027103,16,12,8,1650,1,2,1,1,7,109
201600027104,16,10,2,2300,3,1,1,1,2,109
201600027105,16,10,17,1100,1,2,1,1,6,162
201600027106,16,10,6,2115,5,2,1,1,5,109
201600027107,16,10,16,240,5,2,1,1,6,162
201600027108,16,10,24,1930,1,2,1,1,3,109
201600027109,16,11,23,1230,1,2,6,2,3,109
201600027110,16,10,17,750,1,2,1,1,6,162
201600027111,16,11,13,2000,3,2,1,1,5,162
201600027112,16,12,15,1712,5,2,1,1,3,109
201600027113,16,11,12,1819,2,2,1,1,6,109
201600027114,16,12,20,1850,3,2,1,1,4,109
201600027115,16,11,13,620,3,2,1,2,6,109
201600027116,16,11,6,1925,1,1,4,1,1,109
201600027117,16,1,3,1111,1,2,1,6,7,184
201600027118,16,12,30,1855,1,2,3,1,3,184
201600027119,16,1,4,1415,1,2,1,1,3,184
201600027120,16,1,5,1230,1,2,1,1,1,184
201600027121,16,1,6,1445,1,2,2,1,3,184
201600027122,16,1,6,1920,5,2,1,3,7,184
201600027123,16,1,8,1920,5,2,2,2,3,184
201600027124,16,1,10,2045,3,2,1,2,2,184
201600027125,16,1,16,1950,2,2,1,1,5,184
201600027126,16,1,18,1810,5,2,1,2,3,184
201600027127,16,1,20,715,2,2,3,1,2,184
201600027128,16,1,21,2100,5,2,3,1,3,184
201600027129,16,1,23,1130,1,2,1,1,3,184
201600027130,16,1,26,1820,1,2,1,1,7,184
201600027131,16,2,15,1640,1,2,3,1,1,184
201600027132,16,2,25,1555,1,2,1,1,7,184
201600027133,16,3,3,1220,1,2,1,1,4,184
201600027134,16,3,19,1920,1,1,2,1,1,184
201600027135,16,4,7,1730,1,2,7,1,3,184
201600027136,16,4,12,1140,1,2,1,1,3,184
201600027137,16,4,19,1100,1,2,1,1,5,184
201600027138,16,4,23,2110,2,2,6,1,6,184
201600027139,16,4,26,1650,1,1,2,1,2,184
201600027140,16,4,28,750,1,2,2,1,3,184
201600027141,16,5,2,1740,1,2,1,1,3,184
201600027142,16,5,8,1335,1,2,1,1,3,184
201600027143,16,5,11,1800,1,2,1,1,7,184
201600027144,16,5,19,2125,1,2,1,1,2,184
201600027145,16,5,24,1835,1,2,6,1,3,184
201600027146,16,6,3,1600,1,2,2,1,3,184
201600027147,16,6,3,1700,1,2,1,1,2,184
201600027148,16,6,4,1600,1,2,1,1,1,184
201600027149,16,6,14,1910,1,2,6,1,6,184
201600027150,16,6,17,2215,1,2,1,1,2,184
201600027151,16,6,21,1050,1,2,1,1,6,184
201600027152,16,6,24,1822,1,2,2,1,7,184
201600027153,16,6,29,1425,1,2,1,1,6,184
201600027154,16,6,29,1610,1,2,1,1,1,184
201600027155,16,6,30,1730,1,2,1,1,1,184
201600027156,16,7,5,1455,1,2,1,1,1,184
201600027157,16,7,13,1200,1,2,1,1,3,184
201600027158,16,7,17,2030,1,2,2,1,3,184
201600027159,16,7,22,1950,1,2,1,1,2,184
201600027160,16,7,27,1435,1,2,2,1,3,184
201600027161,16,8,4,2000,1,2,3,1,5,184
201600027162,16,8,13,1650,1,2,1,1,2,184
201600027163,16,8,22,1805,1,2,2,1,3,184
201600027164,16,9,9,831,1,2,8,1,3,184
201600027165,16,9,12,1700,1,2,1,1,7,184
201600027166,16,9,13,1935,2,2,1,2,3,184
201600027167,16,9,14,1745,1,2,1,1,4,184
201600027168,16,9,22,830,1,2,2,1,3,184
201600027169,16,9,26,1500,1,2,2,1,1,184
201600027170,16,9,27,924,1,2,3,2,3,184
201600027171,16,9,29,903,2,1,1,1,4,184
201600027172,16,10,5,900,1,2,6,1,3,184
201600027173,16,10,11,750,3,1,1,1,2,184
201600027174,16,10,17,1545,1,2,1,1,7,184
201600027175,16,10,11,840,1,2,3,1,6,184
201600027176,16,10,22,620,4,2,6,1,1,184
201600027177,16,10,23,1420,1,2,1,2,1,184
201600027178,16,10,25,650,5,2,1,5,2,184
201600027179,16,11,2,1715,1,2,1,1,4,184
201600027180,16,11,9,1130,1,2,7,1,7,184
201600027181,16,11,10,1805,2,2,3,1,1,184
201600027182,16,11,14,745,2,2,1,1,1,184
201600027183,16,11,19,1520,1,2,2,1,3,184
201600027184,16,11,22,845,1,2,2,1,1,184
201600027185,16,11,22,1530,1,2,2,1,3,184
201600027186,16,11,28,630,5,2,1,1,3,184
201600027187,16,11,29,1430,1,2,1,1,7,184
201600027188,16,11,30,1330,1,2,6,1,1,184
201600027189,16,12,3,1825,5,2,1,1,1,184
201600027190,16,12,6,750,5,2,1,1,7,184
201600027191,16,12,16,912,1,2,1,1,6,184
201600027192,16,12,17,2305,3,1,1,5,6,184
201600027193,16,12,22,1935,1,2,2,1,6,184
201600027194,16,12,27,2120,3,1,6,1,2,184
201600027195,16,1,7,750,2,2,1,3,6,208
201600027196,16,1,8,1832,5,2,3,1,2,4
201600027197,16,1,9,640,5,2,1,2,6,4
201600027198,16,1,14,1245,1,2,1,1,2,208
201600027199,16,1,18,1720,2,2,1,1,2,68
201600027200,16,1,2,1127,1,2,1,1,7,208
201600027201,16,1,26,1250,1,2,1,1,1,208
201600027202,16,1,28,836,1,2,2,1,3,208
201600027203,16,1,28,1355,1,1,4,2,4,4
201600027204,16,1,30,1940,5,2,1,2,6,208
201600027205,16,2,5,1120,1,2,2,2,3,68
201600027206,16,2,5,1620,1,2,1,1,3,4
201600027207,16,2,12,720,2,2,1,2,3,68
201600027208,16,2,15,2155,5,2,2,1,3,208
201600027209,16,2,24,1250,1,2,1,1,6,208
201600027210,16,3,26,1950,2,2,2,1,3,208
201600027211,16,4,2,1526,1,2,1,1,6,4
201600027212,16,4,14,1615,1,2,2,8,3,208
201600027213,16,4,16,1415,1,2,3,2,1,4
201600027214,16,4,16,1510,1,1,1,8,6,208
201600027215,16,4,17,1655,1,2,1,1,6,208
201600027216,16,4,21,1450,1,1,1,1,2,338
201600027217,16,5,2,1640,1,1,3,1,2,4
201600027218,16,5,5,2126,5,2,3,1,1,208
201600027219,16,5,7,1032,1,2,3,1,3,68
201600027220,16,5,20,1120,1,2,1,1,2,4
201600027221,16,5,23,820,1,2,3,2,3,208
201600027222,16,5,24,1145,1,2,1,1,6,208
201600027223,16,5,28,235,5,2,1,1,6,4
201600027224,16,5,29,1205,1,2,2,2,6,208
201600027225,16,6,9,740,1,1,1,1,7,4
201600027226,16,6,9,1905,1,2,1,1,3,208
201600027227,16,6,24,1203,1,2,3,2,3,4
201600027228,16,6,24,1225,1,1,1,8,4,4
201600027229,16,7,6,740,1,1,1,1,2,4
201600027230,16,7,6,1620,1,2,1,1,6,68
201600027231,16,7,7,1930,1,2,1,1,6,68
201600027232,16,5,7,1905,1,2,6,1,3,68
201600027233,16,5,11,1200,1,2,3,1,2,338
201600027234,16,7,22,530,1,2,1,1,3,68
201600027235,16,7,26,1100,1,1,1,1,1,4
201600027236,16,8,1,2155,5,2,1,1,1,4
201600027237,16,8,2,123,5,2,2,1,3,4
201600027238,16,8,4,1750,1,2,4,1,2,208
201600027239,16,8,10,2240,5,2,3,1,3,4
201600027240,16,8,11,1645,1,1,1,1,6,338
201600027241,16,8,22,812,1,2,2,1,3,68
201600027242,16,8,23,550,3,2,1,1,6,68
201600027243,16,8,23,1135,1,2,6,1,3,68
201600027244,16,8,29,1645,1,2,1,1,6,208
201600027245,16,9,5,1752,1,2,1,1,2,4
201600027246,16,9,9,1055,1,2,1,1,6,208
201600027247,16,9,9,2252,5,2,1,1,7,338
201600027248,16,9,15,1425,1,2,1,2,3,68
201600027249,16,9,19,420,5,2,1,8,6,208
201600027250,16,9,12,1720,1,1,1,1,3,208
201600027251,16,9,20,1130,1,2,1,1,6,208
201600027252,16,9,20,1755,1,2,3,2,3,338
201600027253,16,9,22,1850,1,2,2,1,3,208
201600027254,16,9,25,1640,1,2,1,8,6,208
201600027255,16,9,28,1035,1,2,1,1,6,68
201600027256,16,9,28,1345,1,2,1,1,6,4
201600027257,16,10,3,1300,1,2,1,1,3,208
201600027258,16,10,8,1645,1,2,6,1,3,68
201600027259,16,10,9,1546,1,1,1,1,6,4
201600027260,16,10,11,900,1,2,1,1,1,208
201600027261,16,10,17,1730,1,2,1,1,6,68
201600027262,16,10,21,2120,5,2,1,1,3,68
201600027263,16,10,23,1910,5,2,1,2,3,338
201600027264,16,10,28,1755,1,2,1,1,6,4
201600027265,16,10,28,2113,5,2,1,1,3,208
201600027266,16,11,2,830,1,1,1,5,2,4
201600027267,16,11,4,1100,1,2,1,1,6,208
201600027268,16,11,16,1800,5,2,1,1,6,4
201600027269,16,9,10,1755,1,2,1,2,6,208
201600027270,16,11,24,845,1,1,1,1,4,4
201600027271,16,11,24,1320,1,2,1,1,3,4
201600027272,16,11,30,1330,1,2,1,1,6,68
201600027273,16,11,30,1730,5,2,1,1,6,208
201600027274,16,11,29,1825,3,2,2,1,3,4
201600027275,16,12,5,1900,3,1,1,1,4,4
201600027276,16,12,15,1550,1,2,1,1,6,68
201600027277,16,12,19,845,1,2,1,2,6,338
201600027278,16,12,22,2025,5,2,9,1,6,4
201600027279,16,10,23,2210,5,2,1,1,6,208
201600027280,16,12,28,1445,1,2,1,1,1,208
201600027281,16,10,18,740,5,1,1,1,4,234
201600027282,16,11,22,2035,5,2,3,1,3,234
201600027283,16,11,15,1020,1,1,1,2,4,302
201600027284,16,12,27,1155,1,2,1,1,6,234
201600027285,16,2,9,1910,3,2,3,1,6,234
201600027286,16,1,18,1810,5,2,1,2,5,234
201600027287,16,1,23,26,5,2,3,2,3,147
201600027288,16,1,23,2230,5,2,2,1,6,169
201600027289,16,1,25,1330,1,2,1,1,3,286
201600027290,16,1,29,1320,1,2,1,1,6,147
201600027291,16,2,6,2133,3,1,1,1,2,232
201600027292,16,4,30,2355,5,2,2,1,3,234
201600027293,16,4,26,1755,1,2,2,1,3,147
201600027294,16,4,8,1405,1,2,1,1,3,75
201600027295,16,4,14,1415,1,2,1,2,5,302
201600027296,16,6,8,845,1,1,1,1,3,302
201600027297,16,5,19,2050,1,2,2,1,5,285
201600027298,16,7,7,2305,5,2,3,1,3,234
201600027299,16,9,2,2355,5,2,3,1,3,302
201600027300,16,6,22,1600,1,2,1,1,7,234
201600027301,16,6,24,2240,5,2,2,1,1,147
201600027302,16,6,9,1355,1,2,3,1,1,234
201600027303,16,8,23,1025,1,2,3,1,2,286
201600027304,16,11,3,1150,1,2,3,1,6,147
201600027305,16,8,6,15,5,2,3,1,3,234
201600027306,16,8,6,845,1,2,2,1,3,147
201600027307,16,9,3,1630,1,2,1,1,6,234
201600027308,16,9,5,2125,5,2,1,1,3,234
201600027309,16,12,4,2210,5,2,1,1,5,234
201600027310,16,9,27,1830,1,2,1,1,1,285
201600027311,16,9,11,630,5,2,1,1,3,234
201600027312,16,9,15,730,2,2,2,1,3,169
201600027313,16,9,19,1730,1,2,3,1,4,284
201600027314,16,9,22,1325,1,2,1,1,3,234
201600027315,16,9,25,1030,1,2,1,1,6,234
201600027316,16,9,6,1020,1,1,1,1,6,286
201600027317,16,1,14,1240,1,1,1,8,6,95
201600027318,16,3,2,1455,1,1,1,2,7,42
201600027319,16,4,4,1030,1,2,1,1,6,42
201600027320,16,4,4,1330,1,2,9,1,6,42
201600027321,16,3,12,1445,1,1,1,1,7,42
201600027322,16,5,21,1350,1,1,1,1,5,95
201600027323,16,5,27,1730,1,2,1,1,6,42
201600027324,16,6,13,1945,1,1,1,2,1,42
201600027325,16,7,6,1430,1,1,1,1,6,191
201600027326,16,7,9,1110,1,2,1,1,6,42
201600027327,16,7,13,1350,1,2,1,1,7,42
201600027328,16,8,8,1510,1,1,1,1,5,191
201600027329,16,9,2,1330,1,2,1,1,1,42
201600027330,16,8,29,945,1,1,4,1,2,42
201600027331,16,10,3,730,2,2,2,1,3,42
201600027332,16,10,25,955,1,2,1,1,6,42
201600027333,16,10,30,457,5,2,1,1,1,42
201600027334,16,11,25,1935,5,2,1,1,2,42
201600027335,16,1,21,1825,2,2,3,5,3,201
201600027336,16,2,5,1210,1,2,1,1,6,1
201600027337,16,2,17,950,1,2,1,1,6,1
201600027338,16,3,19,1635,1,2,1,1,6,31
201600027339,16,3,19,1930,2,2,1,1,3,1
201600027340,16,3,26,1750,1,2,9,1,1,31
201600027341,16,4,6,1124,1,2,1,1,7,1
201600027342,16,4,26,843,1,1,3,1,3,31
201600027343,16,4,29,1817,1,2,1,1,6,32
201600027344,16,5,3,1730,1,1,6,1,3,201
201600027345,16,5,12,740,1,2,3,2,1,1
201600027346,16,5,12,1031,1,2,6,1,3,1
201600027347,16,5,12,1044,1,1,1,1,6,32
201600027348,16,5,12,1800,1,2,1,1,6,1
201600027349,16,5,13,1540,1,2,1,1,2,1
201600027350,16,6,6,1732,1,2,1,1,6,1
201600027351,16,6,8,1549,1,2,3,1,3,31
201600027352,16,6,9,2115,1,2,3,1,3,1
201600027353,16,6,12,630,2,2,1,1,3,1
201600027354,16,6,14,1545,1,2,2,1,3,32
201600027355,16,6,16,819,1,2,1,1,6,1
201600027356,16,7,8,2153,2,2,3,1,3,1
201600027357,16,7,18,1120,1,2,2,1,6,201
201600027358,16,8,13,1609,1,1,1,1,1,32
201600027359,16,9,7,815,1,2,1,7,3,201
201600027360,16,9,20,1453,1,2,3,1,3,1
201600027361,16,9,21,1621,1,2,3,1,3,31
201600027362,16,9,23,1742,1,2,1,1,6,1
201600027363,16,10,14,857,1,2,1,2,6,1
201600027364,16,10,15,1900,1,2,3,1,3,1
201600027365,16,10,17,1230,1,2,1,1,2,1
201600027366,16,10,29,1415,1,1,6,1,1,201
201600027367,16,11,18,1255,1,2,1,1,5,201
201600027368,16,12,4,1545,1,1,1,1,3,51
201600027369,16,12,16,1440,1,2,3,1,3,1
201600027370,16,12,17,35,3,1,1,1,6,201
201600027371,16,12,22,1605,1,2,1,2,6,1
201600027372,16,1,8,1715,2,2,1,2,6,323
201600027373,16,1,7,710,3,1,6,2,3,215
201600027374,16,1,22,825,2,1,4,1,1,323
201600027375,16,2,7,5,3,1,3,2,3,323
201600027376,16,3,26,1320,1,2,1,1,7,27
201600027377,16,3,31,1800,1,1,2,2,3,323
201600027378,16,4,7,1555,1,2,1,1,6,323
201600027379,16,5,1,1655,1,2,1,1,7,323
201600027380,16,6,10,1440,1,1,1,2,6,215
201600027381,16,6,17,1405,1,2,3,1,3,323
201600027382,16,7,9,1250,1,2,3,1,3,323
201600027383,16,9,4,1750,1,2,1,1,6,323
201600027384,16,10,7,2010,5,2,1,2,1,27
201600027385,16,10,10,1710,1,2,1,1,6,323
201600027386,16,10,13,930,1,1,1,9,7,323
201600027387,16,11,4,1635,1,2,3,2,3,27
201600027388,16,11,8,2120,5,2,1,3,1,323
201600027389,16,11,17,1700,1,1,1,1,4,27
201600027390,16,11,21,1220,1,1,1,1,3,323
201600027391,16,11,22,1725,5,2,3,3,3,323
201600027392,16,12,8,1500,1,2,1,1,2,323
201600027393,16,12,15,1844,5,2,1,1,6,323
201600027394,16,1,9,520,3,1,9,2,3,95
201600027395,16,9,7,1040,1,2,1,1,6,95
201600027396,16,10,8,2030,5,2,2,1,3,95
201600027397,16,11,11,603,5,2,7,2,6,95
201600027398,16,11,23,1904,5,2,1,1,6,95
201600027399,16,12,31,540,5,2,2,1,7,7
201600027400,16,12,30,1106,1,2,1,1,6,7
201600027401,16,1,3,1800,5,2,3,1,5,353
201600027402,16,1,5,1918,5,2,1,2,6,7
201600027403,16,1,6,1300,1,2,9,1,3,7
201600027404,16,1,6,852,1,2,6,2,6,15
201600027405,16,1,6,845,1,2,1,1,6,7
201600027406,16,1,10,1328,1,2,2,1,3,7
201600027407,16,1,8,1742,1,2,1,1,2,7
201600027408,16,1,11,1318,1,1,1,1,2,246
201600027409,16,1,12,728,5,2,2,1,3,7
201600027410,16,1,16,1315,1,2,1,1,2,7
201600027411,16,1,16,1846,5,2,6,1,6,15
201600027412,16,1,18,1935,5,2,1,1,7,7
201600027413,16,1,18,1255,1,2,1,1,6,7
201600027414,16,1,19,1212,1,2,1,1,3,267
201600027415,16,1,19,1340,1,2,1,1,1,7
201600027416,16,1,19,2050,1,2,6,1,7,7
201600027417,16,1,19,1752,1,2,1,1,6,7
201600027418,16,1,20,820,2,1,1,1,6,353
201600027419,16,1,20,1345,1,2,1,1,7,7
201600027420,16,1,20,830,2,2,1,1,3,7
201600027421,16,1,21,725,3,2,1,1,4,7
201600027422,16,1,22,1634,1,2,1,1,1,7
201600027423,16,1,24,1511,1,2,1,1,1,7
201600027424,16,1,22,1223,1,2,1,1,1,7
201600027425,16,1,22,1517,1,2,1,2,6,267
201600027426,16,1,22,1705,1,2,1,1,1,7
201600027427,16,1,22,1820,5,2,1,1,1,7
201600027428,16,1,21,1731,1,2,1,1,5,7
201600027429,16,1,13,615,3,1,1,1,6,7
201600027430,16,1,21,1830,2,2,1,1,7,7
201600027431,16,1,25,1840,5,2,3,1,6,7
201600027432,16,1,23,1400,1,1,1,1,6,7
201600027433,16,1,21,1405,1,2,2,1,1,15
201600027434,16,1,25,1110,1,1,1,1,2,7
201600027435,16,1,27,1124,1,2,2,1,3,7
201600027436,16,1,27,925,1,1,1,1,7,15
201600027437,16,1,12,1725,2,1,1,1,6,353
201600027438,16,1,26,1716,1,1,1,1,2,7
201600027439,16,1,28,1425,1,2,2,1,6,7
201600027440,16,1,28,910,1,2,6,1,7,7
201600027441,16,1,28,1425,1,2,1,1,6,7
201600027442,16,1,28,1825,2,2,2,1,7,7
201600027443,16,1,29,2115,5,2,2,1,3,7
201600027444,16,1,29,2305,5,2,2,2,3,7
201600027445,16,1,30,2115,5,2,3,2,3,353
201600027446,16,1,29,1610,1,1,1,1,6,15
201600027447,16,1,30,1040,2,2,2,2,6,353
201600027448,16,1,29,1030,1,2,1,1,2,7
201600027449,16,1,31,1108,1,1,1,1,6,7
201600027450,16,1,31,500,5,2,1,2,6,7
201600027451,16,2,1,1240,1,2,6,1,6,246
201600027452,16,2,2,1354,1,2,1,1,2,7
201600027453,16,2,2,1327,1,2,1,2,7,15
201600027454,16,2,7,1546,1,2,1,1,4,353
201600027455,16,2,6,1808,1,2,2,1,6,7
201600027456,16,2,8,1100,1,2,1,1,6,7
201600027457,16,2,10,1740,1,2,1,1,6,7
201600027458,16,2,11,720,5,2,1,1,6,7
201600027459,16,2,10,1615,1,1,1,1,6,7
201600027460,16,2,11,1800,5,2,1,1,6,353
201600027461,16,2,11,1036,1,2,1,1,6,353
201600027462,16,2,14,1735,1,2,1,1,6,7
201600027463,16,2,12,2100,5,2,2,1,3,7
201600027464,16,2,15,1845,5,2,1,1,5,7
201600027465,16,2,16,1730,1,2,1,1,6,7
201600027466,16,2,15,1636,1,1,1,1,6,353
201600027467,16,2,17,1027,1,2,4,1,6,7
201600027468,16,2,19,940,1,2,6,1,6,7
201600027469,16,2,20,2120,5,2,1,1,7,353
201600027470,16,2,22,915,1,2,2,1,7,7
201600027471,16,2,23,750,2,2,1,1,3,246
201600027472,16,2,23,1356,1,2,1,1,6,7
201600027473,16,2,23,1150,1,2,6,1,7,246
201600027474,16,2,23,1120,1,2,6,1,7,7
201600027475,16,2,24,747,1,2,6,1,1,7
201600027476,16,2,25,840,1,2,1,1,4,7
201600027477,16,2,25,1449,1,2,1,1,1,7
201600027478,16,2,28,1350,1,2,5,1,6,7
201600027479,16,2,28,110,5,2,2,1,2,7
201600027480,16,2,26,1804,1,2,1,1,4,7
201600027481,16,2,27,1530,1,2,1,1,6,7
201600027482,16,2,27,1717,1,2,1,1,7,7
201600027483,16,2,29,1845,2,2,1,1,2,7
201600027484,16,2,29,1151,1,1,1,1,2,267
201600027485,16,3,1,810,1,2,3,1,1,7
201600027486,16,3,1,2040,5,2,1,1,7,7
201600027487,16,3,1,2148,5,1,1,1,6,7
201600027488,16,3,3,1000,1,1,1,1,1,7
201600027489,16,3,4,1726,1,2,2,1,3,7
201600027490,16,3,4,1855,2,2,1,2,2,7
201600027491,16,3,4,1130,1,2,3,1,6,7
201600027492,16,3,7,2230,5,2,3,1,6,7
201600027493,16,3,7,1555,1,2,3,1,6,7
201600027494,16,3,9,1738,1,2,6,1,7,246
201600027495,16,3,9,1710,1,2,1,2,6,246
201600027496,16,3,11,1925,2,2,1,1,2,7
201600027497,16,3,13,1255,1,2,1,1,7,7
201600027498,16,3,12,1900,2,2,1,1,6,7
201600027499,16,3,15,1400,1,2,1,1,4,7
201600027500,16,3,16,1310,1,1,6,1,6,7
201600027501,16,3,16,640,2,1,1,1,7,267
201600027502,16,3,19,1700,1,2,1,1,6,7
201600027503,16,3,19,1707,1,2,1,1,6,353
201600027504,16,3,23,1445,1,2,6,1,2,7
201600027505,16,3,24,1245,1,2,6,1,6,7
201600027506,16,3,25,745,1,2,6,1,6,7
201600027507,16,3,25,929,1,2,1,1,7,7
201600027508,16,3,25,1720,1,2,1,1,6,7
201600027509,16,3,26,950,1,1,6,1,2,353
201600027510,16,3,26,1245,1,1,1,1,7,267
201600027511,16,3,27,1300,1,2,5,1,3,7
201600027512,16,3,29,839,2,2,1,1,6,7
201600027513,16,3,29,846,1,2,1,1,7,7
201600027514,16,3,29,1625,1,2,2,1,3,7
201600027515,16,3,29,1705,1,1,1,1,6,7
201600027516,16,3,30,1035,1,2,1,1,2,7
201600027517,16,3,30,1032,1,2,1,1,6,7
201600027518,16,3,31,1310,1,1,1,1,6,267
201600027519,16,3,31,1611,1,1,1,1,6,7
201600027520,16,4,1,130,5,2,1,1,6,7
201600027521,16,3,31,1800,1,2,1,1,2,7
201600027522,16,4,3,1150,1,2,1,1,6,353
201600027523,16,4,4,835,1,2,1,1,6,7
201600027524,16,4,5,600,5,2,1,1,7,7
201600027525,16,4,5,1030,1,2,2,1,3,267
201600027526,16,4,7,1130,1,2,6,1,3,15
201600027527,16,4,8,1255,1,2,1,2,6,7
201600027528,16,4,11,1000,1,2,1,1,2,267
201600027529,16,4,8,630,3,1,1,1,3,7
201600027530,16,4,12,1657,1,2,1,1,6,7
201600027531,16,4,13,1339,1,2,2,1,7,7
201600027532,16,4,16,30,5,2,2,1,3,7
201600027533,16,4,18,1657,1,2,3,1,2,7
201600027534,16,4,19,1310,1,2,6,1,6,7
201600027535,16,4,19,1316,1,2,2,1,6,7
201600027536,16,4,22,1600,1,2,1,1,6,7
201600027537,16,4,24,1900,1,2,2,1,1,7