Num_Acc,an,mois,jour,hrmn,lum,agg,int,atm,col,com
201600027538,16,4,26,1508,1,1,2,1,3,15
201600027539,16,4,25,915,1,2,1,1,4,7
201600027540,16,5,1,2125,3,1,1,1,7,267
201600027541,16,4,21,1909,2,1,1,8,4,267
201600027542,16,4,26,2048,2,2,2,1,3,7
201600027543,16,4,30,730,1,2,3,1,7,7
201600027544,16,5,1,2109,2,2,6,1,6,353
201600027545,16,4,29,650,1,2,5,1,3,7
201600027546,16,4,27,1511,1,2,2,1,3,353
201600027547,16,4,21,1125,1,2,1,1,6,7
201600027548,16,5,3,1833,1,2,1,1,7,7
201600027549,16,5,4,1105,1,2,1,1,7,7
201600027550,16,5,5,1558,1,2,1,1,2,246
201600027551,16,4,29,1700,1,2,7,1,6,7
201600027552,16,5,6,1629,1,2,1,1,7,353
201600027553,16,5,6,1920,1,2,1,1,6,7
201600027554,16,5,9,732,1,2,1,1,3,7
201600027555,16,5,8,834,2,1,1,1,6,15
201600027556,16,5,9,2333,5,2,1,2,6,15
201600027557,16,4,9,931,1,2,1,2,7,7
201600027558,16,5,9,931,1,2,1,2,7,7
201600027559,16,5,10,2040,2,2,1,1,6,7
201600027560,16,5,12,235,5,2,1,2,6,7
201600027561,16,5,10,1715,1,2,1,1,2,7
201600027562,16,5,12,921,1,2,1,2,2,7
201600027563,16,5,11,1755,1,2,1,1,6,246
201600027564,16,5,12,1625,1,2,1,1,3,353
201600027565,16,5,13,835,1,2,7,1,3,7
201600027566,16,5,13,1505,1,2,1,2,6,7
201600027567,16,5,15,1810,1,2,1,1,2,246
201600027568,16,3,4,1129,1,2,1,1,3,7
201600027569,16,5,18,1830,1,2,1,1,2,7
201600027570,16,5,19,1030,1,2,1,1,3,7
201600027571,16,5,19,2103,2,2,1,8,1,353
201600027572,16,5,19,1950,1,2,1,1,3,7
201600027573,16,5,20,339,3,2,1,1,6,7
201600027574,16,5,22,1140,1,1,1,2,6,7
201600027575,16,5,23,835,1,2,1,1,1,7
201600027576,16,5,24,1000,1,2,3,1,3,7
201600027577,16,5,26,1010,1,2,1,1,2,7
201600027578,16,5,26,905,1,2,1,1,3,7
201600027579,16,5,26,2207,1,2,3,1,2,7
201600027580,16,5,25,824,1,2,1,1,7,7
201600027581,16,5,28,1926,2,2,1,3,6,7
201600027582,16,5,28,1208,1,2,1,1,7,7
201600027583,16,5,29,1250,1,2,1,1,7,7
201600027584,16,5,28,1352,1,2,2,1,7,7
201600027585,16,5,30,1245,1,2,1,1,3,7
201600027586,16,5,30,1455,1,2,6,1,7,246
201600027587,16,6,1,1652,1,2,1,1,3,7
201600027588,16,6,3,809,1,2,1,1,7,7
201600027589,16,5,6,1806,1,2,1,1,6,7
201600027590,16,6,6,949,1,2,1,1,2,7
201600027591,16,6,4,1156,1,2,1,1,6,7
201600027592,16,6,7,657,1,2,6,1,2,15
201600027593,16,6,9,2330,5,2,1,1,6,7
201600027594,16,6,9,1845,1,2,1,1,6,7
201600027595,16,6,13,400,5,2,1,1,7,7
201600027596,16,6,10,1200,1,2,1,1,7,7
201600027597,16,6,10,1607,1,2,1,1,6,7
201600027598,16,6,11,855,1,2,1,2,7,7
201600027599,16,6,12,802,1,2,1,3,3,7
201600027600,16,6,12,1912,1,2,2,1,3,7
201600027601,16,6,12,1049,1,2,1,1,6,7
201600027602,16,6,10,2150,2,1,1,1,7,7
201600027603,16,6,13,1238,1,2,3,1,3,246
201600027604,16,6,15,1500,1,2,1,2,6,7
201600027605,16,6,15,1545,1,1,6,2,7,7
201600027606,16,6,8,824,1,2,1,1,6,7
201600027607,16,6,16,902,1,2,2,2,3,7
201600027608,16,6,16,1632,1,1,1,3,6,7
201600027609,16,6,13,738,1,2,1,1,7,7
201600027610,16,6,15,1725,1,2,1,1,3,7
201600027611,16,6,22,1335,1,2,2,1,2,7
201600027612,16,6,22,1820,1,2,1,1,7,246
201600027613,16,6,15,2005,1,2,1,1,3,7
201600027614,16,6,23,1920,1,2,1,1,3,7
201600027615,16,6,23,1429,1,2,1,1,1,7
201600027616,16,6,18,1523,1,2,1,1,3,7
201600027617,16,6,25,2145,1,2,7,1,1,7
201600027618,16,6,23,750,1,2,1,1,6,267
201600027619,16,6,18,1123,1,1,1,1,4,15
201600027620,16,6,28,1500,1,2,1,1,3,353
201600027621,16,7,2,2050,1,2,1,1,3,7
201600027622,16,7,2,1405,1,2,1,1,1,7
201600027623,16,6,24,1745,1,1,1,1,1,267
201600027624,16,7,4,905,1,2,1,1,2,7
201600027625,16,7,5,2133,2,2,2,1,3,7
201600027626,16,7,6,1908,1,2,2,1,1,7
201600027627,16,7,5,1301,1,2,6,1,3,7
201600027628,16,7,4,1612,1,2,1,1,2,7
201600027629,16,7,6,1725,1,1,1,1,3,267
201600027630,16,7,11,755,1,2,2,1,3,7
201600027631,16,7,13,1215,1,2,1,1,2,353
201600027632,16,7,8,2234,2,2,1,1,6,7
201600027633,16,7,16,720,1,1,1,1,7,267
201600027634,16,7,16,2016,1,2,2,1,6,7
201600027635,16,7,18,1425,1,2,1,1,6,7
201600027636,16,5,31,654,1,2,1,1,7,267
201600027637,16,5,24,2015,1,1,1,1,7,7
201600027638,16,5,28,2145,5,2,2,1,3,7
201600027639,16,7,18,1246,1,2,1,1,6,7
201600027640,16,7,19,1608,1,1,1,1,2,246
201600027641,16,7,17,2151,2,2,1,1,3,7
201600027642,16,7,18,909,1,2,1,1,6,7
201600027643,16,7,19,1705,1,2,1,1,6,15
201600027644,16,7,21,830,1,2,1,1,3,246
201600027645,16,7,21,2035,1,2,1,1,6,7
201600027646,16,7,24,1927,1,2,1,1,6,7
201600027647,16,7,22,2043,1,2,1,1,6,7
201600027648,16,7,23,120,5,2,1,1,3,7
201600027649,16,7,23,1845,1,2,1,1,6,7
201600027650,16,7,26,1530,1,2,1,1,3,7
201600027651,16,7,27,935,1,2,1,1,6,15
201600027652,16,7,28,1827,1,2,1,1,6,7
201600027653,16,7,30,1626,1,2,1,1,7,7
201600027654,16,7,30,2225,5,2,2,1,6,7
201600027655,16,7,31,1850,1,2,3,1,6,7
201600027656,16,8,3,255,5,2,1,1,6,7
201600027657,16,8,3,1844,1,2,1,1,6,267
201600027658,16,8,4,1022,1,1,1,1,6,7
201600027659,16,8,5,1500,1,2,6,1,7,7
201600027660,16,8,6,1740,1,2,1,1,6,7
201600027661,16,6,15,2355,5,2,1,1,7,15
201600027662,16,8,9,1730,1,1,1,1,2,7
201600027663,16,8,11,2140,4,2,1,1,6,7
201600027664,16,8,16,1551,1,2,1,1,3,7
201600027665,16,8,17,1250,1,2,1,1,2,15
201600027666,16,8,19,1417,1,2,1,1,3,7
201600027667,16,8,19,1440,1,2,2,1,3,7
201600027668,16,8,23,818,1,2,6,1,3,353
201600027669,16,8,21,2125,1,2,1,1,3,7
201600027670,16,8,22,819,1,2,1,1,6,7
201600027671,16,8,23,1720,1,2,6,1,3,7
201600027672,16,8,29,1628,1,2,1,1,6,7
201600027673,16,8,30,1200,1,2,1,1,6,7
201600027674,16,8,30,1530,1,1,1,1,2,7
201600027675,16,8,30,1757,1,2,1,1,7,7
201600027676,16,8,30,1923,1,2,6,1,6,353
201600027677,16,8,30,2208,5,2,1,1,2,7
201600027678,16,8,31,925,1,2,1,1,3,246
201600027679,16,9,1,1900,1,2,3,1,3,7
201600027680,16,9,1,1840,1,1,1,1,1,7
201600027681,16,9,3,1130,1,2,1,1,6,7
201600027682,16,9,3,2135,5,2,1,1,7,15
201600027683,16,9,4,830,1,2,1,1,6,7
201600027684,16,9,4,1225,1,2,6,1,6,7
201600027685,16,9,4,2057,5,2,2,1,3,7
201600027686,16,9,5,1745,1,2,1,1,2,7
201600027687,16,9,5,1810,1,2,1,1,1,7
201600027688,16,9,9,1220,1,2,1,1,6,7
201600027689,16,9,9,800,1,2,1,1,6,7
201600027690,16,9,12,105,3,1,1,1,6,267
201600027691,16,9,10,15,5,2,2,1,3,7
201600027692,16,9,6,735,2,2,2,1,6,7
201600027693,16,9,13,5,5,2,1,1,2,7
201600027694,16,9,6,1054,1,2,1,1,2,7
201600027695,16,9,8,1700,1,2,1,1,2,7
201600027696,16,9,14,826,1,1,3,8,3,15
201600027697,16,9,14,2155,5,2,1,1,6,267
201600027698,16,9,15,1520,1,2,6,1,3,7
201600027699,16,9,16,914,1,2,1,1,2,7
201600027700,16,9,16,1915,1,2,1,1,7,7
201600027701,16,9,19,1930,1,2,1,1,2,7
201600027702,16,9,19,920,1,2,1,1,3,7
201600027703,16,9,20,1832,1,2,1,1,2,7
201600027704,16,8,13,500,5,2,1,1,7,7
201600027705,16,9,21,1842,1,2,2,1,3,7
201600027706,16,9,22,2125,5,2,6,1,3,7
201600027707,16,9,21,1425,1,2,6,1,6,7
201600027708,16,9,21,950,1,2,1,1,6,7
201600027709,16,9,21,1345,1,2,6,1,6,7
201600027710,16,9,24,1520,1,1,1,1,6,267
201600027711,16,9,27,815,1,2,6,1,7,7
201600027712,16,9,29,1235,1,2,1,1,7,7
201600027713,16,9,29,845,1,2,1,1,6,7
201600027714,16,10,2,1643,1,2,2,1,3,7
201600027715,16,10,1,750,2,1,3,1,6,7
201600027716,16,10,2,600,5,2,6,1,6,7
201600027717,16,9,30,1435,1,2,4,8,3,7
201600027718,16,10,2,1847,1,2,6,1,6,7
201600027719,16,9,30,2135,3,2,6,1,6,7
201600027720,16,10,4,753,5,2,9,1,3,7
201600027721,16,9,30,1918,5,2,1,1,6,7
201600027722,16,10,3,1453,1,1,1,1,2,7
201600027723,16,10,4,1335,1,2,1,1,7,7
201600027724,16,10,4,1359,1,2,1,1,6,7
201600027725,16,10,5,1923,1,2,2,1,3,7
201600027726,16,10,6,740,2,2,1,1,2,7
201600027727,16,10,6,1541,1,2,2,7,3,7
201600027728,16,10,6,1230,1,2,5,1,6,7
201600027729,16,10,7,1315,1,2,2,1,6,7
201600027730,16,10,7,1530,1,2,1,1,6,7
201600027731,16,10,9,2040,5,2,1,1,2,7
201600027732,16,10,10,2005,5,2,2,1,7,7
201600027733,16,10,11,920,1,2,1,1,1,7
201600027734,16,10,12,1645,1,2,2,1,3,7
201600027735,16,10,14,1533,1,2,1,1,2,7
201600027736,16,10,14,835,2,2,1,1,7,7
201600027737,16,10,15,1103,1,2,1,1,7,7
201600027738,16,10,14,542,5,2,9,1,6,7
201600027739,16,10,17,1245,1,2,1,1,1,7
201600027740,16,10,17,1804,1,2,6,1,1,7
201600027741,16,10,18,802,1,2,5,1,3,7
201600027742,16,10,20,1020,1,2,1,1,2,267
201600027743,16,10,21,750,1,2,6,1,3,7
201600027744,16,10,23,2045,5,2,1,2,7,7
201600027745,16,10,24,1505,1,1,1,2,7,267
201600027746,16,10,24,1215,1,2,1,1,7,246
201600027747,16,10,24,700,2,2,1,1,7,7
201600027748,16,10,24,1845,2,2,2,1,3,7
201600027749,16,10,25,1341,1,2,1,1,6,7
201600027750,16,10,26,1608,1,2,1,1,6,7
201600027751,16,10,25,1705,2,2,1,1,7,246
201600027752,16,10,25,845,1,2,1,1,2,7
201600027753,16,10,27,1650,1,2,6,1,6,267
201600027754,16,10,28,1453,1,2,1,1,4,7
201600027755,16,10,23,1837,1,2,1,1,6,267
201600027756,16,10,29,407,5,1,1,1,6,7
201600027757,16,10,29,1707,1,2,1,1,3,7
201600027758,16,10,29,1816,2,2,1,1,6,246
201600027759,16,11,2,751,2,2,1,1,3,7
201600027760,16,11,2,808,2,2,1,1,6,7
201600027761,16,11,2,1754,2,2,1,1,6,246
201600027762,16,11,3,1405,1,2,4,1,3,7
201600027763,16,11,3,1835,2,2,1,1,4,7
201600027764,16,11,3,912,1,2,1,1,2,7
201600027765,16,11,5,1600,1,2,1,1,6,7
201600027766,16,11,5,2100,5,2,1,1,6,7
201600027767,16,11,7,1801,2,2,2,1,3,7
201600027768,16,11,8,1840,5,2,1,1,1,7
201600027769,16,11,8,1405,1,2,1,1,2,7
201600027770,16,11,8,1945,5,2,1,1,6,7
201600027771,16,11,9,1524,1,2,1,1,6,7
201600027772,16,11,9,1732,2,2,1,1,6,7
201600027773,16,11,9,1856,5,2,2,1,3,7
201600027774,16,11,12,1011,1,1,1,3,1,7
201600027775,16,11,13,2358,5,2,1,1,7,7
201600027776,16,11,13,730,5,1,1,1,7,7
201600027777,16,11,12,1320,1,2,1,1,7,7
201600027778,16,11,12,1905,5,2,2,1,7,353
201600027779,16,11,14,814,1,1,1,1,4,267
201600027780,16,11,14,748,2,2,1,8,6,7
201600027781,16,11,14,707,5,2,1,8,6,7
201600027782,16,11,14,745,5,2,1,8,6,7
201600027783,16,11,15,1811,2,2,1,1,7,7
201600027784,16,11,17,2050,5,2,1,2,7,7
201600027785,16,11,18,1620,1,2,1,7,6,7
201600027786,16,11,18,1542,1,2,1,1,1,353
201600027787,16,11,18,1250,1,2,1,1,4,7
201600027788,16,11,18,1505,1,2,6,1,6,7
201600027789,16,11,19,1137,1,2,6,1,6,7
201600027790,16,11,22,910,1,2,1,1,6,353
201600027791,16,11,23,750,5,2,1,3,6,15
201600027792,16,11,27,2230,5,1,1,1,2,7
201600027793,16,11,27,1606,1,2,1,1,1,7
201600027794,16,11,30,1400,1,2,1,1,2,7
201600027795,16,11,30,907,1,2,1,1,6,7
201600027796,16,11,30,2300,3,1,1,1,6,267
201600027797,16,12,1,912,1,2,6,1,3,7
201600027798,16,12,1,912,1,2,2,8,3,7
201600027799,16,12,1,1215,1,1,1,8,4,246
201600027800,16,12,1,850,1,1,1,8,4,267
201600027801,16,12,4,255,5,1,1,1,2,267
201600027802,16,12,2,928,1,2,1,8,6,353
201600027803,16,12,2,1440,1,2,1,8,6,7
201600027804,16,12,2,1010,1,2,1,8,6,15
201600027805,16,12,4,1939,5,2,1,9,6,15
201600027806,16,12,2,1800,3,1,1,8,2,267
201600027807,16,12,5,800,5,2,1,8,6,7
201600027808,16,12,5,1240,1,2,6,1,6,7
201600027809,16,12,6,650,5,2,1,1,3,7
201600027810,16,12,5,1147,1,2,1,1,6,7
201600027811,16,12,5,848,1,2,1,1,6,7
201600027812,16,12,6,1415,1,2,1,1,7,353
201600027813,16,12,6,925,1,2,1,1,6,353
201600027814,16,12,6,1700,1,2,2,1,7,7
201600027815,16,12,6,1843,5,2,1,8,2,15
201600027816,16,12,7,810,2,2,1,1,6,7
201600027817,16,12,7,740,5,2,1,1,7,7
201600027818,16,12,8,1157,1,2,1,1,1,7
201600027819,16,12,8,2245,3,1,1,1,7,15
201600027820,16,12,8,1745,1,2,1,1,6,7
201600027821,16,12,10,1410,1,2,1,1,4,7
201600027822,16,12,12,1335,1,2,2,1,3,7
201600027823,16,12,12,1501,1,2,9,1,6,7
201600027824,16,12,9,1304,1,2,1,1,6,7
201600027825,16,12,15,1535,1,2,1,1,6,7
201600027826,16,12,15,732,4,2,1,1,6,7
201600027827,16,12,9,1658,1,2,3,1,2,7
201600027828,16,12,13,1143,1,2,6,1,3,7
201600027829,16,12,16,1750,2,1,1,1,2,267
201600027830,16,12,17,2015,5,1,6,1,2,7
201600027831,16,12,13,1016,1,2,1,1,6,7
201600027832,16,12,17,1029,1,2,1,1,6,7
201600027833,16,12,14,1910,5,2,1,1,6,7
201600027834,16,12,14,1630,1,2,1,1,6,7
201600027835,16,12,20,1500,1,2,9,1,3,7
201600027836,16,12,20,909,1,2,1,1,6,7
201600027837,16,12,20,945,1,2,1,1,6,15
201600027838,16,12,24,1040,1,2,2,1,6,7
201600027839,16,12,23,1127,1,2,1,5,6,7
201600027840,16,12,23,1205,1,2,1,5,6,7
201600027841,16,12,26,1150,1,1,1,8,6,7
201600027842,16,12,26,1415,1,1,1,8,6,7
201600027843,16,12,26,1250,1,2,1,8,1,246
201600027844,16,12,27,1145,1,2,1,1,6,7
201600027845,16,12,27,1959,5,2,2,8,6,7
201600027846,16,12,7,1818,5,2,1,1,1,99
201600027847,16,12,12,740,2,2,3,2,6,99
201600027848,16,12,8,1720,1,2,1,1,2,99
201600027849,16,10,31,1700,1,2,1,1,6,99
201600027850,16,12,13,1926,2,2,6,2,6,99
201600027851,16,1,5,900,1,2,1,8,3,99
201600027852,16,3,10,1545,1,2,6,1,2,99
201600027853,16,1,26,1705,1,2,1,7,2,99
201600027854,16,1,13,1700,1,1,3,1,1,99
201600027855,16,3,5,1430,1,2,3,8,3,99
201600027856,16,1,7,1425,1,2,1,1,7,99
201600027857,16,1,29,1510,1,2,2,8,3,99
201600027858,16,1,23,140,3,1,1,8,6,99
201600027859,16,2,10,750,1,2,1,8,3,99
201600027860,16,3,30,1625,1,2,2,1,3,99
201600027861,16,4,11,945,1,1,1,1,6,99
201600027862,16,4,20,1804,1,2,1,1,3,99
201600027863,16,5,9,1725,1,2,1,1,6,99
201600027864,16,5,29,940,1,2,7,1,4,99
201600027865,16,6,27,1905,1,2,1,1,3,99
201600027866,16,7,11,735,1,2,1,1,1,99
201600027867,16,6,19,830,1,2,2,1,3,99
201600027868,16,6,20,220,5,2,1,1,6,99
201600027869,16,7,28,1640,1,2,3,1,3,99
201600027870,16,8,6,1915,1,2,1,1,1,99
201600027871,16,7,18,1640,1,1,1,1,2,99
201600027872,16,8,16,845,1,1,1,1,1,99
201600027873,16,9,8,1555,1,2,1,1,6,99
201600027874,16,9,12,1615,1,2,1,1,4,99
201600027875,16,8,31,1805,1,2,2,1,6,99
201600027876,16,9,11,825,1,2,1,1,6,99
201600027877,16,10,1,55,5,2,1,2,6,99
201600027878,16,10,26,750,2,2,1,1,6,99
201600027879,16,11,4,830,1,2,1,1,6,99
201600027880,16,11,4,1330,1,2,1,1,4,99
201600027881,16,11,21,1410,1,2,3,2,3,99
201600027882,16,11,22,1645,1,2,2,1,3,99
201600027883,16,11,18,1352,1,2,1,2,7,99
201600027884,16,11,12,1220,1,2,2,2,3,99
201600027885,16,11,18,210,5,2,1,2,6,99
201600027886,16,11,12,1842,2,2,1,8,6,99
201600027887,16,10,28,1355,1,2,1,1,3,99
201600027888,16,1,9,550,5,2,1,1,6,328
201600027889,16,12,22,1235,1,2,1,1,1,328
201600027890,16,1,23,2150,5,2,6,1,7,328
201600027891,16,1,29,1730,1,1,1,1,1,328
201600027892,16,11,18,2005,3,1,1,1,7,328
201600027893,16,1,31,1300,1,1,1,1,1,328
201600027894,16,5,18,1650,1,2,1,1,3,328
201600027895,16,5,19,1400,1,2,1,1,2,328
201600027896,16,6,1,1155,1,2,1,1,3,328
201600027897,16,6,10,1400,1,2,1,1,3,328
201600027898,16,6,21,750,1,1,2,2,3,328
201600027899,16,6,25,1040,1,2,1,1,2,328
201600027900,16,7,10,1055,1,1,1,1,5,328
201600027901,16,7,13,1810,1,2,1,1,1,328
201600027902,16,7,20,1905,1,1,6,1,1,328
201600027903,16,7,22,2000,1,2,1,1,6,328
201600027904,16,11,18,2050,3,1,1,1,7,328
201600027905,16,8,14,1755,1,2,3,1,1,328
201600027906,16,8,14,930,1,2,1,1,3,328
201600027907,16,8,14,2200,5,2,1,1,7,328
201600027908,16,9,8,1805,1,2,1,1,6,328
201600027909,16,9,9,1715,1,2,1,1,6,328
201600027910,16,10,5,1010,1,2,1,1,3,328
201600027911,16,10,12,1215,1,2,1,1,3,328
201600027912,16,11,30,1010,1,2,1,1,6,328
201600027913,16,11,26,1925,5,2,6,1,6,328
201600027914,16,12,8,1345,1,2,2,1,3,328
201600027915,16,12,8,2025,5,2,6,1,3,328
201600027916,16,12,17,1120,1,2,1,5,3,328
201600027917,16,1,2,1120,1,1,1,3,6,129
201600027918,16,12,31,1400,1,2,1,1,7,602
201600027919,16,1,4,1300,1,2,6,2,7,129
201600027920,16,12,30,1540,1,2,1,1,7,173
201600027921,16,1,4,1845,5,2,1,1,7,129
201600027922,16,1,8,1105,1,2,2,1,2,173
201600027923,16,1,8,1300,1,2,1,1,7,173
201600027924,16,1,13,755,5,2,6,1,3,129
201600027925,16,1,12,2030,3,2,3,1,3,129
201600027926,16,1,14,1210,1,2,6,1,3,602
201600027927,16,1,16,2025,5,2,1,1,7,129
201600027928,16,1,18,729,5,2,3,2,7,129
201600027929,16,1,20,750,5,2,1,1,1,129
201600027930,16,1,24,2140,5,1,1,1,7,203
201600027931,16,1,22,2100,5,2,1,1,7,129
201600027932,16,1,27,1845,5,2,3,2,3,129
201600027933,16,1,27,1845,5,2,3,2,2,129
201600027934,16,1,31,1330,1,2,1,2,7,173
201600027935,16,2,1,830,2,2,1,2,3,129
201600027936,16,2,3,1640,1,2,2,1,3,129
201600027937,16,2,4,935,1,2,2,1,7,129
201600027938,16,2,6,1800,2,2,2,2,4,129
201600027939,16,2,5,1720,1,2,1,1,2,129
201600027940,16,2,8,1755,2,2,1,6,2,203
201600027941,16,2,10,1745,1,2,2,2,2,129
201600027942,16,2,10,2015,5,2,1,1,2,129
201600027943,16,2,12,1832,5,2,1,1,2,129
201600027944,16,2,12,1620,1,1,4,1,6,203
201600027945,16,2,13,1325,1,2,1,2,3,173
201600027946,16,2,15,1550,1,2,1,1,1,129
201600027947,16,2,1,1815,2,2,1,1,7,416
201600027948,16,2,16,1805,2,2,3,1,6,203
201600027949,16,2,16,1905,4,2,6,1,3,602
201600027950,16,2,23,1330,1,2,2,1,7,129
201600027951,16,2,26,1630,1,2,1,1,2,129
201600027952,16,3,1,840,1,2,6,2,7,129
201600027953,16,3,1,840,1,2,1,2,4,129
201600027954,16,3,1,2200,3,2,6,1,7,129
201600027955,16,3,1,1215,1,2,1,3,3,129
201600027956,16,3,2,350,5,2,6,8,7,129
201600027957,16,3,1,1230,1,2,1,2,4,129
201600027958,16,3,2,745,1,2,3,1,3,173
201600027959,16,3,3,1350,1,2,1,1,4,129
201600027960,16,3,6,1510,1,2,6,1,3,173
201600027961,16,3,3,1010,1,2,2,6,7,129
201600027962,16,3,7,720,1,2,1,1,7,173
201600027963,16,3,15,920,1,2,3,1,5,129
201600027964,16,3,18,935,1,2,7,1,7,129
201600027965,16,3,24,1710,1,2,1,2,6,129
201600027966,16,3,19,2130,5,2,1,1,1,173
201600027967,16,3,26,2310,5,2,1,1,7,173
201600027968,16,3,28,1900,1,1,2,6,7,129
201600027969,16,3,28,2350,5,2,1,1,7,129
201600027970,16,4,4,1240,1,2,3,1,7,129
201600027971,16,3,31,740,2,1,1,1,7,416
201600027972,16,4,7,1200,1,2,1,1,7,129
201600027973,16,4,7,1755,1,2,2,1,2,129
201600027974,16,4,8,2240,5,1,1,1,7,129
201600027975,16,4,15,1025,1,2,1,1,7,129
201600027976,16,4,17,1035,1,2,1,1,7,129
201600027977,16,3,31,1215,1,2,6,1,7,129
201600027978,16,4,20,1610,1,2,1,1,7,602
201600027979,16,4,15,1545,1,2,3,1,2,129
201600027980,16,4,21,1210,1,2,1,1,6,129
201600027981,16,4,21,820,1,1,2,1,7,129
201600027982,16,4,21,1740,1,2,3,1,7,173
201600027983,16,4,26,2120,2,1,3,1,7,129
201600027984,16,4,29,730,2,2,3,1,3,129
201600027985,16,5,2,1215,1,1,1,1,7,416
201600027986,16,5,5,1230,1,2,1,1,3,203
201600027987,16,5,7,100,5,2,1,1,7,129
201600027988,16,5,9,1635,1,2,1,2,7,129
201600027989,16,4,25,1050,1,1,6,1,7,602
201600027990,16,5,8,1330,1,1,1,1,7,416
201600027991,16,5,10,640,2,2,1,2,7,129
201600027992,16,5,10,1315,1,1,1,1,7,602
201600027993,16,5,11,1145,1,2,1,1,7,129
201600027994,16,5,11,1205,1,2,2,2,2,129
201600027995,16,5,12,1220,1,1,3,2,7,203
201600027996,16,5,13,1040,1,2,1,1,3,173
201600027997,16,5,16,330,3,1,1,1,7,129
201600027998,16,5,12,1610,1,2,1,8,6,129
201600027999,16,5,17,1330,1,2,2,1,2,602
201600028000,16,5,25,930,1,2,1,1,7,602
201600028001,16,5,19,835,1,2,2,1,3,129
201600028002,16,5,26,925,1,1,1,1,3,416
201600028003,16,5,29,45,5,2,3,1,7,129
201600028004,16,5,31,1920,1,2,3,3,2,129
201600028005,16,5,25,1410,1,2,2,1,3,129
201600028006,16,6,2,310,3,2,6,2,7,602
201600028007,16,6,3,745,2,2,2,1,7,129
201600028008,16,5,29,255,5,2,1,1,1,129
201600028009,16,6,4,1735,1,2,3,1,1,129
201600028010,16,6,11,1815,1,2,1,1,2,129
201600028011,16,6,10,1220,1,2,3,1,7,129
201600028012,16,6,13,735,1,2,3,1,3,129
201600028013,16,6,14,1520,1,2,1,1,1,203
201600028014,16,6,19,1630,1,1,2,2,2,416
201600028015,16,6,16,25,5,2,2,1,7,129
201600028016,16,5,27,2110,1,2,1,1,6,173
201600028017,16,6,21,1400,1,2,2,1,3,129
201600028018,16,6,20,1205,1,2,1,2,1,173
201600028019,16,6,26,1945,1,2,1,1,7,602
201600028020,16,6,28,1315,1,2,4,1,3,203
201600028021,16,6,29,255,5,2,1,1,7,129
201600028022,16,6,30,440,5,2,1,2,7,129
201600028023,16,7,4,1520,1,2,1,1,3,129
201600028024,16,7,4,2305,5,2,1,2,6,129
201600028025,16,7,6,1800,1,2,2,1,2,129
201600028026,16,7,6,1430,1,2,1,1,7,129
201600028027,16,7,7,1810,1,2,4,1,3,129
201600028028,16,7,12,1850,1,2,1,1,3,129
201600028029,16,7,13,1635,1,2,2,1,3,129
201600028030,16,7,13,1725,1,2,1,1,5,129
201600028031,16,7,14,1605,1,2,2,1,3,602
201600028032,16,7,19,1050,1,1,1,1,7,129
201600028033,16,7,23,1655,1,2,3,1,1,602
201600028034,16,7,23,1900,1,2,3,1,1,129
201600028035,16,7,22,925,1,2,2,1,1,173
201600028036,16,7,25,2050,2,2,1,1,3,129
201600028037,16,7,30,1730,1,1,1,1,3,173
201600028038,16,7,29,1740,1,2,6,1,7,129
201600028039,16,7,30,1035,1,2,3,1,4,129
201600028040,16,1,3,1000,1,2,1,1,7,602
201600028041,16,1,2,420,5,2,1,1,7,129
201600028042,16,8,10,1545,1,2,4,1,2,129
201600028043,16,8,10,2335,5,2,6,1,7,162
201600028044,16,8,17,1630,1,2,1,1,2,173
201600028045,16,8,22,1015,1,2,2,1,3,129
201600028046,16,8,30,800,1,2,1,1,7,602
201600028047,16,8,31,1715,1,2,2,1,2,129
201600028048,16,8,31,1200,1,2,4,1,2,129
201600028049,16,9,4,1445,1,2,3,8,7,173
201600028050,16,9,4,1315,1,2,3,8,3,129
201600028051,16,9,6,1205,1,2,2,1,7,173
201600028052,16,9,12,1410,1,2,1,1,7,173
201600028053,16,9,14,750,2,2,1,1,2,173
201600028054,16,9,14,1430,1,2,1,1,2,129
201600028055,16,9,18,1835,1,2,3,1,1,129
201600028056,16,9,24,1855,1,2,2,1,7,602
201600028057,16,9,23,1805,1,2,1,1,3,602
201600028058,16,9,28,825,1,2,1,1,1,129
201600028059,16,9,28,1500,1,2,1,1,1,602
201600028060,16,10,6,1135,1,2,2,1,3,602
201600028061,16,10,7,1435,1,2,2,1,3,129
201600028062,16,10,8,1755,1,1,1,1,7,203
201600028063,16,10,7,2150,4,2,1,1,7,602
201600028064,16,10,17,745,5,2,3,1,7,129
201600028065,16,10,26,1345,1,2,1,1,7,602
201600028066,16,10,26,1945,1,2,2,1,3,129
201600028067,16,10,27,1655,1,2,1,1,3,129
201600028068,16,11,2,1425,1,2,1,1,3,173
201600028069,16,11,4,645,5,2,1,1,1,602
201600028070,16,10,30,1910,5,2,2,1,6,129
201600028071,16,11,5,1350,1,2,3,8,1,602
201600028072,16,11,6,405,5,2,3,1,7,129
201600028073,16,11,8,1830,3,1,1,3,2,203
201600028074,16,11,9,650,5,2,6,2,7,203
201600028075,16,11,12,200,5,2,1,1,6,129
201600028076,16,11,11,1330,1,1,2,1,5,129
201600028077,16,11,11,1950,5,2,2,1,1,129
201600028078,16,11,12,1820,4,2,1,1,7,173
201600028079,16,11,12,2120,5,2,3,1,3,203
201600028080,16,11,16,1735,1,2,3,1,7,173
201600028081,16,11,16,1955,5,2,6,1,3,129
201600028082,16,11,19,420,5,2,2,1,3,129
201600028083,16,11,23,1910,5,2,2,2,3,602
201600028084,16,11,23,2000,5,1,1,1,7,173
201600028085,16,11,25,745,3,1,1,1,7,416