Num_Acc,an,mois,jour,hrmn,lum,agg,int,atm,col,com
201600028086,16,11,26,1305,1,2,1,1,7,129
201600028087,16,11,30,1225,1,2,3,1,3,129
201600028088,16,11,29,1405,1,2,6,1,7,129
201600028089,16,12,1,1710,3,1,1,1,4,602
201600028090,16,12,3,310,5,2,6,1,6,173
201600028091,16,11,14,1800,5,2,2,1,6,602
201600028092,16,12,3,25,5,2,1,1,3,129
201600028093,16,12,2,1815,5,2,3,1,2,129
201600028094,16,12,3,1340,1,2,4,1,1,129
201600028095,16,12,5,1430,1,2,2,1,1,129
201600028096,16,12,5,1630,1,2,2,1,1,602
201600028097,16,12,10,1640,1,2,9,1,3,203
201600028098,16,12,9,630,5,2,2,1,3,203
201600028099,16,12,12,1620,1,2,1,2,4,129
201600028100,16,12,14,1425,1,2,1,1,2,602
201600028101,16,12,16,1615,1,2,1,1,7,129
201600028102,16,12,17,555,5,2,6,1,3,129
201600028103,16,12,20,1415,1,2,1,1,4,203
201600028104,16,12,20,1830,5,2,6,1,4,173
201600028105,16,12,20,2330,5,2,3,1,1,203
201600028106,16,12,24,840,2,2,1,1,6,203
201600028107,16,12,29,1800,5,2,1,1,6,129
201600028108,16,12,30,555,5,1,1,1,6,129
201600028109,16,1,4,835,2,2,3,1,3,147
201600028110,16,2,7,1220,1,2,2,6,2,147
201600028111,16,4,12,1035,1,1,6,1,1,345
201600028112,16,5,5,1145,1,2,6,1,3,147
201600028113,16,7,16,905,1,2,1,1,6,147
201600028114,16,7,13,935,1,1,1,1,2,376
201600028115,16,7,26,1440,1,2,1,1,1,147
201600028116,16,9,27,1750,1,1,3,2,3,147
201600028117,16,10,16,955,1,2,3,1,1,147
201600028118,16,12,1,1755,5,2,1,1,6,147
201600028119,16,12,12,1430,1,2,1,2,3,147
201600028120,16,1,5,1647,1,2,1,1,6,218
201600028121,16,1,13,1630,1,2,1,1,2,218
201600028122,16,1,16,1940,5,2,1,1,3,532
201600028123,16,1,17,710,5,2,1,1,6,218
201600028124,16,2,5,850,1,2,2,1,3,218
201600028125,16,2,5,1915,5,2,1,8,6,647
201600028126,16,2,10,1840,5,2,1,2,6,165
201600028127,16,3,5,1725,1,2,3,1,3,218
201600028128,16,3,12,155,5,2,1,1,6,218
201600028129,16,3,16,1215,1,2,1,1,2,218
201600028130,16,5,11,817,1,1,1,1,6,218
201600028131,16,5,13,1705,1,2,1,1,6,218
201600028132,16,5,24,545,2,2,2,1,3,218
201600028133,16,5,29,5,5,1,1,1,3,218
201600028134,16,6,25,1250,1,2,3,1,6,218
201600028135,16,6,28,1240,1,2,1,1,6,647
201600028136,16,7,4,940,1,2,1,1,3,165
201600028137,16,7,29,2000,1,1,1,1,7,218
201600028138,16,8,6,1939,1,2,1,7,6,165
201600028139,16,8,8,900,1,1,6,1,3,532
201600028140,16,8,8,1535,1,1,1,1,1,218
201600028141,16,8,12,1540,1,2,1,1,6,541
201600028142,16,8,14,610,5,2,1,1,6,218
201600028143,16,8,25,1345,1,2,3,1,5,165
201600028144,16,8,27,1110,1,2,1,1,3,532
201600028145,16,9,3,1055,1,2,3,1,3,532
201600028146,16,9,10,1710,1,2,3,3,6,218
201600028147,16,9,17,600,5,2,6,2,3,218
201600028148,16,10,12,1700,1,2,2,1,6,218
201600028149,16,10,12,1800,1,2,4,1,6,218
201600028150,16,10,27,1505,1,2,6,1,6,165
201600028151,16,11,2,1505,1,2,9,1,6,218
201600028152,16,11,26,1845,3,1,1,8,2,532
201600028153,16,12,2,204,5,1,1,5,2,532
201600028154,16,12,9,805,1,2,6,5,6,218
201600028155,16,12,21,1835,3,1,3,3,3,532
201600028156,16,1,5,1740,5,2,1,3,6,2
201600028157,16,1,15,1940,5,2,1,8,1,502
201600028158,16,1,24,1230,1,2,1,2,2,538
201600028159,16,2,12,1220,1,1,3,2,3,502
201600028160,16,2,19,2120,3,1,1,2,1,465
201600028161,16,2,27,1350,1,2,1,1,3,502
201600028162,16,3,3,1700,1,1,1,1,4,2
201600028163,16,3,11,1815,1,1,1,1,2,2
201600028164,16,4,1,2210,5,2,6,1,7,34
201600028165,16,4,12,1810,1,2,1,1,6,502
201600028166,16,5,6,920,1,1,1,1,1,2
201600028167,16,5,12,1155,1,2,1,2,6,502
201600028168,16,5,27,340,5,2,3,1,6,502
201600028169,16,6,27,1850,1,1,1,1,7,502
201600028170,16,7,2,1600,1,2,6,1,2,465
201600028171,16,8,10,900,1,2,6,1,1,502
201600028172,16,8,11,1425,1,2,2,1,2,502
201600028173,16,8,11,1710,1,2,1,1,6,2
201600028174,16,8,25,1400,1,2,1,1,6,502
201600028175,16,8,25,1500,1,1,3,1,3,321
201600028176,16,10,4,1235,1,2,1,1,6,502
201600028177,16,10,5,1740,1,1,2,1,3,502
201600028178,16,10,24,1350,1,2,2,1,3,502
201600028179,16,10,31,1538,1,2,1,1,7,502
201600028180,16,11,7,1450,1,1,1,8,7,502
201600028181,16,11,11,230,5,2,1,1,6,502
201600028182,16,11,18,1730,5,2,6,1,3,465
201600028183,16,11,21,1800,5,2,1,2,6,502
201600028184,16,11,30,1745,3,2,1,1,3,2
201600028185,16,12,1,2037,5,2,1,1,7,2
201600028186,16,12,5,1820,5,2,6,1,6,2
201600028187,16,12,18,1835,5,1,2,5,3,502
201600028188,16,12,23,2230,3,1,1,2,1,2
201600028189,16,2,1,1840,5,2,3,2,3,108
201600028190,16,2,9,2325,5,2,1,8,6,108
201600028191,16,3,16,1640,1,2,3,1,6,108
201600028192,16,3,29,1109,1,1,1,6,1,108
201600028193,16,4,3,305,5,2,1,3,6,525
201600028194,16,4,16,630,5,2,1,1,6,108
201600028195,16,5,12,1355,1,2,1,8,3,108
201600028196,16,6,1,1500,1,2,1,1,3,108
201600028197,16,6,25,2100,2,2,1,1,1,108
201600028198,16,7,2,2252,3,1,1,1,7,108
201600028199,16,7,13,1545,1,2,2,1,3,108
201600028200,16,8,6,1750,1,2,2,1,1,506
201600028201,16,8,16,1550,1,2,1,1,6,108
201600028202,16,8,30,1424,1,2,1,1,6,108
201600028203,16,9,2,1840,1,1,6,1,7,483
201600028204,16,10,5,1305,1,2,1,1,3,108
201600028205,16,10,5,1645,1,2,2,1,3,108
201600028206,16,10,14,1545,1,2,3,1,3,506
201600028207,16,10,28,1925,1,2,2,1,3,242
201600028208,16,11,30,1200,1,2,3,1,6,108
201600028209,16,12,6,742,2,2,1,1,6,108
201600028210,16,12,11,621,5,2,1,2,6,108
201600028211,16,12,20,940,1,2,1,1,6,108
201600028212,16,12,27,1825,5,2,6,1,6,108
201600028213,16,1,28,2100,5,2,1,1,6,230
201600028214,16,2,24,1411,1,1,1,1,6,230
201600028215,16,5,5,1610,1,2,1,1,6,663
201600028216,16,6,4,700,1,2,3,1,3,663
201600028217,16,7,2,1404,1,1,1,1,1,30
201600028218,16,7,11,105,5,2,2,1,3,230
201600028219,16,7,17,17,5,2,2,1,3,230
201600028220,16,9,26,726,1,1,2,1,3,390
201600028221,16,10,5,1550,1,2,2,1,2,230
201600028222,16,10,17,1830,1,2,3,1,6,30
201600028223,16,11,7,1350,1,2,2,1,3,431
201600028224,16,1,5,1750,5,2,2,2,6,454
201600028225,16,1,5,1900,5,2,2,2,5,454
201600028226,16,1,6,1430,1,2,1,1,6,454
201600028227,16,1,7,645,5,2,1,2,2,454
201600028228,16,1,8,1325,1,2,1,1,6,55
201600028229,16,1,9,1030,1,2,1,2,4,454
201600028230,16,1,10,1930,5,2,2,2,3,454
201600028231,16,1,11,725,3,2,1,2,7,474
201600028232,16,1,11,1705,2,2,1,8,6,454
201600028233,16,1,12,1200,1,2,1,1,6,454
201600028234,16,1,12,1600,1,2,5,1,6,454
201600028235,16,1,13,1225,1,2,1,1,3,55
201600028236,16,1,14,1730,5,2,1,1,6,454
201600028237,16,1,18,845,1,2,1,1,6,454
201600028238,16,1,18,1610,1,2,2,1,3,454
201600028239,16,1,20,750,5,2,5,1,1,454
201600028240,16,1,20,1700,1,2,6,1,2,454
201600028241,16,1,20,1800,5,2,1,1,3,454
201600028242,16,1,27,925,1,2,2,2,3,454
201600028243,16,1,28,1020,1,2,1,1,1,454
201600028244,16,1,30,1135,1,2,1,3,1,454
201600028245,16,1,30,1930,5,2,1,1,2,454
201600028246,16,2,3,1615,1,2,6,2,6,172
201600028247,16,2,4,652,5,2,1,1,6,454
201600028248,16,2,4,1812,5,2,1,3,6,573
201600028249,16,2,5,1400,1,1,1,1,4,454
201600028250,16,2,5,1810,5,2,5,1,3,454
201600028251,16,2,5,1225,1,2,1,1,2,454
201600028252,16,2,9,1240,1,2,1,1,6,454
201600028253,16,2,9,1900,5,2,1,1,3,454
201600028254,16,2,10,1355,1,2,1,2,4,454
201600028255,16,2,11,1040,1,2,1,1,2,454
201600028256,16,2,12,1825,2,2,3,2,6,454
201600028257,16,2,14,2005,5,2,1,1,2,454
201600028258,16,2,13,1305,1,2,1,2,2,454
201600028259,16,2,15,1235,1,2,3,1,1,454
201600028260,16,2,16,1248,1,2,2,1,1,454
201600028261,16,2,18,1900,5,2,1,2,6,454
201600028262,16,2,19,1330,1,1,1,1,6,454
201600028263,16,2,20,935,1,2,1,2,6,454
201600028264,16,2,23,1220,1,2,7,1,1,454
201600028265,16,2,23,1545,1,2,2,1,6,454
201600028266,16,2,26,620,5,2,2,1,6,454
201600028267,16,2,26,655,5,2,6,1,6,454
201600028268,16,2,29,1935,1,1,2,1,2,454
201600028269,16,3,2,825,1,2,2,2,6,454
201600028270,16,3,3,755,1,2,1,1,2,454
201600028271,16,3,5,1350,1,2,6,1,3,454
201600028272,16,3,7,1210,1,2,1,1,6,454
201600028273,16,3,7,1750,1,2,2,2,6,454
201600028274,16,3,8,1620,1,2,3,1,3,454
201600028275,16,3,10,1045,1,2,3,1,2,454
201600028276,16,3,10,1330,1,2,2,1,3,454
201600028277,16,3,11,1420,1,2,1,1,4,454
201600028278,16,3,11,1710,1,2,1,1,2,454
201600028279,16,3,12,1100,1,2,1,1,2,454
201600028280,16,3,13,1430,1,1,1,1,6,454
201600028281,16,3,14,1325,1,2,1,1,6,454
201600028282,16,3,14,1615,1,2,6,1,2,454
201600028283,16,3,16,1000,1,2,2,1,3,58
201600028284,16,3,17,305,5,2,1,1,6,454
201600028285,16,3,17,1115,1,2,1,1,3,454
201600028286,16,3,19,2220,5,2,2,1,6,454
201600028287,16,3,19,2030,5,2,3,1,1,454
201600028288,16,3,24,845,1,2,2,1,6,454
201600028289,16,3,24,1425,1,2,2,1,6,454
201600028290,16,3,25,1020,1,1,2,1,3,58
201600028291,16,3,25,1715,1,2,1,1,6,454
201600028292,16,3,30,1220,1,1,3,1,3,454
201600028293,16,4,1,2340,5,2,2,1,3,454
201600028294,16,4,4,1730,1,2,1,1,6,454
201600028295,16,4,6,900,1,2,2,1,3,454
201600028296,16,4,6,1350,1,2,2,1,3,58
201600028297,16,4,6,1655,1,2,2,1,1,454
201600028298,16,4,11,1655,1,2,1,1,6,454
201600028299,16,4,12,1115,1,1,1,1,3,454
201600028300,16,4,16,1035,1,2,6,1,6,454
201600028301,16,4,16,1930,1,2,1,2,6,454
201600028302,16,4,14,1213,1,2,1,1,2,454
201600028303,16,4,18,1855,1,2,2,1,3,454
201600028304,16,4,20,1815,1,1,1,7,5,454
201600028305,16,4,20,1900,1,2,6,1,2,454
201600028306,16,4,18,1125,1,2,1,1,4,454
201600028307,16,4,21,1500,1,2,2,1,1,454
201600028308,16,4,15,1630,1,2,1,1,2,454
201600028309,16,4,22,2000,1,2,2,1,3,454
201600028310,16,4,23,1550,1,2,2,1,1,454
201600028311,16,4,24,1900,1,2,1,1,3,454
201600028312,16,4,25,900,1,2,1,2,6,454
201600028313,16,4,25,900,1,2,3,1,3,454
201600028314,16,4,26,1436,1,2,2,8,3,454
201600028315,16,4,27,420,5,2,1,1,3,454
201600028316,16,4,27,1550,1,2,1,2,6,454
201600028317,16,4,27,1755,1,2,1,1,6,454
201600028318,16,4,30,1935,1,2,1,1,2,454
201600028319,16,5,1,1500,1,2,1,1,2,454
201600028320,16,5,1,1940,1,2,1,1,6,573
201600028321,16,5,1,2115,2,1,1,1,6,454
201600028322,16,5,3,1550,1,2,2,1,2,454
201600028323,16,5,4,1110,1,2,3,1,1,454
201600028324,16,5,5,5,5,2,1,1,6,454
201600028325,16,5,10,1525,1,2,3,2,3,454
201600028326,16,5,10,1845,1,2,1,1,1,454
201600028327,16,5,11,1800,1,2,3,1,6,454
201600028328,16,5,14,1245,1,2,6,1,4,573
201600028329,16,5,14,1407,1,2,1,1,2,172
201600028330,16,5,15,1445,1,2,3,1,3,454
201600028331,16,5,17,1615,1,2,3,1,3,454
201600028332,16,5,17,1745,1,2,1,1,3,454
201600028333,16,5,18,740,1,2,3,1,2,454
201600028334,16,5,19,1200,1,2,7,1,3,454
201600028335,16,5,19,1740,1,2,1,1,4,454
201600028336,16,5,20,1720,1,2,1,1,6,454
201600028337,16,5,21,2100,2,2,3,1,5,454
201600028338,16,5,22,850,1,2,6,3,3,454
201600028339,16,5,23,1540,1,2,1,2,3,454
201600028340,16,5,25,1000,1,2,1,1,6,454
201600028341,16,5,25,2240,5,2,2,1,3,454
201600028342,16,5,26,815,1,2,2,1,6,454
201600028343,16,5,26,1245,1,2,2,1,3,454
201600028344,16,5,27,825,1,2,1,1,6,454
201600028345,16,5,28,1655,1,2,1,1,6,454
201600028346,16,5,28,2105,2,2,2,1,3,454
201600028347,16,5,30,650,1,2,2,2,1,454
201600028348,16,5,30,1345,1,2,2,3,3,454
201600028349,16,5,31,915,1,2,1,2,6,454
201600028350,16,5,31,1200,1,2,1,2,6,172
201600028351,16,5,31,1730,1,2,1,1,2,454
201600028352,16,6,3,1500,1,2,1,1,3,454
201600028353,16,6,8,1110,1,1,1,1,5,454
201600028354,16,6,8,1650,1,2,1,2,5,454
201600028355,16,6,10,15,4,1,1,1,6,454
201600028356,16,6,10,2320,5,2,2,1,3,454
201600028357,16,6,14,750,1,2,1,1,4,454
201600028358,16,6,20,2300,5,2,6,2,6,454
201600028359,16,6,21,750,1,2,1,1,4,454
201600028360,16,6,21,2232,5,2,1,2,1,454
201600028361,16,6,23,930,1,2,1,1,6,454
201600028362,16,6,23,2200,4,2,6,1,3,454
201600028363,16,6,26,1945,1,2,2,1,6,454
201600028364,16,6,27,1210,1,2,3,1,3,454
201600028365,16,6,28,1315,1,2,1,1,6,454
201600028366,16,6,29,1130,1,2,1,1,2,454
201600028367,16,7,1,1100,1,2,9,1,6,454
201600028368,16,7,2,2100,1,2,1,1,3,454
201600028369,16,7,13,1745,1,2,6,1,3,454
201600028370,16,7,18,2015,1,2,3,1,2,454
201600028371,16,7,23,800,1,2,2,1,3,454
201600028372,16,7,25,1155,1,2,1,1,6,454
201600028373,16,7,30,2340,5,2,2,1,3,454
201600028374,16,8,2,1620,1,1,1,2,6,454
201600028375,16,8,3,2010,1,2,1,1,3,172
201600028376,16,8,4,955,1,2,5,2,3,454
201600028377,16,8,9,1745,1,2,6,1,6,454
201600028378,16,8,10,945,1,2,1,1,2,454
201600028379,16,8,12,1535,1,2,2,1,6,454
201600028380,16,8,12,1747,1,2,2,1,2,454
201600028381,16,8,12,1940,1,2,2,1,1,454
201600028382,16,8,12,1945,1,2,2,1,3,454
201600028383,16,8,15,1540,1,2,2,1,3,454
201600028384,16,8,15,1650,1,2,4,1,3,454
201600028385,16,8,15,1705,1,2,6,1,2,573
201600028386,16,8,16,1840,1,2,1,1,6,454
201600028387,16,8,17,1000,1,2,3,1,1,454
201600028388,16,8,17,1335,1,2,1,1,6,454
201600028389,16,8,21,1740,1,2,2,1,3,454
201600028390,16,8,21,2115,2,1,1,1,1,454
201600028391,16,8,24,800,1,2,1,1,6,454
201600028392,16,8,24,1050,1,2,1,1,2,454
201600028393,16,8,24,1350,1,2,1,1,2,454
201600028394,16,8,26,902,1,2,1,1,2,454
201600028395,16,8,26,1000,1,2,2,1,2,454
201600028396,16,8,26,1530,1,2,2,1,3,454
201600028397,16,8,27,2005,1,1,1,1,1,454
201600028398,16,8,28,1950,1,2,3,1,2,454
201600028399,16,8,30,1915,1,2,2,1,1,454
201600028400,16,9,1,810,1,2,1,1,2,454
201600028401,16,9,1,2039,5,2,1,1,2,454
201600028402,16,9,2,1710,1,2,1,1,7,454
201600028403,16,9,2,2045,2,2,1,1,6,454
201600028404,16,9,5,920,1,2,1,2,6,454
201600028405,16,9,5,1400,1,1,1,1,3,474
201600028406,16,9,7,1715,1,2,2,1,6,454
201600028407,16,9,8,1940,1,2,1,1,6,454
201600028408,16,9,7,1830,1,2,2,1,6,454
201600028409,16,9,10,815,1,2,2,1,3,454
201600028410,16,9,13,1700,1,2,4,1,2,454
201600028411,16,9,13,1935,1,2,3,1,3,454
201600028412,16,9,14,1710,1,2,2,1,6,454
201600028413,16,9,14,1845,1,2,4,1,4,454
201600028414,16,9,16,1815,1,2,1,2,3,454
201600028415,16,9,17,940,1,2,3,1,3,172
201600028416,16,9,18,1945,2,2,2,1,3,454
201600028417,16,9,19,1230,1,1,1,1,2,454
201600028418,16,9,20,1300,1,2,2,1,3,454
201600028419,16,9,20,1715,1,2,1,1,1,454
201600028420,16,9,21,1800,1,2,1,1,3,454
201600028421,16,9,21,2130,5,1,1,1,7,454
201600028422,16,9,23,700,5,2,1,1,6,172
201600028423,16,9,23,1405,1,2,1,1,6,454
201600028424,16,9,24,1920,1,2,2,1,3,454
201600028425,16,9,24,2000,2,2,1,1,6,454
201600028426,16,9,26,1215,1,2,3,1,1,454
201600028427,16,9,26,1300,1,2,7,1,3,454
201600028428,16,9,27,2030,5,2,1,1,1,454
201600028429,16,9,29,840,1,2,1,1,2,454
201600028430,16,9,29,840,1,2,2,1,5,454
201600028431,16,9,28,1823,1,2,1,1,6,454
201600028432,16,9,29,1220,1,2,1,1,3,454
201600028433,16,9,29,1800,1,2,1,1,6,454
201600028434,16,10,1,1545,1,2,1,1,3,454
201600028435,16,10,5,855,1,2,1,1,6,172
201600028436,16,10,5,1350,1,2,3,1,1,454
201600028437,16,10,5,1420,1,2,3,1,3,454
201600028438,16,10,5,1820,1,2,1,1,2,454
201600028439,16,10,6,1035,1,2,1,1,1,454
201600028440,16,10,6,1200,1,2,1,1,3,454
201600028441,16,10,6,1805,1,2,2,1,3,58
201600028442,16,10,6,2055,5,2,3,1,3,454
201600028443,16,10,8,1410,1,2,1,1,3,454
201600028444,16,10,8,2010,5,2,2,1,6,454
201600028445,16,10,10,540,5,2,1,1,2,454
201600028446,16,10,10,745,1,2,2,1,3,454
201600028447,16,10,10,2100,5,2,1,1,6,454
201600028448,16,10,13,838,1,2,1,1,4,454
201600028449,16,10,13,1830,2,2,3,8,3,454
201600028450,16,10,14,1830,1,2,1,2,6,454
201600028451,16,10,14,2245,5,2,2,2,6,454
201600028452,16,10,15,1730,1,2,1,1,6,454
201600028453,16,10,15,1825,1,2,3,1,1,573
201600028454,16,10,17,840,1,2,2,1,6,454
201600028455,16,10,18,1750,2,2,1,1,6,454
201600028456,16,10,19,1100,1,2,1,1,6,454
201600028457,16,10,19,2030,5,2,1,1,2,454
201600028458,16,10,20,1815,1,2,1,2,2,454
201600028459,16,10,21,1430,1,2,3,1,2,454
201600028460,16,10,21,1055,1,2,1,1,3,454
201600028461,16,10,26,920,1,2,1,8,2,454
201600028462,16,10,26,1315,1,2,1,1,6,454
201600028463,16,10,27,1550,1,2,3,1,3,454
201600028464,16,10,27,1815,1,1,1,1,7,454
201600028465,16,10,28,1815,2,2,1,1,6,454
201600028466,16,10,28,2010,3,2,1,1,6,454
201600028467,16,11,2,1820,5,2,2,1,2,454
201600028468,16,11,3,1253,1,2,6,1,6,454
201600028469,16,11,3,1715,2,2,2,1,3,454
201600028470,16,11,4,1035,1,2,6,1,3,172
201600028471,16,11,4,1745,5,2,1,2,6,454
201600028472,16,11,10,1325,1,2,1,1,6,454
201600028473,16,11,10,1715,3,2,2,2,6,454
201600028474,16,11,10,1750,5,2,1,1,6,454
201600028475,16,11,13,1455,1,2,1,8,2,454
201600028476,16,11,14,815,1,2,2,1,6,454
201600028477,16,11,16,1530,1,2,1,2,6,454
201600028478,16,11,15,1930,5,2,3,2,3,454
201600028479,16,11,16,1630,2,2,1,1,4,454
201600028480,16,11,16,1800,5,2,1,1,4,454
201600028481,16,11,17,1612,1,2,6,1,1,454
201600028482,16,11,18,1015,1,2,1,1,3,454
201600028483,16,11,19,1400,1,2,1,1,3,454
201600028484,16,11,20,905,1,2,2,2,6,454
201600028485,16,11,22,1403,1,2,2,1,6,454
201600028486,16,11,23,1910,5,2,2,8,2,454
201600028487,16,11,25,940,1,2,2,1,2,454
201600028488,16,11,27,1530,1,1,3,1,3,454
201600028489,16,11,28,1820,5,2,2,1,3,454
201600028490,16,11,29,1320,1,2,3,1,3,454
201600028491,16,11,30,1355,1,2,1,1,3,454
201600028492,16,11,30,1510,1,2,1,7,6,454
201600028493,16,12,1,757,1,2,2,1,6,454
201600028494,16,12,2,1610,1,2,2,1,3,454
201600028495,16,12,2,1745,5,2,3,1,1,454
201600028496,16,12,3,1340,1,2,2,1,1,454
201600028497,16,12,8,2015,5,2,2,1,6,454
201600028498,16,12,10,1320,1,2,9,1,6,454
201600028499,16,12,10,1535,1,2,2,1,2,454
201600028500,16,12,10,1415,1,2,2,1,3,454
201600028501,16,12,12,1520,1,2,2,8,3,454
201600028502,16,12,13,1610,1,1,2,1,3,454
201600028503,16,12,13,1020,1,2,3,1,6,454
201600028504,16,12,15,1900,5,2,1,1,3,454
201600028505,16,12,17,2023,5,2,1,5,3,454
201600028506,16,12,20,1800,5,2,3,1,5,454
201600028507,16,12,22,1030,1,2,1,2,6,454
201600028508,16,12,22,1215,1,2,1,2,2,454
201600028509,16,12,23,1620,1,2,1,1,6,474
201600028510,16,12,23,1800,5,2,1,1,4,454
201600028511,16,12,14,1800,5,2,3,1,3,121
201600028512,16,10,22,2000,5,2,3,1,3,121
201600028513,16,11,7,1130,1,2,6,7,2,121
201600028514,16,11,26,225,5,2,1,2,6,121
201600028515,16,2,29,1330,1,2,2,1,3,121
201600028516,16,3,20,1940,5,2,1,1,6,121
201600028517,16,3,25,1445,1,2,2,2,3,121
201600028518,16,4,13,1429,1,2,3,1,6,121
201600028519,16,4,16,1725,1,1,1,1,6,121
201600028520,16,4,20,1700,1,2,3,1,5,121
201600028521,16,4,26,1350,1,2,2,2,3,121
201600028522,16,4,29,1630,1,2,3,1,6,121
201600028523,16,6,9,1945,1,2,2,1,6,121
201600028524,16,6,9,1335,1,2,1,1,7,121
201600028525,16,6,23,735,1,1,1,1,6,121
201600028526,16,7,6,725,1,2,3,1,6,121
201600028527,16,7,7,1240,1,2,3,1,6,121
201600028528,16,7,9,1610,1,1,1,1,6,121
201600028529,16,9,19,1810,1,2,3,1,2,121
201600028530,16,8,24,1407,1,2,1,1,6,121
201600028531,16,9,1,1240,1,2,1,1,6,121
201600028532,16,9,12,1740,1,2,1,1,1,121
201600028533,16,9,27,715,2,2,2,1,6,121
201600028534,16,9,30,1705,1,1,1,1,6,121
201600028535,16,1,31,1530,1,2,1,2,6,448
201600028536,16,3,11,1430,1,2,1,1,6,448
201600028537,16,3,13,1500,1,2,3,1,6,448
201600028538,16,5,23,830,1,1,3,1,6,448
201600028539,16,4,30,705,1,2,1,1,7,448
201600028540,16,6,29,2000,1,2,1,1,1,448
201600028541,16,8,17,1850,1,2,3,1,3,448
201600028542,16,9,29,1855,1,2,6,1,6,448
201600028543,16,1,8,1934,5,2,1,1,6,130
201600028544,16,1,16,1130,1,1,1,4,3,130
201600028545,16,2,3,1005,1,2,3,1,3,130
201600028546,16,3,24,1215,1,2,2,1,6,130
201600028547,16,4,1,1620,1,2,1,1,6,130
201600028548,16,1,18,1145,1,2,1,1,6,130
201600028549,16,5,4,2030,1,2,6,1,7,201
201600028550,16,5,18,1240,1,2,1,1,3,130
201600028551,16,6,10,1900,1,1,1,3,3,34
201600028552,16,7,20,1904,1,2,9,1,3,130
201600028553,16,7,9,212,3,1,1,1,6,201
201600028554,16,9,8,1305,1,1,1,1,1,54
201600028555,16,9,29,910,1,2,2,2,6,130
201600028556,16,9,10,2015,5,2,3,1,3,130
201600028557,16,10,17,1200,1,2,1,1,6,130
201600028558,16,11,9,1855,3,1,2,1,6,54
201600028559,16,11,16,1850,5,2,1,2,6,201
201600028560,16,11,10,1825,5,2,3,1,3,130
201600028561,16,11,2,755,2,2,3,1,3,130
201600028562,16,11,29,800,2,2,1,1,6,130
201600028563,16,12,7,745,1,2,3,1,3,130
201600028564,16,3,3,1300,1,2,1,2,6,280
201600028565,16,4,4,2148,5,2,1,2,6,391
201600028566,16,1,27,1115,1,2,1,1,6,99
201600028567,16,5,29,630,3,1,1,1,1,36
201600028568,16,5,8,1050,1,2,1,1,6,28
201600028569,16,5,21,1513,1,2,1,1,7,280
201600028570,16,7,1,1046,1,1,1,1,1,341
201600028571,16,6,26,2109,2,1,1,1,3,36
201600028572,16,8,23,1810,1,2,1,1,6,28
201600028573,16,9,10,929,1,2,1,1,7,99
201600028574,16,10,8,1839,2,2,1,1,5,280
201600028575,16,10,30,1510,1,2,1,1,3,28
201600028576,16,11,7,1510,1,2,1,1,4,280
201600028577,16,11,11,1434,1,1,1,1,1,36
201600028578,16,12,13,852,2,1,1,8,5,341
201600028579,16,5,31,1340,1,2,6,1,6,273
201600028580,16,8,13,1945,2,1,1,1,3,469
201600028581,16,8,23,1820,1,2,9,1,1,273
201600028582,16,8,29,811,1,2,1,7,6,273
201600028583,16,10,25,1827,1,1,1,1,3,273
201600028584,16,10,29,1120,1,1,1,1,1,51
201600028585,16,12,16,1610,1,2,1,1,3,286
201600028586,16,1,8,708,5,2,2,2,6,159
201600028587,16,1,26,1750,2,2,3,2,6,483
201600028588,16,2,9,1155,1,2,3,2,6,159
201600028589,16,9,4,15,5,2,3,1,3,549
201600028590,16,11,15,1730,2,2,2,8,6,483
201600028591,16,10,12,2110,3,1,1,1,2,382
201600028592,16,10,8,400,5,1,1,1,6,493
201600028593,16,10,25,830,2,1,1,1,7,254
201600028594,16,1,5,930,1,2,2,1,3,323
201600028595,16,12,2,1100,1,2,1,1,3,382
201600028596,16,12,7,730,1,2,1,1,6,323
201600028597,16,1,28,1320,1,2,1,1,3,382
201600028598,16,11,17,1655,1,1,1,1,6,323
201600028599,16,1,28,1430,1,2,1,1,6,323
201600028600,16,11,19,1415,1,2,1,1,2,382
201600028601,16,2,26,625,5,2,1,1,6,321
201600028602,16,2,13,2105,5,1,1,1,7,382
201600028603,16,3,14,1700,1,2,1,1,6,451
201600028604,16,3,9,1630,1,1,1,1,1,382
201600028605,16,3,17,1930,1,1,1,1,1,323
201600028606,16,3,16,825,1,2,1,1,3,321
201600028607,16,4,1,1650,1,1,1,1,4,321
201600028608,16,4,11,1600,1,1,1,1,6,323
201600028609,16,4,13,1305,1,1,1,2,1,321
201600028610,16,4,25,755,1,2,1,1,1,382
201600028611,16,4,24,535,3,1,6,1,2,382
201600028612,16,6,2,705,1,2,1,2,1,321
201600028613,16,6,30,1830,1,2,1,1,2,321
201600028614,16,7,15,30,3,2,1,1,3,321
201600028615,16,8,19,1930,1,2,1,1,3,382
201600028616,16,7,19,630,1,1,1,1,2,321
201600028617,16,7,19,955,1,2,1,1,2,323
201600028618,16,7,30,1130,1,2,1,1,6,382
201600028619,16,7,31,1200,1,1,1,1,7,367