Num_Acc,an,mois,jour,hrmn,lum,agg,int,atm,col,com
201600028620,16,9,18,805,1,2,1,8,6,323
201600028621,16,10,15,1909,2,2,1,1,3,261
201600028622,16,8,28,130,3,1,1,1,6,323
201600028623,16,9,5,1130,1,2,1,1,7,382
201600028624,16,10,2,1429,1,1,6,8,7,382
201600028625,16,11,23,1856,3,1,1,1,3,493
201600028626,16,12,8,1215,1,2,1,1,4,373
201600028627,16,12,14,935,1,2,2,1,5,329
201600028628,16,2,19,1551,1,1,1,1,5,373
201600028629,16,7,12,1735,1,2,9,1,3,329
201600028630,16,9,11,258,3,2,1,1,6,116
201600028631,16,9,12,1805,1,2,1,1,1,329
201600028632,16,9,16,1750,1,2,1,1,3,329
201600028633,16,9,26,1751,1,2,1,1,7,329
201600028634,16,9,30,1750,1,2,1,2,6,329
201600028635,16,10,1,2229,3,2,1,1,6,281
201600028636,16,10,13,1049,1,1,1,1,1,373
201600028637,16,10,15,801,1,2,2,1,6,329
201600028638,16,10,15,1945,1,2,1,1,6,329
201600028639,16,10,17,1616,1,1,1,1,5,329
201600028640,16,10,31,2228,3,1,1,1,6,373
201600028641,16,11,30,1215,1,2,1,1,6,329
201600028642,16,12,13,830,1,2,1,1,2,395
201600028643,16,12,21,849,1,2,2,1,2,257
201600028644,16,12,17,1430,1,2,1,1,2,304
201600028645,16,12,28,2059,5,2,1,5,4,395
201600028646,16,12,16,1650,5,2,3,1,6,547
201600028647,16,12,30,830,1,2,1,5,6,395
201600028648,16,12,15,930,1,2,1,2,6,395
201600028649,16,1,4,1450,1,2,3,2,3,395
201600028650,16,1,1,1805,5,2,4,1,6,395
201600028651,16,12,13,715,1,2,3,8,3,395
201600028652,16,1,5,1030,1,2,2,1,6,578
201600028653,16,12,14,1430,1,2,1,1,2,395
201600028654,16,1,10,1335,1,2,2,2,3,304
201600028655,16,1,8,1455,1,2,1,1,6,395
201600028656,16,1,4,1245,1,1,1,2,7,25
201600028657,16,1,11,1010,1,2,1,1,3,395
201600028658,16,1,4,740,5,2,1,1,3,498
201600028659,16,1,11,745,2,2,1,3,2,395
201600028660,16,1,4,1600,1,1,6,7,6,439
201600028661,16,1,14,27,5,2,1,1,6,547
201600028662,16,1,13,1506,1,2,1,1,6,184
201600028663,16,1,15,830,1,2,2,1,3,395
201600028664,16,1,14,1135,1,2,2,1,3,578
201600028665,16,1,14,2045,5,2,3,2,3,578
201600028666,16,1,8,825,1,1,1,1,2,498
201600028667,16,1,18,845,1,2,1,1,2,482
201600028668,16,1,17,2315,5,2,1,1,6,578
201600028669,16,1,15,1835,5,2,1,4,6,274
201600028670,16,1,17,1600,1,2,1,1,6,395
201600028671,16,1,18,750,2,2,1,1,6,395
201600028672,16,1,20,1645,2,2,1,1,4,526
201600028673,16,1,19,940,1,2,1,1,6,482
201600028674,16,1,20,2045,5,2,2,5,3,526
201600028675,16,12,19,2300,5,2,1,1,3,578
201600028676,16,12,21,1920,5,2,1,1,2,395
201600028677,16,1,25,1300,1,2,2,1,6,395
201600028678,16,12,25,1304,1,2,2,1,3,395
201600028679,16,1,27,1340,1,2,1,1,3,395
201600028680,16,12,16,1710,2,2,1,1,4,578
201600028681,16,1,28,705,5,2,4,3,3,395
201600028682,16,1,28,1750,5,2,1,2,6,482
201600028683,16,1,29,1920,5,2,3,1,6,482
201600028684,16,2,3,1050,1,2,3,1,3,304
201600028685,16,2,2,1820,5,2,1,2,4,184
201600028686,16,2,3,1330,1,2,1,2,5,578
201600028687,16,2,3,820,1,2,3,2,6,395
201600028688,16,2,4,1830,5,2,1,3,6,339
201600028689,16,2,6,1615,1,2,2,7,3,578
201600028690,16,2,9,830,1,2,1,6,3,395
201600028691,16,2,8,1930,5,2,1,1,6,184
201600028692,16,2,9,1800,5,2,1,3,6,547
201600028693,16,1,22,1735,5,2,1,1,2,395
201600028694,16,2,7,1419,1,1,1,1,6,25
201600028695,16,2,14,1930,5,2,4,2,6,395
201600028696,16,2,16,1110,1,2,1,1,3,482
201600028697,16,2,17,845,1,2,1,1,3,395
201600028698,16,1,2,2000,5,2,1,1,6,265
201600028699,16,1,14,750,2,2,1,1,6,547
201600028700,16,1,14,1740,1,1,1,2,1,357
201600028701,16,1,16,2020,5,2,1,4,6,395
201600028702,16,1,18,845,1,2,1,1,6,357
201600028703,16,1,19,1540,1,2,6,1,3,547
201600028704,16,1,23,1015,1,2,1,1,6,395
201600028705,16,1,28,1000,1,2,2,1,3,395
201600028706,16,2,20,1225,1,2,3,2,3,395
201600028707,16,2,23,1130,1,2,1,2,2,395
201600028708,16,2,23,1330,1,2,1,1,6,274
201600028709,16,2,26,740,1,2,1,1,3,304
201600028710,16,2,27,1428,1,2,1,1,4,547
201600028711,16,3,1,830,1,2,1,1,3,395
201600028712,16,2,26,1637,1,2,1,1,2,547
201600028713,16,3,4,1850,5,2,2,3,6,395
201600028714,16,3,4,1408,1,2,1,1,2,547
201600028715,16,3,6,1230,1,1,1,2,3,482
201600028716,16,3,9,1110,1,2,2,1,3,395
201600028717,16,3,4,1345,1,2,1,1,6,300
201600028718,16,3,7,1435,1,2,6,2,2,184
201600028719,16,2,6,1850,5,2,1,1,2,547
201600028720,16,2,6,940,1,2,1,1,6,526
201600028721,16,3,10,1147,1,2,1,1,2,304
201600028722,16,3,15,1510,1,2,2,1,1,547
201600028723,16,2,8,700,5,2,2,2,3,547
201600028724,16,3,15,1220,1,2,1,1,7,184
201600028725,16,3,14,1500,1,2,2,7,3,395
201600028726,16,3,14,1255,1,2,2,1,3,578
201600028727,16,3,8,1920,5,2,3,1,7,395
201600028728,16,3,11,740,1,2,3,1,3,395
201600028729,16,3,8,1220,1,2,2,1,3,265
201600028730,16,3,18,750,1,2,3,1,3,257
201600028731,16,3,22,1320,1,2,2,1,2,395
201600028732,16,3,17,1950,3,2,1,1,2,395
201600028733,16,3,29,1648,1,2,1,1,4,395
201600028734,16,3,29,1424,1,2,1,1,6,547
201600028735,16,3,18,1300,1,2,3,1,3,395
201600028736,16,2,19,1400,1,2,1,1,2,395
201600028737,16,4,2,526,5,2,1,1,2,395
201600028738,16,3,20,2130,5,2,1,1,2,395
201600028739,16,3,31,1400,1,2,6,1,2,526
201600028740,16,4,1,1050,1,2,2,1,2,257
201600028741,16,3,26,1015,1,2,4,1,6,395
201600028742,16,4,7,1230,1,2,1,1,2,395
201600028743,16,4,9,1625,1,2,2,1,2,578
201600028744,16,4,13,1440,1,2,1,2,1,395
201600028745,16,4,12,815,1,2,2,1,3,395
201600028746,16,4,12,1840,1,2,1,1,6,395
201600028747,16,3,15,1820,5,1,1,2,3,304
201600028748,16,3,8,1745,1,2,1,1,6,395
201600028749,16,3,10,1700,1,2,1,1,6,395
201600028750,16,3,10,1800,1,2,1,1,2,547
201600028751,16,3,9,1150,1,2,1,1,6,395
201600028752,16,3,8,915,1,2,1,1,6,339
201600028753,16,3,5,625,5,2,1,1,6,395
201600028754,16,4,17,1440,1,2,1,1,3,395
201600028755,16,4,13,1815,1,2,2,1,2,328
201600028756,16,4,21,815,1,1,6,1,1,357
201600028757,16,4,20,1944,1,2,2,1,2,257
201600028758,16,4,20,1606,1,2,1,1,2,395
201600028759,16,4,20,1920,1,2,1,1,6,357
201600028760,16,4,25,1155,1,2,1,2,2,395
201600028761,16,4,25,700,1,2,1,1,1,395
201600028762,16,4,13,1800,1,2,1,1,4,300
201600028763,16,4,14,1620,1,2,1,1,2,395
201600028764,16,4,25,1230,1,2,1,2,6,300
201600028765,16,4,26,1225,1,2,1,1,6,395
201600028766,16,3,19,1000,1,2,1,1,2,439
201600028767,16,4,21,909,1,2,1,1,6,395
201600028768,16,3,23,1030,1,2,1,1,6,395
201600028769,16,3,17,1030,1,2,1,1,6,395
201600028770,16,3,31,1430,1,2,1,1,3,395
201600028771,16,3,22,1205,1,2,1,1,3,395
201600028772,16,3,26,2015,5,2,1,1,3,184
201600028773,16,5,3,1615,1,2,3,1,3,526
201600028774,16,4,28,755,1,2,1,1,6,578
201600028775,16,5,1,2000,1,2,1,1,3,395
201600028776,16,5,4,1700,1,2,1,1,2,265
201600028777,16,4,27,1320,1,2,2,1,2,304
201600028778,16,4,30,1735,1,2,3,2,6,395
201600028779,16,5,5,2140,5,2,2,1,1,395
201600028780,16,5,2,1710,1,2,1,1,3,547
201600028781,16,5,6,1715,1,2,1,1,7,395
201600028782,16,4,7,730,1,2,1,1,4,395
201600028783,16,5,4,2100,2,2,2,1,2,395
201600028784,16,5,11,758,1,2,4,1,3,328
201600028785,16,5,4,1355,1,2,1,1,2,526
201600028786,16,5,11,1725,1,2,3,2,3,395
201600028787,16,4,28,900,1,2,2,1,6,184
201600028788,16,4,26,1455,1,2,6,1,3,265
201600028789,16,5,12,810,1,2,1,2,6,274
201600028790,16,4,7,1110,1,2,1,1,6,547
201600028791,16,4,11,2100,5,2,1,1,1,482
201600028792,16,5,13,640,1,1,1,1,7,25
201600028793,16,5,13,1710,1,2,1,2,2,395
201600028794,16,5,14,1710,1,2,3,1,2,395
201600028795,16,5,13,1730,1,2,1,2,6,395
201600028796,16,5,16,1340,1,2,1,1,6,395
201600028797,16,5,21,1115,1,2,1,1,3,395
201600028798,16,5,19,1555,1,2,2,1,3,197
201600028799,16,5,20,1035,1,2,2,1,3,395
201600028800,16,5,22,545,2,2,1,1,6,304
201600028801,16,5,23,1340,1,2,3,1,3,395
201600028802,16,5,12,1015,1,2,1,1,6,395
201600028803,16,5,23,1420,1,2,1,1,2,547
201600028804,16,5,19,1625,1,2,1,1,4,498
201600028805,16,5,25,1745,1,1,1,1,2,395
201600028806,16,5,25,1715,1,2,3,1,6,395
201600028807,16,5,26,1645,1,2,1,1,2,498
201600028808,16,5,26,1800,1,2,1,1,2,357
201600028809,16,5,26,1745,1,2,4,1,6,395
201600028810,16,5,27,110,5,2,3,1,6,578
201600028811,16,5,28,1935,1,2,2,1,3,578
201600028812,16,4,30,1050,1,2,1,1,6,395
201600028813,16,4,20,850,1,2,1,1,2,547
201600028814,16,4,27,1815,1,2,1,1,2,395
201600028815,16,5,30,1725,1,2,3,2,3,197
201600028816,16,5,21,1745,1,2,4,1,3,395
201600028817,16,5,31,1630,1,2,3,1,3,395
201600028818,16,6,1,1605,1,2,1,7,6,395
201600028819,16,6,2,1444,1,2,1,1,3,184
201600028820,16,6,3,1720,1,2,2,1,6,395
201600028821,16,6,6,1300,1,2,1,1,3,482
201600028822,16,6,3,1110,1,2,2,1,3,547
201600028823,16,6,6,1730,1,2,4,1,2,184
201600028824,16,6,7,1845,1,2,1,1,6,395
201600028825,16,5,29,2049,1,2,3,1,3,395
201600028826,16,6,10,1525,1,2,9,1,2,547
201600028827,16,6,13,820,1,2,1,1,3,547
201600028828,16,6,18,1355,1,2,1,1,2,547
201600028829,16,6,17,2000,1,2,7,1,3,395
201600028830,16,6,18,1525,1,2,3,1,1,578
201600028831,16,6,18,1850,1,2,1,1,3,547
201600028832,16,6,19,2230,5,2,2,1,3,395
201600028833,16,6,15,1758,1,2,2,1,6,184
201600028834,16,6,22,1630,1,2,2,1,3,526
201600028835,16,6,2,1345,1,2,2,1,6,482
201600028836,16,6,23,910,1,2,1,1,3,395
201600028837,16,6,23,1740,1,2,1,1,4,395
201600028838,16,6,23,1805,1,2,4,1,3,395
201600028839,16,6,24,1830,1,2,1,1,4,395
201600028840,16,6,28,1805,1,2,2,1,3,395
201600028841,16,6,28,805,1,2,2,2,2,395
201600028842,16,6,30,1345,1,2,1,1,2,395
201600028843,16,6,30,1820,1,2,1,1,7,395
201600028844,16,7,1,1525,1,2,1,1,2,395
201600028845,16,7,2,1900,1,2,1,1,3,395
201600028846,16,7,4,448,5,1,1,1,5,184
201600028847,16,7,5,1640,1,2,3,1,3,578
201600028848,16,7,6,220,5,2,1,1,7,395
201600028849,16,6,24,922,1,2,1,1,3,547
201600028850,16,7,5,1855,1,2,2,1,2,526
201600028851,16,7,6,1355,1,2,1,1,4,526
201600028852,16,6,28,1245,1,2,1,1,6,547
201600028853,16,7,7,920,1,2,1,1,2,395
201600028854,16,7,8,1610,1,2,2,1,3,395
201600028855,16,7,8,2015,1,2,1,1,6,395
201600028856,16,7,8,2145,2,2,6,1,3,395
201600028857,16,7,9,1335,1,2,5,1,3,304
201600028858,16,7,10,1830,1,2,1,1,6,395
201600028859,16,7,11,1925,1,2,1,1,7,304
201600028860,16,7,11,1220,1,2,1,1,6,395
201600028861,16,7,13,1725,1,2,1,1,6,395
201600028862,16,7,14,1910,1,2,1,1,2,395
201600028863,16,7,18,1500,1,2,1,1,2,395
201600028864,16,7,20,1020,1,2,1,1,6,547
201600028865,16,7,21,2145,5,2,1,1,3,328
201600028866,16,7,21,800,1,2,1,1,3,304
201600028867,16,7,22,1455,1,2,2,1,3,304
201600028868,16,7,22,945,1,2,1,1,6,395
201600028869,16,7,25,1650,1,2,1,1,6,395
201600028870,16,7,25,1105,1,2,3,1,3,395
201600028871,16,7,28,1154,1,2,1,1,6,304
201600028872,16,7,28,1155,1,2,1,1,6,184
201600028873,16,7,29,1725,1,2,2,1,5,526
201600028874,16,7,28,1045,1,2,3,1,3,395
201600028875,16,8,2,1255,1,2,3,2,3,395
201600028876,16,8,3,1550,1,2,1,1,6,578
201600028877,16,8,4,1055,1,2,1,1,6,339
201600028878,16,8,5,1130,1,2,1,1,6,547
201600028879,16,8,6,1050,1,2,3,1,3,274
201600028880,16,8,7,1300,1,2,1,1,6,395
201600028881,16,8,7,1945,1,2,3,1,2,395
201600028882,16,8,8,1825,1,2,1,1,3,274
201600028883,16,8,9,1940,1,2,1,1,2,304
201600028884,16,8,10,1525,1,2,1,1,3,395
201600028885,16,8,12,1210,1,2,1,1,2,395
201600028886,16,8,13,1345,1,2,2,1,3,395
201600028887,16,8,14,1020,1,2,6,1,2,547
201600028888,16,8,15,2030,1,2,6,1,1,395
201600028889,16,8,19,1050,1,2,1,1,6,395
201600028890,16,8,23,1240,1,2,1,1,6,274
201600028891,16,8,25,650,1,2,2,1,6,395
201600028892,16,8,26,1800,1,2,1,1,4,395
201600028893,16,8,26,2250,5,2,2,1,2,395
201600028894,16,8,28,1445,1,2,2,1,3,578
201600028895,16,8,29,1510,1,2,1,1,3,495
201600028896,16,8,31,130,5,2,2,1,3,395
201600028897,16,8,31,1710,1,2,2,1,2,304
201600028898,16,8,31,840,1,2,1,1,2,526
201600028899,16,8,31,1830,1,2,1,1,4,526
201600028900,16,9,4,140,4,1,2,1,3,395
201600028901,16,9,3,1640,1,2,1,1,3,395
201600028902,16,9,2,1730,1,2,7,1,7,395
201600028903,16,9,2,1530,1,2,2,1,1,274
201600028904,16,9,2,1240,1,2,1,1,3,328
201600028905,16,9,5,1620,1,2,1,1,3,547
201600028906,16,9,7,745,1,2,1,1,6,304
201600028907,16,9,7,1725,1,2,1,1,6,304
201600028908,16,9,10,1855,1,2,1,1,3,265
201600028909,16,8,31,1000,1,1,1,1,2,265
201600028910,16,8,29,1514,1,1,1,1,1,257
201600028911,16,9,13,745,1,2,1,1,4,526
201600028912,16,9,2,1448,1,2,1,1,2,395
201600028913,16,9,11,2145,4,2,1,1,1,357
201600028914,16,9,22,2345,5,2,2,1,3,395
201600028915,16,9,21,711,1,2,3,1,6,395
201600028916,16,9,22,2230,5,2,1,1,6,265
201600028917,16,9,12,1710,1,2,1,1,3,547
201600028918,16,9,23,745,1,2,3,1,2,547
201600028919,16,9,23,750,1,2,2,1,3,300
201600028920,16,9,25,1302,1,2,2,1,1,357
201600028921,16,9,25,1730,1,2,1,1,3,547
201600028922,16,9,27,2100,5,2,3,1,3,304
201600028923,16,9,28,1205,1,2,1,1,6,395
201600028924,16,9,28,1330,1,2,2,1,2,304
201600028925,16,9,28,1405,1,2,1,1,3,395
201600028926,16,9,28,1945,5,2,2,1,6,395
201600028927,16,9,13,1845,1,2,1,1,3,184
201600028928,16,9,15,1750,1,2,2,1,2,578
201600028929,16,9,29,1630,1,2,1,1,6,547
201600028930,16,9,29,1740,1,2,2,1,3,395
201600028931,16,9,29,1800,1,2,2,7,6,395
201600028932,16,9,30,1745,1,2,1,1,7,357
201600028933,16,10,1,1135,1,2,2,1,3,184
201600028934,16,10,2,1340,1,2,2,1,3,395
201600028935,16,9,29,1645,1,2,2,1,7,395
201600028936,16,10,3,950,1,2,1,1,3,300
201600028937,16,10,3,1740,1,2,1,1,3,526
201600028938,16,10,4,850,1,2,1,1,2,395
201600028939,16,10,3,1356,1,2,2,1,3,395
201600028940,16,10,5,1245,1,2,1,1,6,395
201600028941,16,10,10,900,1,2,3,1,6,578
201600028942,16,10,6,1705,1,2,1,1,6,395
201600028943,16,10,11,744,1,2,2,1,7,547
201600028944,16,10,11,1155,1,2,1,1,6,395
201600028945,16,10,10,1434,1,2,2,1,6,395
201600028946,16,10,11,1150,1,2,2,1,2,395
201600028947,16,10,15,1050,1,2,2,1,6,395
201600028948,16,10,16,1155,1,2,1,1,2,547
201600028949,16,9,15,1640,1,2,1,1,6,578
201600028950,16,10,7,1550,1,2,1,1,2,395
201600028951,16,10,18,1305,1,2,3,1,3,395
201600028952,16,10,19,1735,1,2,1,1,3,395
201600028953,16,10,20,950,1,2,1,1,6,304
201600028954,16,10,22,445,4,2,2,1,3,257
201600028955,16,10,23,645,5,2,1,1,6,395
201600028956,16,10,25,1758,1,2,1,1,6,395
201600028957,16,10,27,1410,1,2,1,1,3,357
201600028958,16,10,22,1400,1,2,1,1,6,395
201600028959,16,10,24,1920,5,2,3,3,3,482
201600028960,16,10,24,1400,1,2,1,1,6,395
201600028961,16,10,30,1310,1,2,1,1,4,395
201600028962,16,10,30,1526,1,2,1,1,3,395
201600028963,16,10,30,2000,5,2,2,1,1,395
201600028964,16,10,31,1420,1,2,1,1,2,339
201600028965,16,11,3,710,1,2,1,1,3,395
201600028966,16,11,3,2100,5,2,1,1,3,395
201600028967,16,9,16,850,1,1,1,1,4,526
201600028968,16,10,27,1700,1,2,1,1,6,395
201600028969,16,11,4,1325,1,2,1,1,6,547
201600028970,16,11,4,1815,5,2,1,1,3,578
201600028971,16,11,6,830,1,2,2,2,1,578
201600028972,16,11,8,2300,4,2,1,1,6,395
201600028973,16,11,10,1420,1,1,4,1,5,395
201600028974,16,10,13,1230,1,2,1,1,2,395
201600028975,16,11,15,2230,4,2,2,1,1,578
201600028976,16,11,14,1745,3,1,1,1,6,25
201600028977,16,11,12,225,5,2,6,1,6,547
201600028978,16,11,16,1830,5,1,1,2,4,547
201600028979,16,11,16,1117,1,2,2,1,3,304
201600028980,16,11,9,1830,5,1,2,3,6,578
201600028981,16,11,9,2000,5,1,1,1,6,300
201600028982,16,11,11,240,5,2,1,1,6,395
201600028983,16,11,17,1330,1,2,1,2,4,526
201600028984,16,11,9,1435,1,2,2,1,6,395
201600028985,16,11,8,1410,1,2,3,1,3,395
201600028986,16,11,22,1815,5,2,1,3,6,578
201600028987,16,11,10,730,1,2,2,1,3,304
201600028988,16,11,17,1400,1,2,1,1,3,547
201600028989,16,11,14,1738,5,2,1,1,6,395
201600028990,16,11,18,1240,1,2,4,1,6,395
201600028991,16,11,18,1315,1,2,1,1,2,304
201600028992,16,11,19,1237,1,2,1,2,4,547
201600028993,16,11,21,1745,5,2,1,2,6,304
201600028994,16,11,22,905,1,2,1,1,2,184
201600028995,16,11,23,1600,1,1,1,1,2,265
201600028996,16,11,22,930,1,2,1,1,6,395
201600028997,16,11,23,1725,5,2,1,1,4,547
201600028998,16,11,25,1345,1,2,1,1,6,547
201600028999,16,11,25,1522,1,2,1,1,6,395
201600029000,16,11,26,2345,5,1,3,1,1,25
201600029001,16,11,28,2000,5,2,3,1,6,395
201600029002,16,11,28,850,1,2,1,1,4,526
201600029003,16,11,23,1523,1,2,1,1,3,395
201600029004,16,11,17,1518,1,2,1,1,6,547
201600029005,16,11,23,1130,1,2,2,1,3,495
201600029006,16,11,26,1005,1,2,1,1,6,395
201600029007,16,11,29,1730,5,2,1,1,4,257
201600029008,16,11,29,2025,5,2,1,1,3,395
201600029009,16,11,29,2110,5,2,3,1,1,274
201600029010,16,11,29,915,1,2,1,1,6,184
201600029011,16,10,17,2230,5,2,1,2,6,526
201600029012,16,10,20,1405,1,2,1,1,3,300
201600029013,16,12,5,1950,5,2,1,1,3,395
201600029014,16,11,26,422,5,2,2,1,3,395
201600029015,16,11,30,1800,5,2,1,1,3,357
201600029016,16,12,7,1215,1,2,3,1,6,395
201600029017,16,12,8,1237,1,1,1,1,2,25
201600029018,16,12,8,1700,5,2,3,1,6,304
201600029019,16,12,8,1759,5,1,1,1,2,547
201600029020,16,12,10,1505,1,2,2,1,2,357
201600029021,16,12,10,2005,5,1,1,1,2,304
201600029022,16,12,9,755,1,2,3,1,3,395
201600029023,16,12,14,1520,1,1,2,7,6,526
201600029024,16,12,12,1330,1,2,4,1,6,357
201600029025,16,12,21,1534,1,2,2,1,6,395
201600029026,16,12,22,335,5,2,1,1,6,257
201600029027,16,12,20,1905,5,2,2,1,3,395
201600029028,16,12,20,1655,5,2,2,1,6,395
201600029029,16,12,22,1200,1,2,1,2,6,547
201600029030,16,12,21,725,5,2,1,1,6,300
201600029031,16,11,4,1515,1,2,1,1,1,395
201600029032,16,1,23,1825,2,2,1,2,6,431
201600029033,16,2,9,1820,5,2,1,1,6,431
201600029034,16,2,29,1021,1,1,1,1,1,79
201600029035,16,3,9,1643,1,2,4,1,6,431
201600029036,16,3,12,1820,1,1,1,1,5,375
201600029037,16,3,19,1545,1,2,1,1,2,431
201600029038,16,4,29,1645,1,2,1,1,6,431
201600029039,16,9,27,1450,1,1,1,1,6,431
201600029040,16,10,8,1330,1,2,1,1,6,431
201600029041,16,10,14,1605,1,2,1,1,3,431
201600029042,16,10,26,1826,5,2,1,1,2,431
201600029043,16,11,10,500,5,2,1,2,6,79
201600029044,16,11,16,1515,1,2,1,2,4,431
201600029045,16,1,14,2050,5,2,1,2,6,528
201600029046,16,1,30,1745,2,2,1,3,6,174
201600029047,16,2,18,1645,1,2,3,1,3,528
201600029048,16,4,22,2150,3,1,1,1,1,167
201600029049,16,6,23,1445,1,1,1,1,3,528
201600029050,16,7,7,1325,1,2,1,1,3,528
201600029051,16,7,29,940,1,2,1,1,3,167
201600029052,16,8,8,1150,1,2,2,1,3,528
201600029053,16,9,23,1720,1,2,1,1,3,528
201600029054,16,9,28,1750,1,2,1,1,1,528
201600029055,16,10,30,2240,3,1,1,1,6,528
201600029056,16,1,6,1600,1,1,1,1,1,575
201600029057,16,11,28,1614,1,2,1,1,7,580
201600029058,16,2,9,1630,1,1,1,8,7,96
201600029059,16,11,28,1816,2,2,1,1,7,270
201600029060,16,5,15,1340,1,2,3,1,7,580
201600029061,16,5,23,1615,1,2,6,8,7,580
201600029062,16,5,25,1522,1,1,1,1,2,149
201600029063,16,6,18,122,3,1,1,8,7,525
201600029064,16,8,6,1736,1,1,1,1,3,575
201600029065,16,8,24,700,1,1,3,1,7,575
201600029066,16,8,27,1245,1,2,1,1,2,181
201600029067,16,9,1,1247,1,1,1,1,1,575
201600029068,16,10,23,656,3,1,1,5,6,575
201600029069,16,10,31,1654,1,1,1,1,1,575
201600029070,16,11,17,1840,2,2,3,1,6,302
201600029071,16,10,29,1930,5,2,3,1,3,29
201600029072,16,2,1,755,2,2,1,8,6,29
201600029073,16,1,12,1500,1,1,3,2,3,476
201600029074,16,6,10,1430,1,1,1,1,3,29
201600029075,16,6,22,1425,1,2,3,1,3,29
201600029076,16,7,8,1900,1,1,1,1,1,29
201600029077,16,9,8,815,1,2,1,1,6,29
201600029078,16,11,30,1110,1,2,3,1,6,29
201600029079,16,12,17,1800,2,1,1,1,1,302
201600029080,16,1,11,1600,1,2,1,1,6,545
201600029081,16,1,23,1535,1,2,1,1,6,545
201600029082,16,2,11,1825,5,2,1,2,6,43
201600029083,16,2,25,820,1,2,1,7,6,505
201600029084,16,2,27,1935,5,2,3,1,3,545
201600029085,16,3,4,1120,1,2,1,3,6,545
201600029086,16,3,20,520,3,1,1,1,6,545
201600029087,16,4,12,1745,1,2,1,1,3,505
201600029088,16,4,20,1505,1,2,5,1,3,545
201600029089,16,4,27,1335,1,2,3,1,3,545
201600029090,16,5,20,1740,1,1,1,1,7,236
201600029091,16,5,22,540,3,1,1,1,7,236
201600029092,16,6,26,620,1,2,6,1,6,545
201600029093,16,7,15,1805,1,2,1,1,6,545
201600029094,16,7,17,1930,1,2,1,1,3,545
201600029095,16,7,22,840,1,1,6,1,3,545
201600029096,16,9,1,1125,1,2,3,1,6,545
201600029097,16,10,12,1050,1,1,1,1,6,545
201600029098,16,10,19,1910,5,2,1,1,6,545
201600029099,16,11,28,1735,5,2,1,1,6,545
201600029100,16,12,8,1728,5,2,1,1,6,43
201600029101,16,1,1,500,5,2,1,1,6,121
201600029102,16,1,1,1758,1,2,1,1,6,98
201600029103,16,1,2,1535,1,2,3,1,3,121
201600029104,16,1,3,1705,1,1,1,3,5,121
201600029105,16,1,4,1851,5,2,3,2,6,121
201600029106,16,1,4,1200,1,1,1,1,6,83
201600029107,16,1,6,1525,1,2,1,1,6,98
201600029108,16,1,7,1744,1,2,3,1,6,83
201600029109,16,1,11,615,5,2,1,2,7,121
201600029110,16,1,11,931,1,2,1,1,3,162
201600029111,16,1,11,1750,3,1,1,3,4,98
201600029112,16,1,13,700,5,2,3,1,3,83
201600029113,16,1,14,1535,1,2,9,3,6,83
201600029114,16,1,15,1719,1,2,1,1,4,121
201600029115,16,1,15,2030,5,2,1,5,3,98
201600029116,16,1,17,1915,5,2,1,2,7,121
201600029117,16,1,24,1725,1,2,1,1,2,83
201600029118,16,1,25,823,5,2,2,1,3,121
201600029119,16,1,25,835,1,2,3,1,3,121
201600029120,16,1,27,1225,1,2,1,3,6,121
201600029121,16,1,28,1830,1,2,2,1,3,83
201600029122,16,1,29,1056,1,2,2,1,3,121
201600029123,16,1,29,1924,5,2,1,1,6,98
201600029124,16,1,31,1539,1,2,1,1,7,83
201600029125,16,1,31,2056,1,1,1,1,3,162
201600029126,16,2,1,2040,5,2,3,2,3,121
201600029127,16,2,2,1250,1,2,1,1,6,121
201600029128,16,2,2,1820,1,2,1,1,4,98
201600029129,16,2,5,2004,5,2,1,1,2,121
201600029130,16,2,5,2115,5,2,1,1,3,121
201600029131,16,2,7,1335,1,2,1,1,6,162
201600029132,16,2,8,1751,1,2,1,1,2,121
201600029133,16,2,11,1815,2,2,3,2,6,121
201600029134,16,2,12,1451,1,2,1,1,4,98
201600029135,16,2,15,1235,1,2,1,1,6,98
201600029136,16,2,15,1700,1,1,1,1,7,107
201600029137,16,2,17,1125,1,2,1,1,6,98
201600029138,16,2,21,1815,1,2,1,1,2,98
201600029139,16,2,22,30,3,1,1,1,1,107
201600029140,16,2,22,1205,1,2,1,2,6,107
201600029141,16,2,24,1848,5,2,1,1,6,121
201600029142,16,2,27,1014,1,2,1,1,2,121
201600029143,16,2,28,2049,5,2,1,1,7,162
201600029144,16,2,29,1720,1,1,1,1,7,162
201600029145,16,3,1,940,1,1,6,1,3,121
201600029146,16,3,3,1803,1,2,1,2,6,121
201600029147,16,3,3,1826,1,2,6,2,2,121
201600029148,16,3,6,1255,1,2,1,1,3,121
201600029149,16,3,10,900,1,1,1,1,3,121
201600029150,16,3,11,1324,1,1,1,1,1,83
201600029151,16,3,12,1121,1,2,1,1,3,98
201600029152,16,3,13,1220,1,1,1,1,2,121
201600029153,16,3,18,1855,1,2,1,1,3,121