Num_Acc,an,mois,jour,hrmn,lum,agg,int,atm,col,com
201600029154,16,3,21,854,1,2,6,1,3,83
201600029155,16,3,21,1011,1,2,6,1,3,121
201600029156,16,3,21,1451,1,2,1,1,7,121
201600029157,16,3,25,1433,1,1,1,1,2,83
201600029158,16,3,27,1650,1,2,1,6,6,98
201600029159,16,3,31,735,1,2,1,1,4,83
201600029160,16,3,31,1330,1,2,1,1,7,98
201600029161,16,3,31,1756,1,2,1,1,7,121
201600029162,16,4,2,155,5,2,1,1,6,162
201600029163,16,4,5,1820,1,2,1,1,3,98
201600029164,16,4,5,1850,1,2,1,1,3,121
201600029165,16,4,5,1850,1,2,1,1,3,98
201600029166,16,4,5,1550,1,2,1,1,7,121
201600029167,16,4,6,546,5,2,2,1,3,98
201600029168,16,4,6,1619,1,2,1,1,6,121
201600029169,16,4,7,735,2,2,1,1,3,121
201600029170,16,4,8,1940,1,2,1,1,2,121
201600029171,16,4,10,450,5,2,1,1,6,121
201600029172,16,4,10,1140,1,2,1,1,6,83
201600029173,16,4,8,2140,4,1,1,1,6,98
201600029174,16,4,13,1700,1,2,1,1,2,98
201600029175,16,4,14,1340,1,2,1,1,6,121
201600029176,16,4,14,1430,1,2,1,1,2,98
201600029177,16,4,15,1650,1,2,1,1,3,98
201600029178,16,4,17,2030,2,2,1,1,7,121
201600029179,16,4,11,1610,1,2,1,1,7,83
201600029180,16,4,20,1210,1,2,1,1,3,121
201600029181,16,4,20,1543,1,1,1,1,7,98
201600029182,16,4,21,1817,1,1,1,1,4,83
201600029183,16,4,23,1113,1,2,1,1,3,107
201600029184,16,4,24,1642,1,2,1,1,6,98
201600029185,16,4,25,1440,1,2,2,1,3,121
201600029186,16,4,26,1605,1,2,1,1,2,107
201600029187,16,4,29,1805,1,2,1,2,2,121
201600029188,16,4,29,1805,1,2,1,2,3,121
201600029189,16,4,30,2005,1,2,1,1,1,121
201600029190,16,4,30,2030,2,2,1,1,2,98
201600029191,16,5,3,745,1,2,1,1,6,121
201600029192,16,5,3,1620,1,2,1,1,2,83
201600029193,16,5,6,1100,1,1,1,1,6,121
201600029194,16,5,6,1652,1,2,2,1,3,98
201600029195,16,5,7,1816,1,2,1,1,7,83
201600029196,16,5,10,1650,1,2,1,1,2,121
201600029197,16,5,13,1745,1,2,1,1,6,121
201600029198,16,5,17,430,5,1,1,1,7,121
201600029199,16,5,17,900,1,2,3,1,3,98
201600029200,16,5,17,1000,1,1,1,1,3,83
201600029201,16,5,20,855,1,2,1,2,2,98
201600029202,16,5,20,1355,1,2,1,1,7,98
201600029203,16,5,26,1700,1,2,1,1,2,121
201600029204,16,5,27,1310,1,2,1,1,2,121
201600029205,16,5,30,1845,1,2,2,1,3,83
201600029206,16,5,31,1102,1,1,1,1,1,107
201600029207,16,5,31,1229,1,2,3,1,2,83
201600029208,16,6,3,1843,1,2,1,1,2,121
201600029209,16,6,4,1350,1,2,2,1,3,121
201600029210,16,6,6,1517,1,1,1,1,3,121
201600029211,16,6,6,1742,1,1,1,1,2,98
201600029212,16,6,6,1910,1,2,1,1,7,121
201600029213,16,6,7,1240,1,2,1,1,6,121
201600029214,16,6,9,1146,1,2,1,1,6,121
201600029215,16,6,9,1235,1,2,2,1,3,98
201600029216,16,6,10,1818,1,1,1,3,4,83
201600029217,16,6,10,2340,5,2,2,1,6,83
201600029218,16,6,11,1435,1,2,1,1,1,98
201600029219,16,6,13,1216,1,2,3,3,3,121
201600029220,16,6,14,830,1,2,1,2,2,98
201600029221,16,6,14,1445,1,2,1,1,6,83
201600029222,16,6,14,1600,1,2,1,1,4,121
201600029223,16,6,17,1700,1,2,2,1,3,121
201600029224,16,6,18,1530,1,2,2,1,3,121
201600029225,16,6,20,1855,1,2,1,1,3,121
201600029226,16,6,21,850,1,2,6,2,3,98
201600029227,16,6,21,2335,5,2,1,1,6,98
201600029228,16,6,22,1607,1,2,1,1,6,121
201600029229,16,6,23,1145,1,2,6,3,2,121
201600029230,16,6,23,1550,1,2,1,3,6,98
201600029231,16,6,24,845,1,2,1,1,3,121
201600029232,16,6,24,1933,1,2,1,1,6,98
201600029233,16,6,25,1905,1,2,2,1,3,98
201600029234,16,6,27,1755,1,1,1,1,4,83
201600029235,16,7,2,1845,1,2,1,1,6,121
201600029236,16,7,2,2230,5,2,1,1,7,121
201600029237,16,7,3,1152,1,1,1,1,1,162
201600029238,16,7,7,2306,5,2,1,1,6,121
201600029239,16,7,8,1055,1,2,1,1,2,107
201600029240,16,7,8,1250,1,2,1,1,6,121
201600029241,16,7,9,1120,1,2,1,1,3,107
201600029242,16,7,9,1310,1,2,1,1,7,121
201600029243,16,7,10,1415,1,2,1,1,6,121
201600029244,16,7,13,1625,1,2,1,1,6,98
201600029245,16,7,15,1605,1,2,3,7,6,121
201600029246,16,7,16,955,1,2,2,1,6,162
201600029247,16,7,19,1310,1,1,2,1,5,107
201600029248,16,7,20,1740,1,2,6,1,6,162
201600029249,16,7,22,1950,1,2,1,1,4,98
201600029250,16,7,23,2000,1,2,2,1,3,121
201600029251,16,7,25,1410,1,2,1,1,2,162
201600029252,16,7,26,1705,1,2,1,1,1,107
201600029253,16,7,26,1850,1,2,2,1,7,121
201600029254,16,7,26,1901,1,2,1,1,2,121
201600029255,16,7,28,1104,1,1,1,1,6,98
201600029256,16,7,29,1650,1,2,1,1,3,121
201600029257,16,7,30,2010,1,2,1,8,3,83
201600029258,16,7,31,700,1,2,1,1,6,121
201600029259,16,8,1,800,1,2,2,1,3,98
201600029260,16,8,1,1730,1,2,1,1,2,107
201600029261,16,8,2,2130,1,2,2,1,3,98
201600029262,16,8,3,1323,1,2,1,1,6,121
201600029263,16,8,3,1200,1,2,1,1,6,121
201600029264,16,8,5,307,5,2,1,1,7,121
201600029265,16,8,5,1710,1,2,1,1,6,98
201600029266,16,8,5,2300,5,2,1,1,7,121
201600029267,16,8,8,1522,1,2,1,1,1,121
201600029268,16,8,9,1737,1,1,1,1,2,98
201600029269,16,8,10,835,1,2,1,1,6,121
201600029270,16,8,10,1625,1,2,1,1,3,121
201600029271,16,8,11,1720,1,1,1,1,7,107
201600029272,16,8,12,1757,1,2,2,1,3,107
201600029273,16,8,13,435,5,2,1,1,6,121
201600029274,16,8,13,755,1,1,1,1,7,107
201600029275,16,8,13,1610,1,2,3,1,3,121
201600029276,16,8,14,1817,1,2,1,1,7,83
201600029277,16,8,17,220,5,2,1,1,3,121
201600029278,16,8,17,935,1,1,1,1,2,83
201600029279,16,8,17,1907,1,2,1,1,3,121
201600029280,16,8,20,1110,1,2,1,1,7,121
201600029281,16,8,21,1530,1,2,1,1,7,121
201600029282,16,8,21,1802,1,2,1,1,3,98
201600029283,16,8,22,520,5,2,1,1,6,121
201600029284,16,8,22,1325,1,2,1,1,3,121
201600029285,16,8,26,1615,1,2,6,1,3,107
201600029286,16,8,26,1738,1,2,1,1,7,98
201600029287,16,8,28,705,1,1,1,1,6,98
201600029288,16,8,28,2220,5,2,1,2,6,121
201600029289,16,8,29,1702,1,2,1,1,6,121
201600029290,16,8,29,2025,1,2,2,1,3,121
201600029291,16,8,29,2025,2,2,6,1,3,121
201600029292,16,8,31,1710,1,2,2,1,3,98
201600029293,16,8,31,1745,1,2,1,1,3,121
201600029294,16,9,2,1230,1,2,1,1,6,121
201600029295,16,9,2,1130,1,2,1,1,7,98
201600029296,16,9,3,140,5,2,1,1,7,121
201600029297,16,9,3,1015,1,2,1,1,6,162
201600029298,16,9,3,1803,1,2,1,1,6,98
201600029299,16,9,5,800,1,2,1,1,1,162
201600029300,16,9,7,35,4,1,1,1,7,162
201600029301,16,9,7,1700,1,2,6,1,3,98
201600029302,16,9,10,1704,1,1,6,2,1,98
201600029303,16,9,11,1238,1,2,3,1,3,98
201600029304,16,9,12,1115,1,2,1,1,3,98
201600029305,16,9,15,1651,1,2,6,1,3,107
201600029306,16,9,16,7,5,2,1,1,2,121
201600029307,16,9,16,1430,1,2,1,1,3,121
201600029308,16,9,17,1600,1,2,1,1,2,98
201600029309,16,9,22,1815,1,1,1,1,4,98
201600029310,16,9,28,906,1,2,3,1,3,121
201600029311,16,9,11,1559,1,2,1,1,7,121
201600029312,16,9,13,1628,1,2,1,1,7,121
201600029313,16,9,23,1700,1,2,1,1,7,162
201600029314,16,9,29,954,1,1,1,1,7,121
201600029315,16,9,28,1930,1,2,1,1,7,121
201600029316,16,9,22,800,1,2,1,1,7,83
201600029317,16,10,1,1735,1,2,1,1,7,83
201600029318,16,10,1,2050,5,2,1,1,6,121
201600029319,16,10,3,1010,1,2,1,1,6,121
201600029320,16,10,6,545,5,2,1,1,7,121
201600029321,16,10,6,1000,1,2,2,1,4,121
201600029322,16,10,6,1539,1,2,1,1,6,121
201600029323,16,10,7,1730,1,2,1,1,1,121
201600029324,16,10,7,1800,1,2,1,1,3,121
201600029325,16,10,9,1750,1,2,1,1,2,98
201600029326,16,10,8,1116,1,2,1,1,7,121
201600029327,16,10,11,1442,1,2,1,1,2,121
201600029328,16,10,11,2140,5,2,6,1,6,121
201600029329,16,10,12,800,2,2,6,1,6,83
201600029330,16,10,13,950,1,1,1,1,6,83
201600029331,16,10,13,1112,1,2,1,1,6,121
201600029332,16,10,14,1900,1,2,6,1,2,98
201600029333,16,10,14,1850,1,2,6,1,2,162
201600029334,16,10,18,735,1,2,6,1,2,98
201600029335,16,10,18,840,2,2,3,2,3,121
201600029336,16,10,18,1048,1,2,1,1,6,162
201600029337,16,10,18,1540,1,2,1,1,3,121
201600029338,16,10,19,1903,1,2,1,1,6,98
201600029339,16,10,20,1758,1,1,1,1,4,83
201600029340,16,10,20,1906,1,2,3,1,2,121
201600029341,16,10,21,1212,1,2,1,1,6,121
201600029342,16,10,21,1632,1,2,6,1,3,162
201600029343,16,10,22,1603,1,2,1,1,6,162
201600029344,16,10,24,1320,1,2,1,1,7,121
201600029345,16,10,24,1330,1,2,3,1,3,121
201600029346,16,10,27,650,5,2,2,1,3,98
201600029347,16,10,28,634,5,2,1,1,7,121
201600029348,16,10,28,1150,1,2,1,1,6,121
201600029349,16,10,28,1943,2,1,3,1,3,162
201600029350,16,10,29,2200,3,1,1,1,6,162
201600029351,16,10,31,1845,5,1,1,1,1,121
201600029352,16,11,1,1630,1,1,1,1,2,83
201600029353,16,11,1,420,5,2,1,1,6,83
201600029354,16,11,5,356,5,2,1,1,7,121
201600029355,16,11,5,1640,1,2,1,1,7,162
201600029356,16,11,8,1652,1,2,6,2,3,121
201600029357,16,11,9,930,1,2,1,7,6,98
201600029358,16,11,12,2045,5,1,6,1,6,107
201600029359,16,11,12,2240,5,2,3,1,6,121
201600029360,16,11,15,1220,1,2,6,8,6,121
201600029361,16,11,16,809,5,2,1,8,4,98
201600029362,16,11,17,1200,1,1,1,8,1,162
201600029363,16,11,17,1600,1,2,1,8,4,98
201600029364,16,11,19,1800,5,1,1,6,7,83
201600029365,16,11,21,200,5,2,1,2,6,121
201600029366,16,11,22,803,1,2,3,1,6,121
201600029367,16,11,23,1459,1,2,1,1,2,121
201600029368,16,11,25,1534,1,2,1,1,6,121
201600029369,16,11,27,2335,5,2,1,1,6,98
201600029370,16,11,29,1606,1,2,1,1,2,121
201600029371,16,11,30,1610,1,2,1,1,7,121
201600029372,16,12,1,1110,1,2,1,1,6,121
201600029373,16,12,3,1810,5,2,6,1,7,98
201600029374,16,12,3,1945,5,2,1,1,6,121
201600029375,16,12,4,2000,5,2,2,1,3,98
201600029376,16,12,6,1745,2,2,1,1,7,98
201600029377,16,12,7,910,1,2,2,5,3,83
201600029378,16,12,7,820,2,2,6,5,3,121
201600029379,16,12,9,1700,1,2,1,1,3,98
201600029380,16,12,13,1127,1,2,2,1,1,121
201600029381,16,12,12,1655,1,2,6,1,3,121
201600029382,16,12,16,1254,1,2,3,1,1,83
201600029383,16,12,17,1855,5,2,1,1,6,83
201600029384,16,12,21,1605,1,2,1,2,2,121
201600029385,16,12,23,1300,1,1,1,1,6,98
201600029386,16,12,28,1020,1,2,1,7,6,162
201600029387,16,12,28,2009,5,2,2,1,3,121
201600029388,16,12,30,1950,5,2,2,1,7,121
201600029389,16,12,31,345,5,2,1,1,7,121
201600029390,16,1,31,1830,3,1,1,1,5,274
201600029391,16,4,4,800,1,1,1,2,5,42
201600029392,16,8,13,1115,1,2,1,1,1,60
201600029393,16,10,6,1200,1,1,1,1,6,243
201600029394,16,10,12,715,2,2,1,1,3,111
201600029395,16,1,1,735,5,2,1,1,6,260
201600029396,16,1,18,820,5,2,1,3,3,260
201600029397,16,1,18,805,5,2,6,3,2,260
201600029398,16,1,19,855,5,2,1,1,6,260
201600029399,16,1,15,1940,5,2,3,2,7,260
201600029400,16,2,7,1142,1,1,6,2,6,260
201600029401,16,2,19,2245,5,2,1,3,3,260
201600029402,16,2,25,1210,1,2,1,1,2,260
201600029403,16,3,22,1640,1,2,2,1,3,260
201600029404,16,3,20,615,5,2,1,1,6,260
201600029405,16,3,26,1115,1,1,3,2,4,260
201600029406,16,4,11,1830,1,2,2,1,3,260
201600029407,16,4,26,1620,1,2,2,1,6,260
201600029408,16,2,20,2350,5,2,2,1,1,260
201600029409,16,5,10,820,1,2,1,1,3,260
201600029410,16,5,10,1720,1,2,2,1,3,260
201600029411,16,5,12,1328,1,2,1,1,6,260
201600029412,16,5,14,1740,1,2,1,1,3,260
201600029413,16,5,17,1250,1,2,2,1,3,260
201600029414,16,5,19,1325,1,2,1,1,6,260
201600029415,16,5,12,1330,1,2,1,1,2,260
201600029416,16,5,25,1100,1,2,3,1,3,260
201600029417,16,5,25,1218,1,2,2,1,1,260
201600029418,16,6,13,1422,1,2,3,1,4,260
201600029419,16,6,21,1355,1,2,3,1,3,260
201600029420,16,6,29,1735,1,2,6,2,4,260
201600029421,16,6,30,1555,1,2,3,1,2,260
201600029422,16,7,1,1830,1,2,3,1,6,260
201600029423,16,7,8,1505,1,1,1,1,6,260
201600029424,16,7,11,1640,1,1,1,1,7,260
201600029425,16,7,16,1204,1,2,1,1,6,260
201600029426,16,7,22,1737,1,2,1,1,6,260
201600029427,16,7,24,1705,1,2,1,1,3,260
201600029428,16,8,5,1000,1,2,4,1,3,260
201600029429,16,8,13,855,1,2,1,1,3,260
201600029430,16,8,16,1355,1,2,3,1,6,260
201600029431,16,8,18,1805,1,2,1,1,6,260
201600029432,16,8,24,1212,1,2,1,1,3,260
201600029433,16,8,29,2110,5,2,1,1,3,260
201600029434,16,8,27,1935,1,2,1,1,6,260
201600029435,16,9,5,1705,1,2,1,1,3,260
201600029436,16,9,9,750,1,2,3,1,3,260
201600029437,16,9,12,1030,1,2,1,1,4,260
201600029438,16,9,16,1320,1,2,1,1,3,260
201600029439,16,9,18,1225,1,2,6,1,4,260
201600029440,16,9,28,740,5,2,1,2,3,260
201600029441,16,10,7,750,2,2,3,1,3,260
201600029442,16,10,7,1845,1,2,1,1,2,260
201600029443,16,10,17,2045,5,2,6,1,6,260
201600029444,16,10,19,730,5,2,4,1,3,260
201600029445,16,10,28,1545,1,2,1,1,6,260
201600029446,16,10,28,1740,1,2,3,1,3,260
201600029447,16,10,31,1220,1,2,6,1,2,260
201600029448,16,11,2,940,1,2,1,1,3,260
201600029449,16,11,3,1105,1,2,1,1,3,260
201600029450,16,11,10,1935,5,2,1,1,3,260
201600029451,16,11,15,1800,5,2,1,1,6,260
201600029452,16,11,24,752,5,2,6,1,3,260
201600029453,16,12,1,1450,1,2,6,1,2,260
201600029454,16,12,5,2115,3,2,1,1,1,260
201600029455,16,12,8,1830,4,2,1,1,3,260
201600029456,16,12,12,1500,1,2,1,8,3,260
201600029457,16,12,14,1405,1,2,6,1,3,260
201600029458,16,12,16,1200,1,2,2,1,6,260
201600029459,16,12,20,1725,2,2,1,2,3,260
201600029460,16,3,11,830,1,1,1,8,6,220
201600029461,16,6,26,200,3,1,3,1,6,87
201600029462,16,8,13,300,3,1,1,1,1,48
201600029463,16,11,17,1200,1,1,1,1,6,87
201600029464,16,3,24,2150,3,1,1,1,6,253
201600029465,16,6,16,600,2,1,2,2,3,337
201600029466,16,7,6,1830,1,1,2,1,5,98
201600029467,16,8,17,1845,1,2,1,1,3,392
201600029468,16,9,20,1515,1,2,1,1,6,327
201600029469,16,10,14,755,2,2,1,1,6,133
201600029470,16,10,22,1515,1,2,1,1,2,133
201600029471,16,11,23,2250,5,2,1,3,4,36
201600029472,16,12,27,1720,2,2,1,1,3,65
201600029473,16,10,25,1825,5,2,1,1,6,227
201600029474,16,1,15,755,5,2,1,8,6,606
201600029475,16,1,23,1755,5,2,1,1,6,606
201600029476,16,2,6,1900,5,2,1,1,6,606
201600029477,16,2,13,1503,1,1,1,2,1,240
201600029478,16,3,22,1335,1,2,1,1,7,606
201600029479,16,4,28,1930,2,2,1,1,1,606
201600029480,16,6,7,944,1,2,3,1,6,606
201600029481,16,6,10,1600,1,2,1,1,1,240
201600029482,16,6,24,1518,1,1,3,1,5,606
201600029483,16,6,24,1529,1,2,6,1,6,606
201600029484,16,6,29,125,5,2,1,2,2,606
201600029485,16,7,29,2045,1,2,3,1,3,240
201600029486,16,7,31,1357,1,2,1,1,2,606
201600029487,16,9,7,1202,1,2,9,1,6,606
201600029488,16,11,29,1657,2,2,1,1,3,606
201600029489,16,1,18,2035,5,2,3,1,3,283
201600029490,16,1,15,1307,1,2,2,1,6,591
201600029491,16,2,28,714,1,1,1,1,6,591
201600029492,16,4,16,1945,1,2,1,1,1,591
201600029493,16,5,4,1130,1,1,1,1,1,19
201600029494,16,7,21,940,1,1,6,1,6,143
201600029495,16,9,13,1718,1,2,6,1,3,597
201600029496,16,11,29,1725,5,2,3,1,1,143
201600029497,16,12,1,830,1,2,1,1,6,283
201600029498,16,12,8,1915,5,2,1,1,6,591
201600029499,16,1,4,740,1,2,1,2,6,480
201600029500,16,1,5,1645,1,2,3,1,6,480
201600029501,16,1,7,835,1,1,1,2,6,463
201600029502,16,1,11,747,1,2,3,3,6,463
201600029503,16,1,11,1800,5,2,1,2,6,463
201600029504,16,1,13,1600,1,2,1,3,6,751
201600029505,16,1,14,830,1,2,2,1,3,487
201600029506,16,1,15,835,1,1,2,1,3,480
201600029507,16,1,15,1620,2,2,3,4,3,463
201600029508,16,1,16,1845,5,1,3,1,6,480
201600029509,16,1,22,1610,1,2,1,1,6,447
201600029510,16,1,22,1900,5,2,1,2,6,751
201600029511,16,1,25,1245,1,2,3,1,3,480
201600029512,16,1,31,2110,5,2,3,2,3,463
201600029513,16,2,10,1900,5,1,1,2,6,463
201600029514,16,2,15,1625,1,2,1,1,3,463
201600029515,16,2,26,2345,3,1,1,1,6,616
201600029516,16,3,2,1700,1,2,1,1,3,751
201600029517,16,3,3,1945,5,1,1,1,2,463
201600029518,16,3,6,1345,1,2,1,1,1,463
201600029519,16,3,11,1750,1,2,1,1,6,480
201600029520,16,3,17,1945,5,2,3,1,3,463
201600029521,16,3,20,1230,1,1,3,1,6,463
201600029522,16,3,21,2035,5,1,1,1,6,463
201600029523,16,3,26,1825,2,2,1,1,6,463
201600029524,16,4,6,2050,1,2,1,1,1,751
201600029525,16,4,8,1345,1,2,3,1,3,463
201600029526,16,4,12,1947,1,2,3,1,3,463
201600029527,16,4,16,1920,2,2,1,2,6,463
201600029528,16,4,30,2210,5,2,4,3,3,463
201600029529,16,4,30,935,1,2,3,1,6,463
201600029530,16,5,7,1433,1,1,1,1,6,463
201600029531,16,5,13,1525,1,2,1,1,2,463
201600029532,16,5,24,1535,1,2,4,1,3,487
201600029533,16,5,26,1340,1,2,1,1,6,463
201600029534,16,6,1,930,1,2,3,1,1,463
201600029535,16,6,1,1210,1,1,1,1,6,463
201600029536,16,6,6,1705,1,2,1,1,3,412
201600029537,16,6,7,1930,1,2,5,3,3,463
201600029538,16,6,6,1050,1,2,6,1,3,487
201600029539,16,6,9,1140,1,2,1,1,3,463
201600029540,16,6,11,5,3,1,1,1,1,447
201600029541,16,4,4,1715,1,2,1,1,6,463
201600029542,16,6,15,1900,1,2,3,1,3,463
201600029543,16,6,16,1,5,2,2,1,3,447
201600029544,16,6,16,1910,1,1,1,1,6,463
201600029545,16,6,22,1525,1,2,1,1,6,480
201600029546,16,6,29,1030,1,2,3,1,3,463
201600029547,16,6,30,1805,1,2,1,1,6,463
201600029548,16,6,30,2040,1,2,2,1,3,463
201600029549,16,7,18,1330,1,2,1,1,3,412
201600029550,16,7,22,1900,1,1,1,1,1,463
201600029551,16,7,29,1325,1,2,1,1,3,751
201600029552,16,7,31,1046,1,1,4,1,3,463
201600029553,16,8,4,1440,1,2,1,2,6,447
201600029554,16,8,14,1640,1,2,1,1,6,463
201600029555,16,8,19,1340,1,2,4,1,2,463
201600029556,16,8,22,1430,1,2,2,1,3,463
201600029557,16,8,25,825,1,2,2,1,6,463
201600029558,16,8,26,2140,5,2,2,1,3,463
201600029559,16,8,26,1010,1,2,3,1,2,463
201600029560,16,9,3,1235,1,2,3,1,6,463
201600029561,16,9,8,1404,1,1,1,1,6,480
201600029562,16,9,12,750,1,1,4,1,3,480
201600029563,16,9,17,935,1,2,3,1,6,463
201600029564,16,9,18,2125,5,2,1,1,2,463
201600029565,16,9,21,1640,1,1,1,1,6,447
201600029566,16,9,22,123,3,2,4,1,6,463
201600029567,16,9,23,1239,1,2,4,1,6,463
201600029568,16,9,24,2010,4,2,1,1,6,480
201600029569,16,9,29,950,1,2,1,1,6,463
201600029570,16,9,29,1955,5,2,1,1,3,463
201600029571,16,10,4,845,1,2,6,1,3,447
201600029572,16,10,4,1820,1,2,1,7,6,463
201600029573,16,10,7,1650,1,2,1,1,1,463
201600029574,16,10,8,2210,5,2,1,1,1,463
201600029575,16,10,10,900,1,2,1,1,6,463
201600029576,16,10,31,1520,1,2,3,1,3,463
201600029577,16,11,5,2150,5,2,2,2,3,463
201600029578,16,11,6,530,5,2,3,1,2,463
201600029579,16,11,6,1545,1,1,2,1,1,463
201600029580,16,11,16,1545,1,2,1,2,6,751
201600029581,16,11,17,1555,2,2,3,2,1,463
201600029582,16,11,21,746,2,2,1,3,6,463
201600029583,16,11,22,1000,1,2,1,1,6,463
201600029584,16,11,23,1145,1,1,1,1,2,447
201600029585,16,11,23,1745,5,2,1,2,6,463
201600029586,16,11,25,1636,2,2,1,1,3,463
201600029587,16,11,28,1545,1,2,1,1,6,545
201600029588,16,11,30,1345,1,1,1,1,6,463
201600029589,16,12,1,1731,2,2,1,1,2,463
201600029590,16,12,6,1740,5,2,1,1,6,480
201600029591,16,12,9,1610,1,2,1,1,6,463
201600029592,16,12,9,1725,3,1,1,1,2,463
201600029593,16,12,10,600,4,2,1,1,6,463
201600029594,16,12,14,605,5,2,1,1,6,463
201600029595,16,12,15,1730,3,2,1,1,5,463
201600029596,16,12,22,1540,1,2,2,2,3,447
201600029597,16,12,23,1800,5,2,1,1,6,463
201600029598,16,1,19,1725,2,2,1,5,6,630
201600029599,16,3,13,1650,1,2,2,1,3,630
201600029600,16,3,21,800,1,2,1,1,6,630
201600029601,16,3,29,1030,1,2,2,1,3,630
201600029602,16,4,12,2138,3,1,1,1,3,119
201600029603,16,4,13,1800,1,2,1,1,6,630
201600029604,16,4,20,1400,1,2,6,1,3,566
201600029605,16,4,21,1322,1,2,2,1,3,630
201600029606,16,5,8,1100,1,2,3,7,6,630
201600029607,16,5,11,1400,1,2,1,1,6,630
201600029608,16,5,11,1034,1,1,1,1,7,630
201600029609,16,6,27,520,2,2,3,1,7,630
201600029610,16,8,13,1440,1,2,3,1,6,630
201600029611,16,9,16,2000,2,2,1,1,7,630
201600029612,16,9,22,830,1,2,1,1,1,630
201600029613,16,9,24,1949,2,2,6,1,1,566
201600029614,16,10,4,1250,1,2,3,1,2,630
201600029615,16,10,5,1230,1,1,1,1,2,630
201600029616,16,10,7,415,3,1,1,1,7,119
201600029617,16,10,22,2040,5,2,1,1,2,630
201600029618,16,10,23,1445,1,2,6,1,3,566
201600029619,16,11,4,1800,3,2,2,1,3,630
201600029620,16,11,22,1750,5,2,1,2,4,630
201600029621,16,12,5,1330,1,2,1,1,6,630
201600029622,16,12,7,940,1,2,1,8,6,566
201600029623,16,12,22,1630,2,2,3,2,3,630
201600029624,16,12,14,1724,5,2,1,8,7,630
201600029625,16,1,7,1020,1,2,1,1,5,631
201600029626,16,1,27,1840,1,1,1,1,6,631
201600029627,16,2,26,850,1,2,1,1,6,631
201600029628,16,2,28,515,5,2,1,1,3,631
201600029629,16,3,15,1140,1,2,1,1,1,631
201600029630,16,8,13,1130,1,1,1,1,2,631
201600029631,16,10,24,435,3,1,1,1,6,631
201600029632,16,1,9,2115,5,2,3,1,6,672
201600029633,16,12,27,1720,5,2,1,1,1,441
201600029634,16,1,11,1120,1,1,1,5,6,672
201600029635,16,1,12,1820,4,2,1,2,6,672
201600029636,16,1,19,755,5,2,1,1,6,672
201600029637,16,1,20,1430,1,2,1,1,6,672
201600029638,16,2,4,132,3,2,1,1,6,221
201600029639,16,2,12,1025,1,2,1,1,6,672
201600029640,16,2,13,1930,3,2,1,3,6,757
201600029641,16,2,14,1400,1,2,1,1,3,221
201600029642,16,2,27,925,1,2,1,1,6,672
201600029643,16,2,27,1745,1,2,1,1,3,757
201600029644,16,3,15,1125,1,2,1,1,3,306
201600029645,16,3,17,1740,1,2,1,1,2,757
201600029646,16,3,26,600,1,1,1,2,6,672
201600029647,16,3,26,1825,1,2,6,1,3,672
201600029648,16,3,31,2115,5,2,6,3,3,672
201600029649,16,4,7,1705,1,2,1,1,6,757
201600029650,16,4,18,1430,1,1,1,1,1,221
201600029651,16,4,20,1201,1,2,1,1,6,672
201600029652,16,5,6,1115,1,2,1,1,3,672
201600029653,16,5,6,1700,1,2,1,1,2,306
201600029654,16,5,12,900,1,2,1,1,1,508
201600029655,16,5,16,325,5,2,1,1,6,306
201600029656,16,5,21,1040,1,2,1,1,2,672
201600029657,16,5,25,700,1,1,1,1,1,672
201600029658,16,5,26,1410,1,2,1,1,2,221
201600029659,16,6,3,2000,1,1,1,1,6,508
201600029660,16,6,16,1405,1,2,6,3,3,757
201600029661,16,6,17,1100,1,2,2,1,6,757
201600029662,16,7,4,1640,1,2,1,1,2,306
201600029663,16,7,5,1630,1,2,1,1,6,672
201600029664,16,7,8,2025,1,2,1,1,5,757
201600029665,16,7,24,2340,5,2,1,1,3,672
201600029666,16,8,24,1052,1,2,9,1,6,306
201600029667,16,8,31,740,1,2,1,1,6,672
201600029668,16,9,2,920,1,2,1,1,6,306
201600029669,16,9,2,1150,1,2,1,1,6,672
201600029670,16,9,11,1125,1,2,1,1,6,672
201600029671,16,9,16,1135,1,1,1,1,6,306
201600029672,16,9,19,1150,1,2,2,1,1,221
201600029673,16,9,27,1440,1,2,1,1,3,672
201600029674,16,10,5,830,1,1,1,1,6,672
201600029675,16,10,11,1100,1,2,2,1,6,757
201600029676,16,10,15,1205,1,2,1,1,6,672
201600029677,16,11,7,1920,4,2,1,1,6,672
201600029678,16,11,9,920,1,2,2,2,3,672
201600029679,16,11,23,710,2,2,1,1,6,12
201600029680,16,11,23,1800,5,2,3,2,6,221
201600029681,16,11,23,1815,3,2,1,1,6,306
201600029682,16,12,2,1730,5,2,1,2,5,666
201600029683,16,12,3,900,1,2,1,1,1,672
201600029684,16,12,5,1700,5,2,1,1,6,306
201600029685,16,12,6,1720,5,2,1,1,6,672
201600029686,16,12,6,1755,5,2,1,1,6,672
201600029687,16,12,7,820,1,1,1,1,6,672
201600029688,16,12,12,1750,5,2,1,1,3,757
201600029689,16,12,16,1715,5,2,1,1,5,221