Num_Acc,an,mois,jour,hrmn,lum,agg,int,atm,col,com
201600029690,16,12,22,1755,5,2,1,2,6,672
201600029691,16,7,3,1615,1,1,1,1,6,345
201600029692,16,8,5,2015,1,1,1,1,6,345
201600029693,16,8,25,1145,1,2,1,1,3,259
201600029694,16,4,18,1815,1,1,1,1,7,142
201600029695,16,6,10,1400,1,2,1,1,6,308
201600029696,16,8,9,1630,1,1,1,1,7,363
201600029697,16,11,8,1640,1,2,1,1,6,142
201600029698,16,12,25,115,3,1,1,1,6,142
201600029699,16,7,14,730,1,1,1,1,3,27
201600029700,16,7,14,1130,1,1,1,1,2,281
201600029701,16,7,30,515,3,1,1,1,6,151
201600029702,16,9,20,745,1,1,1,1,2,199
201600029703,16,6,10,1815,1,1,3,1,3,479
201600029704,16,10,29,1355,1,2,1,1,2,650
201600029705,16,1,23,1215,1,2,1,1,7,100
201600029706,16,9,4,1600,1,1,1,1,6,100
201600029707,16,1,2,2050,5,2,1,2,6,194
201600029708,16,12,19,1800,5,2,1,1,6,194
201600029709,16,1,8,1305,1,2,1,2,6,194
201600029710,16,1,12,1800,2,2,1,2,7,194
201600029711,16,1,12,955,1,2,1,1,6,194
201600029712,16,1,16,1545,1,2,1,1,7,194
201600029713,16,1,27,1245,1,2,1,1,7,194
201600029714,16,1,27,1755,2,2,1,1,7,194
201600029715,16,1,27,1340,1,2,1,1,1,194
201600029716,16,2,10,2055,5,2,1,1,7,194
201600029717,16,2,19,920,1,2,1,1,7,194
201600029718,16,2,11,1018,1,2,1,1,6,194
201600029719,16,2,24,1120,1,2,1,2,6,194
201600029720,16,3,4,1055,1,2,1,3,2,194
201600029721,16,3,10,1620,1,2,1,1,7,194
201600029722,16,3,17,1730,1,2,1,1,3,194
201600029723,16,3,11,1345,1,2,1,1,4,194
201600029724,16,3,17,1115,1,2,7,1,6,194
201600029725,16,3,19,1115,1,2,2,1,3,194
201600029726,16,3,23,1330,1,2,1,1,6,194
201600029727,16,3,31,750,1,2,2,1,3,194
201600029728,16,4,10,1220,1,2,1,1,1,194
201600029729,16,4,13,1655,1,2,1,1,3,194
201600029730,16,4,6,1600,1,2,1,1,2,194
201600029731,16,4,15,1305,1,2,1,1,6,194
201600029732,16,4,18,1720,1,2,3,1,1,194
201600029733,16,4,22,1130,1,2,6,1,2,194
201600029734,16,4,30,2230,5,2,1,2,6,194
201600029735,16,5,10,1715,1,2,3,1,2,194
201600029736,16,5,14,1315,1,2,1,1,3,194
201600029737,16,5,21,5,5,2,1,2,3,194
201600029738,16,5,17,950,1,2,6,1,2,194
201600029739,16,5,29,1620,1,2,1,1,7,194
201600029740,16,5,29,510,5,2,1,2,7,194
201600029741,16,5,31,1355,1,2,1,1,7,194
201600029742,16,6,7,1640,1,2,1,1,7,194
201600029743,16,6,8,1135,1,2,1,1,2,194
201600029744,16,6,10,1555,1,2,1,1,2,194
201600029745,16,6,12,1745,1,2,1,1,2,194
201600029746,16,6,14,1825,1,2,1,2,3,194
201600029747,16,6,12,2245,5,1,1,2,3,194
201600029748,16,6,21,1604,1,2,1,1,6,194
201600029749,16,7,1,1030,1,2,3,1,6,194
201600029750,16,7,9,1800,1,2,3,1,2,194
201600029751,16,7,18,1345,1,2,1,1,7,194
201600029752,16,7,19,2000,1,2,1,1,7,194
201600029753,16,7,20,800,1,2,1,1,7,194
201600029754,16,7,10,2210,5,2,1,1,7,194
201600029755,16,7,5,1345,1,2,1,1,2,194
201600029756,16,7,28,1920,1,2,1,1,7,194
201600029757,16,7,27,900,1,2,3,1,1,194
201600029758,16,7,28,1800,1,2,1,1,3,194
201600029759,16,7,7,2330,5,2,1,1,2,194
201600029760,16,8,2,1625,1,2,1,1,6,194
201600029761,16,7,6,2215,4,2,1,1,7,194
201600029762,16,8,14,2150,5,2,1,1,2,194
201600029763,16,8,29,1625,1,2,1,1,7,194
201600029764,16,8,29,2255,5,2,1,1,3,194
201600029765,16,8,31,1450,1,2,1,1,7,194
201600029766,16,9,1,1718,1,2,1,1,2,194
201600029767,16,9,2,1000,1,2,1,1,1,194
201600029768,16,9,5,1330,1,2,1,2,7,194
201600029769,16,9,8,730,1,2,6,1,3,194
201600029770,16,9,14,2245,5,2,2,2,1,194
201600029771,16,9,15,1740,1,2,1,1,3,194
201600029772,16,9,18,1315,1,2,1,2,7,194
201600029773,16,9,26,1420,1,2,1,1,2,194
201600029774,16,9,27,1110,1,2,1,1,7,194
201600029775,16,9,27,1615,1,2,3,1,4,194
201600029776,16,10,7,800,1,2,3,1,6,194
201600029777,16,10,9,2115,5,2,1,1,6,194
201600029778,16,10,14,800,2,2,1,1,6,194
201600029779,16,10,28,1715,1,2,2,1,3,194
201600029780,16,11,1,1820,5,2,2,1,6,194
201600029781,16,10,27,1630,1,2,1,1,6,194
201600029782,16,11,7,1755,2,2,1,2,4,194
201600029783,16,11,7,1815,5,2,2,3,6,194
201600029784,16,11,5,1350,1,2,3,1,3,194
201600029785,16,11,9,935,1,2,1,3,7,194
201600029786,16,11,12,2350,5,2,1,2,6,194
201600029787,16,11,23,1135,1,2,1,1,3,194
201600029788,16,11,29,720,2,2,6,1,3,194
201600029789,16,11,30,740,1,2,1,1,6,194
201600029790,16,12,7,1755,5,2,9,1,6,194
201600029791,16,12,8,1755,5,2,1,1,1,194
201600029792,16,12,10,1750,2,2,1,1,6,194
201600029793,16,12,9,1925,5,2,1,1,2,194
201600029794,16,12,14,1810,5,2,1,1,7,194
201600029795,16,12,15,1545,1,2,3,1,3,194
201600029796,16,12,17,1140,1,2,3,1,3,194
201600029797,16,12,22,20,5,2,3,9,2,194
201600029798,16,12,25,1005,1,2,1,1,6,194
201600029799,16,12,24,1740,2,2,1,1,7,194
201600029800,16,12,26,2045,5,2,1,2,7,194
201600029801,16,12,27,520,5,2,1,8,7,194
201600029802,16,4,1,900,1,2,1,1,3,273
201600029803,16,4,20,800,1,2,1,7,3,288
201600029804,16,6,7,1445,1,1,1,3,1,228
201600029805,16,6,11,1145,1,2,1,1,5,131
201600029806,16,9,1,1430,1,1,1,7,5,179
201600029807,16,9,16,830,1,1,1,2,3,241
201600029808,16,10,12,1115,1,2,1,1,6,64
201600029809,16,12,20,645,1,2,1,1,6,189
201600029810,16,1,2,1930,4,2,1,2,6,52
201600029811,16,1,31,45,5,1,1,5,3,430
201600029812,16,6,14,1930,1,2,1,1,3,487
201600029813,16,9,6,1630,1,2,1,1,6,52
201600029814,16,10,27,1315,1,2,8,1,6,116
201600029815,16,11,28,130,3,1,6,1,6,58
201600029816,16,12,9,815,2,1,1,2,3,436
201600029817,16,1,31,2130,3,1,1,2,6,445
201600029818,16,2,12,1830,3,1,1,8,6,313
201600029819,16,3,30,1900,2,1,1,2,5,313
201600029820,16,4,8,1130,1,1,6,1,2,313
201600029821,16,7,7,2315,5,2,7,1,6,313
201600029822,16,8,26,845,1,2,7,1,6,313
201600029823,16,10,14,1245,1,1,1,1,1,313
201600029824,16,10,14,2045,5,2,1,2,3,313
201600029825,16,1,6,2100,5,1,1,1,1,431
201600029826,16,1,7,1810,5,2,3,1,6,317
201600029827,16,1,2,1920,5,1,1,8,1,431
201600029828,16,1,12,1937,5,2,9,1,3,17
201600029829,16,1,22,100,3,2,1,1,7,17
201600029830,16,1,20,715,5,2,1,9,2,17
201600029831,16,1,30,1900,3,1,3,1,3,317
201600029832,16,2,3,935,1,2,3,1,6,17
201600029833,16,2,5,1510,1,2,1,1,6,17
201600029834,16,2,13,1150,1,2,3,1,3,17
201600029835,16,2,27,1750,1,1,1,1,6,431
201600029836,16,12,23,1720,5,2,1,2,6,17
201600029837,16,3,11,30,3,1,1,1,7,43
201600029838,16,3,16,1225,1,2,2,1,5,317
201600029839,16,3,18,1855,5,2,1,1,3,17
201600029840,16,4,20,815,1,2,3,1,6,17
201600029841,16,4,28,1550,1,2,1,1,6,43
201600029842,16,4,12,1150,1,2,3,1,3,317
201600029843,16,5,3,1710,1,1,1,1,1,17
201600029844,16,5,5,920,1,2,1,1,6,43
201600029845,16,4,15,2000,2,2,1,1,6,143
201600029846,16,6,16,1220,1,2,1,3,2,143
201600029847,16,6,29,1010,1,1,4,1,3,431
201600029848,16,7,19,1500,1,2,1,1,6,17
201600029849,16,7,26,940,1,1,1,1,1,43
201600029850,16,8,5,1050,1,2,3,1,3,17
201600029851,16,8,18,1035,1,2,3,1,6,17
201600029852,16,8,20,1530,1,2,1,1,3,43
201600029853,16,7,20,2130,1,1,1,1,3,317
201600029854,16,9,13,1225,1,2,1,7,6,17
201600029855,16,9,9,740,1,1,2,7,3,43
201600029856,16,10,9,355,5,2,1,1,6,17
201600029857,16,10,9,1315,1,1,1,1,3,431
201600029858,16,10,13,2135,5,2,1,1,6,43
201600029859,16,10,8,1715,1,2,1,1,6,431
201600029860,16,10,11,1100,1,2,3,1,3,17
201600029861,16,9,26,1755,1,2,1,1,6,17
201600029862,16,10,28,650,5,2,2,1,3,431
201600029863,16,12,3,420,3,1,1,1,6,317
201600029864,16,12,7,1430,1,2,1,1,6,317
201600029865,16,12,5,1000,1,1,3,1,3,431
201600029866,16,12,11,200,5,1,1,1,6,43
201600029867,16,12,8,1445,1,2,3,1,3,17
201600029868,16,1,22,2000,5,2,1,2,6,33
201600029869,16,7,3,2255,5,2,6,1,6,33
201600029870,16,7,24,1700,1,2,3,1,6,33
201600029871,16,2,17,1145,1,2,6,1,6,43
201600029872,16,2,28,1735,1,1,1,1,1,43
201600029873,16,2,15,2030,3,1,1,1,7,206
201600029874,16,3,3,530,5,2,1,3,1,122
201600029875,16,4,5,1805,1,2,1,1,3,122
201600029876,16,5,10,1800,1,2,3,1,6,122
201600029877,16,6,30,955,1,2,1,1,3,122
201600029878,16,9,10,1300,1,1,1,1,1,428
201600029879,16,10,3,1805,1,2,1,7,6,122
201600029880,16,12,19,1130,1,2,1,1,6,122
201600029881,16,1,4,1800,2,2,9,1,1,253
201600029882,16,2,24,120,5,2,3,2,3,253
201600029883,16,5,4,1740,1,2,1,1,1,153
201600029884,16,6,16,1710,1,2,1,1,6,253
201600029885,16,7,3,240,5,2,1,1,6,530
201600029886,16,10,3,1650,1,2,1,1,6,253
201600029887,16,10,17,1915,5,2,9,2,6,616
201600029888,16,10,16,1735,1,2,1,1,1,616
201600029889,16,11,27,1945,5,2,9,1,2,616
201600029890,16,11,22,1615,1,2,1,1,6,172
201600029891,16,12,5,1000,1,2,3,1,2,205
201600029892,16,1,1,900,1,2,1,1,6,446
201600029893,16,12,5,1610,1,2,1,1,1,632
201600029894,16,1,1,530,5,2,1,1,6,632
201600029895,16,12,11,2010,3,2,1,1,6,179
201600029896,16,1,17,1920,3,2,1,1,6,205
201600029897,16,2,4,1840,2,2,1,2,6,361
201600029898,16,3,3,1620,1,2,1,1,6,172
201600029899,16,2,20,1300,1,2,3,1,3,172
201600029900,16,2,27,435,5,2,1,1,6,361
201600029901,16,4,8,1745,1,2,1,1,2,361
201600029902,16,4,2,1800,1,2,1,1,6,632
201600029903,16,4,16,930,1,2,9,1,6,64
201600029904,16,5,27,1540,1,2,9,1,6,172
201600029905,16,7,18,1330,1,2,1,1,6,361
201600029906,16,6,19,1600,1,1,1,1,1,205
201600029907,16,7,11,1610,1,2,2,1,3,179
201600029908,16,7,24,2320,5,2,1,1,6,651
201600029909,16,7,27,1745,1,2,1,1,2,172
201600029910,16,7,30,1545,1,1,1,1,6,302
201600029911,16,8,28,1310,1,2,1,1,2,172
201600029912,16,9,12,910,1,2,1,7,6,172
201600029913,16,10,28,1515,1,2,9,1,3,504
201600029914,16,10,14,1545,1,2,1,1,1,205
201600029915,16,10,5,1750,1,2,1,1,1,179
201600029916,16,12,22,545,3,1,1,8,6,345
201600029917,16,12,12,1710,3,2,3,1,3,178
201600029918,16,12,7,2310,5,2,1,1,1,486
201600029919,16,1,6,2030,5,2,3,8,3,234
201600029920,16,1,13,1140,1,2,1,1,6,178
201600029921,16,2,3,1445,1,2,1,1,6,178
201600029922,16,1,29,820,2,1,1,1,3,165
201600029923,16,2,16,920,1,1,1,9,6,509
201600029924,16,3,11,2350,3,1,1,1,1,165
201600029925,16,3,22,1950,3,1,1,1,1,170
201600029926,16,2,26,1100,1,2,1,1,6,170
201600029927,16,2,24,2000,5,2,2,1,3,276
201600029928,16,2,24,820,1,2,1,9,6,509
201600029929,16,3,9,1015,1,2,9,2,6,569
201600029930,16,3,15,1900,5,2,2,1,3,8
201600029931,16,3,14,1830,2,1,1,1,3,203
201600029932,16,3,3,740,2,1,1,8,3,569
201600029933,16,3,30,900,1,1,3,1,5,569
201600029934,16,3,27,400,3,1,1,2,2,486
201600029935,16,3,29,1620,1,2,9,1,6,178
201600029936,16,4,6,955,1,1,6,1,6,170
201600029937,16,5,5,1330,1,2,4,1,6,2
201600029938,16,4,15,850,1,2,1,1,6,486
201600029939,16,4,19,1655,1,2,3,1,6,574
201600029940,16,4,29,1430,1,1,1,2,5,375
201600029941,16,6,3,1850,1,2,3,1,6,569
201600029942,16,5,16,1050,1,2,2,1,2,8
201600029943,16,6,7,1345,1,2,3,1,3,178
201600029944,16,6,9,1415,1,2,1,1,2,390
201600029945,16,6,6,1640,1,2,3,1,3,375
201600029946,16,7,14,1600,1,2,1,1,7,178
201600029947,16,7,3,1830,1,2,6,1,3,178
201600029948,16,5,30,1630,1,2,1,3,6,178
201600029949,16,7,9,1845,1,2,1,1,2,486
201600029950,16,6,25,2145,5,2,1,1,6,276
201600029951,16,7,1,2240,5,2,1,8,3,574
201600029952,16,7,22,1835,1,2,2,1,3,574
201600029953,16,8,15,1435,1,2,3,1,3,509
201600029954,16,8,27,330,5,2,1,1,7,8
201600029955,16,8,16,1115,1,2,3,1,3,239
201600029956,16,9,1,2330,5,2,2,1,3,178
201600029957,16,8,9,1230,1,1,1,1,5,569
201600029958,16,9,2,1410,1,2,3,1,6,178
201600029959,16,9,12,840,1,2,1,7,6,574
201600029960,16,9,23,1820,1,2,1,1,3,28
201600029961,16,9,12,1645,1,2,3,1,5,390
201600029962,16,10,1,1010,1,2,1,1,6,178
201600029963,16,9,19,935,1,2,2,1,3,574
201600029964,16,10,1,2340,5,2,1,1,3,178
201600029965,16,10,3,1710,1,2,1,1,6,178
201600029966,16,10,14,1330,1,2,3,1,3,178
201600029967,16,10,18,730,5,2,3,1,5,509
201600029968,16,11,5,55,5,2,1,2,6,28
201600029969,16,10,22,1955,3,1,1,1,6,569
201600029970,16,11,1,920,1,2,7,1,6,629
201600029971,16,10,22,1055,1,2,1,1,6,486
201600029972,16,10,29,1515,1,2,2,1,3,569
201600029973,16,11,19,335,5,1,1,1,6,170
201600029974,16,11,12,1825,3,1,1,1,2,569
201600029975,16,12,2,1815,5,2,3,2,6,456
201600029976,16,1,10,1820,1,2,2,1,3,183
201600029977,16,12,24,1215,1,1,1,1,7,359
201600029978,16,1,12,1615,1,2,1,1,6,183
201600029979,16,1,21,1205,1,2,1,1,6,183
201600029980,16,1,31,1635,1,2,1,1,6,183
201600029981,16,2,4,1350,1,2,1,2,6,183
201600029982,16,2,6,1850,3,2,6,1,3,183
201600029983,16,2,9,1845,1,2,1,1,4,183
201600029984,16,2,4,750,2,2,1,1,6,271
201600029985,16,2,16,1250,1,2,1,1,6,271
201600029986,16,2,20,1625,1,2,2,1,1,183
201600029987,16,2,13,143,3,2,1,1,3,183
201600029988,16,2,24,1650,1,2,1,1,6,183
201600029989,16,3,12,1455,1,2,1,1,6,183
201600029990,16,3,18,2315,4,2,6,2,6,183
201600029991,16,3,26,930,1,1,1,1,6,155
201600029992,16,4,12,1455,1,2,2,1,3,183
201600029993,16,4,17,1745,1,2,2,1,1,155
201600029994,16,4,23,100,5,2,3,3,3,183
201600029995,16,4,16,140,3,2,2,1,1,273
201600029996,16,4,22,1015,1,2,1,1,1,271
201600029997,16,4,30,545,2,2,2,1,3,183
201600029998,16,5,4,1535,1,1,1,1,2,359
201600029999,16,5,3,1110,1,2,1,1,6,183
201600030000,16,5,7,45,4,2,4,1,6,155
201600030001,16,5,17,1900,1,2,1,1,6,540
201600030002,16,5,26,1850,1,1,1,1,6,183
201600030003,16,5,24,2300,3,2,2,1,3,271
201600030004,16,6,2,2000,1,1,1,1,1,273
201600030005,16,6,9,1925,1,2,1,1,5,155
201600030006,16,6,11,1830,1,2,1,1,1,131
201600030007,16,6,14,750,1,2,1,2,3,183
201600030008,16,6,16,2050,1,2,1,1,6,183
201600030009,16,6,23,350,5,2,1,1,2,183
201600030010,16,6,24,1650,1,2,1,1,6,183
201600030011,16,6,28,1940,1,1,1,1,4,271
201600030012,16,7,4,15,5,2,3,1,3,540
201600030013,16,7,4,1830,1,2,1,1,6,183
201600030014,16,7,10,2350,5,2,2,1,6,183
201600030015,16,7,15,1810,1,2,1,1,1,155
201600030016,16,7,23,1420,1,2,1,1,3,540
201600030017,16,7,30,540,1,2,1,1,3,273
201600030018,16,8,2,1710,1,2,9,1,6,183
201600030019,16,8,14,156,5,2,1,1,2,183
201600030020,16,8,8,1040,1,1,1,1,6,540
201600030021,16,8,26,1215,1,1,3,1,3,183
201600030022,16,8,28,1515,1,2,3,1,3,155
201600030023,16,8,30,900,1,1,2,1,6,359
201600030024,16,9,2,840,1,2,1,1,6,183
201600030025,16,9,8,2300,3,1,1,1,7,183
201600030026,16,9,12,2105,5,2,3,1,7,183
201600030027,16,9,23,1010,1,2,1,1,6,183
201600030028,16,9,23,1600,1,2,1,1,6,271
201600030029,16,10,2,2120,3,2,1,1,7,183
201600030030,16,10,9,235,3,2,1,1,6,183
201600030031,16,10,4,1750,2,2,2,1,4,155
201600030032,16,10,16,350,1,1,1,1,7,183
201600030033,16,10,14,1315,1,2,1,1,1,540
201600030034,16,10,7,2035,5,2,1,1,3,273
201600030035,16,10,21,800,1,2,1,1,6,183
201600030036,16,10,24,540,3,2,2,1,3,183
201600030037,16,10,31,2120,5,2,1,1,3,183
201600030038,16,11,13,115,5,2,2,1,1,271
201600030039,16,11,25,1530,1,2,1,1,1,183
201600030040,16,11,29,800,1,2,2,1,3,183
201600030041,16,11,29,745,2,2,6,9,6,540
201600030042,16,12,9,1310,1,2,1,1,6,540
201600030043,16,12,16,2355,5,2,1,1,3,540
201600030044,16,12,16,1855,1,2,1,1,3,155
201600030045,16,12,23,30,5,2,1,1,6,248
201600030046,16,12,26,620,4,2,1,2,6,271
201600030047,16,3,21,1150,1,2,1,1,6,295
201600030048,16,6,3,1715,1,2,1,1,5,295
201600030049,16,9,15,1145,1,2,1,1,6,295
201600030050,16,9,27,945,1,2,1,1,6,295
201600030051,16,10,25,1600,1,1,1,1,4,295
201600030052,16,11,5,1810,5,2,1,2,3,295
201600030053,16,8,11,1510,1,1,1,2,6,104
201600030054,16,12,4,1100,1,2,1,1,6,350
201600030055,16,12,16,1810,5,2,1,1,6,328
201600030056,16,1,1,305,5,2,1,1,6,350
201600030057,16,10,23,1205,1,2,2,1,6,360
201600030058,16,1,4,815,1,2,1,2,6,350
201600030059,16,11,23,2120,5,2,1,1,6,350
201600030060,16,1,8,720,5,2,2,1,3,350
201600030061,16,1,7,1300,1,2,2,2,3,350
201600030062,16,1,9,800,5,2,2,2,3,350
201600030063,16,1,9,440,5,2,1,1,2,350
201600030064,16,1,10,425,5,2,2,1,3,350
201600030065,16,12,4,1320,1,2,1,1,6,350
201600030066,16,1,11,1030,1,2,7,1,6,350
201600030067,16,1,11,750,5,1,3,2,3,378
201600030068,16,1,8,1020,1,2,1,1,3,350
201600030069,16,1,12,1850,5,1,1,8,6,410
201600030070,16,1,12,950,1,2,2,7,6,386
201600030071,16,1,18,850,1,2,1,9,6,378
201600030072,16,1,21,220,5,2,2,1,3,350
201600030073,16,1,12,1945,5,1,1,1,2,350
201600030074,16,1,22,855,1,2,1,1,6,527
201600030075,16,1,25,1555,1,2,1,1,6,9
201600030076,16,11,23,1230,1,2,1,1,2,350
201600030077,16,1,30,235,5,2,1,2,1,378
201600030078,16,1,12,820,2,2,1,1,6,220
201600030079,16,1,19,1600,1,2,1,1,6,350
201600030080,16,1,8,1755,2,2,9,1,6,350
201600030081,16,1,28,1850,3,1,1,1,6,220
201600030082,16,2,3,1405,1,2,1,1,6,360
201600030083,16,1,14,745,5,2,3,2,6,350
201600030084,16,2,18,1730,2,2,2,4,6,350
201600030085,16,12,20,1930,5,2,1,1,3,328
201600030086,16,12,12,1835,5,2,1,3,6,527
201600030087,16,1,7,1945,5,2,1,1,1,636
201600030088,16,12,13,930,1,1,2,2,3,9
201600030089,16,1,20,1910,5,2,3,1,6,378
201600030090,16,2,17,2030,5,2,2,1,6,350
201600030091,16,1,15,1400,1,2,1,1,6,9
201600030092,16,2,4,1535,1,2,1,1,6,350
201600030093,16,2,19,1105,1,2,1,1,1,378
201600030094,16,1,30,245,5,2,2,3,3,350
201600030095,16,2,8,1035,1,2,2,7,1,350
201600030096,16,2,25,1035,1,2,7,7,6,350
201600030097,16,1,21,1830,5,2,1,1,2,350
201600030098,16,2,17,1225,1,2,4,1,6,9
201600030099,16,3,7,2250,5,2,1,1,6,560
201600030100,16,2,17,1330,1,2,1,1,4,368
201600030101,16,3,13,850,1,2,2,1,6,9
201600030102,16,3,3,800,1,2,2,1,6,457
201600030103,16,2,11,1845,5,2,1,8,6,350
201600030104,16,3,13,1245,1,2,3,1,1,360
201600030105,16,1,14,745,4,2,1,2,7,350
201600030106,16,3,12,340,3,2,1,1,1,350
201600030107,16,3,2,1920,5,2,1,2,1,360
201600030108,16,2,21,1750,1,2,1,1,2,350
201600030109,16,3,21,1330,1,2,3,1,3,360
201600030110,16,3,7,1130,1,2,1,8,3,350
201600030111,16,3,22,810,1,2,2,1,6,350
201600030112,16,2,15,1920,5,2,3,1,6,350
201600030113,16,2,8,1855,5,2,1,3,7,648
201600030114,16,4,4,1040,1,2,1,1,6,350
201600030115,16,4,5,1215,1,2,1,1,6,350
201600030116,16,4,10,2015,2,2,1,1,3,286
201600030117,16,4,7,1450,1,2,2,1,1,360
201600030118,16,1,27,2115,5,2,5,1,6,350
201600030119,16,3,30,750,5,2,3,1,3,360
201600030120,16,4,13,910,1,2,9,1,6,350
201600030121,16,4,17,430,5,2,2,1,3,350
201600030122,16,4,18,125,5,2,1,1,2,378
201600030123,16,4,17,1800,1,2,2,1,3,410
201600030124,16,4,18,850,1,2,2,1,3,350
201600030125,16,4,18,1220,1,2,1,1,6,286
201600030126,16,4,18,1855,1,2,3,1,6,350
201600030127,16,4,28,1930,1,1,1,1,6,350
201600030128,16,4,17,1810,1,2,1,1,6,350
201600030129,16,5,7,1350,1,2,1,1,6,527
201600030130,16,5,5,300,5,2,2,1,6,350
201600030131,16,3,8,710,1,2,1,1,1,350
201600030132,16,4,24,1645,1,2,1,1,1,328
201600030133,16,5,5,1430,1,2,2,1,3,350
201600030134,16,5,25,2025,1,2,2,1,3,350
201600030135,16,4,15,2020,1,1,1,1,6,350
201600030136,16,5,15,650,1,2,4,1,1,507
201600030137,16,4,9,1020,1,2,3,1,6,350
201600030138,16,6,2,2105,5,2,1,2,2,343
201600030139,16,6,8,1605,1,2,1,1,6,566
201600030140,16,6,9,1740,1,1,2,1,6,350
201600030141,16,5,26,1900,1,2,1,1,3,9
201600030142,16,6,14,1220,1,2,3,2,6,350
201600030143,16,5,12,1955,1,2,1,1,3,648
201600030144,16,6,2,700,1,2,3,1,1,350
201600030145,16,5,24,1330,1,2,2,1,2,368
201600030146,16,6,19,1,5,2,1,1,6,350
201600030147,16,6,8,1810,1,2,3,1,1,350
201600030148,16,5,19,1750,1,2,1,1,6,560
201600030149,16,6,23,1900,1,2,1,1,6,9
201600030150,16,6,24,1515,1,2,2,1,6,360
201600030151,16,6,12,2100,2,2,1,1,1,386
201600030152,16,6,15,1720,1,2,2,1,3,350
201600030153,16,6,23,1810,1,1,3,2,3,360
201600030154,16,6,30,2040,1,2,2,1,3,350
201600030155,16,6,21,1735,1,2,3,1,3,350
201600030156,16,7,4,144,5,2,2,1,3,350
201600030157,16,6,16,720,1,2,2,1,3,350
201600030158,16,6,29,100,5,2,3,1,1,350
201600030159,16,5,28,2110,1,2,3,1,6,350
201600030160,16,5,27,2030,1,1,1,1,7,560
201600030161,16,7,6,2100,2,2,1,1,6,360
201600030162,16,7,8,455,1,2,2,1,6,350
201600030163,16,4,29,355,5,2,2,1,6,350
201600030164,16,6,12,1115,1,2,3,1,3,527
201600030165,16,7,5,1625,1,2,1,1,6,410
201600030166,16,7,13,1610,1,1,1,1,2,560
201600030167,16,7,13,1550,1,1,1,1,3,560
201600030168,16,5,13,1620,1,2,3,1,6,350
201600030169,16,7,22,1645,1,1,1,1,5,360
201600030170,16,7,7,2255,5,2,1,1,5,350
201600030171,16,8,2,1915,1,2,3,2,3,9
201600030172,16,6,24,900,1,2,1,1,6,560
201600030173,16,8,1,1700,1,1,1,1,2,350
201600030174,16,8,13,1820,1,1,1,1,3,560
201600030175,16,7,25,1809,1,2,3,1,3,507
201600030176,16,8,6,1810,1,2,1,1,3,350
201600030177,16,7,8,1,5,2,3,1,3,350
201600030178,16,4,28,2300,5,2,1,1,6,350
201600030179,16,8,19,1045,1,2,2,1,6,350
201600030180,16,8,11,1345,1,2,9,1,2,350
201600030181,16,7,22,2345,5,2,2,1,3,410
201600030182,16,9,1,1450,1,1,1,1,6,193
201600030183,16,8,6,2357,5,2,2,1,3,350
201600030184,16,9,5,1530,1,2,3,1,3,350
201600030185,16,9,17,2008,5,2,1,1,3,350
201600030186,16,9,16,1045,1,2,2,1,6,328
201600030187,16,9,19,1050,1,2,2,1,3,350
201600030188,16,9,26,750,1,2,3,1,6,350
201600030189,16,9,28,1100,1,2,3,1,3,636
201600030190,16,9,7,1015,1,2,3,1,3,350
201600030191,16,9,23,910,1,1,1,1,6,350
201600030192,16,9,15,1400,1,2,2,1,3,350
201600030193,16,10,2,630,5,2,1,8,1,350
201600030194,16,9,16,1835,1,2,9,2,1,9
201600030195,16,9,9,1900,1,2,1,1,2,350
201600030196,16,9,7,639,5,1,3,1,6,378
201600030197,16,10,7,740,2,2,3,1,6,350
201600030198,16,10,15,1720,1,1,1,1,7,343
201600030199,16,10,7,1730,1,2,1,1,3,350
201600030200,16,9,8,1125,1,2,1,1,6,350
201600030201,16,10,23,740,2,2,2,1,3,350
201600030202,16,10,11,1710,1,2,2,1,5,9
201600030203,16,9,13,1730,1,2,6,1,3,527
201600030204,16,10,20,1630,1,2,1,9,3,350
201600030205,16,9,9,15,5,2,4,1,6,350
201600030206,16,11,1,2045,5,2,2,1,3,360
201600030207,16,10,26,5,5,2,1,1,5,350
201600030208,16,11,4,1925,5,2,2,1,6,350
201600030209,16,11,11,1210,1,1,1,1,3,9
201600030210,16,11,29,930,1,2,1,1,6,350
201600030211,16,12,4,155,5,2,2,1,1,350
201600030212,16,10,13,1400,1,2,1,1,1,566
201600030213,16,12,2,1040,1,2,3,1,3,350
201600030214,16,11,24,1745,5,2,2,1,3,350
201600030215,16,12,14,1035,1,2,3,1,6,378
201600030216,16,12,8,1525,1,2,9,1,6,368
201600030217,16,12,7,2210,5,2,3,1,2,350
201600030218,16,12,22,1350,1,2,6,1,3,350
201600030219,16,11,16,1830,5,2,1,1,1,350
201600030220,16,1,2,1820,3,2,6,2,6,225
201600030221,16,5,15,1815,1,2,1,1,3,392
201600030222,16,5,29,1,3,1,1,1,7,291
201600030223,16,6,14,740,1,1,1,1,2,225
201600030224,16,7,18,150,3,1,1,1,6,33
201600030225,16,7,8,325,5,2,2,1,6,392
201600030226,16,7,22,1140,1,1,1,1,2,543