Num_Acc,an,mois,jour,hrmn,lum,agg,int,atm,col,com
201600030227,16,10,3,840,1,1,1,1,7,365
201600030228,16,11,1,2300,5,2,1,1,2,324
201600030229,16,9,9,1820,1,2,3,1,3,392
201600030230,16,1,6,1455,1,2,1,8,3,512
201600030231,16,1,7,925,1,2,6,3,3,646
201600030232,16,1,7,1210,1,2,1,2,6,512
201600030233,16,1,8,805,2,2,3,1,6,512
201600030234,16,1,11,1730,5,2,1,2,6,598
201600030235,16,1,7,1410,1,2,1,8,2,512
201600030236,16,1,12,1800,5,2,2,2,6,512
201600030237,16,1,15,120,5,2,1,2,2,646
201600030238,16,1,15,1740,5,2,1,2,3,512
201600030239,16,1,15,1830,5,2,1,3,3,299
201600030240,16,1,15,2310,5,2,1,2,3,512
201600030241,16,1,16,1710,5,2,3,8,3,299
201600030242,16,1,16,1930,5,2,1,2,6,650
201600030243,16,1,17,1845,5,2,1,1,6,650
201600030244,16,1,20,800,2,2,3,1,1,299
201600030245,16,1,20,750,2,2,2,1,1,367
201600030246,16,1,21,1230,1,2,1,1,6,163
201600030247,16,1,22,1535,1,2,2,2,1,512
201600030248,16,1,23,1930,5,2,1,2,2,650
201600030249,16,1,23,2330,5,2,2,1,3,512
201600030250,16,1,25,805,1,2,1,1,7,512
201600030251,16,1,26,710,5,2,1,1,3,163
201600030252,16,1,26,815,1,2,2,1,3,512
201600030253,16,1,26,945,1,2,1,1,6,650
201600030254,16,1,27,1830,5,2,1,2,6,512
201600030255,16,1,29,1350,1,2,1,1,6,512
201600030256,16,1,29,2110,5,2,1,1,6,650
201600030257,16,1,30,1230,1,2,2,2,6,512
201600030258,16,1,30,1440,1,2,1,8,6,646
201600030259,16,2,2,1245,1,2,1,1,1,163
201600030260,16,2,3,910,1,2,1,1,6,163
201600030261,16,2,5,1840,2,2,1,2,3,646
201600030262,16,2,6,2215,5,2,2,1,3,512
201600030263,16,2,9,1230,1,2,1,3,6,367
201600030264,16,2,10,1010,1,2,1,1,3,512
201600030265,16,2,11,1645,1,1,1,1,1,512
201600030266,16,2,13,1350,1,2,1,2,3,512
201600030267,16,2,15,930,1,2,1,1,2,646
201600030268,16,2,15,1620,1,2,2,1,6,512
201600030269,16,2,16,220,5,2,2,1,3,512
201600030270,16,2,21,245,5,2,1,2,6,512
201600030271,16,2,22,1625,1,2,1,2,6,512
201600030272,16,2,24,1145,1,1,1,1,6,163
201600030273,16,2,24,2000,5,2,3,1,3,163
201600030274,16,2,25,1030,1,2,3,7,6,367
201600030275,16,2,25,1340,1,2,1,1,3,646
201600030276,16,2,26,1200,1,2,6,1,3,367
201600030277,16,3,2,1320,1,1,1,1,3,299
201600030278,16,3,3,1910,2,2,1,1,1,650
201600030279,16,3,4,1355,1,2,2,1,3,512
201600030280,16,3,4,1712,1,2,2,1,6,512
201600030281,16,3,10,515,5,2,1,8,6,163
201600030282,16,3,11,1135,1,2,1,1,2,512
201600030283,16,3,12,1635,1,1,6,1,4,339
201600030284,16,3,13,1410,1,2,2,1,3,299
201600030285,16,3,14,2015,5,2,1,1,3,512
201600030286,16,3,15,1915,5,2,1,1,3,646
201600030287,16,3,16,1000,1,2,1,1,3,650
201600030288,16,3,18,945,1,2,2,1,3,650
201600030289,16,3,19,713,1,2,2,8,3,512
201600030290,16,3,20,1110,1,2,1,1,2,512
201600030291,16,3,21,500,5,2,2,1,5,512
201600030292,16,3,22,1720,1,2,1,1,6,299
201600030293,16,3,23,1815,1,2,3,1,6,646
201600030294,16,3,24,1645,1,2,1,1,6,512
201600030295,16,3,25,1150,1,2,1,1,6,512
201600030296,16,3,25,1955,5,2,1,1,6,512
201600030297,16,3,27,1300,1,2,1,1,1,512
201600030298,16,3,28,1955,1,2,2,1,3,512
201600030299,16,3,28,2120,5,1,1,1,6,512
201600030300,16,3,29,1930,1,2,1,1,6,650
201600030301,16,3,30,1430,1,2,3,1,6,512
201600030302,16,4,2,1940,2,2,1,2,3,650
201600030303,16,4,3,1745,1,2,1,1,2,650
201600030304,16,4,3,2035,5,2,1,1,6,512
201600030305,16,4,3,1640,1,2,2,1,1,512
201600030306,16,4,4,650,2,2,2,2,3,512
201600030307,16,4,5,2235,5,1,1,1,6,646
201600030308,16,4,6,745,1,2,1,1,6,512
201600030309,16,4,6,1750,1,2,2,1,3,512
201600030310,16,4,7,1840,1,2,1,1,3,512
201600030311,16,4,8,2215,5,2,1,1,3,650
201600030312,16,4,8,1140,1,2,1,1,1,512
201600030313,16,4,9,1430,1,2,1,1,6,512
201600030314,16,4,12,1100,1,1,2,1,6,339
201600030315,16,4,12,2025,1,2,1,1,2,650
201600030316,16,4,14,1145,1,2,1,1,6,512
201600030317,16,4,16,1030,1,2,1,1,6,339
201600030318,16,4,17,1320,1,2,2,1,3,512
201600030319,16,4,19,800,1,2,1,1,2,646
201600030320,16,4,26,1905,1,2,6,1,3,512
201600030321,16,4,28,1450,1,2,2,1,1,512
201600030322,16,4,30,1330,1,2,1,1,1,339
201600030323,16,4,30,1420,1,2,1,1,6,512
201600030324,16,5,1,1640,1,2,1,1,3,512
201600030325,16,5,2,120,5,2,2,1,2,512
201600030326,16,5,3,850,1,2,1,1,6,512
201600030327,16,5,7,1955,1,2,1,1,6,512
201600030328,16,5,8,2020,1,2,3,1,3,512
201600030329,16,5,10,1230,1,1,1,2,6,299
201600030330,16,5,11,1210,1,2,1,1,6,512
201600030331,16,5,13,2145,1,2,2,1,3,512
201600030332,16,5,15,1310,1,2,1,1,6,512
201600030333,16,5,19,940,1,2,1,1,3,512
201600030334,16,5,19,900,1,2,1,1,2,512
201600030335,16,5,19,1405,1,2,1,1,3,512
201600030336,16,5,20,825,1,2,1,2,6,512
201600030337,16,5,20,1730,1,2,2,1,6,512
201600030338,16,5,22,1440,1,2,2,2,3,512
201600030339,16,5,23,1055,1,2,1,1,3,512
201600030340,16,5,24,200,5,2,1,8,6,512
201600030341,16,5,24,1115,1,2,6,1,6,512
201600030342,16,5,26,905,1,2,3,1,3,512
201600030343,16,5,28,1200,1,2,1,1,3,512
201600030344,16,5,29,1815,1,2,2,3,3,512
201600030345,16,5,31,834,1,2,2,2,3,299
201600030346,16,6,6,830,1,2,1,1,6,512
201600030347,16,6,7,1615,1,2,1,2,6,512
201600030348,16,6,8,1310,1,2,3,1,6,512
201600030349,16,6,9,1400,1,2,3,1,6,512
201600030350,16,6,9,1830,1,2,1,1,6,512
201600030351,16,6,10,1800,1,2,1,1,3,512
201600030352,16,6,15,1210,1,2,2,1,1,512
201600030353,16,6,17,1700,1,2,1,2,3,339
201600030354,16,6,18,1000,1,2,3,1,3,646
201600030355,16,6,20,1340,1,2,1,3,6,512
201600030356,16,6,21,1640,1,1,1,1,6,646
201600030357,16,6,22,1145,1,2,6,1,2,650
201600030358,16,6,23,1040,1,2,2,1,3,512
201600030359,16,6,25,510,5,2,2,1,3,512
201600030360,16,6,23,1520,1,2,1,1,6,512
201600030361,16,6,4,35,5,2,1,9,2,512
201600030362,16,7,5,800,1,2,1,1,6,650
201600030363,16,7,8,1815,1,2,2,1,3,339
201600030364,16,7,8,2115,1,2,2,1,3,512
201600030365,16,7,9,1610,1,2,1,1,2,512
201600030366,16,7,10,1805,1,2,2,1,3,512
201600030367,16,7,12,900,1,2,2,1,3,512
201600030368,16,7,12,950,1,2,2,1,3,512
201600030369,16,7,9,530,1,2,2,1,3,650
201600030370,16,4,26,1415,1,2,3,1,3,512
201600030371,16,7,14,1300,1,1,2,1,3,512
201600030372,16,7,10,800,1,2,6,1,3,646
201600030373,16,7,14,1650,1,2,3,1,3,650
201600030374,16,7,9,1915,1,1,3,1,3,512
201600030375,16,6,23,2210,3,2,1,1,6,512
201600030376,16,7,17,2015,1,2,1,1,6,339
201600030377,16,7,20,1535,1,1,2,1,3,512
201600030378,16,7,20,1705,1,2,1,1,6,512
201600030379,16,7,20,1850,1,2,2,1,3,512
201600030380,16,7,22,905,1,2,1,1,6,512
201600030381,16,7,24,750,1,2,3,1,3,339
201600030382,16,7,19,2325,5,1,1,1,3,650
201600030383,16,7,25,1800,1,2,1,1,2,512
201600030384,16,7,26,730,1,2,3,1,3,650
201600030385,16,7,28,1245,1,2,2,1,6,512
201600030386,16,8,2,1320,1,2,3,2,2,512
201600030387,16,8,4,2220,5,2,1,1,5,512
201600030388,16,8,5,830,1,2,1,1,6,512
201600030389,16,8,5,1745,1,2,1,1,3,512
201600030390,16,8,6,1555,1,2,1,1,3,339
201600030391,16,8,10,2130,5,2,2,1,1,512
201600030392,16,8,11,1225,1,2,1,2,6,650
201600030393,16,8,16,1100,1,2,6,1,6,512
201600030394,16,8,19,2330,5,2,1,1,6,512
201600030395,16,8,24,1130,1,1,1,1,1,650
201600030396,16,8,23,1930,1,2,1,1,2,646
201600030397,16,8,30,1940,1,2,1,1,6,163
201600030398,16,8,31,835,1,2,1,1,6,512
201600030399,16,9,1,1600,1,2,3,1,6,163
201600030400,16,9,3,2005,1,2,2,1,3,512
201600030401,16,9,5,1420,1,2,2,1,6,512
201600030402,16,9,6,110,5,2,1,2,7,512
201600030403,16,9,6,510,3,2,1,1,3,650
201600030404,16,9,7,1400,1,2,1,1,2,512
201600030405,16,9,7,1430,1,2,1,1,6,367
201600030406,16,9,8,1520,1,2,9,1,3,650
201600030407,16,9,9,1700,1,2,1,1,1,650
201600030408,16,9,11,945,1,1,6,1,3,367
201600030409,16,9,15,1110,1,2,9,1,3,512
201600030410,16,9,17,1740,1,2,1,1,2,512
201600030411,16,9,18,1830,1,2,2,1,3,512
201600030412,16,9,12,1840,1,2,1,1,6,650
201600030413,16,9,21,1605,1,2,3,1,3,512
201600030414,16,9,22,2145,5,2,1,1,3,512
201600030415,16,9,23,1720,1,2,1,1,6,163
201600030416,16,9,23,2150,5,2,1,1,3,512
201600030417,16,9,24,1955,5,2,1,1,3,650
201600030418,16,9,29,1500,1,2,1,1,2,646
201600030419,16,9,29,1740,1,2,2,1,3,512
201600030420,16,9,30,415,5,2,1,1,6,512
201600030421,16,10,1,408,5,2,2,1,1,512
201600030422,16,10,2,2310,5,2,2,1,6,512
201600030423,16,10,3,1215,1,2,2,1,6,512
201600030424,16,10,4,810,1,2,1,1,6,512
201600030425,16,10,4,1830,1,2,2,1,3,650
201600030426,16,10,6,2245,5,1,1,1,3,299
201600030427,16,10,7,800,2,1,1,1,1,512
201600030428,16,10,12,920,1,2,1,1,3,512
201600030429,16,10,14,1230,1,2,1,1,3,646
201600030430,16,10,14,2300,5,2,2,3,3,512
201600030431,16,9,30,1300,1,1,1,1,6,650
201600030432,16,10,19,1820,2,2,2,3,2,646
201600030433,16,10,20,1820,2,2,1,1,2,367
201600030434,16,10,22,2350,5,2,1,1,6,512
201600030435,16,10,27,1045,1,2,2,1,1,367
201600030436,16,10,29,1700,1,1,1,1,3,512
201600030437,16,10,30,1345,1,2,6,1,3,512
201600030438,16,11,6,1540,1,2,1,1,6,650
201600030439,16,11,8,900,1,2,1,1,6,512
201600030440,16,11,8,1320,1,2,1,1,1,512
201600030441,16,11,8,1435,1,2,1,1,1,512
201600030442,16,11,8,2130,5,2,3,1,1,646
201600030443,16,11,18,1800,5,2,1,2,6,512
201600030444,16,11,19,1150,1,2,3,1,1,512
201600030445,16,11,19,1900,5,2,1,1,2,646
201600030446,16,11,20,1400,1,2,1,1,3,512
201600030447,16,11,23,730,2,2,9,3,6,646
201600030448,16,11,15,1630,1,2,1,1,6,332
201600030449,16,11,26,1740,2,2,2,9,6,512
201600030450,16,11,30,1810,4,2,2,1,6,646
201600030451,16,12,1,920,1,2,2,1,3,163
201600030452,16,12,6,720,1,2,1,1,1,650
201600030453,16,12,8,750,5,2,1,1,6,598
201600030454,16,11,27,730,5,2,1,1,6,512
201600030455,16,12,11,120,3,1,2,3,3,650
201600030456,16,11,30,1550,1,2,1,7,6,650
201600030457,16,12,14,1745,2,2,2,1,6,512
201600030458,16,12,15,540,5,2,1,1,6,646
201600030459,16,12,19,1820,5,2,8,1,6,512
201600030460,16,12,20,2005,5,1,1,1,6,512
201600030461,16,12,24,1130,1,2,2,1,3,512
201600030462,16,12,27,1845,3,1,1,1,6,646
201600030463,16,12,30,1650,2,2,1,5,6,512
201600030464,16,1,8,1710,2,1,2,1,1,284
201600030465,16,3,13,1510,1,1,1,1,7,526
201600030466,16,4,30,1810,1,2,2,1,3,526
201600030467,16,12,8,1400,1,2,1,1,6,526
201600030468,16,1,6,1240,1,2,1,1,6,599
201600030469,16,1,8,1425,1,2,2,1,3,279
201600030470,16,1,11,1405,1,2,3,2,2,599
201600030471,16,1,11,1820,5,2,2,2,6,599
201600030472,16,1,16,1515,1,2,1,1,2,152
201600030473,16,1,21,1400,1,2,1,1,6,599
201600030474,16,1,21,1600,1,2,1,7,6,599
201600030475,16,1,25,830,1,2,1,1,6,98
201600030476,16,1,25,755,1,2,1,1,3,90
201600030477,16,1,27,1815,2,2,1,2,4,599
201600030478,16,1,29,1850,1,2,1,8,3,599
201600030479,16,2,1,1230,1,1,1,1,3,599
201600030480,16,2,1,1815,2,2,2,2,1,599
201600030481,16,2,9,830,1,2,6,3,3,599
201600030482,16,2,11,800,1,1,1,1,1,152
201600030483,16,2,16,1045,1,1,1,1,6,599
201600030484,16,2,22,800,1,2,1,2,1,98
201600030485,16,2,22,1550,1,2,8,2,6,599
201600030486,16,2,24,1900,2,2,3,1,3,279
201600030487,16,2,25,1700,1,2,2,1,6,599
201600030488,16,3,16,2005,5,2,3,1,3,599
201600030489,16,3,19,1900,2,2,2,1,3,426
201600030490,16,3,27,935,1,2,1,1,6,90
201600030491,16,4,30,1630,1,1,1,1,6,352
201600030492,16,5,3,1045,1,2,1,1,3,90
201600030493,16,5,8,1545,1,2,1,1,3,599
201600030494,16,5,13,1300,1,2,1,1,6,599
201600030495,16,6,11,1930,1,2,1,1,1,279
201600030496,16,6,5,1530,1,2,1,1,6,599
201600030497,16,6,10,1930,1,2,1,1,6,599
201600030498,16,6,20,1840,1,2,1,2,6,599
201600030499,16,6,23,1630,1,2,1,1,6,599
201600030500,16,6,24,1420,1,2,1,1,1,599
201600030501,16,6,15,1615,1,2,1,1,6,599
201600030502,16,6,27,845,1,2,1,1,6,599
201600030503,16,7,1,1955,1,1,1,1,6,426
201600030504,16,7,5,2130,5,2,1,1,6,421
201600030505,16,7,10,1620,1,2,1,1,1,152
201600030506,16,7,6,2145,2,2,1,1,7,426
201600030507,16,7,10,1415,1,2,1,1,6,508
201600030508,16,7,26,615,4,1,6,1,1,98
201600030509,16,7,25,1840,1,2,1,1,6,599
201600030510,16,8,8,1640,1,2,1,1,6,279
201600030511,16,8,4,1610,1,1,1,1,3,98
201600030512,16,8,23,1425,1,2,1,1,3,599
201600030513,16,9,6,1100,1,2,2,1,6,599
201600030514,16,9,2,215,5,2,1,1,6,599
201600030515,16,9,15,1450,1,1,1,1,1,279
201600030516,16,9,20,2100,5,2,2,1,3,599
201600030517,16,9,22,1415,1,2,1,1,5,599
201600030518,16,10,3,2120,5,2,2,1,3,279
201600030519,16,9,20,2020,5,2,1,1,1,98
201600030520,16,10,6,1230,1,2,1,1,6,508
201600030521,16,10,29,630,1,2,1,1,6,279
201600030522,16,11,2,2010,5,2,2,1,3,599
201600030523,16,11,5,2320,1,2,2,1,1,599
201600030524,16,11,9,1950,5,2,1,2,6,599
201600030525,16,11,14,635,5,2,1,8,6,599
201600030526,16,11,15,1800,5,2,1,2,6,421
201600030527,16,11,22,1540,1,2,1,1,6,426
201600030528,16,11,22,910,1,2,2,1,1,599
201600030529,16,11,25,1210,1,2,2,1,6,152
201600030530,16,11,13,520,5,1,1,1,1,279
201600030531,16,12,3,910,1,2,1,5,6,421
201600030532,16,12,3,1645,1,2,1,1,6,98
201600030533,16,12,6,1720,1,1,1,1,5,90
201600030534,16,12,8,2000,5,2,3,1,3,599
201600030535,16,12,9,1210,1,2,1,1,6,599
201600030536,16,12,14,1820,1,1,1,1,6,279
201600030537,16,12,16,820,2,2,1,8,1,421
201600030538,16,12,19,1915,3,2,2,1,3,599
201600030539,16,12,19,1720,5,2,3,1,1,279
201600030540,16,10,14,2315,5,2,1,1,2,160
201600030541,16,10,9,2300,5,2,1,1,6,606
201600030542,16,10,14,1700,1,2,1,1,5,606
201600030543,16,1,9,1930,2,2,4,1,2,557
201600030544,16,10,10,1345,1,2,3,1,6,14
201600030545,16,1,14,850,1,2,1,4,6,606
201600030546,16,12,3,715,5,2,1,1,6,447
201600030547,16,1,14,1645,2,2,1,1,1,14
201600030548,16,1,14,1415,1,2,1,1,6,491
201600030549,16,11,30,1630,1,2,1,1,6,112
201600030550,16,2,5,1320,1,2,1,1,2,484
201600030551,16,2,20,2115,5,2,1,1,6,14
201600030552,16,1,6,1840,5,2,1,1,6,606
201600030553,16,1,1,110,5,2,3,2,6,606
201600030554,16,1,23,645,3,1,3,1,3,447
201600030555,16,1,6,1800,5,2,1,1,6,491
201600030556,16,1,19,600,5,2,3,1,1,459
201600030557,16,3,13,1650,1,2,3,1,1,491
201600030558,16,3,12,1600,1,1,1,1,2,447
201600030559,16,3,18,2000,5,2,1,1,3,491
201600030560,16,3,18,2115,5,1,3,1,3,606
201600030561,16,3,16,845,1,2,3,1,7,544
201600030562,16,2,24,1700,2,2,1,1,3,564
201600030563,16,2,15,1700,1,2,1,1,6,606
201600030564,16,2,15,1820,1,2,1,1,6,479
201600030565,16,3,22,800,1,1,1,1,6,544
201600030566,16,2,26,1800,2,2,9,1,6,14
201600030567,16,4,3,1230,1,2,3,1,2,369
201600030568,16,2,6,1600,1,2,1,1,3,491
201600030569,16,3,22,840,1,2,1,1,3,606
201600030570,16,2,6,350,5,2,3,1,6,544
201600030571,16,2,11,1345,1,2,1,8,5,79
201600030572,16,4,6,1845,2,2,1,1,3,491
201600030573,16,4,2,1840,2,2,1,1,3,447
201600030574,16,2,19,2000,5,2,2,1,3,447
201600030575,16,2,15,1700,1,2,1,1,6,447
201600030576,16,3,24,1415,1,2,3,1,3,606
201600030577,16,4,14,2345,5,2,1,1,6,491
201600030578,16,3,28,1840,1,2,1,1,7,544
201600030579,16,3,21,1430,1,2,1,1,6,606
201600030580,16,3,20,900,1,2,3,1,3,491
201600030581,16,5,17,1940,1,1,3,1,3,613
201600030582,16,5,19,1815,1,2,1,1,4,606
201600030583,16,4,19,1645,1,2,1,1,6,112
201600030584,16,4,21,1745,1,2,1,1,2,459
201600030585,16,4,16,2020,1,2,1,1,2,606
201600030586,16,4,16,600,1,2,3,1,3,79
201600030587,16,5,17,1720,1,2,1,1,6,606
201600030588,16,5,17,1120,1,2,2,1,3,544
201600030589,16,6,6,820,1,2,1,1,2,112
201600030590,16,6,6,830,1,2,1,1,3,484
201600030591,16,5,15,2025,2,2,1,1,6,14
201600030592,16,5,30,205,3,2,1,2,6,112
201600030593,16,5,31,2040,2,2,1,2,3,564
201600030594,16,5,8,1830,1,1,3,1,3,613
201600030595,16,5,9,1145,1,2,1,1,3,484
201600030596,16,5,4,1400,1,2,1,1,2,207
201600030597,16,5,7,920,1,2,1,1,6,14
201600030598,16,5,2,1850,1,2,1,1,6,475
201600030599,16,6,12,1535,1,2,3,1,3,112
201600030600,16,6,24,1820,1,2,1,1,6,606
201600030601,16,6,2,1755,1,2,1,1,6,447
201600030602,16,6,15,1345,1,2,6,1,6,606
201600030603,16,6,17,1915,1,2,6,1,6,606
201600030604,16,7,12,1530,1,2,3,1,6,112
201600030605,16,7,4,1950,1,2,3,1,3,606
201600030606,16,8,29,1930,1,2,1,1,3,491
201600030607,16,8,29,2130,2,2,6,1,3,606
201600030608,16,8,22,1400,1,2,1,1,3,112
201600030609,16,10,1,2330,5,2,1,1,6,557
201600030610,16,8,5,1500,1,1,1,1,1,383
201600030611,16,10,3,1030,1,2,4,1,1,557
201600030612,16,7,29,100,5,2,1,2,6,14
201600030613,16,8,25,2330,5,2,2,1,3,484
201600030614,16,9,2,1355,1,2,1,1,6,606
201600030615,16,9,22,1950,1,2,1,1,3,207
201600030616,16,8,16,630,5,2,1,1,6,112
201600030617,16,10,19,1100,1,2,1,1,6,606
201600030618,16,9,15,1730,1,2,1,1,6,383
201600030619,16,9,15,1800,1,2,1,1,2,383
201600030620,16,10,7,1310,1,2,1,1,1,32
201600030621,16,11,5,1915,3,1,1,1,5,479
201600030622,16,11,9,1830,5,2,1,2,6,14
201600030623,16,12,8,1755,5,2,1,1,3,447
201600030624,16,12,7,1700,2,2,1,1,6,32
201600030625,16,12,25,1555,1,2,2,1,3,544
201600030626,16,12,28,2305,3,1,1,9,6,32
201600030627,16,2,21,1445,1,2,1,1,6,177
201600030628,16,6,29,1830,1,2,1,1,6,112
201600030629,16,9,16,545,3,1,1,2,6,318
201600030630,16,10,2,1215,1,1,1,1,7,188
201600030631,16,10,4,2315,1,2,1,1,6,112
201600030632,16,10,18,1715,1,1,1,1,6,112
201600030633,16,10,22,30,5,2,1,1,1,112
201600030634,16,11,9,45,5,2,1,1,6,112
201600030635,16,12,1,2315,5,2,1,1,6,315
201600030636,16,12,9,900,1,2,6,7,6,112
201600030637,16,12,10,1700,5,2,3,1,3,112
201600030638,16,9,16,2045,5,2,6,1,2,156
201600030639,16,9,20,1745,1,2,9,1,2,315
201600030640,16,9,22,830,1,2,3,1,7,315
201600030641,16,9,24,1000,1,2,1,1,7,203
201600030642,16,10,1,1545,1,2,3,2,7,156
201600030643,16,10,8,30,5,2,1,1,7,43
201600030644,16,10,16,1245,1,2,4,1,1,260
201600030645,16,10,20,1915,1,1,4,1,1,156
201600030646,16,11,14,1000,1,2,1,8,7,343
201600030647,16,11,29,1830,3,1,6,1,2,156
201600030648,16,12,7,545,5,2,1,4,6,260
201600030649,16,12,15,915,1,2,1,5,7,156
201600030650,16,6,3,1900,1,1,3,1,3,117
201600030651,16,7,11,1530,1,2,7,1,1,40
201600030652,16,8,18,1700,1,1,1,1,1,52
201600030653,16,12,6,845,2,2,3,1,3,40
201600030654,16,5,5,1745,1,1,1,7,6,48
201600030655,16,1,21,1045,1,2,6,1,3,194
201600030656,16,3,2,30,3,1,1,2,6,282
201600030657,16,3,2,1845,2,1,1,2,6,185
201600030658,16,2,26,1500,1,2,1,1,6,194
201600030659,16,5,7,1115,1,1,6,1,2,194
201600030660,16,6,23,2045,1,1,3,1,3,194
201600030661,16,7,1,1100,1,1,6,1,7,194
201600030662,16,7,29,2345,3,1,1,5,7,282
201600030663,16,11,16,1745,4,2,1,1,6,194
201600030664,16,1,25,1815,3,2,1,1,6,67
201600030665,16,2,10,1015,1,1,1,1,3,67
201600030666,16,2,18,900,1,1,1,4,3,31
201600030667,16,2,19,2145,3,1,1,1,2,32
201600030668,16,8,8,1115,1,1,1,1,3,148
201600030669,16,8,28,315,3,1,1,1,2,262
201600030670,16,9,2,1500,1,1,1,1,1,150
201600030671,16,9,2,2045,4,1,1,1,1,150
201600030672,16,12,1,530,3,1,3,1,3,148
201600030673,16,12,12,1300,1,1,1,1,2,147
201600030674,16,12,16,1845,5,2,1,1,1,67
201600030675,16,10,10,1810,1,2,2,2,1,57
201600030676,16,10,10,1200,1,2,1,1,6,57
201600030677,16,4,23,1210,1,2,1,1,6,57
201600030678,16,1,16,1800,2,2,1,1,6,57
201600030679,16,2,3,1017,1,2,1,1,6,57
201600030680,16,2,5,810,1,2,1,1,6,57
201600030681,16,5,21,1355,1,2,1,1,6,57
201600030682,16,4,3,5,5,2,3,1,3,57
201600030683,16,4,19,1145,1,2,1,1,6,57
201600030684,16,7,26,1535,1,1,1,1,2,57
201600030685,16,7,6,925,1,2,9,1,6,57
201600030686,16,7,1,2155,5,1,1,1,6,57
201600030687,16,5,28,1500,1,1,3,1,3,357
201600030688,16,5,28,1700,1,2,6,1,3,103
201600030689,16,6,11,430,3,1,1,2,6,14
201600030690,16,7,14,1445,1,1,1,1,3,49
201600030691,16,8,17,1000,1,1,6,7,2,357
201600030692,16,10,13,2215,3,1,1,1,1,105
201600030693,16,11,4,1330,1,2,1,3,1,209
201600030694,16,11,20,100,3,1,1,6,6,190
201600030695,16,11,27,515,3,1,1,1,6,237
201600030696,16,1,31,1745,1,1,1,2,7,375
201600030697,16,4,8,1445,1,1,6,1,3,188
201600030698,16,5,14,1045,1,1,2,1,4,375
201600030699,16,5,18,1430,1,1,1,1,2,356
201600030700,16,6,5,1315,1,1,1,1,1,361
201600030701,16,8,7,1330,1,1,3,1,3,188
201600030702,16,8,22,1130,1,2,1,1,3,121
201600030703,16,9,8,530,3,1,1,1,6,361
201600030704,16,10,19,755,2,1,1,8,1,65
201600030705,16,12,10,1730,5,2,3,8,7,372
201600030706,16,1,15,710,3,1,1,9,7,665
201600030707,16,1,3,1805,3,2,1,3,3,665
201600030708,16,2,1,555,3,2,1,8,7,159
201600030709,16,2,3,930,1,2,1,8,6,382
201600030710,16,2,27,2320,4,2,1,1,6,159
201600030711,16,3,11,2000,5,2,1,1,6,382
201600030712,16,3,24,905,1,2,3,1,6,159
201600030713,16,3,27,1410,1,1,1,1,1,665
201600030714,16,4,9,545,3,2,2,1,3,159
201600030715,16,4,15,2000,1,2,3,1,6,159
201600030716,16,4,18,1730,1,2,2,1,5,159
201600030717,16,5,14,1300,1,2,1,1,6,159
201600030718,16,5,20,825,1,2,1,1,6,159
201600030719,16,5,24,1940,1,2,3,1,3,159
201600030720,16,6,6,1640,1,2,3,1,6,159
201600030721,16,7,24,1745,1,2,3,1,3,159
201600030722,16,7,26,1600,1,2,3,1,6,159
201600030723,16,7,27,430,3,2,6,1,3,159
201600030724,16,7,30,1830,1,2,1,1,6,159
201600030725,16,7,31,30,3,1,6,1,6,159
201600030726,16,8,5,1940,1,1,1,1,1,159
201600030727,16,8,13,1115,1,2,1,1,6,159
201600030728,16,9,7,2015,1,2,1,1,3,159
201600030729,16,10,1,1530,1,1,1,1,2,159
201600030730,16,10,2,320,3,1,1,1,6,159
201600030731,16,10,2,915,1,1,1,1,3,159
201600030732,16,10,17,1800,1,1,3,1,3,159
201600030733,16,10,11,1530,1,1,1,1,6,665
201600030734,16,10,18,1645,1,2,3,1,3,159
201600030735,16,10,14,2210,3,2,3,1,1,159
201600030736,16,11,27,1445,1,2,1,1,1,159
201600030737,16,11,11,2015,5,2,3,1,3,159
201600030738,16,12,14,1115,1,2,6,1,6,382
201600030739,16,12,27,2015,5,1,9,9,6,665
201600030740,16,2,14,1900,4,2,2,1,6,463
201600030741,16,3,4,2050,1,1,1,1,3,175
201600030742,16,3,4,1825,1,2,3,1,5,414
201600030743,16,2,22,1420,1,2,1,1,6,175
201600030744,16,3,7,2030,5,2,1,1,6,463
201600030745,16,3,17,1945,3,1,1,1,5,175
201600030746,16,3,20,1550,1,1,1,1,7,175
201600030747,16,3,11,1720,1,1,2,1,1,463
201600030748,16,4,4,440,3,1,1,2,3,684
201600030749,16,2,14,430,5,1,1,1,7,684
201600030750,16,5,1,1745,1,2,1,1,3,684
201600030751,16,5,27,1930,2,2,1,1,3,684
201600030752,16,6,6,1955,1,2,1,1,3,463
201600030753,16,6,10,1405,1,1,1,1,1,684
201600030754,16,7,8,5,5,2,6,1,6,175
201600030755,16,7,18,1610,1,1,1,1,4,175
201600030756,16,7,26,1350,1,2,1,1,6,175
201600030757,16,7,30,2340,5,2,2,1,3,414
201600030758,16,8,15,1940,1,2,1,1,6,463
201600030759,16,9,9,2040,3,2,1,1,6,175
201600030760,16,9,13,740,1,2,9,1,3,175
201600030761,16,9,19,1820,1,2,7,1,6,175
201600030762,16,9,23,1905,1,2,1,1,6,175
201600030763,16,9,29,1850,1,2,1,1,2,175