Num_Acc,an,mois,jour,hrmn,lum,agg,int,atm,col,com
201600030764,16,10,13,1720,1,2,1,2,6,175
201600030765,16,10,19,1555,1,2,2,1,3,463
201600030766,16,11,3,1215,1,1,1,1,1,414
201600030767,16,11,8,1830,1,2,3,1,6,414
201600030768,16,11,20,1839,3,2,3,3,3,414
201600030769,16,12,7,837,1,2,9,9,1,414
201600030770,16,5,11,930,1,1,1,3,2,142
201600030771,16,5,12,2130,3,1,1,1,2,43
201600030772,16,6,13,1900,1,1,1,2,1,142
201600030773,16,8,7,200,3,1,1,1,7,43
201600030774,16,8,28,930,1,1,1,1,7,43
201600030775,16,9,27,815,1,1,1,1,6,43
201600030776,16,7,26,1545,1,1,1,1,3,363
201600030777,16,8,25,2000,2,1,1,1,6,375
201600030778,16,11,2,1015,1,1,1,8,1,87
201600030779,16,12,1,2130,3,1,1,5,7,417
201600030780,16,1,17,500,3,1,1,1,7,511
201600030781,16,12,17,1930,3,1,1,5,1,390
201600030782,16,7,9,1215,1,1,1,1,2,116
201600030783,16,7,14,1900,1,1,1,3,3,93
201600030784,16,12,7,1630,1,1,1,7,4,116
201600030785,16,12,22,1545,1,1,1,1,7,186
201600030786,16,1,15,25,5,2,2,1,3,1
201600030787,16,1,16,335,5,2,2,9,6,397
201600030788,16,1,16,1930,5,2,2,1,6,1
201600030789,16,1,16,1445,1,2,2,1,3,117
201600030790,16,1,20,800,5,2,1,1,6,1
201600030791,16,1,20,1750,2,2,6,2,2,1
201600030792,16,1,27,755,3,1,3,1,2,111
201600030793,16,2,1,1500,1,2,7,1,6,1
201600030794,16,2,2,845,1,2,1,1,6,1
201600030795,16,3,4,2355,5,2,6,2,3,1
201600030796,16,3,8,1350,1,2,1,1,3,1
201600030797,16,3,10,1735,1,2,1,1,4,1
201600030798,16,3,12,1255,1,2,3,1,3,1
201600030799,16,3,15,1705,1,2,1,1,4,1
201600030800,16,3,29,2125,5,2,1,1,3,1
201600030801,16,4,29,1100,1,2,1,1,6,1
201600030802,16,5,4,1050,1,2,2,1,1,397
201600030803,16,5,12,2240,3,1,1,8,6,497
201600030804,16,5,24,2010,1,2,4,1,2,1
201600030805,16,5,28,1150,1,2,3,1,6,143
201600030806,16,6,14,1040,1,2,2,1,6,1
201600030807,16,6,25,1105,1,2,6,1,3,143
201600030808,16,7,2,1955,1,2,3,1,3,1
201600030809,16,6,24,1210,1,2,1,1,3,1
201600030810,16,7,8,1950,1,2,1,1,6,1
201600030811,16,7,15,1640,1,2,6,1,3,1
201600030812,16,7,28,1620,1,2,1,1,3,1
201600030813,16,8,3,1815,1,2,3,8,6,77
201600030814,16,8,9,1010,1,1,1,1,1,117
201600030815,16,8,12,950,1,2,2,7,6,1
201600030816,16,8,15,1104,1,2,6,1,3,397
201600030817,16,9,11,930,1,2,6,1,3,1
201600030818,16,10,21,2325,5,2,3,1,6,1
201600030819,16,11,17,2010,5,2,1,2,2,1
201600030820,16,12,3,1730,5,2,2,1,3,1
201600030821,16,12,7,935,1,1,1,1,6,1
201600030822,16,12,29,1630,1,2,1,7,6,1
201600030823,16,12,31,1250,1,2,3,8,6,1
201600030824,16,1,28,1845,1,2,3,1,4,6
201600030825,16,3,4,1550,1,1,1,1,6,6
201600030826,16,5,31,740,1,2,6,2,3,6
201600030827,16,6,22,1810,1,2,1,1,6,6
201600030828,16,7,7,1120,1,2,3,7,3,6
201600030829,16,9,10,1812,1,2,1,1,1,6
201600030830,16,10,5,1615,1,2,2,1,3,6
201600030831,16,10,17,1800,1,2,3,1,3,6
201600030832,16,9,27,1010,1,2,6,1,3,6
201600030833,16,11,16,2325,5,2,3,1,6,6
201600030834,16,7,26,1625,1,1,2,1,3,6
201600030835,16,11,29,1505,1,2,2,7,3,6
201600030836,16,11,30,1220,1,2,7,1,6,6
201600030837,16,12,1,900,1,2,3,1,6,6
201600030838,16,12,14,1745,5,2,6,1,6,6
201600030839,16,1,7,1600,1,2,1,1,1,218
201600030840,16,3,23,1615,1,2,2,1,3,169
201600030841,16,5,11,1804,1,1,1,3,1,11
201600030842,16,5,10,1953,1,2,2,3,3,169
201600030843,16,8,27,2325,5,2,1,1,7,218
201600030844,16,9,2,1540,1,2,6,1,3,169
201600030845,16,11,12,1728,2,2,2,2,3,169
201600030846,16,2,20,2045,3,2,1,1,6,391
201600030847,16,2,9,1545,1,1,1,6,1,316
201600030848,16,5,2,1945,1,1,1,1,6,150
201600030849,16,2,18,1100,1,1,3,2,3,361
201600030850,16,6,5,215,5,2,1,1,6,190
201600030851,16,6,22,1830,1,1,1,1,7,373
201600030852,16,10,8,1445,1,1,1,1,7,194
201600030853,16,12,15,1630,1,1,2,1,3,409
201600030854,16,4,8,1530,1,1,1,4,1,417
201600030855,16,5,1,830,1,1,1,1,2,808
201600030856,16,8,31,745,1,1,1,1,5,359
201600030857,16,6,17,700,2,2,3,2,3,373
201600030858,16,8,25,800,1,1,6,1,3,194
201600030859,16,10,15,1845,1,1,1,1,4,10
201600030860,16,12,4,1820,3,1,1,1,1,373
201600030861,16,7,23,1930,1,2,1,1,1,106
201600030862,16,10,7,1745,1,1,1,1,6,106
201600030863,16,1,7,1900,4,2,2,8,6,41
201600030864,16,12,30,1810,5,2,1,4,7,13
201600030865,16,1,19,2030,5,2,1,9,3,4
201600030866,16,1,17,610,3,1,1,1,6,753
201600030867,16,1,16,1825,5,2,3,1,3,744
201600030868,16,1,27,1700,2,1,1,2,6,753
201600030869,16,2,13,1040,1,2,1,2,6,41
201600030870,16,2,19,1030,1,2,3,1,3,41
201600030871,16,2,28,235,3,1,1,1,6,764
201600030872,16,2,28,500,5,2,1,1,6,744
201600030873,16,2,5,720,5,2,1,1,6,99
201600030874,16,3,11,335,5,2,1,1,6,41
201600030875,16,3,8,1630,1,2,1,1,2,41
201600030876,16,4,16,1055,1,2,1,3,3,263
201600030877,16,4,12,1005,1,2,1,1,7,41
201600030878,16,4,12,950,1,2,1,1,6,753
201600030879,16,4,22,1245,1,1,1,1,6,41
201600030880,16,5,7,1635,1,1,1,1,6,263
201600030881,16,5,14,1730,1,2,2,1,3,41
201600030882,16,5,14,1625,1,2,9,1,6,41
201600030883,16,5,24,1800,1,2,5,1,6,41
201600030884,16,5,16,2010,1,2,1,1,3,41
201600030885,16,5,13,2010,1,2,1,1,3,41
201600030886,16,4,3,1830,1,1,1,1,7,744
201600030887,16,6,11,1310,1,2,6,1,6,41
201600030888,16,6,25,2055,2,2,2,1,6,41
201600030889,16,6,19,1250,1,2,1,1,6,263
201600030890,16,6,6,1500,1,2,1,1,6,41
201600030891,16,6,28,2030,1,2,1,2,6,41
201600030892,16,7,21,900,1,2,1,1,6,41
201600030893,16,6,9,1400,1,2,1,1,3,41
201600030894,16,8,12,1430,1,2,2,1,3,41
201600030895,16,8,22,1855,1,2,1,7,6,263
201600030896,16,9,1,815,1,1,6,1,7,99
201600030897,16,6,10,1115,1,2,3,1,6,41
201600030898,16,9,24,1848,2,2,2,1,1,13
201600030899,16,10,5,1840,1,2,1,1,6,41
201600030900,16,10,7,1110,1,2,1,1,7,744
201600030901,16,10,20,2050,3,1,1,2,6,753
201600030902,16,10,6,1700,1,2,1,1,6,41
201600030903,16,10,12,1315,1,2,1,1,6,41
201600030904,16,11,13,1050,1,1,1,8,6,764
201600030905,16,11,23,1355,1,2,6,1,3,41
201600030906,16,12,1,1830,1,2,1,1,6,753
201600030907,16,9,8,1815,1,2,2,1,3,41
201600030908,16,12,29,950,1,2,1,5,2,13
201600030909,16,2,4,1920,3,1,1,2,6,516
201600030910,16,3,17,1510,1,1,1,1,3,516
201600030911,16,3,31,1340,1,2,1,1,6,217
201600030912,16,4,8,2015,1,2,1,1,3,48
201600030913,16,5,20,2215,5,2,3,1,3,48
201600030914,16,5,22,1045,1,2,2,2,3,217
201600030915,16,7,5,1755,1,1,1,1,1,516
201600030916,16,7,6,1740,1,2,2,1,3,48
201600030917,16,7,31,1545,1,2,1,1,6,217
201600030918,16,10,20,1134,1,2,1,1,6,217
201600030919,16,11,18,2115,5,2,1,2,3,516
201600030920,16,11,25,1720,2,2,1,1,3,48
201600030921,16,12,21,1905,5,2,1,2,6,188
201600030922,16,1,15,2305,5,2,1,1,7,65
201600030923,16,2,7,1500,1,2,1,8,6,724
201600030924,16,12,28,1250,1,2,1,9,6,65
201600030925,16,3,2,1915,5,2,1,4,6,570
201600030926,16,3,22,810,1,2,1,1,6,65
201600030927,16,7,22,2220,3,1,1,1,6,277
201600030928,16,7,27,1530,1,1,1,1,6,65
201600030929,16,8,19,1915,1,2,2,1,3,570
201600030930,16,8,25,900,1,2,6,1,3,724
201600030931,16,9,6,835,1,1,1,2,4,65
201600030932,16,11,17,840,1,2,3,8,3,570
201600030933,16,1,6,130,5,2,1,2,6,119
201600030934,16,1,6,1905,5,2,3,1,6,132
201600030935,16,1,10,1620,1,2,3,1,2,132
201600030936,16,2,13,1900,5,2,1,2,6,401
201600030937,16,1,11,1830,5,2,1,1,6,119
201600030938,16,1,30,400,5,2,1,2,6,34
201600030939,16,1,18,1530,1,2,1,1,3,480
201600030940,16,3,2,2005,3,1,1,8,1,846
201600030941,16,2,1,2055,3,2,1,1,6,119
201600030942,16,2,9,1600,1,2,6,8,3,119
201600030943,16,2,20,1545,1,2,1,3,6,126
201600030944,16,2,28,1800,1,2,6,1,6,848
201600030945,16,2,28,1500,1,2,1,1,6,51
201600030946,16,4,10,1700,1,2,1,1,1,132
201600030947,16,4,13,1655,1,2,6,1,3,51
201600030948,16,5,2,1740,1,2,1,1,3,119
201600030949,16,5,24,1230,1,2,1,1,6,119
201600030950,16,5,5,1500,1,1,1,1,4,126
201600030951,16,5,16,15,5,2,1,1,7,310
201600030952,16,6,20,1205,1,1,1,1,3,35
201600030953,16,6,14,1610,1,2,1,1,1,126
201600030954,16,6,18,1425,1,2,1,1,3,126
201600030955,16,6,26,130,5,2,3,1,3,119
201600030956,16,8,17,1550,1,2,1,1,6,126
201600030957,16,9,12,1725,1,2,1,1,6,276
201600030958,16,9,22,1800,1,2,6,1,3,119
201600030959,16,8,17,815,1,1,1,1,3,310
201600030960,16,9,24,530,5,2,1,1,6,119
201600030961,16,9,30,1210,1,2,9,1,6,119
201600030962,16,10,15,2035,3,1,1,1,7,863
201600030963,16,9,14,2235,5,2,1,1,1,35
201600030964,16,10,15,1135,1,2,1,1,3,200
201600030965,16,10,8,105,5,2,5,1,3,126
201600030966,16,10,5,845,1,2,1,7,7,119
201600030967,16,10,4,1320,1,1,2,1,3,350
201600030968,16,11,5,1045,1,2,1,1,1,119
201600030969,16,11,18,1740,3,2,1,1,6,863
201600030970,16,11,10,740,2,2,3,1,6,119
201600030971,16,11,17,1745,5,2,1,1,7,330
201600030972,16,11,21,1405,1,2,3,1,3,119
201600030973,16,1,27,1615,1,2,1,3,6,758
201600030974,16,2,10,1500,1,1,1,1,7,894
201600030975,16,2,25,1910,3,2,1,1,3,160
201600030976,16,2,28,2200,5,2,3,1,1,160
201600030977,16,3,27,2200,5,2,1,1,3,160
201600030978,16,4,1,150,5,2,1,1,7,160
201600030979,16,4,18,1200,1,2,1,1,6,160
201600030980,16,6,5,510,2,1,4,1,7,160
201600030981,16,5,31,1745,1,1,1,2,1,893
201600030982,16,7,7,2125,1,2,3,1,3,160
201600030983,16,6,21,1020,1,2,2,2,6,160
201600030984,16,7,16,410,5,2,1,1,1,160
201600030985,16,9,6,2145,5,2,4,1,3,160
201600030986,16,9,7,1140,1,1,3,1,3,643
201600030987,16,9,24,1800,1,1,8,1,6,758
201600030988,16,10,7,740,2,2,2,1,6,758
201600030989,16,11,12,1750,5,2,1,2,6,160
201600030990,16,11,20,1750,5,2,1,1,7,667
201600030991,16,12,15,1510,1,2,1,7,3,758
201600030992,16,12,17,1725,2,2,1,1,6,160
201600030993,16,12,22,1900,5,2,1,1,6,667
201600030994,16,12,22,1140,1,2,1,1,6,160
201600030995,16,3,30,1640,1,2,1,1,6,178
201600030996,16,4,16,2220,3,1,1,9,3,270
201600030997,16,4,30,2330,5,2,1,1,6,178
201600030998,16,5,18,1545,1,2,1,8,6,178
201600030999,16,5,18,1805,1,1,1,2,1,178
201600031000,16,6,6,2150,1,2,1,1,1,178
201600031001,16,6,24,1925,1,2,2,1,6,178
201600031002,16,7,10,2040,1,1,1,1,5,457
201600031003,16,7,12,1650,1,2,1,1,5,457
201600031004,16,7,22,130,5,2,1,1,6,178
201600031005,16,7,31,2050,1,2,1,1,6,178
201600031006,16,8,20,1625,1,2,1,2,3,270
201600031007,16,8,29,1645,1,2,2,1,3,457
201600031008,16,9,7,1855,1,2,1,1,6,178
201600031009,16,9,26,645,5,2,1,1,3,178
201600031010,16,10,2,410,3,1,1,1,1,457
201600031011,16,8,4,1855,1,1,9,1,5,457
201600031012,16,10,15,1130,1,1,3,1,3,270
201600031013,16,11,2,1315,1,1,1,1,7,445
201600031014,16,11,3,710,2,2,1,1,3,270
201600031015,16,12,14,1930,3,2,1,1,6,400
201600031016,16,12,27,750,2,2,1,1,6,193
201600031017,16,1,6,1550,1,2,7,1,6,193
201600031018,16,1,7,1750,5,2,1,1,6,193
201600031019,16,2,3,930,1,2,6,1,3,193
201600031020,16,1,23,2145,5,2,1,2,3,193
201600031021,16,2,9,745,2,2,1,3,6,193
201600031022,16,3,19,1840,1,1,1,2,4,193
201600031023,16,3,31,1920,2,2,1,1,3,193
201600031024,16,2,18,2015,5,2,3,1,3,193
201600031025,16,2,2,1755,5,2,1,1,6,193
201600031026,16,5,9,320,3,1,1,1,6,193
201600031027,16,3,5,10,5,2,9,1,6,244
201600031028,16,4,8,2215,5,2,1,1,6,193
201600031029,16,6,10,2315,4,2,2,1,6,193
201600031030,16,6,22,1355,1,2,2,1,3,193
201600031031,16,5,1,1150,1,2,2,1,3,193
201600031032,16,5,10,1630,1,2,2,1,1,193
201600031033,16,6,21,2115,1,2,1,1,6,548
201600031034,16,7,27,320,3,1,1,1,6,193
201600031035,16,7,24,1550,1,1,1,1,7,774
201600031036,16,7,12,205,3,1,1,1,6,193
201600031037,16,6,30,1700,1,1,9,1,3,193
201600031038,16,6,24,1145,1,1,1,1,1,193
201600031039,16,9,19,1600,1,2,6,1,6,193
201600031040,16,8,6,1905,1,1,1,1,2,774
201600031041,16,9,27,1830,1,2,1,1,6,193
201600031042,16,8,16,147,3,1,1,1,6,193
201600031043,16,8,16,2325,3,1,1,1,6,193
201600031044,16,9,16,510,3,1,1,1,6,193
201600031045,16,11,28,1545,1,2,6,7,6,193
201600031046,16,11,4,1550,1,2,1,3,6,193
201600031047,16,12,10,1600,1,2,1,1,6,193
201600031048,16,1,4,1630,1,2,1,1,6,250
201600031049,16,11,8,2100,5,2,1,1,1,771
201600031050,16,12,10,1225,1,1,1,1,6,573
201600031051,16,11,4,1745,5,2,1,1,6,19
201600031052,16,1,5,2115,5,2,3,1,3,628
201600031053,16,12,3,1550,1,2,1,1,6,510
201600031054,16,12,14,2110,2,2,1,1,2,895
201600031055,16,12,17,1530,1,2,2,8,3,510
201600031056,16,1,12,820,2,2,1,1,6,215
201600031057,16,11,28,900,1,2,1,1,6,413
201600031058,16,11,25,2110,5,1,2,1,3,249
201600031059,16,12,17,2205,5,1,6,1,6,427
201600031060,16,1,5,1720,2,2,3,1,3,587
201600031061,16,12,13,1200,1,2,1,1,2,510
201600031062,16,1,13,655,5,2,3,1,3,498
201600031063,16,1,13,1040,1,2,9,1,6,427
201600031064,16,2,10,730,2,2,3,1,3,637
201600031065,16,2,17,940,1,2,4,1,6,413
201600031066,16,12,10,2320,5,2,1,1,6,351
201600031067,16,2,8,1950,2,1,1,2,3,274
201600031068,16,11,29,900,1,2,1,7,6,907
201600031069,16,1,20,1330,1,2,1,1,7,510
201600031070,16,11,11,1900,3,2,1,1,6,215
201600031071,16,3,1,856,1,2,1,2,6,498
201600031072,16,11,22,1620,1,2,6,1,6,510
201600031073,16,12,10,1230,1,2,1,1,3,427
201600031074,16,1,8,1225,1,2,1,1,3,351
201600031075,16,1,21,910,1,2,1,1,1,133
201600031076,16,12,6,2100,5,2,3,1,6,895
201600031077,16,3,3,2130,3,1,1,1,7,250
201600031078,16,1,28,1725,1,2,1,1,6,427
201600031079,16,2,11,130,5,1,9,1,6,274
201600031080,16,2,2,930,1,2,1,1,6,510
201600031081,16,1,31,1930,5,2,1,1,1,895
201600031082,16,1,27,1610,1,2,1,1,6,510
201600031083,16,1,12,1500,1,2,1,1,3,186
201600031084,16,1,20,1430,1,2,1,1,6,510
201600031085,16,2,10,1850,2,2,1,1,6,510
201600031086,16,3,10,1740,1,2,3,1,2,907
201600031087,16,3,5,1030,1,2,3,1,6,250
201600031088,16,2,17,2030,5,2,2,1,3,427
201600031089,16,2,14,950,1,2,1,2,6,133
201600031090,16,2,8,2205,3,1,1,1,3,274
201600031091,16,2,11,2025,5,2,1,1,2,427
201600031092,16,2,24,1030,1,2,6,1,6,510
201600031093,16,2,15,1900,5,2,1,1,6,628
201600031094,16,3,14,1410,1,2,1,1,3,19
201600031095,16,3,10,1800,1,2,3,1,3,498
201600031096,16,4,7,1055,1,2,1,1,6,498
201600031097,16,3,22,1900,1,1,1,1,1,65
201600031098,16,4,9,1930,1,2,2,2,3,907
201600031099,16,3,16,1300,1,2,1,1,6,510
201600031100,16,4,1,1000,1,2,3,1,3,498
201600031101,16,1,16,2250,5,1,1,1,7,510
201600031102,16,1,17,1645,1,2,1,1,7,186
201600031103,16,3,24,1630,1,2,1,1,2,427
201600031104,16,3,9,750,1,1,2,1,3,413
201600031105,16,2,24,1115,1,2,1,1,3,427
201600031106,16,3,12,1510,1,1,9,1,3,427
201600031107,16,5,1,930,1,2,1,1,3,510
201600031108,16,5,1,2010,1,2,2,1,1,215
201600031109,16,2,2,1230,1,2,1,1,3,510
201600031110,16,2,17,1555,1,2,1,1,6,133
201600031111,16,2,19,1900,1,2,1,8,6,427
201600031112,16,3,2,1830,5,2,1,2,3,351
201600031113,16,3,19,1540,1,2,1,1,3,249
201600031114,16,4,3,1010,1,2,3,1,3,563
201600031115,16,2,22,1700,1,2,3,2,3,637
201600031116,16,4,9,1800,1,2,3,1,3,33
201600031117,16,2,26,1545,1,2,1,1,3,528
201600031118,16,5,5,10,5,2,1,1,6,510
201600031119,16,3,19,1740,1,2,1,1,3,842
201600031120,16,5,21,1930,1,2,3,1,3,250
201600031121,16,5,16,2135,5,2,1,1,6,895
201600031122,16,5,1,1445,1,2,3,1,3,291
201600031123,16,3,25,2315,3,1,1,1,3,587
201600031124,16,5,10,820,1,2,2,1,3,637
201600031125,16,5,12,1250,1,2,1,1,3,528
201600031126,16,5,28,1200,1,1,1,1,3,510
201600031127,16,4,15,1600,1,2,1,1,3,386
201600031128,16,3,19,1520,1,2,1,1,6,510
201600031129,16,4,25,945,1,2,1,1,5,215
201600031130,16,4,16,1650,1,1,3,1,3,510
201600031131,16,5,7,1730,1,2,1,1,2,498
201600031132,16,5,8,1330,1,2,1,1,6,895
201600031133,16,5,13,1715,1,1,1,1,1,274
201600031134,16,6,11,1800,1,2,1,1,1,215
201600031135,16,5,16,1320,1,2,6,1,6,19
201600031136,16,6,22,1850,1,2,1,1,3,215
201600031137,16,7,1,1925,1,1,1,1,1,427
201600031138,16,6,27,620,1,2,2,1,3,498
201600031139,16,5,24,1830,1,2,3,1,3,498
201600031140,16,6,17,1950,1,2,1,2,1,427
201600031141,16,6,24,1230,1,2,1,1,6,427
201600031142,16,6,27,1740,1,2,1,1,6,498
201600031143,16,6,30,945,1,2,2,2,3,771
201600031144,16,7,25,2330,5,2,2,1,6,563
201600031145,16,6,26,2150,1,2,1,1,6,427
201600031146,16,7,3,1520,1,1,1,1,3,427
201600031147,16,7,23,1715,1,2,1,1,6,497
201600031148,16,7,2,2045,1,1,3,1,3,215
201600031149,16,7,4,1600,1,2,1,1,3,637
201600031150,16,7,22,1600,1,2,9,1,3,573
201600031151,16,7,31,1600,1,2,1,1,6,510
201600031152,16,7,12,1545,1,2,1,1,7,498
201600031153,16,8,11,1840,1,2,1,1,6,291
201600031154,16,7,23,2320,5,2,2,1,3,771
201600031155,16,7,29,1800,1,2,2,1,3,186
201600031156,16,7,16,1900,1,1,1,1,1,215
201600031157,16,8,16,1200,1,2,1,1,2,186
201600031158,16,8,5,2020,2,2,1,1,2,842
201600031159,16,7,25,1630,1,2,3,1,1,250
201600031160,16,6,19,1700,1,2,1,1,1,33
201600031161,16,8,1,1710,1,1,1,1,3,510
201600031162,16,8,10,920,1,2,1,1,6,427
201600031163,16,8,21,2300,5,2,1,1,1,427
201600031164,16,8,18,1630,1,2,1,1,6,498
201600031165,16,8,29,2000,1,2,1,1,1,32
201600031166,16,8,27,2230,1,2,1,1,3,464
201600031167,16,9,23,1955,1,2,1,1,3,19
201600031168,16,8,27,1405,1,2,2,1,3,628
201600031169,16,8,26,1450,1,2,1,1,6,186
201600031170,16,8,29,1530,1,2,2,1,3,386
201600031171,16,8,16,1955,1,2,1,1,6,133
201600031172,16,8,26,1025,1,2,4,1,3,427
201600031173,16,10,1,1715,1,2,2,8,1,498
201600031174,16,9,13,1205,1,2,1,1,3,510
201600031175,16,9,1,1900,1,2,1,1,6,895
201600031176,16,8,21,1215,1,2,3,1,3,413
201600031177,16,10,12,1212,1,2,1,1,6,510
201600031178,16,9,14,1200,1,1,1,1,2,528
201600031179,16,9,20,1850,1,2,1,1,2,498
201600031180,16,10,7,1910,2,2,2,1,2,413
201600031181,16,9,3,950,1,2,9,1,6,427
201600031182,16,10,13,1510,1,2,2,1,5,628
201600031183,16,9,4,1215,1,2,9,1,6,413
201600031184,16,9,11,555,2,2,2,1,3,427
201600031185,16,9,29,1735,1,2,3,1,3,19
201600031186,16,10,12,1100,1,2,3,2,3,528
201600031187,16,10,11,1650,1,2,1,1,6,587
201600031188,16,10,12,1105,1,2,1,2,3,351
201600031189,16,11,5,1230,1,2,6,1,3,427
201600031190,16,10,4,1750,1,2,1,1,6,250
201600031191,16,11,8,1930,5,2,9,1,3,498
201600031192,16,10,12,1000,1,2,2,2,3,498
201600031193,16,10,30,1000,1,2,6,1,2,510
201600031194,16,10,21,850,1,1,1,5,6,842
201600031195,16,11,1,15,5,2,2,1,1,498
201600031196,16,11,23,1535,1,2,3,1,6,498
201600031197,16,11,8,1320,1,2,1,1,3,510
201600031198,16,10,6,1725,1,2,1,1,7,523
201600031199,16,11,27,1515,1,2,2,1,3,842
201600031200,16,11,4,1725,2,1,1,2,3,510
201600031201,16,11,9,335,5,2,6,2,6,133
201600031202,16,11,24,1550,1,2,1,1,7,291
201600031203,16,9,23,2020,4,2,6,1,6,510
201600031204,16,9,27,830,1,2,1,1,1,215
201600031205,16,10,15,850,1,1,1,1,6,842
201600031206,16,11,15,730,1,1,1,1,6,427
201600031207,16,12,12,1730,2,2,3,2,3,427
201600031208,16,10,28,1630,1,2,1,1,6,186
201600031209,16,12,9,1730,3,1,2,8,3,479
201600031210,16,1,26,800,1,2,1,1,6,555
201600031211,16,2,19,1900,5,2,1,2,6,194
201600031212,16,2,22,1950,2,2,3,2,1,555
201600031213,16,4,3,1045,1,2,1,1,6,194
201600031214,16,4,15,1645,1,2,2,1,3,194
201600031215,16,8,27,1806,1,2,1,1,5,194
201600031216,16,9,8,1410,1,2,3,1,3,224
201600031217,16,9,28,1220,1,2,3,1,1,224
201600031218,16,10,23,340,5,2,1,1,6,489
201600031219,16,11,28,1850,5,2,3,1,3,194
201600031220,16,12,16,800,1,1,1,1,1,555
201600031221,16,3,17,820,1,2,6,1,6,83
201600031222,16,4,10,1600,1,2,1,7,6,737
201600031223,16,5,4,1840,1,2,2,1,3,737
201600031224,16,8,26,740,1,1,1,1,1,456
201600031225,16,10,14,1635,1,2,1,1,6,737
201600031226,16,11,18,1110,1,2,1,1,6,617
201600031227,16,11,28,1610,1,2,1,1,6,83
201600031228,16,8,27,1145,1,2,1,1,2,617
201600031229,16,12,18,1625,1,2,1,1,6,617
201600031230,16,5,15,1315,1,2,1,1,7,765
201600031231,16,5,24,2140,3,1,1,1,2,40
201600031232,16,6,17,1050,1,2,1,3,6,765
201600031233,16,6,14,1744,1,2,3,1,3,765
201600031234,16,12,17,1945,5,2,6,1,3,525
201600031235,16,1,30,2345,5,2,6,8,7,826
201600031236,16,2,8,800,2,2,2,2,3,826
201600031237,16,2,12,2220,5,2,1,1,6,826
201600031238,16,2,25,1805,1,2,1,1,3,826
201600031239,16,3,8,1150,1,2,1,1,6,826
201600031240,16,5,1,1510,1,2,6,1,7,826
201600031241,16,5,5,1800,1,2,2,1,3,826
201600031242,16,6,3,2315,5,2,2,1,3,826
201600031243,16,7,4,1240,1,2,1,1,6,261
201600031244,16,7,17,1640,1,2,2,1,3,826
201600031245,16,7,19,2128,2,2,1,1,1,826
201600031246,16,8,18,325,5,2,1,1,7,826
201600031247,16,9,9,1710,1,2,1,1,6,826
201600031248,16,9,9,1755,1,2,2,1,6,826
201600031249,16,10,2,835,1,2,1,1,6,826
201600031250,16,10,10,1425,1,2,2,8,3,826
201600031251,16,1,30,1900,1,1,1,1,6,113
201600031252,16,9,9,1730,1,2,1,1,6,113
201600031253,16,1,23,2045,5,2,1,9,3,113
201600031254,16,12,29,1815,5,2,1,1,6,113
201600031255,16,2,5,1900,5,2,6,1,3,113
201600031256,16,10,1,2215,5,2,9,1,3,113
201600031257,16,1,19,730,5,2,2,8,6,113
201600031258,16,10,3,1355,1,2,1,1,2,113
201600031259,16,3,1,1950,5,2,2,1,3,113
201600031260,16,11,1,600,5,2,1,1,6,75
201600031261,16,11,29,1100,1,2,1,1,6,113
201600031262,16,3,29,1145,1,2,9,1,3,113
201600031263,16,4,23,955,1,2,6,1,6,32
201600031264,16,10,4,2300,5,2,2,1,3,113
201600031265,16,4,23,1500,1,2,1,1,6,113
201600031266,16,5,17,1825,1,1,9,1,3,113
201600031267,16,10,6,1045,1,2,1,1,6,113
201600031268,16,5,20,1545,1,1,1,1,1,113
201600031269,16,5,6,2227,5,2,1,1,1,113
201600031270,16,5,27,110,5,2,2,1,3,113
201600031271,16,5,21,2045,1,2,1,1,6,113
201600031272,16,6,14,915,1,2,1,8,6,113
201600031273,16,6,30,900,1,2,4,1,6,113
201600031274,16,7,12,1905,1,2,1,1,6,113
201600031275,16,7,18,805,1,2,1,1,2,113
201600031276,16,6,2,1545,1,2,1,1,6,113
201600031277,16,7,28,1120,1,2,2,7,3,113
201600031278,16,8,7,515,5,1,1,1,2,113
201600031279,16,6,11,50,5,2,1,1,6,113
201600031280,16,6,22,528,5,2,2,1,3,113
201600031281,16,6,27,1535,1,2,1,1,6,113
201600031282,16,8,6,100,3,2,3,1,1,113
201600031283,16,8,27,1035,1,1,1,1,6,308
201600031284,16,10,18,1500,1,2,1,1,2,113
201600031285,16,2,1,746,5,2,1,1,6,113
201600031286,16,11,28,915,1,2,1,8,6,113
201600031287,16,9,13,1300,1,2,1,1,6,113
201600031288,16,11,21,1850,3,2,2,3,3,113
201600031289,16,12,5,1750,5,2,1,1,3,113
201600031290,16,12,16,820,1,2,2,1,1,14
201600031291,16,12,24,140,5,2,1,1,1,32
201600031292,16,1,23,2130,3,1,1,1,4,69
201600031293,16,2,3,1915,2,2,2,1,2,193
201600031294,16,2,26,1645,1,2,6,1,6,124
201600031295,16,4,5,1830,2,2,6,1,6,193
201600031296,16,4,26,1740,1,2,2,1,7,124
201600031297,16,6,14,1525,1,2,2,1,2,124
201600031298,16,6,4,1425,1,2,1,1,6,124
201600031299,16,7,23,1920,1,2,3,1,2,124
201600031300,16,7,1,1715,1,1,2,1,3,193
201600031301,16,11,5,1640,1,1,1,3,3,193