Num_Acc,an,mois,jour,hrmn,lum,agg,int,atm,col,com
201600031302,16,11,20,1155,1,2,1,1,3,193
201600031303,16,3,15,1200,1,2,3,1,3,63
201600031304,16,4,9,2120,5,2,2,1,6,63
201600031305,16,4,18,1930,1,2,3,1,3,63
201600031306,16,7,19,1850,1,1,9,1,2,63
201600031307,16,8,4,1515,1,2,1,3,6,19
201600031308,16,10,10,715,3,2,1,1,6,164
201600031309,16,10,13,1700,1,2,1,1,3,164
201600031310,16,11,21,1510,1,1,3,1,3,164
201600031311,16,1,29,1930,5,2,2,1,3,300
201600031312,16,3,3,845,1,1,3,2,5,245
201600031313,16,4,12,835,1,2,2,1,3,300
201600031314,16,5,4,2120,2,1,3,1,3,212
201600031315,16,5,3,1540,1,1,1,1,6,300
201600031316,16,6,29,1230,1,2,6,1,3,245
201600031317,16,7,27,1500,1,2,6,1,6,245
201600031318,16,8,3,1920,1,2,1,1,2,300
201600031319,16,10,16,805,1,1,1,1,1,300
201600031320,16,11,11,1900,3,1,1,1,5,300
201600031321,16,12,19,1835,5,2,1,2,1,103
201600031322,16,1,5,1550,1,2,6,2,7,102
201600031323,16,1,6,840,2,2,3,3,3,102
201600031324,16,1,6,1645,1,2,1,1,7,24
201600031325,16,1,6,1950,5,2,1,3,6,102
201600031326,16,1,8,905,1,2,1,1,6,102
201600031327,16,1,11,1015,1,2,1,1,6,102
201600031328,16,1,14,1635,1,2,1,3,7,24
201600031329,16,1,16,305,5,2,1,3,7,102
201600031330,16,1,20,2145,5,2,1,1,2,102
201600031331,16,1,25,1730,1,2,1,1,5,102
201600031332,16,1,28,1045,1,2,1,1,6,102
201600031333,16,2,7,235,5,2,1,3,7,102
201600031334,16,2,12,1420,1,2,1,3,4,102
201600031335,16,3,1,2200,5,2,1,1,7,24
201600031336,16,3,4,2220,5,2,1,3,7,102
201600031337,16,3,5,305,5,2,4,2,6,102
201600031338,16,3,17,1450,1,2,3,1,3,24
201600031339,16,3,25,935,1,2,3,8,3,102
201600031340,16,3,26,1830,1,2,1,1,7,102
201600031341,16,4,6,430,5,2,1,1,7,102
201600031342,16,4,6,750,1,2,1,1,7,24
201600031343,16,4,12,1800,1,2,1,8,6,102
201600031344,16,4,13,1805,1,2,1,1,7,102
201600031345,16,4,14,1450,1,2,6,8,3,102
201600031346,16,4,18,1220,1,2,1,1,3,140
201600031347,16,4,20,1720,1,2,1,2,6,102
201600031348,16,5,2,940,1,2,1,1,2,102
201600031349,16,5,2,1200,1,2,1,1,7,24
201600031350,16,5,2,1645,1,2,1,1,2,24
201600031351,16,5,2,2145,3,2,3,1,3,24
201600031352,16,5,7,1010,1,2,6,8,7,24
201600031353,16,5,7,2215,3,2,6,1,7,140
201600031354,16,5,8,920,1,2,1,8,2,24
201600031355,16,5,12,1645,1,2,6,1,2,24
201600031356,16,5,14,1625,1,2,1,1,1,140
201600031357,16,5,16,1955,1,2,1,1,3,24
201600031358,16,5,20,825,1,2,3,1,1,24
201600031359,16,5,23,1400,1,2,3,1,3,102
201600031360,16,5,24,900,1,2,1,8,6,102
201600031361,16,5,28,30,5,2,1,2,3,102
201600031362,16,5,28,1540,1,2,1,2,2,102
201600031363,16,6,4,200,5,2,1,1,7,24
201600031364,16,6,4,850,1,2,6,1,7,102
201600031365,16,6,19,135,5,2,1,1,6,102
201600031366,16,6,19,445,5,2,1,1,6,24
201600031367,16,6,21,1927,1,2,1,1,2,24
201600031368,16,6,21,1950,1,2,1,1,2,102
201600031369,16,6,30,915,1,2,6,1,2,102
201600031370,16,7,2,1305,1,2,6,1,7,102
201600031371,16,7,4,1726,1,2,1,1,3,102
201600031372,16,7,6,2000,1,2,3,1,7,24
201600031373,16,7,7,855,1,2,1,1,7,24
201600031374,16,7,9,2110,2,2,1,1,6,102
201600031375,16,7,13,1700,1,2,1,1,6,24
201600031376,16,7,13,1700,1,2,1,1,3,102
201600031377,16,7,14,450,2,2,1,1,1,24
201600031378,16,7,16,1900,1,2,3,1,2,102
201600031379,16,7,17,25,5,2,6,1,7,24
201600031380,16,7,18,1730,1,2,1,1,1,24
201600031381,16,7,18,2205,2,2,1,1,6,24
201600031382,16,7,19,1550,1,2,1,1,6,24
201600031383,16,7,26,1930,1,2,3,1,1,24
201600031384,16,7,28,1116,1,2,1,1,2,102
201600031385,16,7,28,1805,1,2,1,1,7,102
201600031386,16,7,28,1911,1,2,1,1,2,102
201600031387,16,7,31,2345,5,2,1,1,6,102
201600031388,16,8,1,1505,1,2,1,1,3,24
201600031389,16,8,1,2240,5,2,1,1,1,24
201600031390,16,8,2,1520,1,2,3,1,3,24
201600031391,16,8,3,745,1,2,6,1,3,24
201600031392,16,8,4,1137,1,2,1,1,3,24
201600031393,16,8,4,1710,1,1,1,1,3,24
201600031394,16,8,11,40,5,2,1,1,7,140
201600031395,16,8,12,2140,2,2,1,1,7,102
201600031396,16,8,23,945,1,2,3,1,3,24
201600031397,16,8,24,35,3,2,1,1,6,140
201600031398,16,8,25,2020,1,2,1,1,6,24
201600031399,16,8,26,1430,1,2,1,1,5,102
201600031400,16,8,29,1707,1,2,2,1,6,102
201600031401,16,9,2,1910,1,2,2,1,3,102
201600031402,16,9,3,1740,1,2,2,1,6,24
201600031403,16,9,6,1020,1,2,1,1,3,102
201600031404,16,9,6,1225,1,2,1,1,6,24
201600031405,16,9,12,1625,1,2,6,1,2,102
201600031406,16,9,16,200,5,2,1,2,6,24
201600031407,16,9,16,1515,1,2,6,2,7,102
201600031408,16,9,18,1450,1,2,1,1,6,24
201600031409,16,9,21,730,2,2,3,1,1,102
201600031410,16,9,21,1430,1,2,3,1,3,102
201600031411,16,9,30,1335,1,2,1,1,6,102
201600031412,16,10,10,2205,5,2,1,1,7,102
201600031413,16,10,12,1800,1,2,1,1,3,24
201600031414,16,10,15,1205,1,2,1,1,6,102
201600031415,16,10,17,1805,1,2,1,1,2,102
201600031416,16,10,18,715,2,2,1,1,3,102
201600031417,16,10,19,755,5,2,3,1,3,24
201600031418,16,10,30,245,5,2,1,1,6,102
201600031419,16,11,7,730,2,2,1,2,6,102
201600031420,16,11,8,1125,1,2,1,2,6,102
201600031421,16,11,11,1211,1,2,3,2,3,24
201600031422,16,11,14,1800,2,2,1,8,3,102
201600031423,16,11,21,1420,1,2,1,8,7,24
201600031424,16,12,2,1400,1,2,1,1,7,24
201600031425,16,12,2,1840,5,2,1,1,3,102
201600031426,16,12,3,1645,1,2,1,1,3,24
201600031427,16,12,6,1740,2,2,1,1,5,102
201600031428,16,12,7,1030,1,2,1,1,2,102
201600031429,16,12,14,400,5,2,1,1,7,24
201600031430,16,12,16,1155,1,2,1,1,5,102
201600031431,16,12,18,1550,1,2,3,1,3,102
201600031432,16,12,23,655,5,2,2,2,3,102
201600031433,16,12,29,1455,1,2,2,1,3,24
201600031434,16,1,23,1000,1,2,6,1,7,125
201600031435,16,2,21,1720,1,2,1,1,3,122
201600031436,16,2,27,2120,5,2,1,1,7,125
201600031437,16,3,3,1330,1,2,1,1,6,122
201600031438,16,3,19,1910,1,2,1,2,2,122
201600031439,16,3,25,800,1,2,1,1,6,122
201600031440,16,3,26,1805,1,2,1,1,2,125
201600031441,16,3,27,900,1,2,1,8,7,125
201600031442,16,3,27,1330,1,2,1,1,6,122
201600031443,16,4,2,2050,2,2,1,1,7,122
201600031444,16,5,1,100,5,2,1,1,6,122
201600031445,16,5,4,1550,1,2,1,1,6,122
201600031446,16,5,7,2035,1,2,1,1,6,122
201600031447,16,5,30,515,5,1,1,2,7,122
201600031448,16,6,1,1445,1,2,1,1,2,122
201600031449,16,6,2,1250,1,2,1,8,1,122
201600031450,16,6,3,1115,1,2,3,1,3,122
201600031451,16,6,4,1145,1,2,1,1,6,122
201600031452,16,6,9,1550,1,2,1,1,3,122
201600031453,16,6,11,910,1,2,1,1,6,122
201600031454,16,6,12,855,1,2,1,1,1,122
201600031455,16,6,14,1830,1,2,1,2,3,125
201600031456,16,6,18,1550,1,2,2,8,3,122
201600031457,16,6,24,1625,1,2,1,1,6,122
201600031458,16,6,29,1040,1,2,1,1,7,122
201600031459,16,7,2,2325,5,2,1,1,3,122
201600031460,16,7,3,500,5,2,1,1,6,122
201600031461,16,7,4,45,5,2,1,1,3,122
201600031462,16,7,5,15,5,2,1,2,7,122
201600031463,16,7,13,1735,1,2,1,1,1,125
201600031464,16,7,15,1744,1,2,1,1,6,122
201600031465,16,7,15,2030,1,2,1,1,3,122
201600031466,16,7,17,1250,1,2,3,1,3,122
201600031467,16,7,25,610,5,2,1,1,6,122
201600031468,16,7,27,1200,1,2,1,1,6,122
201600031469,16,7,28,1630,1,2,1,1,3,122
201600031470,16,7,29,1600,1,2,1,1,3,122
201600031471,16,7,30,1240,1,2,1,1,2,125
201600031472,16,7,30,1855,1,2,1,1,7,122
201600031473,16,8,6,1115,1,2,1,1,3,125
201600031474,16,8,12,2120,2,2,1,1,3,122
201600031475,16,8,13,1930,1,2,1,1,1,125
201600031476,16,8,17,20,5,2,1,1,3,122
201600031477,16,8,21,1915,1,2,1,1,1,125
201600031478,16,8,18,430,5,2,1,1,6,125
201600031479,16,8,19,1100,1,2,1,1,3,122
201600031480,16,8,26,1040,1,2,1,1,6,122
201600031481,16,9,3,1200,1,2,1,1,6,122
201600031482,16,9,4,207,4,2,1,1,6,122
201600031483,16,9,21,740,2,2,1,1,3,122
201600031484,16,9,24,1540,1,2,1,1,3,125
201600031485,16,9,30,1555,1,2,1,1,2,122
201600031486,16,10,4,1010,1,2,1,1,3,122
201600031487,16,10,8,1630,1,2,1,1,3,125
201600031488,16,10,13,2130,5,2,1,1,3,122
201600031489,16,10,22,525,5,2,1,1,6,122
201600031490,16,10,22,2040,3,2,1,1,7,122
201600031491,16,11,11,1005,1,2,1,3,3,125
201600031492,16,11,14,1650,1,2,1,1,6,122
201600031493,16,11,23,130,5,2,1,3,6,122
201600031494,16,12,23,1120,1,2,1,1,7,122
201600031495,16,12,27,35,3,2,1,5,7,125
201600031496,16,1,1,2130,5,2,1,1,3,129
201600031497,16,1,3,2009,5,2,1,1,3,132
201600031498,16,1,4,1929,5,2,1,2,4,445
201600031499,16,1,4,2005,5,2,2,2,3,445
201600031500,16,1,4,2025,5,2,1,2,2,445
201600031501,16,1,4,2135,5,2,6,2,2,445
201600031502,16,1,5,746,5,2,1,2,6,445
201600031503,16,1,5,1810,5,2,2,2,3,445
201600031504,16,1,8,757,2,2,3,1,6,445
201600031505,16,1,8,926,1,2,3,1,3,348
201600031506,16,1,8,1130,1,2,7,1,6,445
201600031507,16,1,8,1220,1,2,1,1,3,445
201600031508,16,1,9,1818,5,2,1,1,4,348
201600031509,16,1,12,1409,1,2,1,1,2,445
201600031510,16,1,12,1453,1,2,1,1,2,445
201600031511,16,1,13,725,2,2,8,1,3,284
201600031512,16,1,16,1935,5,2,1,1,1,445
201600031513,16,1,17,1145,1,2,6,1,2,348
201600031514,16,1,18,1155,1,2,5,1,3,445
201600031515,16,1,18,1950,5,2,1,2,6,445
201600031516,16,1,21,1055,1,2,1,1,2,445
201600031517,16,1,22,1915,5,2,1,1,3,335
201600031518,16,1,24,1425,1,2,2,1,3,445
201600031519,16,1,25,825,1,2,1,1,4,445
201600031520,16,1,25,1320,1,2,1,1,6,132
201600031521,16,1,26,1827,2,2,1,1,3,445
201600031522,16,1,31,1630,1,2,2,2,3,269
201600031523,16,1,31,2045,5,2,1,2,2,445
201600031524,16,2,1,1650,1,2,1,1,6,445
201600031525,16,2,3,1635,1,2,1,1,6,445
201600031526,16,2,4,615,5,2,1,1,1,445
201600031527,16,2,4,1805,2,2,1,1,2,445
201600031528,16,2,4,1923,5,2,6,1,3,445
201600031529,16,2,7,1905,5,2,1,1,3,445
201600031530,16,2,8,1250,1,2,1,1,3,445
201600031531,16,2,8,1530,1,2,2,1,3,335
201600031532,16,2,9,1455,1,2,1,3,3,445
201600031533,16,2,9,2000,5,2,1,2,2,129
201600031534,16,2,10,1230,1,2,1,8,6,445
201600031535,16,2,10,1448,1,2,1,2,2,348
201600031536,16,2,11,1833,2,2,1,2,6,445
201600031537,16,2,12,1405,1,2,1,2,2,348
201600031538,16,2,13,600,5,2,1,3,6,129
201600031539,16,2,14,1900,5,2,3,2,3,445
201600031540,16,2,15,1900,5,2,6,1,3,445
201600031541,16,2,18,15,5,2,2,1,6,445
201600031542,16,2,18,225,5,2,1,2,2,445
201600031543,16,2,18,1840,2,2,6,2,2,445
201600031544,16,2,20,2150,5,2,2,1,1,445
201600031545,16,2,23,1705,1,2,1,2,6,445
201600031546,16,2,24,630,2,2,6,1,2,445
201600031547,16,2,26,1740,1,2,1,1,3,445
201600031548,16,2,27,2140,5,2,6,2,3,445
201600031549,16,2,29,1340,1,2,1,1,6,445
201600031550,16,2,29,1910,5,2,1,1,2,348
201600031551,16,3,3,2150,5,2,1,2,6,445
201600031552,16,3,4,1630,1,2,1,2,6,284
201600031553,16,3,4,1905,5,2,2,3,6,445
201600031554,16,3,4,2115,4,2,1,2,4,269
201600031555,16,3,6,950,1,2,3,1,3,445
201600031556,16,3,7,1420,1,2,3,8,3,445
201600031557,16,3,7,1550,1,2,9,2,6,445
201600031558,16,3,7,1830,2,2,1,2,6,445
201600031559,16,3,10,1225,1,2,1,1,2,284
201600031560,16,3,10,1825,2,2,1,1,2,284
201600031561,16,3,11,1655,1,2,2,1,5,445
201600031562,16,3,12,1400,1,2,1,1,7,335
201600031563,16,3,12,1605,1,2,3,1,3,445
201600031564,16,3,14,2015,5,2,1,1,3,445
201600031565,16,3,15,1600,1,2,1,1,6,445
201600031566,16,3,17,750,1,2,3,1,1,445
201600031567,16,3,17,1450,1,2,1,1,2,445
201600031568,16,3,18,930,1,2,1,1,2,269
201600031569,16,3,21,740,1,2,1,1,3,445
201600031570,16,3,23,1820,1,2,1,1,2,445
201600031571,16,3,24,1645,1,2,1,1,6,445
201600031572,16,3,31,918,1,2,1,2,3,445
201600031573,16,4,1,1355,1,2,1,1,2,348
201600031574,16,4,2,1511,1,2,6,1,3,445
201600031575,16,4,5,2155,4,2,1,2,2,284
201600031576,16,4,6,1435,1,2,1,1,2,335
201600031577,16,4,7,2100,5,2,1,1,1,129
201600031578,16,4,8,1355,1,2,1,1,2,445
201600031579,16,4,10,1710,1,1,1,1,3,445
201600031580,16,4,11,950,1,2,1,1,3,335
201600031581,16,4,11,1740,1,2,1,1,1,348
201600031582,16,4,12,1537,1,2,1,1,6,445
201600031583,16,4,12,1740,1,2,1,1,6,445
201600031584,16,4,14,1515,1,2,1,1,2,348
201600031585,16,4,15,1712,1,2,1,1,5,445
201600031586,16,4,15,1900,1,1,1,1,1,348
201600031587,16,4,16,1430,1,2,2,1,1,348
201600031588,16,4,17,2130,1,2,1,1,1,445
201600031589,16,4,18,1405,1,2,1,1,3,284
201600031590,16,4,19,1735,1,2,1,1,1,269
201600031591,16,4,22,1750,1,2,1,1,4,269
201600031592,16,4,22,1930,1,2,1,1,3,445
201600031593,16,4,23,1745,1,2,1,2,2,445
201600031594,16,4,24,1045,1,2,6,1,3,445
201600031595,16,4,24,1725,1,1,1,1,6,335
201600031596,16,4,28,810,1,2,1,1,1,373
201600031597,16,5,2,1100,1,2,1,1,6,445
201600031598,16,5,4,1645,1,2,1,1,3,445
201600031599,16,5,4,1900,2,2,1,1,3,132
201600031600,16,5,6,1730,1,1,1,1,3,284
201600031601,16,5,7,2230,5,1,6,1,3,335
201600031602,16,5,10,816,1,1,1,1,6,445
201600031603,16,5,10,1035,1,2,1,1,2,132
201600031604,16,5,11,2100,1,2,1,1,3,445
201600031605,16,5,12,1045,1,2,1,1,2,445
201600031606,16,5,12,1045,1,2,1,1,6,445
201600031607,16,5,12,1819,1,1,1,1,3,335
201600031608,16,5,17,1710,1,2,1,1,3,445
201600031609,16,5,18,2055,5,2,3,1,3,445
201600031610,16,5,19,1610,1,2,2,1,3,445
201600031611,16,5,20,1235,1,2,1,1,2,445
201600031612,16,5,20,2230,5,2,3,1,3,445
201600031613,16,5,21,1350,1,2,1,1,3,445
201600031614,16,5,22,1810,2,2,3,2,1,348
201600031615,16,5,23,1350,1,2,6,2,3,445
201600031616,16,5,24,825,1,2,1,1,4,269
201600031617,16,5,24,1300,1,2,1,1,2,445
201600031618,16,5,27,1235,1,2,1,1,3,445
201600031619,16,5,27,1635,1,2,1,1,6,348
201600031620,16,5,28,1610,1,2,1,1,4,335
201600031621,16,5,30,1323,1,2,1,1,3,445
201600031622,16,5,31,1720,1,2,6,1,3,335
201600031623,16,6,1,825,1,2,1,1,1,269
201600031624,16,6,1,1400,1,2,1,1,3,445
201600031625,16,6,1,2210,5,2,3,1,6,445
201600031626,16,6,2,1720,1,1,1,1,2,335
201600031627,16,6,3,1600,1,2,6,1,2,348
201600031628,16,6,4,1453,1,2,6,1,1,445
201600031629,16,6,4,1625,1,1,1,1,4,335
201600031630,16,6,7,850,1,1,1,1,1,132
201600031631,16,6,8,1410,1,2,1,1,2,132
201600031632,16,6,10,1540,1,2,1,2,5,348
201600031633,16,6,11,1750,1,1,1,1,3,269
201600031634,16,6,14,1725,1,2,1,1,3,445
201600031635,16,6,16,818,1,2,1,1,1,445
201600031636,16,6,17,1300,1,1,1,1,3,348
201600031637,16,6,18,1305,1,2,1,8,3,445
201600031638,16,6,20,1210,1,2,1,1,1,445
201600031639,16,6,20,1758,1,2,1,1,6,445
201600031640,16,6,21,1414,1,2,1,1,6,445
201600031641,16,6,21,1842,1,2,1,1,3,373
201600031642,16,6,22,1140,1,2,1,1,6,445
201600031643,16,6,23,1640,1,2,1,1,3,335
201600031644,16,6,24,1450,1,2,1,1,3,129
201600031645,16,6,26,1345,1,2,1,1,2,348
201600031646,16,6,29,1925,1,1,1,1,1,269
201600031647,16,7,1,1135,1,2,6,1,3,445
201600031648,16,7,1,1745,1,2,1,1,2,348
201600031649,16,7,5,1645,1,2,1,1,6,445
201600031650,16,7,5,1806,1,2,1,1,5,129
201600031651,16,7,8,1610,1,2,1,1,6,445
201600031652,16,7,10,1815,1,2,1,1,6,445
201600031653,16,7,11,755,1,2,1,1,7,335
201600031654,16,5,25,950,1,2,2,1,6,132
201600031655,16,7,5,920,1,2,1,1,1,445
201600031656,16,7,11,1250,1,2,2,1,3,348
201600031657,16,7,16,1915,1,1,1,1,4,445
201600031658,16,7,21,615,2,2,3,1,3,445
201600031659,16,7,21,2145,2,2,1,1,6,284
201600031660,16,7,22,1720,1,1,1,1,2,129
201600031661,16,7,25,1510,1,2,1,1,1,445
201600031662,16,7,26,1345,1,2,2,1,5,129
201600031663,16,7,26,1651,1,2,1,1,3,445
201600031664,16,7,26,1755,1,2,1,1,1,445
201600031665,16,7,23,1325,1,2,1,1,6,445
201600031666,16,7,27,1900,1,2,1,1,3,129
201600031667,16,7,27,1950,1,2,1,1,3,348
201600031668,16,7,30,1115,1,2,1,1,4,335
201600031669,16,7,31,2235,5,2,1,1,2,445
201600031670,16,8,1,1415,1,2,1,1,6,445
201600031671,16,8,1,1800,1,2,1,1,3,335
201600031672,16,8,4,2240,5,2,1,2,2,445
201600031673,16,8,7,130,5,2,1,1,6,284
201600031674,16,8,8,1820,1,2,3,1,3,445
201600031675,16,8,9,745,1,2,1,2,6,445
201600031676,16,8,10,1010,1,2,3,1,6,445
201600031677,16,8,13,1200,1,2,1,1,4,445
201600031678,16,8,16,1650,1,2,3,1,3,445
201600031679,16,8,19,845,1,2,6,1,3,129
201600031680,16,8,19,2100,2,2,2,1,3,445
201600031681,16,8,21,125,5,2,1,1,3,445
201600031682,16,8,22,1544,1,2,2,1,1,129
201600031683,16,8,23,1815,1,2,2,1,3,348
201600031684,16,8,26,1940,1,2,3,1,3,348
201600031685,16,8,30,800,1,2,1,1,3,348
201600031686,16,8,31,1500,1,2,2,1,3,445
201600031687,16,9,1,1820,1,2,1,1,3,348
201600031688,16,9,2,955,1,1,2,1,3,269
201600031689,16,9,3,1755,1,2,2,1,3,445
201600031690,16,9,5,1151,1,2,1,1,6,284
201600031691,16,9,6,1200,1,2,1,1,6,445
201600031692,16,9,7,730,1,2,1,1,3,445
201600031693,16,9,10,2310,5,2,1,1,3,445
201600031694,16,9,13,1120,1,2,1,1,3,348
201600031695,16,9,14,1040,1,2,6,1,2,445
201600031696,16,9,14,1535,1,2,3,1,5,445
201600031697,16,9,15,1315,1,2,1,1,6,445
201600031698,16,9,15,1610,1,1,1,1,4,348
201600031699,16,9,20,1240,1,2,1,1,2,445
201600031700,16,9,21,905,1,2,6,1,3,445
201600031701,16,9,21,1345,1,2,1,1,6,445
201600031702,16,9,21,1630,1,2,1,1,5,348
201600031703,16,9,22,1015,1,2,1,1,6,445
201600031704,16,9,23,1921,1,2,3,1,3,445
201600031705,16,9,23,2000,1,1,1,1,3,335
201600031706,16,9,28,1230,1,2,6,1,1,237
201600031707,16,9,28,1110,1,1,3,1,6,445
201600031708,16,9,29,1615,1,2,3,1,3,445
201600031709,16,9,30,955,1,2,2,1,3,129
201600031710,16,9,30,1255,1,2,1,1,6,445
201600031711,16,10,5,1230,1,2,1,1,4,445
201600031712,16,10,7,240,5,2,1,1,2,445
201600031713,16,10,6,1636,1,2,2,1,3,129
201600031714,16,10,7,1510,1,2,1,1,2,445
201600031715,16,10,11,2043,5,1,3,1,3,445
201600031716,16,10,12,854,1,2,1,1,1,445
201600031717,16,10,12,1225,1,2,3,1,6,284
201600031718,16,10,12,1310,1,2,3,1,1,445
201600031719,16,10,12,2040,4,2,9,1,3,348
201600031720,16,10,15,1720,1,2,1,1,2,284
201600031721,16,10,14,842,1,2,1,1,6,445
201600031722,16,10,18,1250,1,1,1,1,2,284
201600031723,16,10,18,1913,2,2,1,1,3,335
201600031724,16,10,19,1255,1,2,3,1,3,335
201600031725,16,10,19,1503,1,1,1,1,2,445
201600031726,16,10,19,1535,1,2,1,1,2,445
201600031727,16,10,21,1435,1,2,1,1,2,445
201600031728,16,10,23,950,1,2,1,1,6,445
201600031729,16,10,26,1000,1,2,3,1,3,445
201600031730,16,10,27,1505,1,2,1,1,1,445
201600031731,16,10,27,1535,1,2,1,1,3,445
201600031732,16,10,30,1140,1,2,1,1,3,348
201600031733,16,10,31,1740,1,2,1,1,3,129
201600031734,16,10,31,1850,5,2,1,1,4,129
201600031735,16,11,2,1925,5,2,1,1,1,129
201600031736,16,11,4,1215,1,2,1,2,2,445
201600031737,16,11,5,610,5,2,2,3,3,132
201600031738,16,11,5,1250,1,2,3,3,3,445
201600031739,16,11,5,1825,5,2,1,3,2,445
201600031740,16,11,5,1853,4,1,1,3,1,284
201600031741,16,11,5,2015,5,2,9,1,1,445
201600031742,16,11,9,1250,1,2,1,1,1,129
201600031743,16,11,9,1355,1,2,1,2,3,445
201600031744,16,11,11,1203,1,2,1,1,3,445
201600031745,16,11,12,1800,2,1,1,1,2,269
201600031746,16,11,12,2003,5,2,2,2,3,445
201600031747,16,11,13,321,5,1,1,1,3,445
201600031748,16,11,14,1215,1,2,2,1,1,445
201600031749,16,11,14,1510,1,2,1,1,6,445
201600031750,16,11,15,740,5,2,1,1,3,445
201600031751,16,11,15,850,1,2,3,1,3,445
201600031752,16,11,16,1000,1,2,1,1,6,445
201600031753,16,11,17,2020,5,2,2,1,1,445
201600031754,16,11,18,1720,2,2,1,1,2,269
201600031755,16,11,19,1840,5,2,3,1,3,445
201600031756,16,11,21,755,1,1,2,1,3,348
201600031757,16,11,22,1910,4,2,1,3,6,445
201600031758,16,11,22,2039,5,2,2,2,3,445
201600031759,16,11,23,1910,1,2,1,3,6,445
201600031760,16,11,23,2000,5,2,1,2,2,335
201600031761,16,11,23,1130,1,2,1,1,3,445
201600031762,16,11,24,1933,5,2,2,1,1,445
201600031763,16,11,29,1440,1,2,2,1,3,445
201600031764,16,11,29,1735,1,2,1,1,3,445
201600031765,16,11,30,1245,1,2,1,1,5,348
201600031766,16,11,30,1650,1,2,1,1,2,129
201600031767,16,12,1,1010,1,2,1,1,2,445
201600031768,16,12,1,1700,1,1,1,1,2,269
201600031769,16,12,2,1550,1,2,3,1,3,445
201600031770,16,12,2,1613,1,2,1,1,2,445
201600031771,16,12,2,1710,1,2,1,7,2,445
201600031772,16,12,3,1635,1,2,1,1,2,445
201600031773,16,12,5,1805,5,2,2,1,6,445
201600031774,16,12,7,120,5,2,2,1,3,445
201600031775,16,12,7,1845,1,2,1,1,4,269
201600031776,16,12,8,750,2,1,1,1,3,129
201600031777,16,12,9,935,1,2,1,7,5,445
201600031778,16,12,9,1820,2,2,3,1,1,445
201600031779,16,12,11,1628,1,2,6,1,3,284
201600031780,16,12,12,1355,1,2,2,1,6,445
201600031781,16,12,13,913,1,2,1,1,3,445
201600031782,16,12,13,1435,1,2,1,7,3,335
201600031783,16,12,13,2025,5,2,1,1,2,445
201600031784,16,12,14,1625,1,2,1,1,2,284
201600031785,16,12,14,1806,2,2,1,1,3,445
201600031786,16,12,15,928,1,2,1,1,2,269
201600031787,16,12,17,1050,1,2,2,1,6,445
201600031788,16,12,18,1025,1,2,3,1,3,445
201600031789,16,12,19,1910,5,2,1,1,3,445
201600031790,16,12,21,1900,1,2,1,1,2,445
201600031791,16,12,21,2050,5,2,2,1,3,445
201600031792,16,12,22,900,1,2,1,1,3,445
201600031793,16,12,22,1230,1,1,1,1,4,129
201600031794,16,12,23,1635,1,2,2,2,3,445
201600031795,16,12,27,1649,2,2,1,1,3,445
201600031796,16,12,27,1953,5,2,1,1,6,445
201600031797,16,1,8,1030,1,2,1,1,2,545
201600031798,16,1,20,1030,1,1,1,1,1,260
201600031799,16,1,30,1930,5,2,1,1,1,483
201600031800,16,2,7,1,5,2,1,3,6,260
201600031801,16,2,11,816,2,2,1,2,6,260
201600031802,16,2,12,1355,1,1,1,1,2,545
201600031803,16,2,18,1349,1,2,1,3,4,249
201600031804,16,2,20,2200,5,1,2,1,3,545
201600031805,16,2,29,2130,5,1,1,1,1,260
201600031806,16,3,4,1625,1,2,1,1,2,260
201600031807,16,3,8,1620,1,1,1,1,3,483
201600031808,16,3,22,1750,1,2,1,1,3,545
201600031809,16,3,26,1305,1,2,1,1,1,260
201600031810,16,3,11,1400,1,1,1,8,7,483
201600031811,16,3,30,1214,1,2,1,1,3,260
201600031812,16,4,3,1205,1,2,1,1,3,483
201600031813,16,4,7,755,1,2,1,1,4,260
201600031814,16,4,20,1152,1,1,1,1,3,260
201600031815,16,4,24,1049,1,1,1,1,3,483
201600031816,16,4,25,1820,1,2,1,1,3,545
201600031817,16,4,28,1315,1,1,1,1,2,249
201600031818,16,4,28,1730,1,1,1,1,3,189
201600031819,16,4,29,920,1,1,1,1,2,189
201600031820,16,4,27,1025,1,2,1,8,6,260
201600031821,16,4,30,735,2,1,1,2,1,260
201600031822,16,5,6,1310,1,2,1,1,3,260
201600031823,16,5,7,1203,1,1,1,8,5,189
201600031824,16,5,7,1335,1,1,1,2,2,483
201600031825,16,5,10,1900,1,2,1,1,4,483
201600031826,16,5,20,1610,1,2,1,1,2,483
201600031827,16,5,21,1245,1,2,1,1,2,483
201600031828,16,5,23,1845,1,1,1,1,5,545
201600031829,16,5,27,1915,1,1,1,2,4,260
201600031830,16,5,28,1800,1,2,1,3,3,189
201600031831,16,5,28,2225,5,2,1,1,3,260
201600031832,16,5,29,2300,5,2,1,1,3,189
201600031833,16,6,7,830,1,2,1,1,1,483
201600031834,16,6,7,1255,1,2,1,1,6,483
201600031835,16,6,8,1345,1,2,1,1,4,545
201600031836,16,6,8,1730,1,2,1,1,6,260