Num_Acc,an,mois,jour,hrmn,lum,agg,int,atm,col,com
201600031837,16,6,8,1835,1,2,1,1,3,260
201600031838,16,6,9,840,1,1,1,1,3,260
201600031839,16,6,9,2225,3,1,1,1,6,545
201600031840,16,6,10,1530,1,1,1,8,1,260
201600031841,16,6,10,1730,1,1,1,2,3,483
201600031842,16,6,11,2220,5,1,1,1,1,189
201600031843,16,6,16,1040,1,2,1,1,6,483
201600031844,16,6,17,1030,1,2,1,1,6,483
201600031845,16,6,21,937,1,2,1,1,6,483
201600031846,16,6,25,2100,1,1,1,1,3,260
201600031847,16,6,28,825,1,1,1,1,2,545
201600031848,16,7,5,1700,1,2,1,1,3,483
201600031849,16,7,6,1210,1,2,3,1,1,260
201600031850,16,7,12,1530,1,1,1,1,1,483
201600031851,16,7,12,2110,1,2,1,1,1,260
201600031852,16,7,15,1930,1,2,1,1,1,260
201600031853,16,7,14,230,5,2,1,1,3,260
201600031854,16,7,17,1209,1,2,1,1,3,260
201600031855,16,7,23,1055,1,2,1,1,6,483
201600031856,16,7,25,1250,1,2,1,1,3,483
201600031857,16,7,26,1733,1,1,1,1,2,249
201600031858,16,7,27,2310,3,1,1,1,3,545
201600031859,16,7,31,1623,1,1,1,1,1,545
201600031860,16,7,31,1835,1,2,1,1,3,260
201600031861,16,8,1,1459,1,2,1,1,2,260
201600031862,16,8,4,25,5,1,1,1,1,249
201600031863,16,8,6,1820,1,2,1,1,1,483
201600031864,16,8,14,1920,1,2,1,1,6,260
201600031865,16,8,17,1725,1,2,1,1,2,249
201600031866,16,8,18,1125,1,2,1,1,2,189
201600031867,16,8,18,1030,1,2,1,1,4,189
201600031868,16,8,19,1035,1,2,1,1,6,260
201600031869,16,8,22,1145,1,1,1,1,3,483
201600031870,16,8,22,1145,1,2,1,1,3,260
201600031871,16,8,22,1920,1,2,1,1,6,260
201600031872,16,8,29,1435,1,2,1,1,6,483
201600031873,16,8,29,1745,1,2,1,1,2,260
201600031874,16,8,30,1115,1,1,1,1,3,483
201600031875,16,9,2,1234,1,2,1,1,5,483
201600031876,16,9,3,1350,1,2,1,1,2,483
201600031877,16,9,11,605,3,2,1,1,1,249
201600031878,16,9,21,114,5,2,1,1,2,249
201600031879,16,9,25,1045,1,1,1,1,1,545
201600031880,16,9,28,1850,2,1,1,1,1,545
201600031881,16,9,30,1000,1,2,1,1,2,260
201600031882,16,10,5,1300,1,1,1,1,1,483
201600031883,16,10,8,2140,5,2,1,1,5,483
201600031884,16,10,10,1710,1,2,1,1,6,483
201600031885,16,10,12,1250,1,2,1,1,1,189
201600031886,16,10,13,644,5,2,1,8,3,483
201600031887,16,10,13,1730,1,2,1,8,6,189
201600031888,16,10,14,1530,1,2,1,1,1,545
201600031889,16,10,22,1530,1,2,1,1,7,260
201600031890,16,10,23,1600,1,2,1,1,4,483
201600031891,16,10,25,1145,1,2,1,1,1,545
201600031892,16,11,14,810,1,2,1,1,2,545
201600031893,16,10,25,2020,5,2,1,1,3,483
201600031894,16,10,29,1920,1,1,1,1,2,483
201600031895,16,11,14,1505,1,2,1,1,6,260
201600031896,16,11,14,1735,1,2,1,1,3,483
201600031897,16,11,16,1450,1,2,1,1,2,483
201600031898,16,11,18,1300,1,2,1,8,7,545
201600031899,16,11,26,1516,1,2,1,1,3,483
201600031900,16,12,6,1134,1,2,1,1,1,483
201600031901,16,12,8,800,1,2,1,1,6,483
201600031902,16,12,10,2000,5,2,1,1,2,483
201600031903,16,12,13,1720,2,1,1,1,2,545
201600031904,16,12,13,2005,5,2,1,1,6,483
201600031905,16,12,15,1615,1,2,1,7,6,189
201600031906,16,12,21,1900,3,2,1,3,3,545
201600031907,16,12,24,1330,1,2,1,1,3,483
201600031908,16,1,5,810,4,2,1,1,6,286
201600031909,16,1,18,745,5,2,1,2,2,286
201600031910,16,1,18,948,1,2,1,3,6,286
201600031911,16,2,2,745,1,2,1,1,3,286
201600031912,16,2,12,1410,1,2,3,3,6,286
201600031913,16,3,5,1700,1,2,1,3,3,286
201600031914,16,3,7,1555,1,2,3,2,3,286
201600031915,16,3,7,1725,1,2,1,2,6,286
201600031916,16,3,11,1645,1,2,9,1,6,286
201600031917,16,5,9,1145,1,2,1,1,6,286
201600031918,16,5,11,745,2,1,1,1,1,2
201600031919,16,5,20,1710,1,2,1,1,6,286
201600031920,16,6,20,1500,1,2,1,1,2,286
201600031921,16,8,6,450,3,2,1,1,7,286
201600031922,16,8,22,2145,5,1,3,1,1,286
201600031923,16,8,19,800,1,1,3,1,6,286
201600031924,16,9,6,1745,1,2,1,1,6,286
201600031925,16,9,17,1155,1,2,1,1,2,286
201600031926,16,9,22,1415,1,2,1,1,6,286
201600031927,16,9,29,1210,1,2,3,1,3,286
201600031928,16,10,13,1955,5,2,1,2,6,286
201600031929,16,10,27,1605,1,2,1,1,6,286
201600031930,16,11,8,1532,1,2,4,2,6,286
201600031931,16,1,4,1140,1,2,6,1,3,417
201600031932,16,1,12,810,5,2,2,2,3,440
201600031933,16,1,27,1125,1,2,1,1,5,47
201600031934,16,1,31,1925,2,2,1,2,1,440
201600031935,16,2,10,1350,1,2,6,2,3,47
201600031936,16,2,19,1625,1,2,1,1,6,100
201600031937,16,2,20,1900,1,2,3,1,6,440
201600031938,16,2,29,1715,1,2,1,1,6,440
201600031939,16,3,10,830,1,2,2,1,3,440
201600031940,16,3,19,1455,1,2,1,1,3,417
201600031941,16,3,24,2120,5,2,2,1,1,440
201600031942,16,3,29,1800,1,2,1,1,2,47
201600031943,16,3,29,1850,1,2,3,1,3,440
201600031944,16,4,16,1715,1,2,1,2,6,440
201600031945,16,4,19,740,1,2,1,1,3,417
201600031946,16,5,6,1815,1,2,1,1,2,331
201600031947,16,5,24,1930,1,2,1,1,6,417
201600031948,16,5,29,150,5,2,3,1,7,433
201600031949,16,6,4,1350,1,2,1,1,6,440
201600031950,16,6,7,2150,2,2,1,1,3,47
201600031951,16,6,21,2010,1,2,2,1,3,417
201600031952,16,6,22,910,1,2,1,1,2,417
201600031953,16,6,27,2130,1,2,1,1,2,440
201600031954,16,7,3,2330,5,2,1,1,4,440
201600031955,16,7,8,1615,1,1,3,1,3,226
201600031956,16,7,11,910,1,2,3,1,3,440
201600031957,16,7,29,100,3,2,1,1,6,440
201600031958,16,7,30,1745,1,1,1,1,2,226
201600031959,16,8,10,940,1,2,1,1,6,440
201600031960,16,8,13,2100,2,2,2,1,3,100
201600031961,16,8,23,1800,1,2,6,1,3,440
201600031962,16,9,9,2140,5,2,1,1,5,440
201600031963,16,9,12,45,5,2,2,1,3,440
201600031964,16,9,12,1135,1,2,1,1,6,440
201600031965,16,9,18,1055,1,1,1,1,5,417
201600031966,16,9,30,1845,1,2,3,1,3,440
201600031967,16,10,6,1835,1,2,1,1,6,417
201600031968,16,10,7,1641,1,2,1,1,3,440
201600031969,16,10,17,803,1,2,1,1,1,440
201600031970,16,10,17,1219,1,2,1,1,1,417
201600031971,16,10,18,1205,1,2,2,1,3,440
201600031972,16,10,31,1440,1,2,1,1,6,440
201600031973,16,10,31,1425,1,2,1,1,6,440
201600031974,16,11,3,1425,1,2,1,1,6,440
201600031975,16,11,26,15,5,2,1,1,2,440
201600031976,16,12,1,1350,1,2,1,1,6,440
201600031977,16,12,1,1520,1,2,1,1,3,440
201600031978,16,12,5,1530,1,2,1,1,6,440
201600031979,16,12,13,1915,5,2,1,1,6,440
201600031980,16,12,14,1300,1,1,1,1,3,433
201600031981,16,12,15,1200,1,2,1,1,6,440
201600031982,16,12,15,2135,5,2,2,1,3,440
201600031983,16,12,26,1635,1,2,3,1,3,47
201600031984,16,6,12,1945,1,1,1,1,3,79
201600031985,16,6,27,1845,1,1,1,1,6,181
201600031986,16,9,17,1915,1,1,1,8,6,61
201600031987,16,9,28,915,1,1,1,1,2,123
201600031988,16,10,28,700,5,2,1,5,3,202
201600031989,16,1,6,743,2,2,1,1,6,136
201600031990,16,1,6,825,1,2,2,1,3,136
201600031991,16,1,7,1700,1,1,1,1,3,136
201600031992,16,1,8,1520,1,2,1,1,6,136
201600031993,16,1,9,1629,1,2,2,1,3,136
201600031994,16,1,14,844,1,2,2,1,3,136
201600031995,16,1,19,1205,1,2,1,2,6,136
201600031996,16,1,20,415,3,1,1,1,7,136
201600031997,16,1,20,1900,5,2,1,1,3,136
201600031998,16,1,22,1700,1,1,1,1,3,136
201600031999,16,1,22,943,1,1,1,1,1,136
201600032000,16,1,29,2040,5,2,2,1,3,136
201600032001,16,2,2,1320,1,1,1,1,6,136
201600032002,16,2,3,20,5,2,1,1,3,136
201600032003,16,2,4,920,1,2,6,1,3,136
201600032004,16,2,4,1610,1,2,2,1,6,136
201600032005,16,2,9,800,1,1,1,1,6,136
201600032006,16,2,10,2150,5,2,1,1,6,136
201600032007,16,2,18,1040,1,1,1,1,6,136
201600032008,16,2,14,1910,5,1,1,3,6,136
201600032009,16,2,18,1815,1,1,1,1,3,136
201600032010,16,2,22,1820,1,2,2,1,3,136
201600032011,16,2,23,1827,1,2,1,1,6,136
201600032012,16,2,26,415,3,1,1,1,2,136
201600032013,16,3,1,1130,1,2,1,1,6,136
201600032014,16,3,7,930,1,2,1,1,2,136
201600032015,16,3,3,2250,5,2,1,1,3,136
201600032016,16,3,11,1243,1,2,1,1,3,136
201600032017,16,3,12,1000,1,2,1,1,3,136
201600032018,16,3,14,935,1,1,1,1,2,136
201600032019,16,3,15,1400,1,2,1,1,6,136
201600032020,16,3,16,1400,1,2,1,1,6,136
201600032021,16,3,20,645,2,1,1,1,2,136
201600032022,16,3,21,1620,1,2,1,1,6,136
201600032023,16,3,24,320,5,2,1,1,7,136
201600032024,16,3,26,158,3,1,1,1,7,136
201600032025,16,3,26,2100,3,2,1,1,7,136
201600032026,16,4,6,920,1,2,1,1,6,136
201600032027,16,4,8,900,1,2,1,1,6,136
201600032028,16,4,7,1730,1,2,1,1,6,136
201600032029,16,4,8,1535,1,1,1,1,5,136
201600032030,16,4,10,1932,1,2,1,1,6,136
201600032031,16,4,14,826,1,1,6,1,3,136
201600032032,16,4,15,1705,1,2,1,1,3,136
201600032033,16,4,25,1630,1,2,1,1,6,136
201600032034,16,4,28,1200,1,2,1,1,6,136
201600032035,16,4,28,1445,1,2,1,1,6,136
201600032036,16,5,4,1455,1,2,1,1,3,136
201600032037,16,5,7,1411,1,2,1,1,3,136
201600032038,16,5,8,1435,1,1,1,1,1,136
201600032039,16,5,10,1715,1,2,1,2,6,136
201600032040,16,5,10,1650,1,2,1,2,6,136
201600032041,16,5,14,1900,1,2,1,1,3,136
201600032042,16,5,18,1530,1,1,1,1,3,136
201600032043,16,5,23,840,1,2,1,1,1,136
201600032044,16,5,25,1710,1,1,1,1,1,136
201600032045,16,5,25,955,1,2,1,1,6,136
201600032046,16,5,26,1400,1,2,1,1,6,136
201600032047,16,6,1,944,1,2,3,1,3,136
201600032048,16,6,1,1150,1,2,1,1,6,136
201600032049,16,6,8,950,1,1,1,1,2,136
201600032050,16,6,8,1100,1,2,1,1,6,136
201600032051,16,6,8,1400,1,1,1,1,4,136
201600032052,16,6,8,2000,1,1,1,1,6,136
201600032053,16,6,14,840,1,2,2,1,6,136
201600032054,16,6,15,2200,5,2,2,1,3,136
201600032055,16,6,18,1300,1,2,1,1,3,136
201600032056,16,6,18,2030,2,2,1,1,2,136
201600032057,16,6,18,2350,5,2,2,1,3,136
201600032058,16,6,20,1545,1,2,1,1,2,136
201600032059,16,6,25,1130,1,1,1,1,2,136
201600032060,16,6,25,1715,1,2,1,1,2,136
201600032061,16,6,28,1700,1,2,2,1,3,136
201600032062,16,6,29,1135,1,1,1,1,3,136
201600032063,16,6,30,930,1,2,1,1,6,136
201600032064,16,7,12,1715,1,2,1,1,6,136
201600032065,16,7,20,830,1,2,1,1,2,136
201600032066,16,7,25,1800,1,1,1,1,2,136
201600032067,16,7,26,1700,1,2,1,1,3,136
201600032068,16,8,4,1630,1,2,1,1,6,136
201600032069,16,8,5,1915,1,2,1,1,6,136
201600032070,16,8,6,2033,2,2,1,1,2,136
201600032071,16,8,10,1645,1,1,1,1,5,136
201600032072,16,8,16,1640,1,2,1,1,6,136
201600032073,16,8,16,1715,1,1,1,1,2,136
201600032074,16,8,19,525,3,1,1,1,2,136
201600032075,16,8,23,735,1,1,1,1,7,136
201600032076,16,8,25,1250,1,1,1,1,2,136
201600032077,16,8,27,2110,5,2,1,1,3,136
201600032078,16,8,29,1715,1,2,1,1,3,136
201600032079,16,9,2,1915,1,2,1,1,6,136
201600032080,16,9,6,845,1,2,1,1,6,136
201600032081,16,9,8,1018,1,2,1,1,6,136
201600032082,16,9,11,820,1,2,1,1,6,136
201600032083,16,9,11,2100,5,2,1,1,6,136
201600032084,16,9,11,2245,3,1,1,1,2,136
201600032085,16,9,12,940,1,2,1,1,6,136
201600032086,16,9,13,1815,1,2,1,1,6,136
201600032087,16,9,14,1510,1,1,1,1,6,136
201600032088,16,9,15,1830,1,1,1,1,6,136
201600032089,16,9,19,1115,1,2,1,1,3,136
201600032090,16,9,20,1200,1,2,1,1,6,136
201600032091,16,9,24,2248,5,2,1,1,6,136
201600032092,16,9,25,1910,2,2,1,1,2,136
201600032093,16,9,25,1340,1,2,2,1,3,136
201600032094,16,9,29,1630,1,2,1,1,6,136
201600032095,16,9,30,1150,1,2,1,1,6,136
201600032096,16,9,30,1740,1,2,1,1,6,136
201600032097,16,10,5,1229,1,2,1,1,3,136
201600032098,16,10,7,1440,1,2,2,1,6,136
201600032099,16,10,7,1500,1,2,1,1,6,136
201600032100,16,10,10,1700,1,1,1,1,6,136
201600032101,16,10,11,1700,1,2,1,1,2,136
201600032102,16,10,12,1810,1,2,2,1,3,136
201600032103,16,10,15,1520,1,1,1,1,6,136
201600032104,16,10,19,1946,1,2,1,1,3,136
201600032105,16,10,21,754,1,2,1,1,3,136
201600032106,16,10,19,1845,1,2,1,1,6,136
201600032107,16,10,25,1747,1,2,2,1,3,136
201600032108,16,10,26,1900,2,2,1,1,3,136
201600032109,16,10,28,1125,1,2,9,1,6,136
201600032110,16,10,30,51,5,2,2,1,3,136
201600032111,16,10,28,1920,1,2,1,1,4,136
201600032112,16,10,29,1720,1,2,1,1,6,136
201600032113,16,10,29,430,3,1,1,1,2,136
201600032114,16,10,31,1030,1,2,1,1,6,136
201600032115,16,11,3,1750,2,2,1,1,6,136
201600032116,16,11,4,1110,1,2,1,1,2,136
201600032117,16,11,4,1830,1,2,1,1,6,136
201600032118,16,11,8,935,1,1,1,1,2,136
201600032119,16,11,10,730,1,2,1,1,6,136
201600032120,16,11,12,1735,1,2,1,1,6,136
201600032121,16,11,16,1625,1,2,1,1,6,136
201600032122,16,11,17,1910,3,2,1,1,6,136
201600032123,16,11,17,1400,1,2,1,1,6,136
201600032124,16,11,19,900,1,2,1,1,6,136
201600032125,16,11,22,800,2,2,1,2,6,136
201600032126,16,11,22,1900,2,1,1,2,3,136
201600032127,16,11,24,720,1,2,1,1,2,136
201600032128,16,11,24,2009,5,2,1,1,1,136
201600032129,16,11,24,1645,1,1,1,1,6,136
201600032130,16,12,6,940,1,2,3,1,3,136
201600032131,16,12,6,1526,1,2,1,1,6,136
201600032132,16,12,7,900,1,1,1,1,1,136
201600032133,16,12,7,1225,1,2,1,1,2,136
201600032134,16,12,8,1846,2,2,1,1,6,136
201600032135,16,12,10,358,5,2,1,1,3,136
201600032136,16,12,14,1011,1,2,1,1,6,136
201600032137,16,12,14,1124,1,2,1,1,2,136
201600032138,16,12,13,1000,1,2,1,1,6,136
201600032139,16,12,14,1345,1,2,2,1,3,136
201600032140,16,12,17,224,3,1,1,2,6,136
201600032141,16,12,18,1750,1,1,1,1,2,136
201600032142,16,12,16,1815,3,1,1,1,2,136
201600032143,16,12,19,1520,1,2,1,1,3,136
201600032144,16,12,22,1330,1,2,1,1,6,136
201600032145,16,12,23,1815,3,2,1,1,6,136
201600032146,16,12,23,1940,5,2,1,1,3,136
201600032147,16,10,10,1545,1,1,1,1,7,82
201600032148,16,5,4,1245,1,2,9,1,1,149
201600032149,16,6,14,2115,2,1,1,1,7,31
201600032150,16,6,29,2300,3,1,1,1,5,149
201600032151,16,7,20,1145,1,1,1,1,1,149
201600032152,16,10,20,1715,1,2,1,1,5,54
201600032153,16,11,18,1030,1,1,1,1,3,114
201600032154,16,11,28,845,1,1,1,1,3,31
201600032155,16,12,16,1650,2,1,1,1,3,149
201600032156,16,12,28,1530,1,2,6,1,6,149
201600032157,16,3,16,1730,1,1,1,1,1,61
201600032158,16,5,19,1400,1,1,1,1,1,61
201600032159,16,6,11,900,3,1,1,1,1,369
201600032160,16,8,1,1900,2,1,1,1,1,289
201600032161,16,8,12,1200,1,1,1,1,3,371
201600032162,16,11,21,1545,1,2,1,8,6,61
201600032163,16,2,10,730,3,1,1,2,2,223
201600032164,16,5,13,615,1,1,1,2,2,223
201600032165,16,9,19,815,1,1,1,1,1,248
201600032166,16,10,16,2200,3,1,1,1,5,149
201600032167,16,10,25,700,2,1,1,1,3,168
201600032168,16,12,13,1800,3,1,2,1,3,59
201600032169,16,3,29,1615,1,1,1,1,6,296
201600032170,16,6,17,1730,1,1,1,1,2,120
201600032171,16,7,7,715,1,1,1,1,6,344
201600032172,16,7,17,1900,1,1,1,7,2,635
201600032173,16,7,22,215,3,1,1,1,6,806
201600032174,16,10,13,1940,2,1,9,2,6,126
201600032175,16,11,25,650,3,1,1,1,4,262
201600032176,16,12,1,920,1,1,1,1,1,836
201600032177,16,12,23,2010,3,1,1,1,6,767
201600032178,16,12,30,1410,1,1,1,1,6,76
201600032179,16,7,20,415,3,1,1,1,6,728
201600032180,16,12,12,1310,1,1,1,2,6,517
201600032181,16,3,21,1515,1,1,1,1,7,155
201600032182,16,4,23,2200,3,1,1,3,7,416
201600032183,16,5,21,2115,3,1,1,1,1,41
201600032184,16,7,23,1415,1,2,2,1,1,4
201600032185,16,12,17,1945,3,1,1,5,7,89
201600032186,16,2,15,1645,1,1,1,1,3,24
201600032187,16,3,28,515,3,1,1,1,6,141
201600032188,16,4,14,1445,1,1,1,1,6,24
201600032189,16,5,5,945,1,1,1,1,4,226
201600032190,16,5,13,1545,1,1,1,1,3,164
201600032191,16,5,21,2315,3,1,1,1,1,136
201600032192,16,5,27,1115,1,1,1,1,3,164
201600032193,16,7,15,1415,1,1,1,1,6,214
201600032194,16,7,15,1130,1,1,1,1,7,144
201600032195,16,7,19,1045,1,1,9,1,2,190
201600032196,16,7,19,945,1,1,1,1,2,214
201600032197,16,8,28,2245,5,1,1,1,6,15
201600032198,16,8,26,1630,1,1,1,1,4,24
201600032199,16,10,23,2200,3,1,1,1,5,214
201600032200,16,11,25,130,3,1,1,1,2,136
201600032201,16,11,27,2230,3,1,1,1,4,106
201600032202,16,9,21,715,2,1,3,1,3,294
201600032203,16,11,21,1730,3,1,1,3,1,294
201600032204,16,12,13,2100,3,1,1,1,6,479
201600032205,16,1,2,1530,1,2,1,2,3,229
201600032206,16,2,27,1130,1,1,1,1,6,163
201600032207,16,6,27,1400,1,2,1,1,5,528
201600032208,16,7,4,1615,1,1,1,1,5,466
201600032209,16,7,12,1430,1,1,1,1,1,36
201600032210,16,7,25,930,1,1,1,1,1,147
201600032211,16,11,14,1230,1,1,2,1,3,375
201600032212,16,1,24,600,3,1,1,9,7,180
201600032213,16,12,9,1220,1,2,9,1,6,180
201600032214,16,3,1,2246,5,2,9,2,6,180
201600032215,16,12,23,1815,5,2,1,1,6,180
201600032216,16,3,3,750,1,2,1,2,6,180
201600032217,16,12,25,2330,3,1,1,1,2,180
201600032218,16,3,10,804,1,2,1,1,5,180
201600032219,16,12,29,1755,3,1,1,9,6,180
201600032220,16,4,6,850,1,2,1,1,3,180
201600032221,16,4,21,1441,1,1,1,1,1,180
201600032222,16,5,6,1255,1,1,1,1,1,180
201600032223,16,5,11,1750,1,2,3,8,3,180
201600032224,16,6,2,1740,1,2,7,1,6,180
201600032225,16,6,6,1730,1,1,1,7,7,180
201600032226,16,7,9,1703,1,1,3,1,3,180
201600032227,16,7,7,648,2,1,1,1,2,180
201600032228,16,8,28,955,1,1,1,1,1,180
201600032229,16,9,12,820,1,2,6,1,6,180
201600032230,16,9,29,1843,1,2,1,1,6,180
201600032231,16,10,13,1527,1,1,1,1,5,180
201600032232,16,10,19,2150,3,1,1,2,7,180
201600032233,16,10,15,1900,2,2,3,1,3,180
201600032234,16,11,3,1319,1,2,1,1,3,180
201600032235,16,11,8,1827,5,2,3,1,6,180
201600032236,16,11,9,835,1,2,1,8,6,180
201600032237,16,11,15,1318,1,1,1,1,6,180
201600032238,16,11,18,1905,3,1,1,2,7,180
201600032239,16,11,21,1145,1,2,2,1,3,180
201600032240,16,12,23,2200,3,1,1,2,6,180
201600032241,16,11,28,1138,1,2,3,1,3,180
201600032242,16,12,11,1800,2,2,1,1,3,180
201600032243,16,12,14,1615,1,2,1,1,2,180
201600032244,16,12,20,825,1,2,8,1,6,180
201600032245,16,2,5,2115,5,2,1,8,6,92
201600032246,16,3,2,1245,1,1,9,1,6,111
201600032247,16,4,23,1500,1,2,1,2,3,92
201600032248,16,1,21,15,3,2,1,1,6,128
201600032249,16,1,24,1715,1,1,1,1,6,265
201600032250,16,2,9,1645,1,1,1,2,2,128
201600032251,16,3,22,1030,1,1,1,1,1,221
201600032252,16,10,13,2245,3,1,1,2,6,128
201600032253,16,1,2,800,2,1,1,3,6,44
201600032254,16,3,30,1155,1,1,1,1,5,16
201600032255,16,6,18,1645,2,1,1,1,7,109
201600032256,16,10,26,1245,1,1,9,2,2,118
201600032257,16,11,10,845,1,1,1,2,1,309
201600032258,16,12,5,1900,3,1,9,1,2,118
201600032259,16,1,4,1700,1,2,6,1,6,425
201600032260,16,3,11,1815,1,2,1,1,2,536
201600032261,16,5,30,615,1,2,1,2,5,378
201600032262,16,5,30,1115,1,1,1,8,7,157
201600032263,16,6,10,1515,1,1,2,1,3,157
201600032264,16,6,25,1045,1,2,1,2,6,336
201600032265,16,7,4,30,3,1,2,1,2,238
201600032266,16,7,16,400,5,2,1,1,7,199
201600032267,16,7,13,1130,1,1,1,1,1,336
201600032268,16,8,5,600,2,1,1,2,7,19
201600032269,16,8,27,530,5,2,1,1,6,425
201600032270,16,9,21,1345,1,2,3,1,1,425
201600032271,16,9,23,1900,5,2,1,1,2,19
201600032272,16,9,28,1715,1,1,1,1,1,131
201600032273,16,10,18,1445,1,1,1,1,3,353
201600032274,16,11,23,1000,1,2,1,1,6,425
201600032275,16,11,26,1345,3,1,1,1,1,19
201600032276,16,6,5,1830,1,1,1,1,6,136
201600032277,16,6,24,1600,1,1,1,1,7,72
201600032278,16,7,13,1915,1,2,1,1,3,136
201600032279,16,7,31,1215,1,1,1,1,6,72
201600032280,16,8,23,2045,3,1,1,1,1,72
201600032281,16,10,27,930,1,2,6,1,6,72
201600032282,16,4,24,1245,1,1,1,1,7,104
201600032283,16,7,3,1400,1,1,1,1,6,205
201600032284,16,7,14,1900,1,1,3,1,3,10
201600032285,16,7,18,1030,1,1,1,7,3,562
201600032286,16,5,8,2345,3,1,9,2,6,33
201600032287,16,4,8,1550,1,2,1,1,2,462
201600032288,16,5,25,1628,1,2,3,1,3,462
201600032289,16,6,5,1941,1,2,7,1,1,462
201600032290,16,6,23,920,1,2,3,1,3,462
201600032291,16,7,17,1404,1,1,1,1,3,462
201600032292,16,7,20,1030,1,2,1,1,3,462
201600032293,16,9,23,1805,1,2,6,1,3,462
201600032294,16,10,12,724,2,1,9,1,3,462
201600032295,16,10,14,550,5,2,1,1,1,462
201600032296,16,10,26,1435,1,2,1,1,3,462
201600032297,16,10,27,2022,5,2,1,1,3,462
201600032298,16,11,21,945,1,2,1,1,2,462
201600032299,16,12,15,1741,5,2,2,5,6,462
201600032300,16,1,2,1115,1,2,3,2,6,482
201600032301,16,12,30,1840,5,2,2,5,1,482
201600032302,16,1,3,1905,5,2,2,1,3,482
201600032303,16,12,31,1440,1,2,1,1,6,482
201600032304,16,12,31,1415,1,2,1,1,6,482
201600032305,16,1,4,1745,5,2,1,1,6,482
201600032306,16,1,6,1930,5,2,9,2,3,204
201600032307,16,1,8,1832,5,2,2,1,3,447
201600032308,16,1,12,1620,1,2,1,1,3,43
201600032309,16,1,9,1100,1,2,1,2,3,482
201600032310,16,1,15,1005,1,2,1,4,6,482
201600032311,16,1,15,1610,1,2,1,1,6,482
201600032312,16,1,15,1730,4,2,1,4,6,482
201600032313,16,1,16,1340,1,2,1,1,6,482
201600032314,16,1,16,1652,5,2,1,1,6,482
201600032315,16,1,16,1725,5,2,1,1,6,482
201600032316,16,1,17,1400,1,2,3,1,6,482
201600032317,16,1,18,745,1,2,2,1,6,43
201600032318,16,1,18,1603,1,2,3,1,6,43
201600032319,16,1,21,2130,5,2,1,1,1,482
201600032320,16,1,22,400,5,2,1,1,2,218
201600032321,16,1,22,1800,5,2,3,1,3,482
201600032322,16,1,22,2300,5,2,1,1,1,482
201600032323,16,1,23,1525,1,2,2,1,3,482
201600032324,16,1,23,1916,5,2,1,8,4,447
201600032325,16,1,25,1620,1,2,4,1,6,218
201600032326,16,1,28,1100,1,2,1,1,4,218
201600032327,16,1,28,1945,5,2,2,2,6,482
201600032328,16,1,30,1820,5,2,1,2,6,482
201600032329,16,2,1,750,1,1,2,1,3,482
201600032330,16,2,2,1015,1,2,1,1,6,482
201600032331,16,2,2,1335,1,2,1,1,6,204
201600032332,16,2,3,820,1,2,1,1,6,482
201600032333,16,2,3,1415,1,1,1,1,6,204
201600032334,16,2,4,720,2,2,2,1,6,218
201600032335,16,2,4,1000,1,2,1,1,3,482
201600032336,16,2,4,1805,5,2,2,2,3,447
201600032337,16,1,4,2120,5,2,2,1,3,447
201600032338,16,2,4,2120,5,2,2,1,3,447
201600032339,16,2,6,1630,1,2,3,1,3,482
201600032340,16,2,6,1815,5,2,1,1,6,218
201600032341,16,2,7,2115,5,2,1,1,6,482
201600032342,16,2,8,30,3,1,1,1,6,267
201600032343,16,2,8,1730,2,2,1,3,6,447
201600032344,16,2,10,1355,1,2,4,1,3,482
201600032345,16,2,11,1345,1,2,1,1,1,482
201600032346,16,2,11,2015,5,2,1,1,6,482
201600032347,16,2,12,531,5,2,1,1,6,482
201600032348,16,2,12,645,5,2,1,1,1,482
201600032349,16,2,12,1805,5,2,1,2,3,482
201600032350,16,2,13,640,5,2,2,1,3,482
201600032351,16,2,15,2120,5,2,1,1,6,482
201600032352,16,2,17,715,1,2,3,1,3,482
201600032353,16,2,20,1900,5,2,2,2,2,482
201600032354,16,2,21,1555,1,2,1,1,6,482
201600032355,16,2,22,1615,1,2,3,1,3,482
201600032356,16,2,23,1015,1,2,1,3,2,482
201600032357,16,2,23,1320,1,2,2,2,3,482
201600032358,16,2,24,1020,1,2,1,1,2,482
201600032359,16,2,26,1400,1,2,2,1,3,482
201600032360,16,2,27,1015,1,2,1,1,6,482
201600032361,16,2,27,715,2,2,3,1,3,482
201600032362,16,3,1,1205,1,2,1,1,6,43
201600032363,16,3,1,1510,1,2,2,1,3,482
201600032364,16,2,26,740,1,2,1,1,6,482
201600032365,16,3,3,1635,1,2,1,1,3,482
201600032366,16,3,5,1336,1,2,2,1,6,482
201600032367,16,3,5,2315,5,2,1,2,6,447
201600032368,16,3,7,46,5,2,2,1,6,204
201600032369,16,3,7,1340,1,2,1,1,6,482
201600032370,16,3,7,1715,1,2,1,1,4,218
201600032371,16,3,8,1315,1,2,1,1,3,482