Num_Acc,an,mois,jour,hrmn,lum,agg,int,atm,col,com
201600032372,16,3,9,740,1,2,1,7,6,482
201600032373,16,3,9,802,1,2,1,1,6,482
201600032374,16,3,9,1620,1,2,1,1,3,482
201600032375,16,3,10,1340,1,2,1,1,6,482
201600032376,16,3,10,1500,1,2,1,1,3,482
201600032377,16,3,10,1946,5,2,1,1,6,482
201600032378,16,3,11,1735,1,2,1,1,3,482
201600032379,16,3,11,2040,5,2,1,1,1,482
201600032380,16,3,13,450,5,2,1,1,6,218
201600032381,16,3,13,1900,5,2,2,1,2,482
201600032382,16,3,14,1620,1,2,3,1,3,218
201600032383,16,3,15,1620,1,2,1,2,6,482
201600032384,16,3,16,1030,1,2,1,1,4,482
201600032385,16,3,16,1706,1,2,1,1,6,482
201600032386,16,3,18,1431,1,2,1,1,2,365
201600032387,16,3,19,200,5,2,1,1,6,482
201600032388,16,3,20,30,5,2,2,1,6,43
201600032389,16,3,21,1330,1,2,3,1,6,447
201600032390,16,3,23,1300,1,1,1,1,6,482
201600032391,16,3,23,1550,1,2,1,1,6,267
201600032392,16,3,23,1650,1,2,1,1,6,267
201600032393,16,3,29,1400,1,2,1,1,3,482
201600032394,16,3,29,2320,5,2,1,1,7,482
201600032395,16,3,30,730,1,2,1,1,3,447
201600032396,16,3,30,825,1,2,2,2,3,482
201600032397,16,3,30,1230,1,2,1,2,4,482
201600032398,16,3,30,1515,1,2,1,1,6,482
201600032399,16,3,31,700,1,2,1,8,2,482
201600032400,16,3,31,1515,1,2,1,1,7,43
201600032401,16,3,31,2045,4,2,2,1,1,482
201600032402,16,4,2,1440,1,1,1,1,6,267
201600032403,16,4,2,1828,1,2,1,1,6,447
201600032404,16,4,3,1840,1,2,1,1,2,482
201600032405,16,4,5,5,5,2,2,1,3,447
201600032406,16,4,5,1510,1,2,3,2,6,482
201600032407,16,4,6,1420,1,2,1,1,3,482
201600032408,16,4,9,1510,1,2,1,1,6,447
201600032409,16,4,9,1620,1,2,1,1,3,482
201600032410,16,4,9,1920,1,2,1,1,1,482
201600032411,16,4,10,1550,1,2,1,1,3,43
201600032412,16,4,11,820,1,2,2,1,3,482
201600032413,16,4,11,1150,1,2,2,1,6,482
201600032414,16,4,11,1435,1,2,3,1,3,267
201600032415,16,4,13,840,1,2,3,1,1,218
201600032416,16,4,13,2000,1,2,1,1,3,482
201600032417,16,4,14,830,1,2,1,1,3,447
201600032418,16,4,14,2125,5,2,1,1,1,482
201600032419,16,4,15,1900,1,2,1,1,1,447
201600032420,16,4,15,1955,1,2,1,1,3,365
201600032421,16,4,18,1210,1,2,1,1,6,482
201600032422,16,4,19,1125,1,2,1,1,6,482
201600032423,16,4,19,1725,1,2,1,1,2,482
201600032424,16,4,19,1950,1,2,1,1,3,447
201600032425,16,4,20,1435,1,2,2,1,3,482
201600032426,16,4,20,1630,1,2,1,1,6,482
201600032427,16,4,21,1700,1,2,1,1,3,482
201600032428,16,4,21,2000,2,2,2,1,2,447
201600032429,16,4,22,1440,1,2,3,1,3,482
201600032430,16,4,22,1720,1,2,3,1,3,482
201600032431,16,4,23,2320,3,2,1,1,1,482
201600032432,16,4,24,522,4,2,1,1,3,482
201600032433,16,4,24,1315,1,2,1,1,3,482
201600032434,16,4,24,2025,1,1,1,1,3,482
201600032435,16,4,26,1215,1,2,1,8,6,482
201600032436,16,4,27,1720,1,2,3,1,3,482
201600032437,16,4,28,800,1,2,1,2,2,447
201600032438,16,4,28,805,1,2,1,2,2,447
201600032439,16,4,28,2000,2,2,1,1,6,447
201600032440,16,5,3,800,1,2,1,1,3,218
201600032441,16,5,3,830,1,1,2,1,1,482
201600032442,16,5,4,1731,1,2,1,1,1,482
201600032443,16,5,6,1700,1,2,3,1,3,482
201600032444,16,5,6,2137,5,2,2,1,3,482
201600032445,16,5,9,900,1,2,1,1,3,482
201600032446,16,5,9,1840,1,2,2,1,6,482
201600032447,16,5,10,1320,1,2,1,1,2,482
201600032448,16,5,11,1435,1,2,1,1,6,482
201600032449,16,5,11,1525,1,2,1,1,3,447
201600032450,16,5,13,1210,1,2,1,1,6,482
201600032451,16,5,14,450,5,2,1,1,2,482
201600032452,16,5,16,1415,1,1,1,1,7,365
201600032453,16,5,16,1645,1,2,1,2,1,447
201600032454,16,5,16,1800,1,2,1,2,6,482
201600032455,16,5,16,1701,1,2,2,1,3,482
201600032456,16,5,17,825,1,2,1,1,2,482
201600032457,16,5,19,747,1,2,3,1,3,482
201600032458,16,5,19,1010,1,2,3,1,3,482
201600032459,16,5,19,1720,1,2,1,1,6,43
201600032460,16,5,20,2054,1,2,1,1,6,482
201600032461,16,5,21,1324,1,2,2,1,3,482
201600032462,16,5,22,1725,1,2,1,1,6,482
201600032463,16,5,23,1050,1,2,2,3,1,482
201600032464,16,5,23,1140,1,2,2,2,3,365
201600032465,16,5,24,1210,1,2,2,1,6,482
201600032466,16,5,24,2330,5,2,2,1,3,482
201600032467,16,5,25,810,1,2,3,1,1,43
201600032468,16,5,25,1215,1,2,1,1,3,482
201600032469,16,5,26,1930,1,2,3,1,3,204
201600032470,16,5,27,1215,1,2,1,1,1,267
201600032471,16,5,27,1429,1,2,2,1,1,482
201600032472,16,5,27,1530,1,2,1,1,6,267
201600032473,16,5,27,1735,1,2,1,1,6,482
201600032474,16,5,28,1740,1,2,1,1,6,482
201600032475,16,5,28,1935,1,2,1,4,6,482
201600032476,16,5,30,1155,1,2,1,3,3,482
201600032477,16,5,30,1620,1,1,1,1,6,267
201600032478,16,5,31,920,1,2,1,1,3,218
201600032479,16,6,1,2030,2,2,1,1,6,482
201600032480,16,6,2,1405,1,2,2,1,3,482
201600032481,16,6,2,1830,1,2,3,1,6,482
201600032482,16,6,3,2206,5,2,1,2,6,482
201600032483,16,6,3,2225,5,2,3,2,3,482
201600032484,16,6,5,1645,1,2,1,1,6,482
201600032485,16,6,6,715,1,2,1,1,5,482
201600032486,16,6,7,705,1,2,2,1,3,482
201600032487,16,6,7,715,1,1,1,1,2,482
201600032488,16,6,8,1915,1,2,1,1,3,482
201600032489,16,6,8,1935,1,2,1,1,6,482
201600032490,16,6,10,1340,1,2,1,1,3,482
201600032491,16,6,10,1745,1,1,2,1,3,204
201600032492,16,6,10,1755,1,1,1,1,7,482
201600032493,16,6,10,1930,1,2,2,1,3,482
201600032494,16,6,11,1410,1,2,3,1,3,482
201600032495,16,6,14,910,1,2,2,1,6,43
201600032496,16,6,15,1210,1,2,1,2,3,482
201600032497,16,6,16,825,1,2,1,2,4,482
201600032498,16,6,18,1715,1,2,1,1,2,482
201600032499,16,6,18,2230,5,2,2,2,3,482
201600032500,16,6,19,245,4,2,2,1,3,482
201600032501,16,6,19,1325,1,2,1,1,1,482
201600032502,16,6,19,1510,1,2,1,1,2,482
201600032503,16,6,19,1805,1,2,2,1,3,447
201600032504,16,6,20,1010,1,2,3,1,3,447
201600032505,16,6,20,1635,1,2,3,1,3,482
201600032506,16,6,21,830,1,2,1,1,6,447
201600032507,16,6,22,1145,1,2,2,1,7,482
201600032508,16,6,22,1233,1,2,1,1,6,482
201600032509,16,6,23,1220,1,2,1,1,6,482
201600032510,16,6,23,1800,1,2,1,1,4,482
201600032511,16,6,26,1905,1,2,1,1,3,43
201600032512,16,6,28,1830,1,2,1,1,6,482
201600032513,16,6,29,845,1,2,3,1,1,43
201600032514,16,6,29,1155,1,2,1,1,6,482
201600032515,16,6,29,2350,5,2,1,1,6,218
201600032516,16,6,30,830,1,1,3,1,6,482
201600032517,16,6,30,2110,1,2,2,1,3,482
201600032518,16,7,1,658,1,2,1,1,5,482
201600032519,16,7,1,1840,1,2,3,1,3,482
201600032520,16,7,1,2055,1,2,3,1,3,482
201600032521,16,7,1,2250,3,2,1,1,6,218
201600032522,16,7,2,1515,1,2,1,1,6,482
201600032523,16,7,2,1930,1,2,1,1,1,447
201600032524,16,7,6,921,1,2,1,1,2,447
201600032525,16,7,7,1620,1,2,2,1,3,482
201600032526,16,7,7,1755,1,2,1,1,6,482
201600032527,16,7,10,1830,1,2,1,1,6,482
201600032528,16,7,11,1515,1,2,2,2,3,482
201600032529,16,7,13,1825,1,2,1,8,6,447
201600032530,16,7,14,25,5,2,1,1,2,482
201600032531,16,7,16,115,5,2,1,1,3,482
201600032532,16,7,17,1220,1,2,1,1,6,365
201600032533,16,7,19,1405,1,2,1,1,3,482
201600032534,16,7,19,1905,1,2,4,1,3,267
201600032535,16,7,20,400,2,2,1,1,6,447
201600032536,16,7,20,840,1,2,3,1,3,482
201600032537,16,7,22,1200,1,2,2,1,3,218
201600032538,16,7,25,1630,1,2,1,1,3,482
201600032539,16,7,25,1820,1,2,1,1,3,482
201600032540,16,7,26,1700,1,2,1,1,4,482
201600032541,16,7,27,1645,1,2,2,1,3,482
201600032542,16,7,29,1655,1,2,1,1,6,482
201600032543,16,7,30,1920,1,2,2,1,3,218
201600032544,16,7,30,1410,1,2,3,1,3,482
201600032545,16,7,31,1610,1,2,1,1,6,482
201600032546,16,7,31,1955,1,2,2,1,1,447
201600032547,16,8,1,930,1,2,2,1,2,218
201600032548,16,8,2,1910,1,2,2,2,3,482
201600032549,16,8,3,740,1,2,1,1,3,482
201600032550,16,8,4,1850,1,1,1,2,3,482
201600032551,16,8,6,400,5,2,1,1,6,447
201600032552,16,8,6,1140,1,2,3,1,3,482
201600032553,16,8,7,722,1,2,6,1,6,365
201600032554,16,8,10,1220,1,2,1,1,3,218
201600032555,16,8,10,1610,1,2,1,1,6,218
201600032556,16,8,12,2030,2,2,1,1,6,482
201600032557,16,8,13,13,5,2,1,1,3,482
201600032558,16,8,13,1855,1,2,3,1,3,482
201600032559,16,8,13,2015,2,2,1,1,1,482
201600032560,16,8,14,1250,1,2,1,1,3,482
201600032561,16,8,17,1010,1,2,2,1,3,482
201600032562,16,8,17,2120,3,2,1,1,1,218
201600032563,16,8,18,1130,1,2,2,1,3,447
201600032564,16,8,19,1515,1,2,1,1,3,482
201600032565,16,8,19,2225,5,2,2,1,3,482
201600032566,16,8,23,1937,1,2,1,1,3,482
201600032567,16,8,25,1430,1,2,1,1,3,482
201600032568,16,8,25,1700,1,2,1,1,3,482
201600032569,16,8,25,1705,1,2,1,1,3,482
201600032570,16,8,25,2120,5,2,2,1,3,482
201600032571,16,8,26,910,1,2,1,1,6,482
201600032572,16,8,26,1630,1,2,2,1,3,482
201600032573,16,8,26,1920,1,2,1,1,3,218
201600032574,16,8,27,1040,1,2,1,1,6,482
201600032575,16,8,27,1255,1,2,2,1,3,482
201600032576,16,8,28,1845,1,2,2,1,3,482
201600032577,16,8,27,2350,5,2,1,1,4,482
201600032578,16,8,29,1035,1,2,1,1,6,482
201600032579,16,8,30,1640,1,2,1,1,3,482
201600032580,16,8,30,1920,1,2,1,1,6,482
201600032581,16,8,31,2250,5,2,2,1,3,365
201600032582,16,9,1,1530,1,2,1,1,1,482
201600032583,16,9,1,2015,1,2,2,1,3,267
201600032584,16,9,2,830,1,2,1,1,6,482
201600032585,16,9,3,1540,1,2,1,1,1,482
201600032586,16,9,3,2015,5,2,1,1,3,482
201600032587,16,9,3,2300,5,2,3,1,3,447
201600032588,16,9,4,1156,1,2,3,1,3,218
201600032589,16,9,4,2330,5,2,2,1,3,482
201600032590,16,9,5,1630,1,1,1,1,3,482
201600032591,16,9,6,745,1,2,1,1,6,43
201600032592,16,9,8,740,1,2,1,1,6,482
201600032593,16,9,8,1635,1,2,3,1,3,482
201600032594,16,9,8,1700,1,2,2,1,3,482
201600032595,16,9,9,1007,1,2,1,1,6,482
201600032596,16,9,9,1905,1,2,1,1,2,482
201600032597,16,9,11,1626,1,2,3,1,6,447
201600032598,16,9,11,10,5,2,2,1,3,482
201600032599,16,9,12,845,1,2,2,1,3,482
201600032600,16,9,12,850,1,2,1,1,3,218
201600032601,16,9,12,1430,1,2,1,1,3,482
201600032602,16,9,12,1524,1,2,3,1,3,482
201600032603,16,9,12,1600,1,2,1,1,6,482
201600032604,16,9,12,1700,1,2,1,1,3,482
201600032605,16,9,12,2055,5,2,1,1,6,365
201600032606,16,9,13,1645,1,2,1,1,1,218
201600032607,16,9,13,1827,1,2,1,1,6,482
201600032608,16,9,14,750,1,2,1,1,6,482
201600032609,16,9,15,1300,1,2,1,1,6,482
201600032610,16,9,17,517,5,2,2,1,3,482
201600032611,16,9,18,1351,1,2,2,2,2,482
201600032612,16,9,19,1645,1,2,1,1,3,482
201600032613,16,9,20,720,1,2,3,1,3,482
201600032614,16,9,20,730,2,2,2,1,3,482
201600032615,16,9,20,815,1,2,2,1,3,482
201600032616,16,9,21,1400,1,2,1,1,4,447
201600032617,16,9,21,1645,1,2,2,1,3,482
201600032618,16,9,22,1115,1,2,2,1,3,482
201600032619,16,9,22,1640,1,2,1,1,6,482
201600032620,16,9,23,740,1,2,1,1,6,482
201600032621,16,9,23,2100,5,2,1,1,3,43
201600032622,16,9,26,1250,1,2,2,1,3,218
201600032623,16,9,27,1215,1,2,3,1,3,365
201600032624,16,9,28,745,1,2,1,1,2,482
201600032625,16,9,28,700,2,2,2,1,3,447
201600032626,16,9,29,30,5,2,3,1,5,482
201600032627,16,9,29,815,1,2,3,1,3,43
201600032628,16,9,29,830,1,2,2,1,3,482
201600032629,16,9,29,1106,1,2,2,1,6,482
201600032630,16,9,29,1730,1,2,1,1,2,482
201600032631,16,9,30,1450,1,2,2,1,3,447
201600032632,16,9,30,1717,1,2,3,1,3,482
201600032633,16,9,30,1825,1,2,1,1,3,482
201600032634,16,10,1,1015,1,2,2,2,1,482
201600032635,16,10,1,1335,1,2,1,1,1,482
201600032636,16,10,3,1500,1,2,1,1,6,482
201600032637,16,10,3,1620,1,2,1,1,3,482
201600032638,16,10,3,2110,5,2,1,1,6,482
201600032639,16,10,4,1305,1,2,1,1,2,482
201600032640,16,10,5,1800,1,2,2,1,3,482
201600032641,16,10,6,1230,1,1,1,1,3,482
201600032642,16,10,6,1545,1,2,1,1,6,482
201600032643,16,10,6,1720,1,2,1,1,4,482
201600032644,16,10,6,1945,1,2,3,1,3,204
201600032645,16,10,8,450,5,2,6,1,6,482
201600032646,16,10,8,1645,1,2,2,1,3,482
201600032647,16,10,9,330,5,2,1,1,7,218
201600032648,16,10,10,755,1,2,1,1,6,482
201600032649,16,10,10,1230,1,2,2,1,6,482
201600032650,16,10,10,1330,1,2,1,1,6,482
201600032651,16,10,11,800,1,2,1,1,6,482
201600032652,16,10,11,1215,1,1,2,1,6,482
201600032653,16,10,11,1955,3,2,1,1,1,218
201600032654,16,10,12,1335,1,2,1,1,6,482
201600032655,16,10,13,1505,1,2,4,1,2,482
201600032656,16,10,14,1315,1,2,2,1,1,218
201600032657,16,10,14,1338,1,2,1,1,6,482
201600032658,16,10,14,1655,1,2,1,1,3,482
201600032659,16,10,15,835,1,2,2,1,6,482
201600032660,16,10,15,1200,1,2,1,1,3,204
201600032661,16,10,15,1230,1,2,1,1,3,482
201600032662,16,10,16,542,5,2,2,1,3,447
201600032663,16,10,17,1040,1,2,2,1,3,482
201600032664,16,10,18,1750,1,2,1,1,6,267
201600032665,16,10,21,1225,1,2,3,1,3,482
201600032666,16,10,22,2030,5,2,1,1,3,482
201600032667,16,10,23,2035,5,2,2,1,3,482
201600032668,16,10,25,1948,1,2,2,1,3,447
201600032669,16,10,27,1758,2,2,3,1,3,482
201600032670,16,10,27,1930,1,2,1,1,6,482
201600032671,16,10,28,1959,1,2,2,1,3,482
201600032672,16,10,28,1150,1,2,3,1,3,482
201600032673,16,10,28,2100,1,2,1,1,2,482
201600032674,16,10,31,355,5,2,2,1,3,218
201600032675,16,10,31,1457,1,2,2,1,3,482
201600032676,16,10,31,1535,1,2,1,1,6,482
201600032677,16,11,2,1040,1,2,2,1,3,482
201600032678,16,11,3,1930,5,2,3,1,3,482
201600032679,16,11,3,2010,5,2,1,1,5,482
201600032680,16,11,7,845,1,2,1,1,1,218
201600032681,16,11,7,1630,1,2,1,1,2,482
201600032682,16,11,8,1730,5,2,1,8,3,482
201600032683,16,11,9,1905,5,2,1,2,3,482
201600032684,16,11,10,1520,1,2,2,1,3,482
201600032685,16,11,11,1830,5,2,1,2,6,482
201600032686,16,11,13,1230,1,2,1,1,3,482
201600032687,16,11,14,1215,1,2,3,1,3,365
201600032688,16,11,14,1225,1,2,1,1,4,482
201600032689,16,11,16,910,1,2,1,1,3,482
201600032690,16,11,16,1200,1,2,2,2,3,482
201600032691,16,11,16,1315,1,2,1,1,6,482
201600032692,16,11,17,1320,1,2,1,1,3,482
201600032693,16,11,17,1730,5,2,1,1,6,482
201600032694,16,11,17,1900,5,2,1,1,6,482
201600032695,16,11,17,2240,5,2,3,1,3,482
201600032696,16,11,19,910,1,2,2,1,3,43
201600032697,16,11,19,1710,1,2,1,1,6,482
201600032698,16,11,21,2255,5,2,1,1,3,218
201600032699,16,11,23,1415,1,2,1,1,5,218
201600032700,16,11,23,1615,5,2,3,1,3,447
201600032701,16,11,23,1700,5,2,1,1,3,218
201600032702,16,11,24,1140,1,2,1,1,6,482
201600032703,16,11,23,1215,1,2,3,1,3,218
201600032704,16,11,24,1415,1,1,1,1,4,482
201600032705,16,11,25,905,1,2,1,1,3,482
201600032706,16,11,25,1100,1,2,3,1,6,482
201600032707,16,11,25,1610,2,2,1,1,1,482
201600032708,16,11,25,1800,1,2,1,1,5,482
201600032709,16,11,25,2245,5,2,1,1,3,43
201600032710,16,11,27,640,5,2,1,2,6,482
201600032711,16,11,28,330,5,2,1,1,3,482
201600032712,16,11,29,1525,1,2,1,1,6,482
201600032713,16,11,29,1735,5,2,2,1,3,218
201600032714,16,12,1,1835,5,2,3,1,3,482
201600032715,16,12,2,550,5,2,1,1,6,482
201600032716,16,12,2,1340,1,2,1,1,6,447
201600032717,16,12,3,928,1,2,1,1,6,447
201600032718,16,12,3,1100,1,2,1,1,5,482
201600032719,16,12,3,1130,1,2,2,1,3,482
201600032720,16,12,4,1715,5,2,1,1,2,482
201600032721,16,12,5,1830,5,2,3,1,3,43
201600032722,16,12,6,900,1,2,5,1,3,482
201600032723,16,12,7,805,1,2,2,5,6,482
201600032724,16,12,7,855,1,2,2,1,3,482
201600032725,16,12,7,2155,5,1,2,5,3,218
201600032726,16,12,8,1235,1,2,1,1,6,218
201600032727,16,12,8,1355,1,2,1,1,2,482
201600032728,16,12,10,1050,1,2,1,1,2,482
201600032729,16,12,10,1230,1,1,1,1,6,447
201600032730,16,12,11,2015,5,2,2,1,3,43
201600032731,16,12,12,1825,5,2,1,1,1,482
201600032732,16,12,12,1830,5,2,1,1,3,218
201600032733,16,12,13,750,1,2,1,1,1,482
201600032734,16,12,13,1615,2,2,1,1,6,482
201600032735,16,12,14,830,1,2,1,2,6,482
201600032736,16,12,14,1345,1,2,1,1,2,447
201600032737,16,12,16,1215,1,2,1,1,6,482
201600032738,16,12,16,2013,5,2,1,1,6,482
201600032739,16,12,17,2113,5,1,1,1,6,482
201600032740,16,12,19,1430,1,2,1,1,6,43
201600032741,16,12,20,135,5,2,2,1,1,482
201600032742,16,12,20,2200,5,2,1,1,6,482
201600032743,16,12,21,1555,2,2,1,1,3,218
201600032744,16,12,22,50,5,2,1,1,6,482
201600032745,16,12,23,1930,4,2,1,1,1,267
201600032746,16,12,24,1030,1,2,1,1,6,482
201600032747,16,12,24,1555,2,2,1,1,1,447
201600032748,16,12,24,1720,5,2,1,1,6,482
201600032749,16,12,28,1205,1,2,3,1,1,482
201600032750,16,12,29,1310,1,2,3,1,3,482
201600032751,16,12,28,2030,3,1,1,1,1,139
201600032752,16,12,22,2315,3,1,1,1,6,78
201600032753,16,1,11,900,1,1,9,8,3,204
201600032754,16,5,26,2000,1,2,1,1,6,340
201600032755,16,8,26,715,1,1,1,1,2,648
201600032756,16,12,17,845,1,1,1,1,4,648
201600032757,16,12,7,1745,3,1,1,1,3,648
201600032758,16,12,10,1230,1,1,6,5,6,340
201600032759,16,12,27,2045,3,1,1,1,6,340
201600032760,16,6,6,2230,2,1,1,1,7,336
201600032761,16,1,16,1630,1,1,1,1,1,897
201600032762,16,2,12,1400,1,2,1,1,6,905
201600032763,16,2,22,2145,3,1,1,2,6,656
201600032764,16,8,20,1400,1,2,1,1,2,534
201600032765,16,8,20,1730,1,1,1,1,6,656
201600032766,16,9,7,845,1,1,2,1,3,837
201600032767,16,11,26,1645,1,1,1,1,1,8
201600032768,16,12,2,1745,3,1,6,1,2,794
201600032769,16,12,5,829,1,2,3,1,3,66
201600032770,16,1,14,1850,5,2,3,1,6,66
201600032771,16,1,19,1445,1,2,2,1,6,66
201600032772,16,1,23,1100,1,2,2,1,2,66
201600032773,16,2,29,1648,1,2,1,1,6,66
201600032774,16,2,25,1830,2,2,1,1,3,66
201600032775,16,3,4,1908,5,2,1,3,6,66
201600032776,16,4,3,745,1,2,6,1,6,66
201600032777,16,4,4,710,1,1,6,1,3,66
201600032778,16,4,8,1530,1,2,5,1,3,66
201600032779,16,4,28,1550,1,2,1,1,2,66
201600032780,16,4,29,1209,1,2,1,1,6,66
201600032781,16,3,31,2200,5,2,3,1,3,66
201600032782,16,5,23,1934,2,2,4,2,3,66
201600032783,16,5,4,1438,1,2,2,1,3,66
201600032784,16,4,5,1030,1,2,1,3,6,66
201600032785,16,6,10,1400,1,2,3,1,2,66
201600032786,16,6,1,1656,1,2,1,1,6,66
201600032787,16,7,7,2034,2,2,2,7,6,66
201600032788,16,7,19,1115,1,2,2,1,6,66
201600032789,16,7,20,2103,1,2,2,1,3,66
201600032790,16,7,19,925,1,2,6,1,3,66
201600032791,16,8,2,1148,1,2,1,1,6,66
201600032792,16,8,12,1543,1,2,2,1,6,66
201600032793,16,9,1,1340,1,2,2,1,6,66
201600032794,16,9,12,1949,2,2,1,1,6,66
201600032795,16,9,14,1834,1,2,1,1,6,66
201600032796,16,10,10,1006,1,2,3,1,3,66
201600032797,16,10,31,1721,5,2,1,1,3,66
201600032798,16,10,27,1600,1,2,2,1,1,66
201600032799,16,11,3,1400,1,2,1,7,3,66
201600032800,16,11,3,910,1,2,2,1,3,66
201600032801,16,11,14,803,2,2,2,1,3,66
201600032802,16,11,14,1737,5,2,3,1,3,66
201600032803,16,11,11,1600,1,2,1,1,6,66
201600032804,16,11,22,1015,1,1,1,1,6,66
201600032805,16,11,12,1535,1,1,1,1,6,66
201600032806,16,12,3,1537,1,2,3,1,3,66
201600032807,16,1,8,1837,5,2,1,2,6,224
201600032808,16,1,16,10,5,2,3,1,3,224
201600032809,16,1,25,1110,1,2,2,1,1,224
201600032810,16,2,13,1900,5,2,1,2,6,271
201600032811,16,2,19,1304,1,2,3,1,3,224
201600032812,16,2,26,2055,5,2,1,1,3,224
201600032813,16,3,5,1550,1,2,1,1,7,224
201600032814,16,3,8,2020,5,2,2,1,6,224
201600032815,16,3,11,1630,1,2,2,1,6,224
201600032816,16,3,22,1710,1,2,1,1,6,224
201600032817,16,4,25,146,3,1,1,1,7,224
201600032818,16,4,15,1100,1,1,1,3,3,224
201600032819,16,4,26,1730,1,2,3,2,3,224
201600032820,16,5,11,2300,5,2,2,1,3,224
201600032821,16,5,17,741,1,2,1,1,7,224
201600032822,16,5,20,800,1,2,3,1,3,224
201600032823,16,5,31,2223,5,2,1,1,6,224
201600032824,16,6,4,2255,5,2,6,1,6,224
201600032825,16,6,23,1054,1,2,1,1,7,224
201600032826,16,6,23,955,1,2,2,1,3,224
201600032827,16,6,28,1710,1,2,1,1,6,224
201600032828,16,6,29,1919,1,2,1,1,5,224
201600032829,16,6,30,815,1,2,2,1,3,224
201600032830,16,7,5,600,1,1,1,1,4,195
201600032831,16,6,30,1920,1,2,1,1,1,224
201600032832,16,7,5,905,1,2,1,1,6,224
201600032833,16,8,6,1125,1,2,1,1,7,224
201600032834,16,8,17,1140,1,2,1,1,6,224
201600032835,16,9,22,452,5,2,2,1,3,224
201600032836,16,9,30,950,1,2,1,1,6,224
201600032837,16,10,13,748,1,2,3,1,3,224
201600032838,16,10,19,2016,5,2,2,1,1,224
201600032839,16,11,3,910,1,2,6,1,3,224
201600032840,16,12,15,2148,5,2,3,1,3,224
201600032841,16,11,18,1115,1,2,1,1,7,224
201600032842,16,4,2,945,1,2,1,1,6,297
201600032843,16,4,26,1755,1,2,1,2,3,297
201600032844,16,5,3,1618,1,2,1,1,6,297
201600032845,16,6,5,1700,1,2,1,1,2,297
201600032846,16,5,9,945,1,2,3,1,3,297
201600032847,16,8,13,1830,1,2,1,1,6,297
201600032848,16,8,23,1110,1,2,2,1,1,297
201600032849,16,9,22,2200,3,2,3,1,6,149
201600032850,16,11,9,745,2,2,1,1,6,297
201600032851,16,11,10,1700,5,2,1,2,6,297
201600032852,16,3,18,1410,1,2,6,1,3,297
201600032853,16,3,11,2040,5,2,3,1,3,166
201600032854,16,6,23,2055,1,2,2,1,6,376
201600032855,16,7,21,1010,1,2,1,1,6,166
201600032856,16,9,25,850,1,1,1,1,3,376
201600032857,16,2,10,1930,3,1,1,3,6,244
201600032858,16,5,29,500,3,1,1,2,6,90
201600032859,16,7,8,2055,1,2,1,1,7,378
201600032860,16,7,16,1130,1,1,1,1,1,92
201600032861,16,7,28,930,1,1,1,1,6,450
201600032862,16,8,27,1600,1,1,1,1,7,378
201600032863,16,9,5,2245,3,1,1,2,6,434
201600032864,16,9,10,1645,1,1,1,1,1,244
201600032865,16,12,15,1930,3,2,1,1,6,450
201600032866,16,3,11,1830,2,1,1,1,6,424
201600032867,16,3,25,2315,3,1,1,1,6,5
201600032868,16,5,7,1145,1,1,1,1,3,207
201600032869,16,7,12,1430,1,1,1,2,3,359
201600032870,16,7,16,1715,1,2,1,1,6,262
201600032871,16,9,7,1215,1,1,1,1,1,362
201600032872,16,9,20,2000,5,2,6,1,3,333
201600032873,16,10,10,1845,2,1,1,1,1,424
201600032874,16,10,18,1745,1,1,1,1,2,383
201600032875,16,11,6,1530,1,1,1,1,6,261
201600032876,16,11,14,2015,3,1,1,1,1,333
201600032877,16,12,8,720,2,1,4,4,3,443
201600032878,16,12,14,845,1,1,1,5,1,424
201600032879,16,12,24,2100,3,1,1,2,6,52
201600032880,16,1,7,1915,5,2,3,8,3,91
201600032881,16,1,8,1305,1,2,1,1,1,91
201600032882,16,1,16,1210,1,2,1,1,5,91
201600032883,16,1,21,650,3,1,1,1,6,91
201600032884,16,1,24,1600,1,2,1,1,1,91
201600032885,16,3,7,800,1,2,1,1,6,91
201600032886,16,3,15,1750,1,2,1,1,6,91
201600032887,16,3,15,1830,2,2,3,1,3,96
201600032888,16,3,22,845,1,2,3,1,3,91
201600032889,16,4,8,1735,1,2,1,1,2,91
201600032890,16,4,22,1900,1,2,1,1,6,91
201600032891,16,5,8,1547,1,2,1,1,2,91
201600032892,16,5,8,1645,1,2,1,1,1,96
201600032893,16,5,28,2240,5,2,1,1,6,91
201600032894,16,6,2,1630,1,1,1,2,7,91
201600032895,16,6,11,215,4,1,1,1,6,91
201600032896,16,6,18,10,5,1,1,1,7,91
201600032897,16,7,5,1830,1,2,3,1,6,91
201600032898,16,7,6,840,1,2,3,1,3,96
201600032899,16,7,14,1750,1,1,1,2,1,91
201600032900,16,8,16,1800,1,2,1,1,6,91
201600032901,16,8,17,1400,1,2,1,1,2,91
201600032902,16,8,23,1630,1,1,1,1,3,91
201600032903,16,9,1,655,1,2,2,1,3,91
201600032904,16,9,6,545,5,2,1,2,6,91
201600032905,16,9,17,2000,2,1,1,3,6,91
201600032906,16,9,12,1415,1,2,1,1,7,91
201600032907,16,9,22,2130,5,2,1,1,2,91