Num_Acc,an,mois,jour,hrmn,lum,agg,int,atm,col,com
201600032908,16,9,24,2030,3,2,1,1,3,91
201600032909,16,9,28,1930,1,2,1,1,6,96
201600032910,16,9,30,1715,1,2,3,1,3,96
201600032911,16,11,8,840,1,2,1,1,6,96
201600032912,16,11,3,835,1,2,1,1,6,91
201600032913,16,11,9,1840,3,1,1,2,6,91
201600032914,16,11,13,1200,1,2,1,2,3,91
201600032915,16,11,25,1910,5,2,1,1,6,91
201600032916,16,11,26,1800,5,2,3,1,3,91
201600032917,16,12,11,1245,1,2,1,1,2,91
201600032918,16,12,11,1830,2,1,1,1,3,91
201600032919,16,1,2,2330,5,2,1,9,1,264
201600032920,16,4,9,400,5,2,1,1,6,264
201600032921,16,4,19,1735,1,2,1,1,6,92
201600032922,16,6,11,115,5,2,2,1,5,264
201600032923,16,7,12,1740,1,2,1,3,2,264
201600032924,16,8,11,1910,1,2,3,1,3,264
201600032925,16,7,26,1945,1,1,1,1,6,264
201600032926,16,9,4,330,5,2,6,1,6,264
201600032927,16,9,13,2015,5,2,2,1,6,264
201600032928,16,9,17,530,5,2,1,8,6,264
201600032929,16,9,10,1120,1,2,1,1,6,264
201600032930,16,10,15,830,2,1,1,1,3,92
201600032931,16,11,4,1600,1,1,1,1,1,264
201600032932,16,11,25,1725,5,1,1,8,3,92
201600032933,16,12,2,815,2,2,3,5,3,264
201600032934,16,12,12,1830,5,2,2,1,1,264
201600032935,16,12,9,1230,1,2,1,1,6,264
201600032936,16,12,20,2338,3,1,1,8,6,13
201600032937,16,1,11,2115,5,2,2,1,3,266
201600032938,16,12,23,1230,1,1,2,1,6,290
201600032939,16,1,13,855,1,2,2,1,1,271
201600032940,16,12,30,1810,5,2,1,1,6,275
201600032941,16,1,15,1430,1,2,3,1,6,29
201600032942,16,1,14,2200,5,2,2,8,4,290
201600032943,16,1,25,1730,1,2,1,1,6,266
201600032944,16,1,25,2200,5,2,1,1,6,266
201600032945,16,1,27,745,5,2,1,1,6,266
201600032946,16,1,28,822,1,2,1,1,6,275
201600032947,16,1,29,2045,5,2,2,1,5,282
201600032948,16,1,29,2100,5,2,2,1,3,266
201600032949,16,1,30,140,5,2,1,1,3,266
201600032950,16,2,1,2110,3,2,1,1,6,275
201600032951,16,2,5,925,1,2,2,1,2,275
201600032952,16,2,10,2120,5,2,9,2,6,266
201600032953,16,2,11,2150,5,2,3,2,2,275
201600032954,16,2,12,730,2,2,1,1,6,29
201600032955,16,2,13,1445,1,2,4,1,6,256
201600032956,16,2,13,1412,1,1,2,2,3,290
201600032957,16,1,25,1420,1,2,1,1,6,266
201600032958,16,2,17,2030,5,1,1,1,6,271
201600032959,16,2,18,1750,1,2,2,1,3,266
201600032960,16,2,15,1540,1,2,1,1,4,290
201600032961,16,2,22,1100,1,2,2,1,3,266
201600032962,16,2,22,1850,5,1,1,2,1,282
201600032963,16,2,22,2010,5,2,1,2,6,29
201600032964,16,2,22,2000,5,2,1,2,6,266
201600032965,16,2,24,2219,5,2,9,1,3,266
201600032966,16,2,28,700,2,2,1,1,7,266
201600032967,16,3,2,1700,1,2,1,2,6,271
201600032968,16,2,19,1730,1,2,1,1,6,29
201600032969,16,2,25,1825,5,2,2,1,3,266
201600032970,16,3,3,1300,1,1,2,2,3,266
201600032971,16,3,3,2120,5,2,2,1,3,256
201600032972,16,2,3,1130,1,2,1,1,6,29
201600032973,16,3,4,2005,5,2,1,3,6,282
201600032974,16,2,29,943,1,2,1,1,3,29
201600032975,16,3,8,350,5,2,1,1,6,266
201600032976,16,3,8,1645,1,2,1,1,6,29
201600032977,16,3,9,1620,1,2,2,2,6,266
201600032978,16,3,9,1730,1,2,2,2,3,266
201600032979,16,2,27,1100,1,2,1,1,3,256
201600032980,16,3,11,1310,1,1,1,1,6,256
201600032981,16,3,15,950,1,2,1,1,6,266
201600032982,16,3,15,1501,1,2,1,1,6,266
201600032983,16,3,15,2000,5,2,1,1,5,282
201600032984,16,3,4,2020,5,2,1,3,5,275
201600032985,16,3,19,1400,1,2,2,1,6,290
201600032986,16,3,22,1820,1,2,3,1,5,282
201600032987,16,3,24,840,1,2,1,1,6,266
201600032988,16,3,24,1815,1,2,6,1,3,271
201600032989,16,3,29,840,1,2,9,1,1,266
201600032990,16,3,30,2210,5,2,9,1,6,266
201600032991,16,4,1,1154,1,2,1,1,3,282
201600032992,16,4,6,1300,1,2,7,1,6,256
201600032993,16,4,6,1310,1,2,2,1,5,256
201600032994,16,4,8,725,1,2,2,1,1,290
201600032995,16,4,10,1800,1,2,1,1,3,266
201600032996,16,4,11,330,5,2,1,1,6,266
201600032997,16,4,13,635,5,2,2,1,3,282
201600032998,16,4,13,1825,1,2,1,1,3,266
201600032999,16,4,14,1230,1,2,1,1,3,266
201600033000,16,4,14,2155,5,2,2,1,3,256
201600033001,16,4,17,330,5,2,1,1,6,290
201600033002,16,4,17,1620,1,1,1,2,1,266
201600033003,16,4,17,1703,1,2,2,2,3,29
201600033004,16,4,17,1832,1,2,3,1,3,290
201600033005,16,4,18,1340,1,2,2,8,3,290
201600033006,16,4,19,1455,1,2,2,1,1,256
201600033007,16,4,22,1630,1,2,9,1,3,290
201600033008,16,4,25,1530,1,2,1,1,2,275
201600033009,16,4,28,2038,1,2,1,1,6,256
201600033010,16,4,27,1101,1,2,2,1,3,256
201600033011,16,5,1,1855,1,2,1,1,3,266
201600033012,16,4,27,2008,1,1,1,1,6,29
201600033013,16,5,3,715,1,2,2,1,6,266
201600033014,16,5,5,1525,1,2,1,1,3,266
201600033015,16,5,6,1400,1,2,3,1,3,256
201600033016,16,5,6,1745,1,1,1,1,1,275
201600033017,16,5,9,1515,1,2,3,2,3,282
201600033018,16,4,30,120,5,2,2,1,1,266
201600033019,16,5,10,1205,1,2,3,1,6,256
201600033020,16,5,12,1320,1,2,1,1,1,256
201600033021,16,5,13,850,1,2,2,3,6,275
201600033022,16,5,13,1420,1,2,2,2,5,266
201600033023,16,5,13,1410,1,2,3,8,3,256
201600033024,16,5,7,1845,1,2,2,1,3,256
201600033025,16,5,14,1220,1,2,1,1,5,266
201600033026,16,5,14,535,5,2,1,8,6,275
201600033027,16,5,10,1825,1,2,9,1,6,256
201600033028,16,5,6,1615,1,2,1,1,6,29
201600033029,16,5,24,510,5,2,1,1,6,256
201600033030,16,5,19,720,1,2,2,1,3,256
201600033031,16,5,26,900,1,2,2,1,6,256
201600033032,16,5,27,1205,1,2,1,1,6,266
201600033033,16,5,27,2330,5,2,1,1,6,266
201600033034,16,5,30,830,1,2,2,1,3,256
201600033035,16,4,28,1515,1,2,2,1,3,266
201600033036,16,5,12,945,1,2,2,1,3,29
201600033037,16,5,31,1600,1,2,3,8,6,256
201600033038,16,6,1,2320,5,2,4,1,3,266
201600033039,16,6,2,1130,1,2,2,2,3,266
201600033040,16,6,2,1330,1,2,6,3,6,256
201600033041,16,6,2,1858,1,2,2,1,3,266
201600033042,16,6,2,2300,5,2,1,2,6,266
201600033043,16,5,26,1615,1,2,2,1,3,290
201600033044,16,6,1,1656,1,1,2,1,3,290
201600033045,16,6,5,1450,1,2,2,1,6,266
201600033046,16,6,5,2255,5,2,3,1,3,256
201600033047,16,6,6,910,1,2,3,1,6,290
201600033048,16,6,6,1405,1,2,5,1,3,266
201600033049,16,6,7,750,1,2,6,1,3,256
201600033050,16,6,7,2200,5,2,2,1,3,266
201600033051,16,6,9,125,5,2,2,1,7,266
201600033052,16,6,10,1450,1,2,2,1,1,266
201600033053,16,6,10,1845,1,2,1,1,3,256
201600033054,16,6,11,2240,5,2,5,1,3,256
201600033055,16,6,5,1600,1,2,1,1,1,290
201600033056,16,6,13,1515,1,2,1,2,1,266
201600033057,16,6,11,2005,1,2,1,1,6,256
201600033058,16,6,15,2100,2,2,1,2,3,290
201600033059,16,6,10,830,1,2,2,1,3,256
201600033060,16,6,17,140,5,2,1,1,6,256
201600033061,16,6,6,2030,2,2,9,1,6,29
201600033062,16,6,19,2030,1,1,3,1,2,271
201600033063,16,6,19,1920,1,2,1,2,6,282
201600033064,16,6,20,2000,1,2,1,1,6,266
201600033065,16,6,21,1345,1,2,1,1,6,266
201600033066,16,6,22,615,2,2,1,1,6,266
201600033067,16,6,23,1740,1,2,2,1,3,256
201600033068,16,6,23,2045,1,2,3,1,3,29
201600033069,16,6,23,1145,1,2,1,1,6,266
201600033070,16,6,23,1145,1,2,2,1,1,266
201600033071,16,6,25,2245,3,2,1,1,6,256
201600033072,16,6,26,1820,1,2,1,1,3,256
201600033073,16,6,13,1910,1,2,3,2,1,290
201600033074,16,6,15,1210,1,2,1,1,3,290
201600033075,16,6,26,1710,1,2,3,1,6,275
201600033076,16,6,27,2350,5,2,1,1,3,266
201600033077,16,6,29,1600,1,2,1,1,7,266
201600033078,16,7,1,900,1,2,7,1,6,266
201600033079,16,7,7,2325,5,2,2,1,3,275
201600033080,16,7,6,1935,1,1,2,1,2,290
201600033081,16,7,8,2105,1,2,1,1,7,275
201600033082,16,7,9,2145,1,2,1,1,4,256
201600033083,16,7,14,110,5,2,2,1,3,266
201600033084,16,7,14,1400,1,2,6,1,6,290
201600033085,16,7,14,1615,1,2,1,8,6,266
201600033086,16,7,16,335,5,2,3,1,6,266
201600033087,16,7,16,900,1,2,2,1,3,266
201600033088,16,7,16,1655,1,2,1,1,6,266
201600033089,16,7,16,2130,2,2,2,1,3,266
201600033090,16,7,17,2235,5,1,9,1,6,266
201600033091,16,7,20,40,5,2,1,1,6,266
201600033092,16,7,19,1755,1,2,3,1,3,282
201600033093,16,7,20,1855,1,2,1,1,2,266
201600033094,16,7,23,1420,1,2,3,1,3,275
201600033095,16,7,27,2005,1,2,1,1,6,256
201600033096,16,7,27,2030,1,2,1,1,6,290
201600033097,16,7,28,2040,1,2,7,1,6,266
201600033098,16,7,28,1923,1,2,1,1,6,290
201600033099,16,7,31,1435,1,2,2,1,3,266
201600033100,16,8,1,1810,1,2,1,1,1,266
201600033101,16,7,31,1915,1,2,1,1,4,275
201600033102,16,7,30,850,1,2,2,1,3,256
201600033103,16,8,2,1810,1,2,2,1,3,256
201600033104,16,8,5,1730,1,2,1,1,1,256
201600033105,16,8,8,1710,1,2,2,1,3,266
201600033106,16,8,9,910,1,2,1,1,6,266
201600033107,16,7,19,915,1,2,3,7,3,282
201600033108,16,8,10,1530,1,2,1,1,3,266
201600033109,16,8,9,1850,1,2,1,1,6,275
201600033110,16,7,29,900,1,2,1,1,3,266
201600033111,16,8,16,1730,1,2,4,1,1,290
201600033112,16,8,7,1130,1,2,6,1,6,275
201600033113,16,8,23,1820,1,2,1,1,2,290
201600033114,16,8,22,1120,1,2,1,1,6,256
201600033115,16,8,26,1000,1,2,1,1,3,266
201600033116,16,8,27,550,5,2,8,1,6,282
201600033117,16,8,28,1735,1,2,1,1,7,29
201600033118,16,8,2,1020,1,2,3,1,6,266
201600033119,16,9,1,2050,5,2,3,1,3,266
201600033120,16,9,1,2010,5,2,3,1,3,271
201600033121,16,9,4,1515,1,2,2,1,1,256
201600033122,16,9,4,200,5,2,2,1,3,290
201600033123,16,9,6,810,1,2,1,1,6,256
201600033124,16,9,9,1545,1,2,2,1,3,266
201600033125,16,9,12,1010,1,2,2,1,5,266
201600033126,16,9,13,610,1,2,1,1,3,29
201600033127,16,9,13,1715,1,2,1,1,6,29
201600033128,16,9,13,2000,2,2,3,1,3,271
201600033129,16,9,11,830,1,2,1,1,1,275
201600033130,16,9,16,1500,1,1,2,1,3,290
201600033131,16,9,16,2100,5,2,2,2,3,266
201600033132,16,9,20,1045,1,2,1,1,3,266
201600033133,16,9,22,1600,1,2,2,1,1,256
201600033134,16,9,23,1705,1,1,3,1,6,256
201600033135,16,9,24,1230,1,2,2,1,3,275
201600033136,16,9,26,2205,5,2,2,1,1,266
201600033137,16,9,27,830,1,2,1,1,2,290
201600033138,16,9,27,2100,5,2,1,1,6,266
201600033139,16,9,28,1525,1,2,3,1,6,266
201600033140,16,9,29,730,1,2,2,1,3,266
201600033141,16,9,29,1425,1,2,1,1,3,266
201600033142,16,9,30,1730,1,2,3,1,3,290
201600033143,16,9,27,2010,5,2,2,1,3,29
201600033144,16,10,3,1620,1,1,1,1,3,266
201600033145,16,10,4,1350,1,2,1,1,6,266
201600033146,16,9,24,1025,1,2,1,1,6,290
201600033147,16,9,3,1930,1,2,1,1,6,29
201600033148,16,10,7,730,1,1,1,1,6,256
201600033149,16,10,1,250,5,2,1,1,2,266
201600033150,16,9,19,1800,1,2,5,1,6,266
201600033151,16,10,8,2015,5,2,1,1,6,290
201600033152,16,10,4,1346,1,2,6,1,3,271
201600033153,16,10,11,2245,5,2,9,1,6,256
201600033154,16,10,5,1230,1,2,2,1,3,266
201600033155,16,10,13,745,2,2,1,3,6,271
201600033156,16,8,31,1250,1,2,1,1,6,266
201600033157,16,10,13,1050,1,2,3,2,6,266
201600033158,16,10,15,1810,1,2,1,1,3,275
201600033159,16,10,2,1015,1,2,3,1,2,266
201600033160,16,10,17,1730,1,2,1,1,6,275
201600033161,16,10,17,2220,4,2,1,1,2,266
201600033162,16,10,18,1425,1,2,2,1,3,266
201600033163,16,10,18,1800,1,2,3,1,3,266
201600033164,16,10,20,1120,1,2,3,1,3,275
201600033165,16,10,22,100,5,2,2,1,3,266
201600033166,16,10,24,1740,1,2,1,1,6,266
201600033167,16,10,27,1850,2,2,1,1,6,266
201600033168,16,10,28,2245,5,2,1,1,5,266
201600033169,16,10,29,1900,5,2,2,1,3,266
201600033170,16,10,30,1255,1,2,4,1,3,256
201600033171,16,10,29,1600,1,2,1,1,6,275
201600033172,16,11,1,1245,1,2,2,1,6,266
201600033173,16,10,29,1210,1,2,3,1,2,290
201600033174,16,10,27,1215,1,2,1,1,6,266
201600033175,16,11,4,1345,1,1,6,1,3,266
201600033176,16,11,8,1920,5,2,1,1,3,266
201600033177,16,11,10,1615,1,2,1,2,6,290
201600033178,16,11,10,2150,5,2,2,2,3,266
201600033179,16,11,3,1415,1,2,6,1,7,29
201600033180,16,11,12,1430,1,2,1,1,6,256
201600033181,16,11,13,500,5,2,2,1,2,266
201600033182,16,11,16,1210,1,1,1,1,3,266
201600033183,16,11,8,950,1,1,1,1,3,266
201600033184,16,11,16,1800,5,2,1,1,6,290
201600033185,16,11,10,1500,1,2,2,2,3,290
201600033186,16,11,19,1005,1,2,6,1,3,271
201600033187,16,11,20,1720,5,2,1,1,6,256
201600033188,16,11,25,1020,1,2,1,8,6,290
201600033189,16,11,25,1444,1,2,3,1,4,256
201600033190,16,11,26,1400,1,2,3,1,3,282
201600033191,16,11,29,1220,1,2,2,1,3,256
201600033192,16,12,1,750,1,2,3,5,1,266
201600033193,16,12,3,1340,1,2,1,1,6,266
201600033194,16,11,30,1110,1,2,1,1,3,290
201600033195,16,12,1,740,1,2,1,5,4,266
201600033196,16,12,9,845,1,2,1,1,6,266
201600033197,16,12,12,715,2,2,2,1,6,266
201600033198,16,12,12,820,1,2,2,1,3,29
201600033199,16,12,14,1715,5,2,1,1,2,266
201600033200,16,12,15,1400,1,2,1,1,3,290
201600033201,16,12,9,1155,1,2,1,1,2,266
201600033202,16,6,6,1900,1,2,1,1,6,29
201600033203,16,10,30,1535,1,2,2,1,3,290
201600033204,16,12,16,1845,5,2,1,1,1,266
201600033205,16,12,16,2025,5,2,1,1,5,290
201600033206,16,12,18,550,5,1,6,5,7,282
201600033207,16,12,15,1010,1,2,2,1,3,290
201600033208,16,12,18,2200,5,2,1,5,2,256
201600033209,16,11,24,630,5,2,2,3,1,266
201600033210,16,12,19,850,2,2,1,2,1,275
201600033211,16,12,19,1245,1,2,9,2,1,266
201600033212,16,12,21,1435,1,2,1,1,1,275
201600033213,16,12,22,1905,5,2,1,1,6,266
201600033214,16,12,20,1900,2,2,1,1,5,29
201600033215,16,12,21,1730,1,2,1,1,2,29
201600033216,16,12,26,2348,5,2,3,1,3,282
201600033217,16,12,21,1845,5,2,3,1,5,29
201600033218,16,12,28,1155,1,2,1,1,3,290
201600033219,16,12,16,1800,5,2,3,1,1,256
201600033220,16,12,27,2250,5,2,2,1,3,275
201600033221,16,3,16,1545,1,1,1,2,1,94
201600033222,16,6,21,100,5,2,1,1,7,276
201600033223,16,4,12,1600,1,1,1,1,1,557
201600033224,16,5,7,1830,1,1,1,1,4,195
201600033225,16,6,7,1000,1,1,3,1,5,649
201600033226,16,7,3,1530,1,1,1,1,6,649
201600033227,16,7,19,915,1,1,1,1,5,270
201600033228,16,8,7,1945,1,1,6,7,6,649
201600033229,16,8,25,1045,1,2,1,1,6,649
201600033230,16,9,17,1445,1,1,1,1,6,598
201600033231,16,9,24,915,1,2,1,1,2,262
201600033232,16,10,1,1645,1,2,1,1,4,195
201600033233,16,10,12,1730,1,1,1,1,1,16
201600033234,16,12,26,1245,1,1,1,2,2,270
201600033235,16,1,1,515,3,1,1,1,7,436
201600033236,16,8,1,1000,1,1,3,1,3,299
201600033237,16,10,29,800,1,1,1,1,1,462
201600033238,16,6,26,1415,1,2,1,1,3,212
201600033239,16,6,26,2115,3,2,1,1,6,198
201600033240,16,7,30,1515,1,1,1,1,6,27
201600033241,16,9,8,1100,1,1,1,1,7,108
201600033242,16,9,22,630,3,1,1,1,6,348
201600033243,16,3,14,1715,1,1,1,1,3,175
201600033244,16,9,29,830,1,2,3,2,6,177
201600033245,16,2,24,810,1,2,3,5,1,285
201600033246,16,4,9,1610,1,2,1,1,5,285
201600033247,16,5,25,1845,1,2,1,1,6,285
201600033248,16,9,2,1850,1,2,3,1,3,285
201600033249,16,9,24,1510,1,2,9,1,3,285
201600033250,16,7,23,1115,1,1,1,1,7,289
201600033251,16,11,18,1845,5,1,1,2,1,77
201600033252,16,12,14,830,1,1,1,9,7,34
201600033253,16,1,4,1550,1,2,1,1,6,550
201600033254,16,1,8,2005,5,2,3,1,6,378
201600033255,16,1,18,1050,1,2,2,1,6,550
201600033256,16,1,31,1805,5,2,1,2,6,550
201600033257,16,4,30,2100,5,2,2,2,3,550
201600033258,16,6,22,1330,1,1,1,1,3,261
201600033259,16,9,4,1030,1,2,1,1,7,550
201600033260,16,10,29,1030,1,1,1,1,3,261
201600033261,16,11,7,755,2,2,1,1,7,550
201600033262,16,12,1,1645,2,2,2,1,3,550
201600033263,16,7,18,1845,1,2,1,7,7,148
201600033264,16,8,28,1400,1,1,1,1,1,69
201600033265,16,9,8,1700,1,2,1,1,6,69
201600033266,16,7,27,915,1,1,1,1,6,178
201600033267,16,11,2,1130,1,1,1,1,7,16
201600033268,16,11,9,1700,1,1,1,8,6,2
201600033269,16,12,19,1000,1,2,1,1,6,125
201600033270,16,6,1,1100,1,1,1,1,5,189
201600033271,16,7,1,1200,1,2,1,1,1,249
201600033272,16,8,15,1500,1,1,1,1,6,35
201600033273,16,8,16,1630,1,1,1,1,7,272
201600033274,16,8,20,1315,1,2,1,1,5,249
201600033275,16,9,1,1830,1,2,1,1,6,272
201600033276,16,9,28,1515,1,2,1,1,1,249
201600033277,16,10,5,1600,1,1,1,1,7,189
201600033278,16,10,11,740,2,1,1,8,1,272
201600033279,16,11,3,1300,1,2,1,1,6,249
201600033280,16,11,25,850,1,2,1,2,6,272
201600033281,16,9,21,1530,1,2,1,1,1,596
201600033282,16,10,1,1500,1,2,9,1,3,661
201600033283,16,10,8,2245,3,1,1,1,6,787
201600033284,16,10,20,1530,1,1,1,2,6,822
201600033285,16,12,1,1400,1,2,1,1,3,447
201600033286,16,11,2,1600,1,1,3,1,3,277
201600033287,16,9,29,900,1,1,1,1,1,324
201600033288,16,12,15,645,3,1,1,9,7,21
201600033289,16,10,31,1700,3,1,1,1,7,145
201600033290,16,11,19,1800,3,1,9,1,3,174
201600033291,16,12,24,1815,3,1,1,2,7,191
201600033292,16,11,2,1745,2,1,1,1,5,563
201600033293,16,11,3,1530,1,1,1,1,6,434
201600033294,16,1,4,820,1,2,1,1,6,76
201600033295,16,1,7,730,5,2,1,3,6,76
201600033296,16,1,12,1610,1,2,1,2,6,76
201600033297,16,1,7,1155,1,2,1,3,6,76
201600033298,16,1,8,1820,3,1,1,2,1,475
201600033299,16,1,25,1810,2,2,2,1,3,76
201600033300,16,2,5,2015,5,1,2,1,3,76
201600033301,16,2,12,1845,5,2,1,2,6,81
201600033302,16,2,18,550,3,1,1,5,1,445
201600033303,16,4,5,1335,1,2,2,2,6,475
201600033304,16,5,6,1550,1,2,1,1,5,445
201600033305,16,5,12,1830,1,1,1,8,6,76
201600033306,16,6,8,1215,1,2,3,1,3,76
201600033307,16,6,15,1705,1,2,1,1,6,76
201600033308,16,7,18,2110,1,2,1,1,6,445
201600033309,16,6,29,1405,1,1,1,1,1,81
201600033310,16,7,20,1015,1,1,9,1,2,445
201600033311,16,8,3,1900,1,2,1,1,6,445
201600033312,16,8,6,1945,1,2,1,1,3,81
201600033313,16,8,18,1650,1,2,1,1,3,445
201600033314,16,8,13,2025,1,1,1,1,3,76
201600033315,16,8,22,1540,1,1,1,1,1,475
201600033316,16,9,5,1040,1,1,1,1,3,475
201600033317,16,10,6,805,1,2,1,1,6,76
201600033318,16,10,15,730,2,2,1,2,6,76
201600033319,16,10,31,1530,1,1,1,1,5,76
201600033320,16,11,26,915,1,2,1,1,6,76
201600033321,16,6,14,1625,1,2,9,1,3,309
201600033322,16,12,1,645,5,2,1,5,6,153
201600033323,16,6,24,1115,1,2,2,1,3,153
201600033324,16,12,10,1600,1,2,9,7,3,59
201600033325,16,12,21,1910,5,2,1,5,6,59
201600033326,16,6,25,610,1,2,9,1,1,309
201600033327,16,8,8,145,5,2,1,1,6,153
201600033328,16,12,23,2035,3,2,9,1,2,153
201600033329,16,7,7,1430,1,2,1,1,6,153
201600033330,16,12,25,750,5,2,2,1,3,153
201600033331,16,8,28,1450,1,1,1,1,6,540
201600033332,16,9,2,1620,1,2,2,1,3,153
201600033333,16,10,3,1605,1,2,3,1,3,153
201600033334,16,10,10,1800,1,2,1,1,6,153
201600033335,16,10,17,1440,1,1,1,8,1,309
201600033336,16,11,5,1800,3,1,3,8,3,540
201600033337,16,11,5,2050,3,1,6,2,6,540
201600033338,16,11,8,1710,1,2,3,2,3,153
201600033339,16,11,16,1730,5,2,1,1,1,59
201600033340,16,11,18,1640,1,1,1,1,1,153
201600033341,16,1,14,1045,1,1,9,1,6,153
201600033342,16,1,19,1615,1,2,2,8,3,153
201600033343,16,2,1,745,5,2,2,2,6,153
201600033344,16,2,21,1800,1,1,1,1,1,59
201600033345,16,3,13,1800,1,2,1,1,6,153
201600033346,16,3,22,1820,1,2,1,1,6,153
201600033347,16,4,12,1655,1,2,1,8,1,540
201600033348,16,4,13,805,1,2,9,8,1,540
201600033349,16,4,19,2055,1,2,9,1,6,59
201600033350,16,4,21,1630,1,1,2,1,1,540
201600033351,16,11,11,1850,3,1,1,1,5,177
201600033352,16,11,20,1700,2,1,2,8,3,94
201600033353,16,12,1,1800,5,2,2,1,3,180
201600033354,16,12,27,1345,1,1,1,1,7,195
201600033355,16,1,21,400,1,2,6,1,6,270
201600033356,16,3,22,1450,1,2,1,1,6,270
201600033357,16,3,25,955,1,1,2,2,3,105
201600033358,16,4,10,1755,1,2,2,7,6,270
201600033359,16,4,13,1725,1,2,1,1,6,105
201600033360,16,4,15,1505,1,2,1,1,6,270
201600033361,16,5,13,1750,1,2,1,8,6,270
201600033362,16,7,13,1845,1,2,3,1,3,105
201600033363,16,9,5,1220,1,1,2,1,3,270
201600033364,16,9,8,1500,1,2,1,1,3,270
201600033365,16,10,11,1628,1,2,3,1,3,105
201600033366,16,10,5,1230,1,1,1,1,3,69
201600033367,16,9,6,1330,1,1,1,1,1,146
201600033368,16,9,24,945,1,2,1,7,6,324
201600033369,16,10,17,2000,3,1,1,1,6,219
201600033370,16,10,22,1730,1,1,1,1,7,152
201600033371,16,12,12,1845,2,1,1,1,7,141
201600033372,16,3,3,2005,3,1,1,1,7,306
201600033373,16,5,23,1740,1,2,1,8,6,40
201600033374,16,6,10,1725,1,2,1,1,1,306
201600033375,16,6,23,1950,1,2,1,1,3,306
201600033376,16,7,23,1705,1,2,1,1,1,499
201600033377,16,8,24,935,1,2,1,1,3,486
201600033378,16,11,24,2045,5,2,1,1,6,306
201600033379,16,12,9,915,1,2,1,1,6,306
201600033380,16,12,10,1100,1,2,1,1,7,40
201600033381,16,12,17,2030,5,2,1,9,6,40
201600033382,16,2,11,1750,1,2,3,1,3,181
201600033383,16,2,11,1330,1,2,1,7,6,95
201600033384,16,2,20,540,5,2,2,2,3,181
201600033385,16,2,17,1755,5,1,1,1,3,3
201600033386,16,3,8,1730,1,2,1,1,6,181
201600033387,16,4,26,800,1,2,1,1,6,181
201600033388,16,5,4,1530,1,2,1,1,6,181
201600033389,16,5,4,1700,1,2,3,1,3,181
201600033390,16,5,9,900,1,2,6,1,6,181
201600033391,16,5,26,1835,1,2,2,1,6,181
201600033392,16,7,6,110,5,2,1,1,7,181
201600033393,16,7,19,850,1,2,1,1,6,181
201600033394,16,7,29,1800,1,2,1,1,6,181
201600033395,16,8,16,5,5,2,1,1,6,181
201600033396,16,10,16,655,5,2,1,1,6,181
201600033397,16,10,17,2100,5,2,1,1,6,181
201600033398,16,10,19,1005,1,2,1,1,6,181
201600033399,16,11,4,1930,5,2,1,2,6,181
201600033400,16,11,16,1900,5,2,1,2,6,181
201600033401,16,11,17,1445,1,2,1,2,1,181
201600033402,16,11,17,1915,3,1,1,2,4,181
201600033403,16,11,19,1700,1,2,2,1,3,181
201600033404,16,11,21,1400,1,2,1,1,2,181
201600033405,16,11,22,810,1,1,1,1,2,181
201600033406,16,11,30,1250,1,2,3,1,6,181
201600033407,16,12,1,650,5,2,1,1,7,181
201600033408,16,12,1,1305,1,2,2,1,3,181
201600033409,16,12,1,2000,5,2,1,1,6,181
201600033410,16,12,11,1425,1,2,1,5,6,181
201600033411,16,12,18,1800,5,2,1,5,3,181
201600033412,16,9,8,1200,1,2,1,1,6,8
201600033413,16,2,2,1830,5,2,1,1,6,8
201600033414,16,4,6,1505,1,2,1,1,6,8
201600033415,16,6,22,935,1,2,1,1,6,8
201600033416,16,7,9,740,1,2,4,1,1,8
201600033417,16,8,31,1530,1,2,6,1,2,8
201600033418,16,2,25,1455,1,2,3,2,6,11
201600033419,16,9,15,830,1,2,2,2,6,11
201600033420,16,9,28,1205,1,2,1,1,1,11
201600033421,16,10,14,1115,1,2,2,3,3,11
201600033422,16,9,25,1000,1,2,1,1,6,11
201600033423,16,1,30,36,3,1,1,1,5,65
201600033424,16,2,5,1520,1,2,1,1,2,31
201600033425,16,3,2,1900,5,2,1,2,6,65
201600033426,16,12,8,1855,3,1,1,1,6,65
201600033427,16,4,28,1404,1,2,2,1,6,65
201600033428,16,5,13,550,1,1,1,1,6,29
201600033429,16,3,4,2020,1,2,1,1,6,87
201600033430,16,3,26,1025,1,1,1,1,5,65
201600033431,16,10,3,1910,1,2,1,1,1,65
201600033432,16,8,7,1240,1,1,4,1,3,65
201600033433,16,9,8,30,5,1,1,1,2,222
201600033434,16,11,1,610,3,1,1,1,6,65
201600033435,16,11,13,600,3,1,1,1,1,222
201600033436,16,11,5,1705,3,1,1,8,3,31
201600033437,16,9,7,930,1,2,1,1,3,31
201600033438,16,12,2,1820,5,1,1,1,6,31
201600033439,16,12,24,645,5,1,6,1,6,65
201600033440,16,1,8,700,5,2,1,2,6,10
201600033441,16,2,5,1720,1,1,3,1,1,10
201600033442,16,1,11,1820,5,2,1,2,6,10
201600033443,16,1,26,1823,3,2,1,1,6,10