Num_Acc,an,mois,jour,hrmn,lum,agg,int,atm,col,com
201600033444,16,3,10,1315,1,2,6,1,6,10
201600033445,16,3,23,1215,1,2,4,1,6,93
201600033446,16,5,27,915,1,2,3,1,1,93
201600033447,16,5,20,235,3,2,1,1,1,93
201600033448,16,5,4,2030,2,2,1,1,2,93
201600033449,16,6,18,2020,2,2,3,2,5,10
201600033450,16,6,17,2248,5,2,2,1,1,10
201600033451,16,6,22,256,5,2,3,1,3,10
201600033452,16,7,4,1630,1,2,1,1,6,93
201600033453,16,8,2,1900,1,2,1,1,6,10
201600033454,16,8,5,710,1,2,6,1,3,10
201600033455,16,8,6,1650,1,2,1,1,2,10
201600033456,16,8,22,1650,1,2,1,7,6,10
201600033457,16,9,1,2245,5,2,1,1,3,10
201600033458,16,9,8,1735,1,2,1,1,3,10
201600033459,16,9,12,1645,1,2,1,1,6,10
201600033460,16,11,9,1405,1,2,1,1,5,10
201600033461,16,11,10,1810,5,2,4,2,6,10
201600033462,16,11,26,1200,1,2,6,1,6,10
201600033463,16,12,1,1815,5,2,1,1,6,10
201600033464,16,12,12,1730,5,2,1,1,6,10
201600033465,16,11,26,1010,1,2,1,1,6,12
201600033466,16,12,29,1700,2,2,1,1,7,12
201600033467,16,12,19,300,1,2,1,1,3,12
201600033468,16,1,23,1750,2,2,1,1,6,133
201600033469,16,2,17,1620,1,2,1,1,6,12
201600033470,16,1,28,1310,1,2,1,1,6,12
201600033471,16,2,11,1610,1,2,6,1,6,12
201600033472,16,4,22,1745,1,2,3,1,3,12
201600033473,16,4,30,1250,1,2,1,2,2,133
201600033474,16,5,9,950,1,2,1,1,6,12
201600033475,16,7,7,920,1,2,6,1,3,12
201600033476,16,8,3,1050,1,2,2,1,6,12
201600033477,16,7,29,1735,1,2,1,1,3,12
201600033478,16,7,28,830,1,2,6,1,3,12
201600033479,16,8,11,1320,1,2,3,1,6,12
201600033480,16,10,11,1615,1,2,3,1,6,12
201600033481,16,10,28,800,1,2,1,1,1,12
201600033482,16,11,13,1950,3,2,1,2,1,118
201600033483,16,12,13,625,5,2,1,1,3,12
201600033484,16,12,16,1145,1,2,3,1,6,12
201600033485,16,1,7,1930,5,2,1,2,6,218
201600033486,16,1,9,27,3,1,1,3,6,281
201600033487,16,1,11,1852,3,2,1,3,6,119
201600033488,16,1,23,1835,4,1,1,1,1,218
201600033489,16,2,21,1750,1,2,1,1,1,13
201600033490,16,1,19,1505,1,2,1,1,6,281
201600033491,16,2,25,2037,5,2,6,2,6,281
201600033492,16,3,18,118,5,2,1,1,6,119
201600033493,16,3,22,1940,2,2,1,1,6,281
201600033494,16,5,9,820,1,2,1,1,1,218
201600033495,16,5,9,1317,1,2,1,1,6,281
201600033496,16,5,13,845,1,2,1,3,6,13
201600033497,16,6,15,1440,1,2,2,1,7,281
201600033498,16,6,17,1550,1,2,1,1,1,218
201600033499,16,7,9,810,1,2,1,1,2,218
201600033500,16,7,19,1545,1,2,1,1,6,281
201600033501,16,7,30,1140,1,2,6,1,3,218
201600033502,16,8,17,1040,1,1,6,1,7,13
201600033503,16,9,30,940,1,2,1,1,3,218
201600033504,16,10,3,1555,1,2,3,1,3,119
201600033505,16,10,6,320,5,1,1,1,6,218
201600033506,16,10,17,2025,5,2,1,2,3,281
201600033507,16,10,15,1120,1,1,2,1,3,218
201600033508,16,10,28,1920,5,2,1,1,1,281
201600033509,16,10,29,1735,1,2,1,1,6,281
201600033510,16,11,19,640,3,1,1,2,6,281
201600033511,16,12,11,1830,2,2,1,1,7,281
201600033512,16,12,14,735,5,2,3,1,5,281
201600033513,16,12,19,331,5,2,3,2,6,200
201600033514,16,1,15,1940,3,1,1,8,6,384
201600033515,16,6,20,700,2,1,4,2,6,382
201600033516,16,6,30,2000,1,1,1,1,1,576
201600033517,16,7,31,2115,1,2,1,1,7,114
201600033518,16,1,7,750,5,2,1,3,3,217
201600033519,16,1,7,1330,1,2,4,1,3,217
201600033520,16,1,9,1330,1,2,1,1,7,565
201600033521,16,1,12,2115,3,1,3,6,3,565
201600033522,16,3,1,1915,5,2,6,2,3,217
201600033523,16,1,16,1935,3,1,1,1,2,565
201600033524,16,1,21,849,1,2,1,1,6,565
201600033525,16,1,24,2215,3,1,1,2,6,26
201600033526,16,2,2,1440,1,1,1,1,1,414
201600033527,16,2,1,1940,5,1,3,2,6,545
201600033528,16,3,14,1750,1,1,1,1,4,26
201600033529,16,3,20,225,3,1,1,1,6,217
201600033530,16,3,31,940,1,2,3,8,6,26
201600033531,16,3,31,835,1,2,2,8,6,349
201600033532,16,4,12,945,1,2,4,1,6,217
201600033533,16,4,8,1900,1,1,1,1,6,26
201600033534,16,4,8,2310,3,1,1,1,6,707
201600033535,16,4,10,1635,1,1,2,1,3,565
201600033536,16,4,18,1727,1,2,1,1,4,545
201600033537,16,4,22,1905,1,2,3,1,6,217
201600033538,16,4,23,1725,1,2,3,1,3,217
201600033539,16,4,23,1715,1,2,1,1,6,217
201600033540,16,4,28,1235,1,2,2,1,3,217
201600033541,16,5,7,1140,1,1,1,1,7,565
201600033542,16,5,13,1035,1,2,4,1,4,217
201600033543,16,5,17,820,1,2,1,1,2,26
201600033544,16,5,20,1335,1,2,1,1,1,217
201600033545,16,6,8,1750,1,2,1,1,6,217
201600033546,16,6,17,1717,1,2,1,1,3,217
201600033547,16,7,1,1555,1,2,3,1,3,707
201600033548,16,6,17,1625,1,2,1,1,6,217
201600033549,16,6,19,1840,1,2,1,1,6,217
201600033550,16,7,1,540,5,2,2,1,3,217
201600033551,16,8,1,540,5,2,3,1,3,217
201600033552,16,7,23,5,5,2,1,1,7,217
201600033553,16,8,30,1905,1,2,1,1,6,26
201600033554,16,9,5,1340,1,1,1,2,5,545
201600033555,16,9,5,1445,1,1,3,2,2,545
201600033556,16,9,11,1520,1,1,1,1,3,217
201600033557,16,10,12,715,5,2,1,1,6,26
201600033558,16,9,24,810,1,1,1,1,6,26
201600033559,16,10,2,625,5,2,1,1,7,26
201600033560,16,10,12,1745,1,2,1,1,3,545
201600033561,16,10,12,1105,1,2,6,1,1,26
201600033562,16,10,17,730,5,2,6,1,6,217
201600033563,16,10,23,154,3,1,4,5,4,26
201600033564,16,11,1,1645,1,2,1,1,1,217
201600033565,16,11,8,850,1,2,1,1,2,217
201600033566,16,11,9,805,2,2,1,2,3,545
201600033567,16,11,10,1305,1,2,1,2,2,545
201600033568,16,11,10,1900,5,2,4,1,6,217
201600033569,16,12,2,1655,2,2,4,1,3,217
201600033570,16,12,6,1615,1,2,2,1,3,217
201600033571,16,12,17,1900,5,1,1,5,5,545
201600033572,16,12,21,1750,5,2,3,2,3,217
201600033573,16,1,2,1135,1,2,1,1,6,259
201600033574,16,1,2,1715,5,2,6,2,3,259
201600033575,16,4,2,1100,1,2,1,1,6,259
201600033576,16,7,13,800,1,1,1,1,7,600
201600033577,16,8,18,920,1,2,1,1,6,259
201600033578,16,9,13,1135,1,2,3,1,3,259
201600033579,16,10,16,2000,5,2,1,2,6,259
201600033580,16,10,10,720,3,1,1,8,3,259
201600033581,16,12,2,1411,1,1,1,1,3,259
201600033582,16,12,2,1842,5,2,3,8,3,259
201600033583,16,1,3,2320,4,2,2,3,6,447
201600033584,16,12,31,935,1,2,1,1,6,351
201600033585,16,11,30,855,1,2,1,1,6,351
201600033586,16,1,4,838,1,2,1,1,7,351
201600033587,16,1,9,55,5,1,1,1,2,305
201600033588,16,1,9,655,5,2,1,1,1,351
201600033589,16,1,11,830,5,2,3,2,6,351
201600033590,16,1,14,2045,5,2,2,1,3,351
201600033591,16,1,16,1805,5,2,3,1,6,270
201600033592,16,1,15,1330,1,2,3,1,3,351
201600033593,16,1,19,1220,1,2,3,1,2,351
201600033594,16,1,20,2335,5,1,1,1,7,305
201600033595,16,1,20,1345,1,2,1,1,6,351
201600033596,16,1,22,750,2,2,1,2,2,351
201600033597,16,1,22,1950,5,2,1,1,6,351
201600033598,16,1,25,1830,5,2,2,1,3,351
201600033599,16,1,26,900,1,2,1,1,5,351
201600033600,16,1,29,1215,1,2,2,1,6,351
201600033601,16,1,31,1200,1,2,1,1,7,351
201600033602,16,1,28,1750,1,2,3,1,3,351
201600033603,16,1,27,1910,5,2,2,3,1,351
201600033604,16,1,30,1650,1,2,1,1,7,351
201600033605,16,2,1,1710,1,2,1,2,3,351
201600033606,16,2,4,1825,5,2,2,1,6,351
201600033607,16,2,3,1315,1,2,3,2,2,351
201600033608,16,2,7,245,5,2,3,2,1,351
201600033609,16,2,6,445,5,1,1,1,3,351
201600033610,16,2,10,1330,1,2,2,3,3,351
201600033611,16,2,14,1400,1,2,4,1,1,351
201600033612,16,2,13,545,5,2,2,2,6,351
201600033613,16,2,14,350,5,2,1,1,6,351
201600033614,16,2,15,1620,1,2,3,1,6,351
201600033615,16,2,11,1625,1,2,2,1,5,351
201600033616,16,2,12,1345,1,1,1,2,3,270
201600033617,16,2,16,820,1,2,3,1,7,305
201600033618,16,2,19,1625,1,1,1,1,1,481
201600033619,16,2,23,1910,3,1,1,1,6,447
201600033620,16,2,23,1335,1,2,1,1,1,351
201600033621,16,2,23,1705,1,2,1,1,6,351
201600033622,16,2,22,1845,5,2,2,2,6,351
201600033623,16,2,24,2110,5,2,2,1,6,351
201600033624,16,2,25,1045,1,1,2,1,5,351
201600033625,16,2,25,635,5,2,6,1,6,351
201600033626,16,3,1,2310,5,2,3,1,6,351
201600033627,16,3,4,1400,1,1,1,1,2,351
201600033628,16,3,1,745,1,2,3,1,3,351
201600033629,16,3,5,600,5,2,1,1,6,351
201600033630,16,3,6,1525,1,1,1,1,6,305
201600033631,16,3,11,850,1,2,1,1,6,351
201600033632,16,3,12,529,3,1,1,5,7,270
201600033633,16,3,14,1710,1,2,2,1,3,351
201600033634,16,3,15,1740,1,2,2,1,6,447
201600033635,16,3,20,1910,5,1,1,1,7,351
201600033636,16,3,19,1135,1,2,2,1,2,351
201600033637,16,3,25,1735,1,2,1,1,4,351
201600033638,16,3,27,620,3,2,1,1,6,351
201600033639,16,3,25,1800,1,2,2,1,3,351
201600033640,16,3,27,2100,2,2,3,1,7,351
201600033641,16,3,31,1820,1,2,2,1,6,447
201600033642,16,4,3,650,2,1,1,5,7,447
201600033643,16,4,2,1550,1,1,1,2,6,481
201600033644,16,4,4,1950,3,1,1,1,6,481
201600033645,16,4,5,1130,1,2,2,1,6,351
201600033646,16,4,9,2250,5,2,1,1,6,351
201600033647,16,4,11,650,2,1,1,2,6,341
201600033648,16,4,15,1720,1,2,3,1,6,351
201600033649,16,4,20,1050,1,2,1,1,6,351
201600033650,16,4,21,1125,1,1,1,1,7,351
201600033651,16,4,23,1950,1,2,3,1,6,351
201600033652,16,4,25,1335,1,2,3,1,7,351
201600033653,16,4,25,1320,1,2,2,1,6,351
201600033654,16,4,29,110,5,2,2,1,6,351
201600033655,16,4,27,1545,1,2,1,1,2,351
201600033656,16,4,29,1500,1,2,1,2,7,351
201600033657,16,5,2,1110,1,2,1,1,6,351
201600033658,16,5,2,1630,1,2,2,1,3,351
201600033659,16,5,4,710,1,2,3,1,6,351
201600033660,16,5,4,1815,1,2,1,1,6,447
201600033661,16,5,4,1650,1,2,3,1,6,351
201600033662,16,5,4,1440,1,2,3,1,6,351
201600033663,16,5,9,2236,5,2,1,1,1,351
201600033664,16,5,10,1135,1,2,1,1,7,552
201600033665,16,5,13,1445,1,2,3,1,2,447
201600033666,16,5,17,800,1,2,3,1,3,351
201600033667,16,5,14,1855,1,2,1,1,2,351
201600033668,16,5,18,630,1,1,1,1,5,341
201600033669,16,5,6,420,5,2,1,1,6,351
201600033670,16,5,17,1157,1,2,2,1,6,351
201600033671,16,5,17,1800,1,2,2,1,3,341
201600033672,16,5,19,1750,1,2,1,1,7,351
201600033673,16,5,28,1505,1,2,1,1,6,351
201600033674,16,6,1,1705,1,1,1,1,1,341
201600033675,16,6,3,2325,5,2,1,1,1,351
201600033676,16,6,5,1815,1,2,2,1,7,351
201600033677,16,6,3,2000,1,2,1,1,3,351
201600033678,16,6,6,1745,1,2,4,1,2,351
201600033679,16,6,12,1200,1,2,2,1,3,351
201600033680,16,6,12,800,1,2,1,1,2,351
201600033681,16,6,11,1731,1,2,1,1,6,447
201600033682,16,6,15,1620,1,2,4,1,3,447
201600033683,16,6,18,330,5,2,1,1,7,552
201600033684,16,6,17,2000,1,2,1,1,6,351
201600033685,16,6,16,1655,1,2,2,1,3,351
201600033686,16,6,18,1545,1,2,1,1,7,351
201600033687,16,6,17,750,1,2,2,1,6,351
201600033688,16,6,22,1140,1,2,2,1,3,351
201600033689,16,6,24,1420,1,2,1,1,7,351
201600033690,16,6,25,150,5,2,1,1,7,351
201600033691,16,6,20,815,1,2,2,1,1,351
201600033692,16,7,2,2005,1,2,3,1,3,351
201600033693,16,7,10,1445,1,2,3,1,7,351
201600033694,16,7,15,50,5,2,2,1,6,351
201600033695,16,7,15,2210,5,2,1,1,6,351
201600033696,16,7,17,1920,1,1,1,1,6,351
201600033697,16,7,17,40,5,2,2,1,2,351
201600033698,16,7,18,2000,1,2,3,1,3,351
201600033699,16,7,21,1530,1,2,2,1,1,351
201600033700,16,7,22,1635,1,1,1,1,6,447
201600033701,16,7,31,910,1,2,2,1,6,351
201600033702,16,6,9,1710,1,2,1,1,5,351
201600033703,16,8,2,805,1,2,6,2,2,447
201600033704,16,8,2,1710,1,2,1,2,1,351
201600033705,16,8,4,2355,5,2,1,1,5,351
201600033706,16,8,8,150,5,2,3,1,6,305
201600033707,16,8,8,1905,1,2,4,1,6,351
201600033708,16,8,5,1955,1,2,2,1,3,351
201600033709,16,8,10,2320,5,2,2,1,3,351
201600033710,16,8,11,2025,1,2,3,1,6,351
201600033711,16,8,18,210,5,1,2,2,6,351
201600033712,16,8,19,228,5,1,1,1,6,270
201600033713,16,8,19,1500,1,2,2,2,3,351
201600033714,16,8,23,15,5,2,2,1,3,351
201600033715,16,8,22,1855,1,2,1,1,1,305
201600033716,16,8,24,815,1,2,2,1,3,351
201600033717,16,8,18,1000,1,2,6,1,6,351
201600033718,16,8,28,1200,1,2,3,1,3,552
201600033719,16,8,27,1950,1,2,2,1,1,341
201600033720,16,8,30,1130,1,1,1,1,1,351
201600033721,16,8,26,1410,1,2,3,1,3,351
201600033722,16,8,29,1840,1,1,6,1,3,481
201600033723,16,9,2,1120,1,2,4,1,6,552
201600033724,16,9,2,805,1,2,1,1,6,447
201600033725,16,9,3,20,5,2,1,1,6,341
201600033726,16,9,2,1510,1,2,1,1,7,351
201600033727,16,9,4,2130,5,1,6,1,6,481
201600033728,16,9,4,2140,3,1,1,1,6,270
201600033729,16,9,5,1505,1,2,2,1,3,351
201600033730,16,9,8,1345,1,1,6,1,2,481
201600033731,16,9,10,915,1,1,1,1,6,351
201600033732,16,9,9,835,1,2,3,1,6,351
201600033733,16,9,10,1000,1,1,1,1,6,305
201600033734,16,9,12,721,1,2,1,1,6,351
201600033735,16,9,9,1405,1,2,3,1,6,351
201600033736,16,9,10,430,5,1,1,1,1,305
201600033737,16,9,13,1335,1,2,2,1,3,351
201600033738,16,9,1,1340,1,2,2,1,3,351
201600033739,16,9,15,1225,1,1,1,1,6,351
201600033740,16,9,15,1720,1,2,4,1,5,341
201600033741,16,9,18,425,5,2,4,1,6,351
201600033742,16,9,19,2224,5,2,1,2,7,341
201600033743,16,9,17,1855,1,2,6,2,6,351
201600033744,16,9,21,1050,1,2,4,1,3,552
201600033745,16,10,1,1800,1,2,1,1,6,351
201600033746,16,10,4,1838,1,1,1,1,6,305
201600033747,16,10,4,2030,5,2,1,1,6,351
201600033748,16,10,4,1620,1,1,1,1,1,305
201600033749,16,10,4,1315,1,2,1,1,2,351
201600033750,16,10,6,1845,1,1,3,1,3,351
201600033751,16,10,8,710,5,2,2,1,3,351
201600033752,16,10,13,1610,1,2,2,1,6,351
201600033753,16,10,14,1910,2,2,3,1,3,351
201600033754,16,10,24,1618,1,2,1,1,2,351
201600033755,16,10,27,1800,1,2,1,1,6,351
201600033756,16,10,30,1120,1,1,1,1,7,447
201600033757,16,11,3,810,1,1,2,1,3,481
201600033758,16,11,6,340,5,2,2,1,3,351
201600033759,16,11,7,740,1,2,1,2,6,341
201600033760,16,11,9,1735,1,2,4,3,7,270
201600033761,16,11,13,630,5,2,3,1,6,341
201600033762,16,11,14,1545,1,2,3,1,6,447
201600033763,16,11,16,1210,1,2,2,1,3,351
201600033764,16,11,19,1500,1,1,4,1,2,341
201600033765,16,11,20,1925,5,2,2,2,6,351
201600033766,16,11,26,1330,1,2,3,1,1,351
201600033767,16,11,28,1955,5,2,3,1,7,351
201600033768,16,11,28,745,2,2,1,1,3,351
201600033769,16,11,30,730,2,2,6,1,7,447
201600033770,16,12,2,1106,1,1,1,1,6,270
201600033771,16,12,6,940,1,2,1,1,6,351
201600033772,16,12,6,715,2,2,1,1,7,341
201600033773,16,12,4,1330,1,2,2,1,3,351
201600033774,16,12,10,1745,5,2,3,1,6,351
201600033775,16,12,10,600,5,2,6,1,6,351
201600033776,16,12,16,1210,1,2,3,1,3,351
201600033777,16,12,16,747,5,2,1,1,3,351
201600033778,16,12,21,1800,5,2,2,2,6,351
201600033779,16,12,21,1935,5,2,1,2,6,351
201600033780,16,12,22,1255,1,1,4,1,1,351
201600033781,16,12,22,1800,5,2,3,1,3,552
201600033782,16,12,24,2005,5,2,1,1,1,351
201600033783,16,12,12,815,2,2,1,2,3,351
201600033784,16,11,29,1830,5,2,1,1,3,351
201600033785,16,12,29,1200,1,2,1,1,7,351
201600033786,16,12,26,1420,1,2,4,1,3,540
201600033787,16,12,29,650,5,2,3,1,6,575
201600033788,16,12,22,520,5,2,1,2,6,484
201600033789,16,3,18,1350,1,2,2,1,3,575
201600033790,16,11,5,600,5,1,6,2,6,484
201600033791,16,11,18,1120,1,2,3,1,6,103
201600033792,16,11,21,805,2,2,3,1,6,540
201600033793,16,12,20,2000,5,2,3,1,3,540
201600033794,16,1,9,900,1,2,2,1,5,540
201600033795,16,1,16,510,5,2,1,1,6,540
201600033796,16,12,28,1155,1,2,1,9,1,599
201600033797,16,12,9,1400,1,2,2,1,3,319
201600033798,16,1,23,1905,5,2,1,1,3,322
201600033799,16,1,27,1550,1,2,2,2,3,322
201600033800,16,1,7,750,5,2,3,2,6,540
201600033801,16,1,11,430,5,2,4,1,3,540
201600033802,16,1,14,1320,1,2,1,2,6,498
201600033803,16,1,14,1850,5,2,2,3,3,540
201600033804,16,1,18,2015,3,1,1,1,1,410
201600033805,16,2,2,825,1,2,4,1,6,322
201600033806,16,1,22,950,1,2,4,2,4,540
201600033807,16,2,11,1040,1,2,2,7,6,231
201600033808,16,1,25,625,4,1,1,1,1,5
201600033809,16,2,5,720,5,2,1,2,6,103
201600033810,16,2,10,700,5,2,3,1,3,410
201600033811,16,1,19,1820,2,1,6,1,2,391
201600033812,16,2,10,1130,1,2,1,1,6,429
201600033813,16,2,20,308,5,2,1,1,6,157
201600033814,16,2,25,1720,1,2,3,1,1,575
201600033815,16,2,25,1655,1,2,6,1,6,540
201600033816,16,2,10,947,1,2,3,2,6,497
201600033817,16,2,22,1515,1,2,1,3,3,410
201600033818,16,3,1,1520,1,2,2,2,3,540
201600033819,16,3,5,2310,3,1,1,2,2,319
201600033820,16,2,16,740,2,2,3,9,5,157
201600033821,16,2,25,740,1,2,1,1,6,540
201600033822,16,3,10,1,3,1,1,2,2,728
201600033823,16,3,11,1,5,2,3,1,3,681
201600033824,16,3,14,715,1,2,3,1,2,681
201600033825,16,3,8,1740,1,2,1,1,6,451
201600033826,16,3,13,920,1,2,6,1,6,322
201600033827,16,3,11,1950,5,2,1,1,6,322
201600033828,16,3,16,840,1,2,2,1,3,540
201600033829,16,3,1,1100,1,2,2,2,6,540
201600033830,16,3,15,1740,1,1,3,1,3,575
201600033831,16,3,16,1336,1,1,2,1,3,319
201600033832,16,3,16,830,1,2,1,1,7,322
201600033833,16,3,16,1700,1,2,2,1,3,165
201600033834,16,3,14,1320,1,2,3,1,6,540
201600033835,16,3,19,220,5,2,1,1,2,157
201600033836,16,3,19,235,5,1,1,1,6,474
201600033837,16,3,23,10,5,2,1,1,6,681
201600033838,16,3,10,1650,1,2,1,1,6,429
201600033839,16,3,15,1120,1,2,2,1,2,540
201600033840,16,3,24,2000,5,2,2,1,3,540
201600033841,16,3,26,40,5,2,3,1,6,540
201600033842,16,3,28,2150,5,2,3,2,3,451
201600033843,16,3,27,605,5,2,2,1,5,540
201600033844,16,3,29,1230,1,2,3,1,3,540
201600033845,16,3,25,1635,1,2,1,1,3,429
201600033846,16,3,31,1045,1,2,2,2,6,319
201600033847,16,4,3,1310,1,2,3,1,1,575
201600033848,16,4,3,650,3,1,1,2,1,231
201600033849,16,4,1,1620,1,2,2,1,4,540
201600033850,16,4,5,745,1,2,1,1,3,103
201600033851,16,4,5,2145,5,2,2,1,3,540
201600033852,16,4,8,500,5,2,5,1,3,540
201600033853,16,4,6,1200,1,2,4,1,3,95
201600033854,16,4,13,1020,1,2,2,1,3,681
201600033855,16,3,31,1805,1,2,1,1,6,410
201600033856,16,4,18,840,1,2,2,1,2,575
201600033857,16,4,6,1340,1,2,1,2,6,216
201600033858,16,4,13,1735,1,2,1,1,6,498
201600033859,16,4,20,815,1,1,1,1,3,322
201600033860,16,4,21,1645,1,2,3,1,6,410
201600033861,16,4,14,1445,1,2,3,1,3,231
201600033862,16,4,24,1610,1,2,2,1,6,231
201600033863,16,4,27,1625,1,2,4,1,3,231
201600033864,16,3,21,925,1,2,3,1,6,540
201600033865,16,3,29,1335,1,2,1,1,3,540
201600033866,16,4,5,2300,5,2,2,1,2,497
201600033867,16,4,2,1130,1,2,3,1,6,157
201600033868,16,5,2,1630,1,2,1,1,6,561
201600033869,16,4,28,1640,1,2,4,1,6,5
201600033870,16,5,2,830,1,2,1,1,6,540
201600033871,16,4,30,610,1,2,3,1,6,540
201600033872,16,4,28,1300,1,2,4,1,3,540
201600033873,16,5,6,1840,1,2,2,1,3,497
201600033874,16,5,11,1645,1,2,3,3,3,157
201600033875,16,5,12,930,1,2,1,1,6,410
201600033876,16,5,9,845,1,2,3,1,2,540
201600033877,16,5,9,1852,1,2,6,1,2,575
201600033878,16,5,20,1925,1,2,2,1,3,231
201600033879,16,5,22,315,5,2,2,2,3,561
201600033880,16,5,12,1800,1,2,1,2,6,540
201600033881,16,5,13,1710,1,2,1,1,5,451
201600033882,16,5,10,1740,1,1,1,1,2,322
201600033883,16,5,10,1935,1,2,1,3,1,429
201600033884,16,5,13,1130,1,2,1,1,4,540
201600033885,16,4,30,1830,1,2,1,1,6,540
201600033886,16,5,29,1015,1,2,1,1,2,705
201600033887,16,5,22,1400,1,1,1,2,1,366
201600033888,16,6,1,120,5,2,2,2,3,681
201600033889,16,5,30,1620,1,2,1,1,6,410
201600033890,16,5,25,835,1,2,3,1,6,540
201600033891,16,5,27,2245,5,2,1,1,2,540
201600033892,16,5,28,1820,1,2,5,3,6,540
201600033893,16,5,25,1130,1,2,1,1,6,322
201600033894,16,5,20,750,1,1,1,1,2,322
201600033895,16,6,6,340,5,2,1,1,6,540
201600033896,16,6,8,1630,1,2,1,1,6,319
201600033897,16,6,11,702,1,2,2,1,6,540
201600033898,16,6,12,1725,1,2,1,3,6,540
201600033899,16,6,10,850,1,2,1,1,4,540
201600033900,16,6,1,1300,1,2,2,1,6,540
201600033901,16,5,31,925,1,2,2,1,5,575
201600033902,16,6,16,1700,1,2,2,1,2,540
201600033903,16,6,22,1820,1,2,1,1,2,681
201600033904,16,6,21,715,1,2,2,3,1,640
201600033905,16,6,17,1735,1,2,1,1,6,212
201600033906,16,6,26,2148,2,2,2,1,3,540
201600033907,16,5,23,2225,5,2,5,1,6,540
201600033908,16,5,30,510,5,2,3,1,6,540
201600033909,16,5,31,1815,1,2,1,1,1,366
201600033910,16,6,18,1640,1,2,3,1,3,212
201600033911,16,6,29,615,1,2,1,1,3,429
201600033912,16,6,2,1655,1,1,1,1,2,484
201600033913,16,6,28,2235,5,2,1,1,6,540
201600033914,16,4,30,1944,1,2,1,1,6,575
201600033915,16,7,8,1040,1,2,1,1,6,561
201600033916,16,7,8,1000,1,2,1,1,2,540
201600033917,16,7,9,1900,1,2,1,1,6,575
201600033918,16,7,11,500,5,2,2,1,3,540
201600033919,16,7,19,800,1,2,2,1,3,108
201600033920,16,7,24,1740,1,2,2,1,3,540
201600033921,16,5,4,1245,1,2,1,1,6,575
201600033922,16,6,13,830,1,2,1,1,6,540
201600033923,16,6,15,835,1,2,1,1,6,575
201600033924,16,6,27,1400,1,2,1,1,3,540
201600033925,16,6,28,1220,1,2,1,1,2,540
201600033926,16,8,2,715,1,2,1,2,5,682
201600033927,16,11,25,1000,1,1,1,1,2,157
201600033928,16,7,25,1510,1,2,2,1,3,540
201600033929,16,7,9,1810,1,2,1,1,6,498
201600033930,16,7,2,240,5,2,1,1,6,681
201600033931,16,7,11,1550,1,2,1,1,6,366
201600033932,16,6,13,1900,1,2,1,1,1,540
201600033933,16,5,11,1630,1,2,6,1,6,322
201600033934,16,5,27,2050,1,2,6,1,6,410
201600033935,16,7,8,1755,1,2,1,1,2,540
201600033936,16,5,30,1310,1,1,1,1,2,575
201600033937,16,6,4,1210,1,2,6,1,6,498
201600033938,16,6,7,640,1,2,2,1,3,540
201600033939,16,6,9,1700,1,2,2,1,6,540
201600033940,16,6,24,25,5,2,2,1,2,498
201600033941,16,8,2,1420,1,2,1,1,6,108
201600033942,16,8,7,301,5,2,2,1,3,540
201600033943,16,7,29,1540,1,2,1,1,6,157
201600033944,16,8,2,1220,1,2,1,2,3,212
201600033945,16,8,22,1100,1,1,1,1,6,540
201600033946,16,8,19,2355,5,1,4,1,6,540
201600033947,16,8,3,1600,1,2,3,1,3,681
201600033948,16,8,9,2000,1,2,1,1,6,319
201600033949,16,8,20,2025,1,2,3,1,6,540
201600033950,16,8,8,1730,1,2,1,1,6,157
201600033951,16,8,22,1830,1,2,2,1,6,681
201600033952,16,7,27,1830,1,2,2,1,3,484
201600033953,16,8,7,1630,1,2,1,1,6,540
201600033954,16,8,23,930,1,2,2,1,3,498
201600033955,16,8,12,1745,1,2,3,1,3,540
201600033956,16,7,25,1835,1,2,3,1,6,451
201600033957,16,8,26,2325,5,1,2,1,6,575
201600033958,16,8,29,905,1,2,1,1,1,212
201600033959,16,7,18,1920,1,2,1,1,1,681
201600033960,16,7,22,2300,5,2,2,1,3,540
201600033961,16,8,30,1540,1,2,2,1,6,575
201600033962,16,7,25,1837,1,2,2,1,6,540
201600033963,16,7,23,130,5,2,2,1,6,540
201600033964,16,9,2,1220,1,2,1,1,6,540
201600033965,16,7,18,1525,1,2,2,1,1,322
201600033966,16,9,5,1250,1,2,1,2,6,402
201600033967,16,9,6,1615,1,2,4,1,6,322
201600033968,16,9,7,2040,3,2,1,1,6,497
201600033969,16,9,10,810,1,2,3,1,2,540
201600033970,16,8,25,1200,1,2,3,1,6,212
201600033971,16,8,30,1050,1,1,1,1,2,681
201600033972,16,9,12,2115,5,2,1,1,6,540
201600033973,16,9,12,1840,1,2,1,1,4,540
201600033974,16,9,12,1725,1,2,3,1,6,540
201600033975,16,9,6,2110,5,2,2,1,1,540
201600033976,16,9,7,850,1,2,2,1,3,231
201600033977,16,9,10,2240,5,2,2,1,3,231
201600033978,16,9,14,2247,5,2,4,1,6,540
201600033979,16,8,5,620,1,2,1,1,6,540
201600033980,16,7,24,2130,1,2,1,1,6,540
201600033981,16,12,2,2235,5,2,6,1,3,540