Num_Acc,an,mois,jour,hrmn,lum,agg,int,atm,col,com
201600033982,16,9,20,725,1,2,2,1,3,178
201600033983,16,9,15,1000,1,2,1,2,6,681
201600033984,16,9,23,2230,5,2,3,1,3,681
201600033985,16,9,19,1235,1,2,3,1,3,498
201600033986,16,9,21,800,1,2,3,1,3,410
201600033987,16,9,18,1850,1,2,1,1,7,451
201600033988,16,8,31,1140,1,1,1,1,2,540
201600033989,16,10,4,230,5,1,1,1,6,157
201600033990,16,10,4,1710,1,2,1,1,6,540
201600033991,16,9,20,2355,5,2,2,1,3,540
201600033992,16,9,7,1220,1,2,1,1,2,410
201600033993,16,9,8,1700,1,2,1,1,6,108
201600033994,16,10,6,810,1,1,1,1,4,497
201600033995,16,9,14,950,1,2,1,1,6,540
201600033996,16,10,9,1830,1,2,1,1,1,474
201600033997,16,10,6,1120,1,2,1,1,6,540
201600033998,16,10,8,1950,5,2,2,1,3,178
201600033999,16,10,1,1225,1,1,6,1,6,540
201600034000,16,10,3,1115,1,2,2,1,6,497
201600034001,16,10,12,1400,1,2,1,1,6,498
201600034002,16,10,14,1210,1,2,2,1,6,540
201600034003,16,10,14,2215,5,2,2,1,3,540
201600034004,16,10,15,605,3,1,1,1,2,157
201600034005,16,10,20,1700,1,1,1,3,6,497
201600034006,16,10,18,1920,5,2,1,3,6,484
201600034007,16,10,21,450,5,2,2,1,6,540
201600034008,16,10,13,1150,1,2,1,1,6,402
201600034009,16,10,20,2035,5,2,3,1,3,540
201600034010,16,10,25,2005,5,2,5,1,3,540
201600034011,16,11,1,950,1,2,2,1,3,540
201600034012,16,11,8,1610,1,2,5,1,3,498
201600034013,16,11,3,1420,1,2,3,1,3,681
201600034014,16,11,6,5,5,2,2,1,2,681
201600034015,16,11,9,1925,1,1,1,3,3,681
201600034016,16,11,7,740,2,2,1,2,3,540
201600034017,16,11,15,900,1,2,2,2,6,681
201600034018,16,11,10,2210,5,2,2,2,4,681
201600034019,16,11,11,1620,1,2,3,1,7,540
201600034020,16,11,17,1930,5,2,1,2,4,216
201600034021,16,11,7,1525,1,1,1,1,6,540
201600034022,16,11,14,940,1,1,1,1,3,540
201600034023,16,10,30,1630,1,2,1,1,2,540
201600034024,16,11,18,2140,5,2,2,1,3,157
201600034025,16,11,18,440,5,2,1,2,6,540
201600034026,16,11,2,1000,1,2,2,1,6,540
201600034027,16,11,21,700,3,1,1,2,6,457
201600034028,16,11,7,30,3,1,1,3,1,157
201600034029,16,11,21,1130,1,2,3,2,3,681
201600034030,16,11,24,650,3,2,1,1,6,178
201600034031,16,11,25,324,5,1,1,1,6,540
201600034032,16,11,22,1630,1,2,1,1,1,216
201600034033,16,11,27,1952,5,2,2,1,6,231
201600034034,16,11,24,1930,5,2,4,3,3,410
201600034035,16,11,25,1230,1,2,1,1,2,322
201600034036,16,11,13,225,5,1,6,1,7,391
201600034037,16,12,3,1949,5,2,3,1,3,231
201600034038,16,12,3,1530,1,2,3,1,6,484
201600034039,16,11,22,1936,5,2,2,1,3,540
201600034040,16,12,23,1905,5,2,1,1,2,540
201600034041,16,12,11,1520,1,2,2,1,3,540
201600034042,16,11,15,1915,5,1,6,1,6,95
201600034043,16,12,14,1310,1,2,3,1,6,540
201600034044,16,12,19,245,5,2,3,1,6,157
201600034045,16,12,16,1735,5,1,4,1,2,322
201600034046,16,12,12,1830,5,2,2,1,3,681
201600034047,16,12,13,1740,5,2,3,1,6,366
201600034048,16,12,19,1510,1,2,2,1,2,165
201600034049,16,12,13,1520,1,1,1,1,3,540
201600034050,16,12,15,2100,5,2,2,1,3,540
201600034051,16,11,24,30,5,2,1,1,6,681
201600034052,16,2,13,2220,5,2,1,3,6,108
201600034053,16,1,26,845,1,2,1,1,7,108
201600034054,16,3,14,1050,1,2,6,1,6,108
201600034055,16,5,1,1100,1,2,1,1,6,108
201600034056,16,5,15,2255,5,2,1,1,3,108
201600034057,16,5,14,1310,1,2,1,1,6,108
201600034058,16,7,6,2055,1,2,1,1,6,108
201600034059,16,7,23,2120,1,2,1,1,6,108
201600034060,16,9,1,2110,5,2,1,1,6,108
201600034061,16,9,19,1525,1,2,1,1,6,108
201600034062,16,10,17,1750,1,2,1,1,6,108
201600034063,16,10,19,2100,5,2,1,2,6,108
201600034064,16,8,20,1730,1,2,1,1,6,108
201600034065,16,1,30,1315,1,1,1,3,1,111
201600034066,16,2,25,1610,1,2,1,1,3,307
201600034067,16,2,12,745,2,2,1,8,7,132
201600034068,16,5,27,1135,1,1,1,1,6,18
201600034069,16,6,23,1305,1,1,1,1,1,132
201600034070,16,10,9,1830,1,2,1,1,2,18
201600034071,16,10,14,500,5,2,3,1,3,18
201600034072,16,1,7,855,5,2,1,3,6,131
201600034073,16,1,20,1650,1,1,1,1,4,433
201600034074,16,4,2,420,4,2,1,1,2,320
201600034075,16,4,18,10,3,2,1,1,7,281
201600034076,16,4,21,2125,5,2,2,1,3,320
201600034077,16,5,1,2330,3,1,1,1,6,28
201600034078,16,5,5,2200,3,2,1,1,7,42
201600034079,16,6,10,1110,1,2,1,1,6,131
201600034080,16,6,25,300,5,2,1,1,6,320
201600034081,16,6,26,715,1,2,1,1,3,131
201600034082,16,7,27,1300,1,1,1,1,2,281
201600034083,16,9,28,900,1,1,9,1,3,42
201600034084,16,10,22,725,3,1,1,5,1,13
201600034085,16,10,22,1115,1,1,3,5,2,70
201600034086,16,10,24,1725,1,2,3,1,2,42
201600034087,16,11,12,650,3,1,1,5,1,70
201600034088,16,12,13,1830,3,1,1,1,6,320
201600034089,16,12,31,1920,5,2,1,1,6,320
201600034090,16,1,24,1040,1,1,6,1,3,186
201600034091,16,1,27,1500,1,1,1,1,2,186
201600034092,16,1,30,1155,1,1,1,2,3,186
201600034093,16,2,7,2015,3,1,2,1,3,186
201600034094,16,2,9,820,1,1,3,2,3,186
201600034095,16,2,12,835,1,1,6,1,3,186
201600034096,16,2,22,2230,5,2,7,2,6,14
201600034097,16,3,7,735,1,1,1,1,2,186
201600034098,16,3,13,330,3,1,1,1,6,186
201600034099,16,4,3,1630,1,1,6,1,3,186
201600034100,16,4,12,1150,1,1,3,1,3,186
201600034101,16,4,27,1520,1,1,1,1,6,186
201600034102,16,4,29,1205,1,2,1,1,6,186
201600034103,16,5,8,115,3,1,6,1,6,186
201600034104,16,5,9,1015,1,2,1,1,3,186
201600034105,16,5,10,1225,1,1,1,1,6,186
201600034106,16,5,18,755,1,1,1,1,3,186
201600034107,16,5,19,1415,1,1,2,1,3,186
201600034108,16,6,8,1515,1,2,1,1,6,186
201600034109,16,6,11,1240,1,1,1,8,3,186
201600034110,16,6,18,1505,1,1,1,8,3,186
201600034111,16,6,25,1035,1,1,1,1,1,186
201600034112,16,6,26,1515,1,1,2,1,4,186
201600034113,16,6,27,1900,1,2,1,1,6,14
201600034114,16,7,28,1710,1,1,1,1,2,186
201600034115,16,7,30,1430,1,1,1,1,6,186
201600034116,16,8,22,1810,1,2,3,1,6,186
201600034117,16,9,4,1950,2,1,1,1,6,186
201600034118,16,9,4,2010,3,1,4,8,6,186
201600034119,16,9,14,1040,1,1,2,1,3,186
201600034120,16,9,15,1115,1,1,1,1,6,186
201600034121,16,9,19,1050,1,1,1,1,1,186
201600034122,16,10,10,1230,1,2,1,1,6,14
201600034123,16,10,18,1950,3,1,6,3,6,186
201600034124,16,11,4,1730,3,1,6,1,2,441
201600034125,16,11,6,1915,5,1,4,1,1,186
201600034126,16,9,28,2050,5,1,1,1,6,186
201600034127,16,11,9,950,1,1,4,3,5,186
201600034128,16,12,18,100,3,1,1,5,7,186
201600034129,16,1,11,1020,1,1,1,2,6,372
201600034130,16,1,21,1840,5,2,1,1,6,243
201600034131,16,2,2,1530,1,2,1,2,6,243
201600034132,16,2,3,1035,1,2,1,1,6,58
201600034133,16,2,9,810,2,2,1,2,6,243
201600034134,16,2,16,740,1,2,1,1,6,464
201600034135,16,2,23,1150,1,1,1,1,6,209
201600034136,16,2,26,920,1,1,2,1,5,438
201600034137,16,3,4,1135,1,1,3,1,4,237
201600034138,16,3,26,1610,1,2,1,1,1,243
201600034139,16,3,27,1640,1,2,1,1,1,181
201600034140,16,4,14,1800,1,2,4,1,6,464
201600034141,16,5,8,2050,2,1,1,1,6,243
201600034142,16,5,17,1220,1,1,3,1,2,85
201600034143,16,5,21,920,1,2,3,1,2,59
201600034144,16,5,21,1440,1,2,1,1,1,464
201600034145,16,6,6,1705,1,2,1,1,4,438
201600034146,16,6,9,825,1,2,2,1,6,243
201600034147,16,6,10,1735,1,2,4,1,6,464
201600034148,16,6,13,1645,1,2,6,1,2,58
201600034149,16,6,23,800,1,1,6,1,3,58
201600034150,16,7,8,1205,1,2,1,1,4,85
201600034151,16,7,9,1910,1,2,1,1,3,58
201600034152,16,7,18,1340,1,1,1,1,5,438
201600034153,16,7,23,1520,1,2,3,1,6,243
201600034154,16,8,5,2005,1,2,1,1,3,58
201600034155,16,8,8,920,1,2,9,1,6,438
201600034156,16,8,13,1410,1,2,3,1,3,221
201600034157,16,9,3,455,5,2,1,1,6,464
201600034158,16,9,6,1405,1,1,1,1,1,372
201600034159,16,10,3,1840,1,2,1,7,6,58
201600034160,16,10,11,1230,1,1,1,1,6,209
201600034161,16,10,12,1215,1,2,1,1,6,243
201600034162,16,11,10,1950,5,2,1,3,6,58
201600034163,16,11,21,1730,5,2,1,2,6,58
201600034164,16,11,27,1728,5,2,2,1,5,58
201600034165,16,12,4,1245,1,2,1,1,6,209
201600034166,16,11,19,2220,5,2,9,1,3,372
201600034167,16,12,5,740,2,2,1,1,6,155
201600034168,16,12,12,1715,5,2,1,2,6,58
201600034169,16,12,13,1135,1,1,1,2,3,209
201600034170,16,12,28,1300,1,2,9,1,3,243
201600034171,16,11,7,1712,5,2,4,1,6,475
201600034172,16,3,12,2100,5,2,1,1,3,284
201600034173,16,3,17,1710,1,2,2,1,3,284
201600034174,16,4,30,820,1,1,1,2,1,335
201600034175,16,5,21,515,2,1,1,1,5,335
201600034176,16,11,18,730,2,2,7,2,6,284
201600034177,16,11,19,1535,1,1,6,8,1,358
201600034178,16,11,15,1740,3,1,9,2,5,358
201600034179,16,12,15,840,1,1,1,1,4,276
201600034180,16,1,14,1850,3,1,1,2,6,39
201600034181,16,12,20,1520,1,2,1,1,6,407
201600034182,16,2,2,1550,1,2,2,1,6,288
201600034183,16,2,6,720,5,1,1,1,6,518
201600034184,16,2,8,1645,1,2,1,6,6,288
201600034185,16,2,12,2200,3,1,1,1,1,487
201600034186,16,2,14,2245,3,1,3,1,3,394
201600034187,16,2,16,1825,2,2,1,1,6,288
201600034188,16,2,19,1855,5,2,6,2,6,378
201600034189,16,2,25,400,3,1,1,2,6,389
201600034190,16,3,3,1645,1,1,1,1,1,40
201600034191,16,3,17,1705,1,2,1,1,6,285
201600034192,16,3,21,2053,3,1,1,1,3,39
201600034193,16,3,22,1109,1,1,1,1,5,269
201600034194,16,4,10,2040,2,1,1,1,1,518
201600034195,16,4,15,640,5,1,6,1,3,288
201600034196,16,4,15,1900,1,2,6,1,3,96
201600034197,16,5,22,1720,1,1,1,2,7,39
201600034198,16,6,3,1640,1,2,3,8,6,288
201600034199,16,6,6,1810,1,2,2,1,6,288
201600034200,16,6,10,1635,1,2,1,1,6,288
201600034201,16,6,13,1135,1,2,2,1,3,288
201600034202,16,6,23,1915,1,1,9,1,3,269
201600034203,16,6,25,1410,1,2,4,1,6,288
201600034204,16,6,30,1745,1,2,3,1,3,288
201600034205,16,8,23,1110,1,2,4,1,1,152
201600034206,16,8,23,950,1,1,6,1,3,285
201600034207,16,8,31,1730,1,1,4,1,3,152
201600034208,16,9,12,1625,1,2,9,1,2,288
201600034209,16,9,24,1450,1,2,3,1,6,152
201600034210,16,9,27,1750,1,2,2,1,6,288
201600034211,16,9,30,1730,1,2,3,2,1,152
201600034212,16,9,30,1955,3,2,1,2,1,269
201600034213,16,10,3,805,1,1,2,1,3,306
201600034214,16,10,3,1805,2,2,3,1,6,285
201600034215,16,11,10,2300,3,1,1,2,1,288
201600034216,16,11,17,725,5,2,4,9,3,288
201600034217,16,11,28,1625,1,2,2,1,6,288
201600034218,16,12,8,1530,1,2,3,1,6,288
201600034219,16,12,13,830,1,2,6,2,6,288
201600034220,16,12,20,1549,1,2,6,1,6,152
201600034221,16,1,2,2230,5,2,1,1,1,445
201600034222,16,12,20,1500,1,1,1,1,7,326
201600034223,16,10,12,825,1,2,1,1,6,445
201600034224,16,2,3,737,3,2,6,2,6,445
201600034225,16,1,21,1533,1,2,6,1,7,445
201600034226,16,2,24,1615,1,2,6,2,6,445
201600034227,16,4,7,1432,1,1,1,2,1,495
201600034228,16,4,19,1905,1,2,3,1,3,445
201600034229,16,5,9,1050,1,2,2,1,3,53
201600034230,16,5,13,1700,1,1,1,8,6,114
201600034231,16,5,15,1137,1,2,1,8,6,122
201600034232,16,5,9,2120,2,2,6,1,6,122
201600034233,16,4,11,1330,1,2,1,1,6,122
201600034234,16,5,14,1735,1,1,1,1,2,384
201600034235,16,6,6,1935,1,2,1,1,3,450
201600034236,16,6,23,1550,1,2,3,1,6,445
201600034237,16,6,24,815,1,1,1,8,6,251
201600034238,16,6,28,1531,1,1,2,1,1,495
201600034239,16,6,29,1950,1,2,6,1,6,53
201600034240,16,8,2,804,1,2,6,2,2,445
201600034241,16,8,2,1300,1,1,1,1,6,53
201600034242,16,8,8,1527,1,2,1,1,6,445
201600034243,16,8,13,950,1,2,3,7,7,296
201600034244,16,8,22,1210,1,1,3,1,4,251
201600034245,16,8,25,1930,1,1,2,1,1,114
201600034246,16,8,31,1730,1,2,1,1,1,495
201600034247,16,9,4,2000,2,2,1,2,6,251
201600034248,16,9,5,1915,1,2,3,2,2,53
201600034249,16,9,21,1705,1,2,1,1,6,445
201600034250,16,9,21,1645,1,1,2,1,5,114
201600034251,16,9,29,1720,1,2,3,7,3,445
201600034252,16,10,27,2125,3,1,1,1,1,114
201600034253,16,11,10,1957,5,1,1,3,6,445
201600034254,16,12,8,1828,5,2,1,1,6,251
201600034255,16,12,20,1740,2,2,2,1,6,445
201600034256,16,12,25,1735,3,1,6,1,7,296
201600034257,16,12,28,118,3,1,1,1,6,495
201600034258,16,1,2,1335,1,1,1,1,1,61
201600034259,16,12,9,1743,3,1,1,5,3,133
201600034260,16,4,3,1525,1,2,6,1,6,305
201600034261,16,3,11,1955,5,2,1,1,7,305
201600034262,16,4,7,2014,1,2,6,1,7,305
201600034263,16,6,9,2330,3,1,1,1,2,172
201600034264,16,7,8,1205,1,1,1,1,2,482
201600034265,16,7,6,2315,3,1,1,1,2,54
201600034266,16,7,17,1150,1,1,3,1,3,210
201600034267,16,9,26,2025,3,1,1,1,2,194
201600034268,16,9,12,1650,1,2,3,1,3,305
201600034269,16,12,17,1035,1,1,1,2,3,210
201600034270,16,1,4,730,5,2,5,8,6,316
201600034271,16,3,9,1315,1,1,3,2,3,316
201600034272,16,5,4,1715,1,2,1,1,6,491
201600034273,16,5,21,1410,1,1,1,1,6,316
201600034274,16,6,30,1515,1,1,2,1,3,494
201600034275,16,9,15,755,1,1,1,2,5,316
201600034276,16,10,15,640,5,2,1,2,6,79
201600034277,16,10,29,1230,1,1,1,8,7,316
201600034278,16,2,26,1455,1,2,5,1,6,458
201600034279,16,3,2,1905,5,2,2,9,6,333
201600034280,16,3,10,1856,1,2,4,1,7,48
201600034281,16,5,7,1845,1,2,6,1,6,333
201600034282,16,8,11,1315,1,2,1,1,6,333
201600034283,16,6,22,940,1,2,8,1,3,431
201600034284,16,9,27,715,2,2,2,1,1,333
201600034285,16,10,26,20,3,1,1,5,6,216
201600034286,16,11,29,2028,5,1,1,1,5,16
201600034287,16,1,8,1230,1,2,1,1,6,83
201600034288,16,1,8,1935,5,2,2,2,3,468
201600034289,16,1,8,2015,5,2,2,2,6,468
201600034290,16,1,13,1100,1,2,3,1,2,337
201600034291,16,1,20,1830,5,2,1,1,7,468
201600034292,16,1,22,1145,1,1,1,1,1,121
201600034293,16,1,26,1735,5,2,3,1,1,258
201600034294,16,2,8,1830,5,2,1,1,6,258
201600034295,16,2,17,1230,1,2,3,1,6,468
201600034296,16,2,28,410,3,1,1,1,3,121
201600034297,16,3,9,1,5,2,1,1,1,468
201600034298,16,3,21,935,1,2,3,1,3,337
201600034299,16,3,23,1745,1,2,3,1,7,337
201600034300,16,3,26,1150,1,1,1,1,6,169
201600034301,16,3,29,1625,1,2,3,2,6,83
201600034302,16,4,17,700,2,1,6,1,7,121
201600034303,16,4,20,1648,1,2,1,1,6,468
201600034304,16,4,29,2135,3,1,1,1,5,83
201600034305,16,5,21,2145,5,2,1,2,7,169
201600034306,16,5,22,1815,1,1,6,2,6,121
201600034307,16,6,3,1720,1,2,1,1,5,337
201600034308,16,6,8,1225,1,2,2,1,1,83
201600034309,16,6,11,2055,2,1,1,1,1,121
201600034310,16,6,26,1930,1,2,1,1,7,258
201600034311,16,6,24,2030,1,2,3,1,3,337
201600034312,16,7,29,1225,1,2,2,1,3,121
201600034313,16,8,4,2220,5,2,2,1,5,83
201600034314,16,8,1,2030,1,2,1,1,6,121
201600034315,16,8,5,1420,1,2,2,1,3,337
201600034316,16,8,14,245,5,2,6,1,7,83
201600034317,16,9,6,2120,5,2,6,1,3,83
201600034318,16,9,11,900,1,2,2,1,1,468
201600034319,16,9,17,1940,2,2,3,1,7,337
201600034320,16,10,6,1920,5,2,3,1,6,83
201600034321,16,10,22,1930,3,1,3,1,5,468
201600034322,16,11,21,1750,5,2,2,1,6,83
201600034323,16,11,26,1440,1,2,1,1,5,83
201600034324,16,11,28,1115,1,2,3,7,6,83
201600034325,16,11,28,1610,1,2,1,1,1,83
201600034326,16,12,5,915,1,2,2,1,3,468
201600034327,16,12,7,315,3,1,3,1,7,121
201600034328,16,12,11,1500,1,2,1,1,1,83
201600034329,16,12,19,1925,5,2,2,1,6,468
201600034330,16,12,9,2205,3,1,1,1,2,83
201600034331,16,12,28,1715,2,2,2,1,3,83
201600034332,16,1,5,820,2,2,1,2,6,249
201600034333,16,1,12,1935,1,1,3,1,1,114
201600034334,16,1,25,1550,1,2,5,1,3,215
201600034335,16,2,6,945,1,2,1,1,3,373
201600034336,16,2,12,1615,1,2,3,2,6,390
201600034337,16,2,15,1850,5,2,3,2,6,390
201600034338,16,3,13,1105,1,2,2,1,6,373
201600034339,16,3,29,2100,3,2,6,1,1,390
201600034340,16,4,4,20,5,2,1,2,1,390
201600034341,16,3,25,910,1,2,3,3,1,390
201600034342,16,4,21,2205,5,2,6,1,7,373
201600034343,16,4,21,1905,1,2,1,1,6,215
201600034344,16,5,1,1630,1,2,2,1,3,350
201600034345,16,5,3,1000,1,2,1,1,1,373
201600034346,16,5,1,1830,1,1,1,1,3,350
201600034347,16,5,10,1345,1,2,3,2,2,373
201600034348,16,5,24,1950,1,2,1,1,1,390
201600034349,16,5,27,815,1,1,1,1,2,215
201600034350,16,5,31,1400,1,2,3,2,3,373
201600034351,16,6,4,1610,1,2,1,1,3,215
201600034352,16,6,8,1830,1,2,1,1,2,373
201600034353,16,6,8,1500,1,1,1,1,1,350
201600034354,16,6,10,1735,1,2,1,1,6,390
201600034355,16,6,20,900,1,1,1,2,2,373
201600034356,16,7,4,1605,1,2,1,1,6,373
201600034357,16,6,26,1720,1,2,2,1,3,373
201600034358,16,7,1,1405,1,2,1,1,3,373
201600034359,16,7,16,1735,1,1,1,1,5,350
201600034360,16,8,1,1750,1,2,1,1,7,373
201600034361,16,8,4,2330,3,1,1,2,2,215
201600034362,16,8,9,1020,1,1,1,1,6,390
201600034363,16,8,26,1415,1,1,1,1,2,249
201600034364,16,9,5,1725,1,1,1,2,1,374
201600034365,16,9,12,1630,1,2,1,1,6,390
201600034366,16,9,13,1155,1,2,3,1,6,373
201600034367,16,9,19,1745,1,1,1,1,2,215
201600034368,16,9,21,545,3,1,1,1,5,374
201600034369,16,9,26,730,3,1,1,1,6,374
201600034370,16,9,28,1305,1,2,1,1,6,215
201600034371,16,9,30,2050,3,1,1,2,7,249
201600034372,16,10,1,2020,3,1,1,2,6,374
201600034373,16,10,6,1650,1,1,1,1,1,215
201600034374,16,10,11,2200,3,1,1,1,6,350
201600034375,16,9,23,1825,1,2,1,1,6,373
201600034376,16,10,21,1625,1,2,1,1,4,373
201600034377,16,10,15,1530,1,2,1,1,3,373
201600034378,16,10,24,1335,1,1,1,2,1,350
201600034379,16,10,29,2010,5,2,6,1,7,390
201600034380,16,11,25,2135,5,2,1,1,1,373
201600034381,16,12,4,1300,1,2,1,1,3,373
201600034382,16,12,9,156,5,2,1,1,6,350
201600034383,16,12,8,1900,5,2,6,1,6,215
201600034384,16,12,9,1947,3,1,1,1,5,350
201600034385,16,12,13,1955,5,2,1,1,3,350
201600034386,16,12,14,1000,1,2,1,1,6,350
201600034387,16,12,25,1940,3,1,1,1,1,350
201600034388,16,12,28,805,3,1,1,1,6,350
201600034389,16,1,22,1507,1,2,1,2,7,379
201600034390,16,3,5,2150,5,2,2,1,3,404
201600034391,16,3,11,1120,1,2,3,1,6,404
201600034392,16,5,7,2050,1,2,4,1,3,379
201600034393,16,5,22,30,5,2,1,1,6,260
201600034394,16,6,7,1225,1,1,3,1,3,368
201600034395,16,6,8,2020,1,1,1,1,1,459
201600034396,16,6,11,1010,1,1,1,2,7,459
201600034397,16,6,11,1055,1,1,4,1,5,379
201600034398,16,8,11,940,1,1,1,1,6,404
201600034399,16,8,28,1905,1,1,1,1,6,418
201600034400,16,10,3,500,5,1,3,1,3,459
201600034401,16,10,23,1605,1,2,1,3,7,404
201600034402,16,11,11,910,1,2,1,1,5,459
201600034403,16,11,12,1030,1,2,3,1,6,379
201600034404,16,1,12,1930,3,1,6,2,5,123
201600034405,16,2,6,1920,5,2,1,1,3,118
201600034406,16,2,19,840,1,1,1,1,3,462
201600034407,16,3,7,1625,1,2,1,1,3,514
201600034408,16,3,21,30,5,2,2,1,3,514
201600034409,16,3,29,1300,1,2,3,1,6,294
201600034410,16,4,19,2315,5,2,2,1,6,514
201600034411,16,4,21,1915,1,2,1,1,1,118
201600034412,16,4,3,1635,1,1,1,1,3,294
201600034413,16,5,15,30,3,1,1,1,2,294
201600034414,16,6,7,810,1,1,3,1,3,294
201600034415,16,7,30,50,3,1,1,1,2,462
201600034416,16,8,11,1035,1,2,1,1,6,294
201600034417,16,10,30,750,1,1,1,1,2,294
201600034418,16,10,12,2315,5,1,6,1,3,294
201600034419,16,11,2,1840,5,2,3,1,6,514
201600034420,16,11,1,630,3,1,1,1,4,462
201600034421,16,11,8,2220,3,1,1,2,2,514
201600034422,16,12,8,1715,5,1,4,1,1,118
201600034423,16,12,14,2030,5,1,2,1,3,291
201600034424,16,12,31,2115,5,1,1,1,6,498
201600034425,16,1,23,1335,1,2,3,1,2,498
201600034426,16,12,11,1610,1,2,2,1,3,498
201600034427,16,1,5,830,2,2,1,1,6,498
201600034428,16,10,14,750,2,1,1,1,7,123
201600034429,16,1,9,130,3,2,4,1,3,624
201600034430,16,12,15,1825,5,2,1,1,3,624
201600034431,16,10,9,1840,1,2,2,1,3,138
201600034432,16,12,9,830,1,2,1,1,6,498
201600034433,16,12,21,1050,1,1,1,1,6,672
201600034434,16,10,28,1220,1,1,1,1,6,172
201600034435,16,1,22,815,2,1,2,1,3,384
201600034436,16,2,2,2030,5,2,2,1,6,498
201600034437,16,1,8,1523,1,2,1,1,6,498
201600034438,16,1,27,1822,5,2,1,1,6,643
201600034439,16,1,12,1930,5,2,2,3,1,642
201600034440,16,1,25,830,1,2,2,1,6,498
201600034441,16,1,1,640,3,2,1,1,6,498
201600034442,16,2,9,1300,1,2,1,1,6,498
201600034443,16,2,2,1030,1,2,4,1,2,498
201600034444,16,2,5,1245,1,2,3,1,6,642
201600034445,16,2,16,2100,3,1,1,1,6,5
201600034446,16,3,3,1810,2,2,2,1,3,498
201600034447,16,3,13,1740,1,2,1,1,6,498
201600034448,16,3,12,220,5,2,3,1,6,498
201600034449,16,3,10,1145,1,2,2,1,3,498
201600034450,16,2,3,810,1,1,1,1,5,672
201600034451,16,4,6,1905,1,1,1,2,6,5
201600034452,16,4,13,1000,1,2,1,1,6,498
201600034453,16,5,1,1430,1,1,6,1,3,172
201600034454,16,4,27,1955,1,2,2,1,3,498
201600034455,16,4,14,1310,1,2,2,1,3,123
201600034456,16,5,17,2330,4,1,1,1,6,172
201600034457,16,5,22,710,1,2,2,3,6,498
201600034458,16,4,3,1020,1,2,1,1,6,498
201600034459,16,5,21,1832,1,1,1,1,7,498
201600034460,16,4,9,1814,1,2,1,2,5,498
201600034461,16,5,26,2055,1,2,1,1,7,123
201600034462,16,6,5,2150,3,2,6,1,1,498
201600034463,16,5,4,1225,1,2,1,1,6,498
201600034464,16,5,28,1620,1,2,1,2,1,123
201600034465,16,6,25,1236,1,1,1,1,7,624
201600034466,16,6,23,2100,2,1,3,1,3,138
201600034467,16,1,14,1755,5,2,2,9,6,5
201600034468,16,6,30,910,1,2,3,1,3,498
201600034469,16,6,9,2010,1,2,1,1,1,642
201600034470,16,7,6,1640,1,2,2,1,2,123
201600034471,16,7,8,5,5,2,2,1,6,498
201600034472,16,7,19,1610,1,2,1,1,6,498
201600034473,16,7,14,1000,1,2,1,2,6,643
201600034474,16,8,19,1515,1,2,1,1,1,498
201600034475,16,9,1,5,5,2,1,1,6,172
201600034476,16,8,27,1505,1,1,1,1,6,624
201600034477,16,7,28,2111,1,2,1,1,3,123
201600034478,16,7,11,1755,1,2,1,1,6,498
201600034479,16,8,10,205,5,2,1,1,6,498
201600034480,16,8,13,1410,1,2,2,1,3,123
201600034481,16,10,17,1545,1,2,1,1,6,498
201600034482,16,9,30,145,3,1,3,1,6,138
201600034483,16,11,1,1215,1,2,6,1,3,643
201600034484,16,10,25,924,1,2,1,1,5,498
201600034485,16,9,27,832,1,2,2,1,3,642
201600034486,16,9,30,1115,1,2,1,1,6,498
201600034487,16,11,17,925,1,1,1,1,6,643
201600034488,16,11,20,1150,1,2,1,1,6,498
201600034489,16,11,13,1310,1,2,1,1,6,498
201600034490,16,12,13,1800,5,2,2,1,6,498
201600034491,16,11,30,2150,5,2,1,1,6,123
201600034492,16,11,30,1956,5,2,9,1,3,643
201600034493,16,12,20,1710,2,2,1,1,6,423
201600034494,16,1,12,1815,5,2,2,1,6,423
201600034495,16,2,3,1100,1,2,1,1,6,208
201600034496,16,1,20,1455,1,2,2,7,6,621
201600034497,16,3,17,1945,2,2,1,1,6,423
201600034498,16,3,29,1600,1,2,1,1,6,621
201600034499,16,4,3,1750,1,2,1,1,2,423
201600034500,16,3,24,1342,1,2,1,1,3,621
201600034501,16,6,19,1010,1,1,1,1,6,423
201600034502,16,5,2,1115,1,2,2,1,6,423
201600034503,16,7,19,915,1,2,1,1,6,423
201600034504,16,3,23,1230,1,2,1,1,6,688
201600034505,16,7,7,2035,1,2,1,1,1,621
201600034506,16,8,8,1305,1,2,2,1,3,297
201600034507,16,2,9,820,1,2,3,1,1,297
201600034508,16,3,30,1830,1,2,1,1,4,688
201600034509,16,6,29,1242,1,2,1,1,2,621
201600034510,16,8,6,1430,1,2,1,1,2,208
201600034511,16,8,22,1600,1,2,1,1,3,621
201600034512,16,8,23,1850,1,2,1,1,3,208
201600034513,16,8,27,630,3,1,1,1,2,621
201600034514,16,8,30,1500,1,1,1,1,2,168
201600034515,16,8,25,935,1,2,2,1,3,423
201600034516,16,6,23,1910,1,2,1,1,3,621