Num_Acc,an,mois,jour,hrmn,lum,agg,int,atm,col,com
201600034517,16,7,26,1640,1,2,3,1,2,621
201600034518,16,9,22,655,3,1,1,5,7,397
201600034519,16,9,19,2115,4,2,8,1,6,621
201600034520,16,10,1,1530,1,2,1,1,1,621
201600034521,16,10,11,1335,1,2,1,1,6,383
201600034522,16,10,18,1745,1,2,1,2,2,208
201600034523,16,10,16,2220,5,2,1,2,7,208
201600034524,16,11,3,745,5,2,1,1,3,168
201600034525,16,11,17,1620,1,2,1,1,6,621
201600034526,16,10,20,1515,1,2,6,1,2,208
201600034527,16,9,24,2330,5,2,1,1,7,644
201600034528,16,12,24,2215,5,2,2,1,3,168
201600034529,16,1,8,30,5,2,1,1,6,402
201600034530,16,1,24,1355,1,1,1,8,6,362
201600034531,16,1,24,1535,1,2,2,1,3,361
201600034532,16,1,27,810,1,2,3,8,7,335
201600034533,16,1,28,825,1,2,1,2,3,267
201600034534,16,2,16,1650,1,2,1,1,6,354
201600034535,16,2,20,1555,1,2,2,1,3,335
201600034536,16,2,29,1725,1,2,1,1,6,361
201600034537,16,5,6,1755,1,1,1,1,3,267
201600034538,16,6,10,2350,5,2,1,8,6,361
201600034539,16,6,28,1545,1,2,1,1,6,402
201600034540,16,7,7,805,1,2,2,1,3,335
201600034541,16,7,7,1215,1,2,1,1,6,361
201600034542,16,7,12,305,5,2,1,1,7,362
201600034543,16,7,15,1800,1,2,1,1,3,267
201600034544,16,7,22,415,5,2,1,1,7,354
201600034545,16,7,23,2055,1,2,1,1,2,118
201600034546,16,8,30,2320,5,2,1,1,7,501
201600034547,16,9,3,1835,1,2,1,1,1,118
201600034548,16,9,11,1335,1,1,1,1,6,314
201600034549,16,9,15,1620,1,2,1,2,3,361
201600034550,16,9,29,1015,1,2,1,1,7,402
201600034551,16,10,13,725,5,2,1,1,3,362
201600034552,16,10,19,810,1,2,1,1,6,362
201600034553,16,10,26,1855,5,2,3,1,3,267
201600034554,16,11,17,1645,5,2,1,2,6,361
201600034555,16,11,20,2110,5,2,1,2,2,361
201600034556,16,12,12,1645,5,2,1,8,6,361
201600034557,16,12,14,1900,3,2,1,1,1,335
201600034558,16,12,15,1325,1,2,1,1,1,335
201600034559,16,12,26,2210,5,2,2,1,3,361
201600034560,16,1,4,830,1,2,1,1,4,401
201600034561,16,1,6,1720,3,2,1,1,2,29
201600034562,16,1,11,2025,5,2,1,1,6,440
201600034563,16,1,18,1450,1,2,1,1,2,440
201600034564,16,1,23,1900,5,2,1,1,2,609
201600034565,16,1,24,1800,2,2,6,8,6,29
201600034566,16,1,27,1520,1,2,1,1,6,440
201600034567,16,2,9,1625,1,2,2,8,3,440
201600034568,16,2,19,1600,1,2,1,1,4,440
201600034569,16,3,2,1515,1,2,1,2,6,440
201600034570,16,3,7,720,2,1,1,9,6,227
201600034571,16,3,26,1620,1,2,2,1,3,238
201600034572,16,4,2,1612,1,2,1,1,6,440
201600034573,16,4,10,855,1,1,1,5,7,401
201600034574,16,4,12,45,5,2,3,1,6,401
201600034575,16,4,18,1710,1,2,3,1,3,440
201600034576,16,4,19,1949,1,2,6,1,3,238
201600034577,16,5,2,445,5,2,1,9,6,29
201600034578,16,6,7,1750,1,2,1,1,6,440
201600034579,16,6,19,445,5,2,1,1,1,299
201600034580,16,6,23,1725,1,2,2,2,3,440
201600034581,16,6,30,1800,1,2,1,1,1,440
201600034582,16,7,2,1720,1,2,2,1,1,440
201600034583,16,7,19,1915,1,2,3,1,3,440
201600034584,16,7,22,2000,1,2,1,1,2,403
201600034585,16,7,25,2045,1,2,3,1,2,440
201600034586,16,7,26,2245,3,1,3,1,7,238
201600034587,16,7,30,440,5,2,1,1,6,401
201600034588,16,8,7,1612,1,2,1,1,6,440
201600034589,16,8,23,1015,1,2,1,1,6,440
201600034590,16,8,24,1934,1,2,1,1,6,29
201600034591,16,8,27,1350,1,2,1,1,6,401
201600034592,16,9,1,2200,3,1,1,1,1,261
201600034593,16,9,12,1100,1,2,1,1,6,440
201600034594,16,9,20,827,1,2,1,1,6,440
201600034595,16,10,1,1135,1,1,1,2,2,227
201600034596,16,10,6,1120,1,1,1,1,4,238
201600034597,16,10,25,1830,1,2,1,1,3,440
201600034598,16,10,30,1641,1,1,1,1,3,609
201600034599,16,11,19,1715,2,2,3,1,3,440
201600034600,16,11,27,2110,3,1,1,1,1,609
201600034601,16,12,17,1330,1,1,1,5,2,261
201600034602,16,10,29,2245,5,2,1,2,2,674
201600034603,16,10,6,1620,1,1,1,1,1,674
201600034604,16,1,2,1400,1,2,1,1,6,490
201600034605,16,1,10,1845,4,2,1,9,3,165
201600034606,16,9,29,755,1,2,6,1,6,165
201600034607,16,2,4,740,1,2,1,1,3,545
201600034608,16,12,9,850,1,2,6,1,3,490
201600034609,16,1,8,1640,1,2,1,1,6,545
201600034610,16,3,5,2120,5,2,3,2,6,490
201600034611,16,12,8,1540,1,2,2,1,6,490
201600034612,16,2,23,2050,5,2,1,1,1,242
201600034613,16,4,1,1945,1,2,3,1,3,490
201600034614,16,4,30,1355,1,2,1,1,2,545
201600034615,16,1,14,720,5,2,3,2,3,545
201600034616,16,6,13,2000,2,1,3,1,3,545
201600034617,16,6,22,1930,1,2,3,1,3,73
201600034618,16,6,29,435,3,1,1,1,1,490
201600034619,16,7,6,200,4,1,1,1,6,545
201600034620,16,7,5,2000,1,2,1,1,1,242
201600034621,16,7,11,1910,1,2,3,1,6,545
201600034622,16,7,21,1710,1,2,3,1,3,490
201600034623,16,5,20,2230,3,1,6,1,1,674
201600034624,16,9,13,1435,1,2,1,1,4,545
201600034625,16,7,9,1800,1,2,1,1,2,490
201600034626,16,9,1,1250,1,2,1,1,6,490
201600034627,16,9,11,2130,3,1,1,1,1,490
201600034628,16,10,21,1915,2,2,1,2,6,545
201600034629,16,2,25,1645,1,1,1,1,1,220
201600034630,16,4,6,1030,1,1,1,1,6,269
201600034631,16,3,22,1015,1,2,1,1,6,486
201600034632,16,4,23,1700,1,2,1,1,7,269
201600034633,16,5,11,550,2,1,1,5,1,269
201600034634,16,5,24,850,1,1,1,1,3,269
201600034635,16,6,19,34,3,1,1,1,6,486
201600034636,16,6,23,835,1,2,1,1,6,517
201600034637,16,7,8,1405,1,2,1,1,6,517
201600034638,16,7,11,2330,5,2,4,1,7,517
201600034639,16,7,19,1900,1,1,9,1,2,220
201600034640,16,7,22,1105,1,2,1,1,6,486
201600034641,16,8,16,1330,1,1,1,1,7,517
201600034642,16,8,25,1610,1,1,1,1,6,220
201600034643,16,9,10,1415,1,2,1,1,3,517
201600034644,16,9,16,2040,3,1,1,2,6,486
201600034645,16,9,20,810,1,2,5,1,6,517
201600034646,16,10,30,1150,1,2,3,7,6,517
201600034647,16,12,3,1048,1,1,2,1,6,220
201600034648,16,9,8,1535,1,2,1,1,4,350
201600034649,16,9,13,2020,2,2,1,1,7,418
201600034650,16,12,5,830,4,1,1,1,7,133
201600034651,16,1,16,1305,1,2,7,8,3,551
201600034652,16,1,4,2055,5,2,1,1,3,146
201600034653,16,11,1,1800,2,2,3,1,3,146
201600034654,16,1,16,2145,3,1,1,1,1,551
201600034655,16,1,16,950,1,2,1,1,3,650
201600034656,16,6,13,1715,1,2,6,1,3,190
201600034657,16,11,21,1530,1,2,1,1,3,146
201600034658,16,2,4,1832,3,2,7,2,6,551
201600034659,16,9,19,850,1,2,1,1,6,418
201600034660,16,12,11,1150,1,2,1,1,6,418
201600034661,16,5,23,1500,1,2,1,8,3,372
201600034662,16,4,20,2110,2,2,1,1,1,350
201600034663,16,11,13,300,5,2,1,3,2,350
201600034664,16,3,23,1545,1,2,1,1,4,502
201600034665,16,11,30,1305,1,2,4,1,3,481
201600034666,16,5,11,810,1,1,1,1,1,551
201600034667,16,12,29,900,1,1,1,1,5,551
201600034668,16,7,8,1400,1,1,1,7,2,551
201600034669,16,8,3,1010,1,2,2,1,3,367
201600034670,16,7,1,1715,1,1,1,1,3,133
201600034671,16,7,21,1300,1,1,9,1,3,481
201600034672,16,6,21,1700,1,1,1,3,4,551
201600034673,16,8,18,1310,1,1,1,1,3,551
201600034674,16,6,28,1925,1,2,2,1,1,650
201600034675,16,9,26,1630,1,2,1,1,6,502
201600034676,16,5,17,1330,1,2,1,1,3,502
201600034677,16,1,4,1345,1,2,3,1,3,372
201600034678,16,9,26,1640,1,2,4,1,3,350
201600034679,16,4,21,830,1,2,1,1,6,551
201600034680,16,10,5,1900,2,2,3,1,1,481
201600034681,16,11,22,1128,1,1,2,1,3,224
201600034682,16,10,30,2110,3,1,1,1,6,551
201600034683,16,1,14,1710,1,2,1,1,6,586
201600034684,16,1,27,745,5,2,1,2,6,586
201600034685,16,2,16,1805,2,2,3,1,5,311
201600034686,16,2,19,1530,1,2,1,1,6,396
201600034687,16,2,25,2300,5,2,1,1,6,586
201600034688,16,1,13,1030,1,2,1,1,6,586
201600034689,16,4,29,1740,1,2,1,1,5,311
201600034690,16,5,19,1229,1,2,3,2,3,586
201600034691,16,4,26,1930,1,2,2,1,3,586
201600034692,16,5,23,1100,1,2,1,3,3,311
201600034693,16,3,8,835,1,2,1,1,6,586
201600034694,16,5,11,1515,1,2,3,2,6,586
201600034695,16,6,10,1725,1,2,3,7,7,586
201600034696,16,7,6,1910,1,2,3,1,6,586
201600034697,16,6,3,1650,1,2,1,1,6,586
201600034698,16,7,21,2000,1,2,1,1,6,396
201600034699,16,7,27,1800,1,2,1,1,7,586
201600034700,16,6,24,1750,1,2,3,1,3,586
201600034701,16,8,15,2040,1,2,3,1,3,586
201600034702,16,8,22,1445,1,2,3,1,3,586
201600034703,16,8,22,2205,5,2,1,1,6,358
201600034704,16,8,26,1320,1,2,3,1,3,358
201600034705,16,3,16,1620,1,2,1,1,6,586
201600034706,16,9,5,930,1,2,2,2,2,311
201600034707,16,9,13,1800,1,2,1,1,2,586
201600034708,16,9,18,1640,1,2,1,1,6,124
201600034709,16,9,17,1816,1,2,3,1,3,586
201600034710,16,10,18,1900,5,2,1,2,6,586
201600034711,16,11,8,830,2,2,1,1,6,586
201600034712,16,11,13,1050,1,2,3,2,3,311
201600034713,16,11,17,910,1,2,2,1,3,586
201600034714,16,11,17,1913,5,2,1,2,3,311
201600034715,16,11,7,825,1,2,3,2,3,124
201600034716,16,11,29,1549,1,2,1,1,6,358
201600034717,16,12,1,1720,2,2,2,1,6,586
201600034718,16,12,3,1145,1,2,3,1,6,586
201600034719,16,12,6,2020,5,2,3,1,3,358
201600034720,16,12,12,1720,5,1,2,2,1,358
201600034721,16,12,7,1220,1,2,4,1,1,124
201600034722,16,12,24,1459,1,2,1,1,1,311
201600034723,16,1,7,1340,1,2,2,1,3,646
201600034724,16,12,17,1250,1,2,1,1,6,158
201600034725,16,12,9,1320,1,2,1,1,6,158
201600034726,16,11,9,905,1,2,1,2,3,646
201600034727,16,1,11,1925,5,2,3,1,3,646
201600034728,16,12,7,1651,1,2,8,1,6,343
201600034729,16,1,28,1650,1,2,2,1,3,646
201600034730,16,1,25,1705,1,2,1,2,1,343
201600034731,16,1,29,930,1,2,3,1,6,158
201600034732,16,1,29,705,2,2,3,1,1,158
201600034733,16,3,7,855,1,2,2,2,6,646
201600034734,16,3,9,745,1,2,2,1,6,646
201600034735,16,3,13,2130,3,2,2,1,1,646
201600034736,16,3,14,1955,3,2,1,1,6,646
201600034737,16,3,21,844,1,2,1,1,7,646
201600034738,16,3,29,1005,1,2,3,1,6,646
201600034739,16,3,27,1310,1,2,1,1,6,646
201600034740,16,4,2,1950,1,2,3,2,1,92
201600034741,16,1,20,2020,5,2,3,1,3,640
201600034742,16,1,20,1830,5,2,1,1,6,686
201600034743,16,4,24,2130,2,2,9,1,4,640
201600034744,16,4,14,1725,1,2,1,2,2,117
201600034745,16,4,19,1750,1,2,2,1,1,646
201600034746,16,5,3,1630,1,2,1,1,3,646
201600034747,16,5,4,2145,3,2,1,1,6,646
201600034748,16,5,7,1935,1,2,1,1,3,158
201600034749,16,5,10,1600,1,2,2,2,6,646
201600034750,16,5,12,1740,1,2,1,2,6,646
201600034751,16,5,25,919,1,2,2,1,3,646
201600034752,16,5,8,1640,1,2,1,1,3,126
201600034753,16,5,31,1445,1,1,1,1,4,646
201600034754,16,6,6,2100,1,2,2,1,3,646
201600034755,16,6,10,1055,1,2,1,1,4,117
201600034756,16,6,11,1715,1,2,1,1,3,646
201600034757,16,6,18,2120,2,2,1,1,1,158
201600034758,16,6,26,1100,1,1,3,1,3,126
201600034759,16,6,29,1350,1,2,1,1,2,646
201600034760,16,6,30,1945,1,2,1,1,7,646
201600034761,16,7,11,1820,1,2,1,1,6,646
201600034762,16,7,22,2135,1,2,1,1,3,646
201600034763,16,8,17,1110,1,2,2,1,6,646
201600034764,16,8,23,2052,1,2,1,1,6,158
201600034765,16,6,12,1535,1,2,1,1,2,640
201600034766,16,1,5,30,5,2,3,1,2,686
201600034767,16,9,1,1825,1,2,2,1,2,524
201600034768,16,10,5,1250,1,2,1,1,6,646
201600034769,16,9,7,1720,1,2,2,1,1,646
201600034770,16,9,7,1,5,2,2,1,3,646
201600034771,16,11,2,1300,1,2,4,1,1,646
201600034772,16,11,3,1220,1,1,1,1,3,646
201600034773,16,11,4,1225,1,2,1,1,3,646
201600034774,16,11,9,2155,5,2,1,3,6,646
201600034775,16,11,25,1530,1,2,1,1,6,640
201600034776,16,11,26,1833,3,2,1,1,3,646
201600034777,16,11,28,1400,1,2,1,1,3,646
201600034778,16,12,2,1300,1,2,2,1,6,646
201600034779,16,12,2,1320,1,2,1,1,3,646
201600034780,16,12,8,1410,1,2,1,1,6,158
201600034781,16,12,20,1315,1,2,1,1,6,126
201600034782,16,12,12,2015,5,2,1,2,7,158
201600034783,16,10,28,1810,2,2,7,1,6,646
201600034784,16,11,30,2110,5,2,1,1,3,646
201600034785,16,12,15,2310,5,2,3,1,3,646
201600034786,16,12,9,1800,5,2,2,1,3,191
201600034787,16,12,18,2055,5,2,1,1,6,191
201600034788,16,1,5,1734,2,2,1,8,3,191
201600034789,16,12,27,1900,5,2,1,1,6,191
201600034790,16,1,19,1925,3,2,1,1,2,191
201600034791,16,1,21,1355,1,2,1,1,1,191
201600034792,16,1,28,1555,1,1,1,2,2,191
201600034793,16,2,16,1250,1,2,1,1,6,191
201600034794,16,2,26,1150,1,2,1,1,3,191
201600034795,16,2,28,1155,1,2,1,1,6,191
201600034796,16,2,29,1805,1,2,1,1,6,191
201600034797,16,3,1,850,1,2,1,1,6,191
201600034798,16,3,4,1430,1,2,4,2,7,191
201600034799,16,3,8,1455,1,2,2,1,2,191
201600034800,16,3,16,530,5,2,1,1,6,191
201600034801,16,3,17,755,1,2,6,1,3,191
201600034802,16,3,30,1150,1,2,1,1,4,191
201600034803,16,4,2,1005,1,2,1,1,3,191
201600034804,16,4,8,2335,5,2,1,1,6,191
201600034805,16,5,30,1220,1,2,2,8,3,191
201600034806,16,6,20,915,1,2,3,1,3,191
201600034807,16,7,2,1450,1,2,1,8,3,191
201600034808,16,7,4,1230,1,2,2,8,5,191
201600034809,16,8,21,620,5,2,5,1,7,191
201600034810,16,8,21,715,2,2,3,1,3,191
201600034811,16,8,22,1650,1,2,1,1,6,81
201600034812,16,9,2,1430,1,2,1,1,6,191
201600034813,16,9,11,1025,1,1,1,1,1,81
201600034814,16,9,20,855,1,2,1,1,2,81
201600034815,16,9,21,855,1,2,1,1,3,191
201600034816,16,9,23,1840,1,2,2,1,6,191
201600034817,16,9,24,1330,1,2,1,1,1,191
201600034818,16,9,27,1610,1,2,3,1,3,191
201600034819,16,9,25,1510,1,2,1,1,1,191
201600034820,16,10,24,2015,5,2,3,1,3,191
201600034821,16,10,21,2000,5,2,1,1,6,81
201600034822,16,12,2,1830,5,2,1,1,3,81
201600034823,16,1,14,805,3,2,2,2,3,329
201600034824,16,1,13,2120,5,2,3,1,3,329
201600034825,16,1,28,1210,1,2,1,2,6,329
201600034826,16,1,29,1005,1,2,2,1,6,329
201600034827,16,2,8,905,1,2,1,6,1,329
201600034828,16,3,12,1705,1,1,1,1,1,300
201600034829,16,3,17,1325,1,2,1,1,6,329
201600034830,16,3,27,1745,1,1,1,1,1,329
201600034831,16,4,8,1150,1,2,1,1,7,329
201600034832,16,4,10,315,3,2,3,1,7,329
201600034833,16,6,3,1213,1,2,7,8,6,329
201600034834,16,6,21,1130,1,1,2,1,7,259
201600034835,16,7,1,2025,1,2,3,1,6,259
201600034836,16,7,9,2034,1,1,9,1,3,259
201600034837,16,7,11,1615,1,2,3,1,3,329
201600034838,16,7,15,1740,1,1,2,1,1,259
201600034839,16,7,16,1535,1,2,1,1,3,329
201600034840,16,7,21,1050,1,2,9,1,3,329
201600034841,16,8,24,1819,1,2,2,1,3,329
201600034842,16,8,29,1000,1,2,6,2,3,329
201600034843,16,9,2,1000,1,2,1,1,6,329
201600034844,16,9,11,1425,1,2,1,1,7,329
201600034845,16,9,21,1220,1,2,1,1,2,329
201600034846,16,9,22,849,1,2,2,1,3,329
201600034847,16,9,29,35,5,2,2,1,3,329
201600034848,16,10,21,1810,1,1,2,1,7,329
201600034849,16,10,29,1612,1,2,3,1,3,329
201600034850,16,11,23,1700,2,1,2,8,7,259
201600034851,16,12,15,2150,5,2,3,8,7,329
201600034852,16,1,24,1058,1,2,1,1,6,1
201600034853,16,4,1,1720,1,2,9,1,6,1
201600034854,16,5,18,1510,1,2,6,2,3,1
201600034855,16,5,25,1450,1,1,1,1,6,1
201600034856,16,6,7,1600,1,2,1,1,6,1
201600034857,16,8,7,2115,1,2,9,1,6,1
201600034858,16,8,15,1015,1,2,1,1,6,1
201600034859,16,9,6,1555,1,2,1,1,6,1
201600034860,16,9,29,730,1,2,1,1,3,1
201600034861,16,10,10,1325,1,2,1,1,6,1
201600034862,16,10,28,1157,1,2,1,1,6,1
201600034863,16,12,2,230,5,2,1,1,6,1
201600034864,16,11,26,1720,5,1,9,1,3,1
201600034865,16,12,23,1830,5,2,1,1,6,21
201600034866,16,12,24,404,3,1,1,2,7,21
201600034867,16,1,2,1410,1,1,3,2,5,131
201600034868,16,1,2,1620,1,1,1,3,7,164
201600034869,16,1,2,1750,2,2,1,2,2,21
201600034870,16,1,5,1945,5,2,1,1,7,21
201600034871,16,1,7,900,1,2,3,1,7,21
201600034872,16,1,7,1450,1,2,1,1,7,632
201600034873,16,1,11,1430,1,2,1,2,4,632
201600034874,16,1,11,1335,1,2,1,2,1,724
201600034875,16,1,12,1835,5,2,1,2,7,21
201600034876,16,1,12,1510,1,2,1,2,2,21
201600034877,16,1,12,1635,1,2,1,2,7,21
201600034878,16,1,15,1235,1,1,1,1,2,164
201600034879,16,1,17,1530,1,2,1,1,7,21
201600034880,16,1,22,800,3,1,6,1,3,261
201600034881,16,1,20,1055,1,2,1,7,7,21
201600034882,16,1,25,1420,1,2,1,1,3,164
201600034883,16,1,29,850,1,2,1,1,7,21
201600034884,16,1,29,1730,1,2,1,1,2,674
201600034885,16,1,30,1450,1,2,1,3,4,21
201600034886,16,2,1,1935,5,2,1,2,1,21
201600034887,16,2,4,1255,1,1,1,1,1,21
201600034888,16,2,4,1340,1,2,1,1,7,21
201600034889,16,2,5,1830,5,2,1,1,7,21
201600034890,16,2,8,1315,1,2,1,1,3,21
201600034891,16,2,9,1315,1,2,3,2,7,21
201600034892,16,2,9,1825,5,2,3,2,3,21
201600034893,16,2,17,2350,5,2,1,1,6,21
201600034894,16,2,19,2320,5,2,2,1,3,725
201600034895,16,1,19,1825,2,2,1,1,6,21
201600034896,16,2,23,1925,2,2,1,2,6,21
201600034897,16,2,25,750,1,2,9,1,7,164
201600034898,16,2,26,1230,1,2,1,1,6,21
201600034899,16,2,27,2245,5,2,1,1,3,21
201600034900,16,2,29,750,1,2,1,1,3,21
201600034901,16,2,29,1430,1,2,1,1,6,21
201600034902,16,3,5,2010,5,2,1,1,7,21
201600034903,16,3,10,2320,5,2,1,1,7,21
201600034904,16,3,15,1430,1,2,1,1,7,21
201600034905,16,3,15,1530,1,2,2,1,3,21
201600034906,16,3,16,1853,1,2,1,1,3,21
201600034907,16,3,16,815,1,2,3,1,3,21
201600034908,16,3,17,1405,1,2,1,1,2,21
201600034909,16,3,23,1055,1,2,1,1,7,21
201600034910,16,3,30,855,1,2,1,1,3,21
201600034911,16,5,19,910,1,2,1,7,6,256
201600034912,16,4,2,1335,1,2,1,1,4,674
201600034913,16,4,6,535,5,2,2,1,3,21
201600034914,16,4,16,2115,5,2,2,1,3,21
201600034915,16,4,8,1615,1,2,1,1,3,21
201600034916,16,4,12,1835,1,2,1,1,6,21
201600034917,16,4,13,1345,1,2,9,1,3,21
201600034918,16,4,19,840,1,1,1,1,4,164
201600034919,16,4,20,1440,1,2,1,1,7,21
201600034920,16,4,20,1640,1,2,1,1,7,21
201600034921,16,4,26,1010,1,2,1,1,2,21
201600034922,16,4,29,1930,1,2,1,2,6,21
201600034923,16,5,15,620,2,2,6,1,7,21
201600034924,16,5,1,1215,1,2,6,1,1,632
201600034925,16,5,6,2155,5,2,2,1,6,21
201600034926,16,5,7,630,2,2,2,1,3,164
201600034927,16,5,7,1500,1,2,1,1,2,21
201600034928,16,5,11,1335,1,2,1,1,3,21
201600034929,16,5,11,1735,1,2,3,1,3,21
201600034930,16,5,13,1430,1,2,2,1,3,21
201600034931,16,5,16,2005,1,2,9,1,3,21
201600034932,16,5,16,1855,1,2,1,1,3,21
201600034933,16,5,18,1720,1,1,1,3,7,160
201600034934,16,5,5,1,5,2,2,1,3,489
201600034935,16,5,20,1620,1,2,1,1,4,725
201600034936,16,5,25,950,1,2,6,1,3,21
201600034937,16,5,26,700,1,2,1,1,6,21
201600034938,16,5,27,854,1,2,1,1,3,21
201600034939,16,5,28,2030,1,2,1,1,6,21
201600034940,16,6,4,1620,1,1,1,1,6,674
201600034941,16,6,6,725,1,2,3,1,3,489
201600034942,16,6,6,2235,5,2,1,2,6,21
201600034943,16,6,9,1550,1,2,3,1,3,21
201600034944,16,6,9,1905,1,1,1,1,1,256
201600034945,16,6,7,1940,1,2,1,1,6,131
201600034946,16,6,11,1120,1,1,1,1,1,261
201600034947,16,6,18,1200,1,2,1,1,3,21
201600034948,16,6,24,1534,1,2,2,1,3,160
201600034949,16,6,27,830,1,2,1,1,4,21
201600034950,16,6,28,1945,1,2,6,1,3,21
201600034951,16,7,7,2036,1,2,4,1,3,21
201600034952,16,7,7,1750,1,2,1,1,6,21
201600034953,16,7,13,2330,5,2,1,1,7,21
201600034954,16,7,18,730,1,1,1,1,3,21
201600034955,16,7,22,1450,1,1,1,1,6,21
201600034956,16,7,26,2310,5,2,1,1,3,21
201600034957,16,7,27,900,1,2,1,1,7,725
201600034958,16,8,5,1740,1,2,1,1,4,21
201600034959,16,8,1,1505,1,2,1,1,3,21
201600034960,16,8,17,2015,1,2,3,1,3,21
201600034961,16,8,19,2250,5,2,3,2,7,21
201600034962,16,8,21,1725,1,2,3,1,3,21
201600034963,16,8,24,1747,1,2,3,1,3,21
201600034964,16,8,27,1830,1,2,3,1,3,21
201600034965,16,8,31,1925,1,2,1,1,2,21
201600034966,16,8,30,845,1,2,1,7,6,21
201600034967,16,9,1,1345,1,2,3,1,6,21
201600034968,16,9,3,1755,1,2,1,1,3,21
201600034969,16,9,4,1543,1,2,2,1,3,21
201600034970,16,9,9,830,1,1,1,1,4,131
201600034971,16,9,14,1020,1,2,6,1,6,21
201600034972,16,9,14,1830,1,2,1,1,3,21
201600034973,16,9,17,1830,1,2,1,1,7,21
201600034974,16,9,20,835,1,2,1,1,2,21
201600034975,16,9,20,1010,1,2,1,1,3,21
201600034976,16,9,28,1450,1,2,1,1,6,21
201600034977,16,10,3,1715,1,2,1,1,2,725
201600034978,16,10,3,1930,2,2,1,1,2,21
201600034979,16,10,5,802,1,2,1,1,6,21
201600034980,16,10,8,1335,1,2,3,1,3,21
201600034981,16,10,11,1650,1,2,1,1,6,21
201600034982,16,10,14,1735,1,2,1,2,6,21
201600034983,16,10,14,1600,1,2,1,1,6,21
201600034984,16,10,17,1740,1,2,1,1,3,21
201600034985,16,10,22,100,5,2,1,1,6,674
201600034986,16,10,30,1315,1,2,1,1,6,21
201600034987,16,11,3,1830,5,2,3,1,3,21
201600034988,16,11,7,1826,5,2,1,2,3,21
201600034989,16,11,9,753,2,2,1,3,6,21
201600034990,16,11,10,925,1,1,1,1,2,160
201600034991,16,11,15,1115,1,2,2,2,3,21
201600034992,16,11,16,827,2,2,1,2,6,21
201600034993,16,11,18,1605,1,2,1,2,2,21
201600034994,16,11,19,1315,1,2,1,1,3,21
201600034995,16,11,21,1947,5,2,2,2,3,725
201600034996,16,9,12,200,3,1,1,1,6,131
201600034997,16,11,23,1510,1,2,2,1,3,21
201600034998,16,11,25,1850,3,1,1,1,3,702
201600034999,16,11,29,1050,1,1,1,1,3,21
201600035000,16,11,30,820,1,2,1,2,6,21
201600035001,16,12,1,2050,5,2,1,1,3,21
201600035002,16,12,3,30,5,2,2,1,3,21
201600035003,16,12,3,1235,1,1,1,1,6,164
201600035004,16,12,6,1825,5,2,3,1,3,21
201600035005,16,12,7,1130,1,2,1,1,3,21
201600035006,16,12,10,310,5,2,1,1,6,21
201600035007,16,12,9,1438,1,2,1,1,2,21
201600035008,16,12,9,2245,5,2,1,1,2,256
201600035009,16,12,17,300,5,2,1,1,6,21
201600035010,16,12,17,310,5,2,1,1,6,21
201600035011,16,12,19,756,2,2,6,1,3,21
201600035012,16,12,20,1315,1,2,1,1,6,21
201600035013,16,12,21,830,1,2,1,1,6,21
201600035014,16,12,21,1635,1,2,1,1,6,21
201600035015,16,2,11,1820,2,2,9,1,6,4
201600035016,16,4,24,2245,5,2,1,1,6,4
201600035017,16,8,22,2345,3,1,1,1,1,18
201600035018,16,9,30,1130,1,1,3,1,5,4
201600035019,16,10,12,1340,1,2,1,1,3,4
201600035020,16,11,10,730,2,1,2,8,3,4
201600035021,16,6,9,1200,1,2,3,1,6,60
201600035022,16,7,3,756,1,2,1,1,1,60
201600035023,16,7,6,1555,1,2,1,1,6,60
201600035024,16,1,16,1140,1,1,2,1,3,65
201600035025,16,1,18,936,1,1,1,8,3,65
201600035026,16,2,6,30,3,1,1,1,1,65
201600035027,16,2,17,1015,1,1,1,1,5,65
201600035028,16,3,25,2120,5,2,7,1,6,65
201600035029,16,6,8,1610,1,2,1,1,7,65
201600035030,16,7,3,1250,1,1,1,1,5,65
201600035031,16,7,9,2250,3,1,1,1,1,65
201600035032,16,8,11,1420,1,1,1,1,7,65
201600035033,16,9,24,1110,1,1,1,1,1,65
201600035034,16,12,15,1300,1,2,1,1,7,65
201600035035,16,12,24,145,3,1,1,5,1,65
201600035036,16,2,20,1800,1,1,1,1,7,163
201600035037,16,5,21,2240,4,2,1,1,7,21
201600035038,16,5,12,1950,1,2,1,1,6,163
201600035039,16,5,21,1715,1,1,1,1,6,163
201600035040,16,6,2,1545,1,2,1,1,6,163
201600035041,16,8,18,1415,1,1,1,1,6,163
201600035042,16,9,3,1555,1,2,1,1,3,36
201600035043,16,9,27,755,1,2,9,1,3,163
201600035044,16,11,25,1700,2,2,1,1,3,163
201600035045,16,11,27,800,1,2,1,1,6,21
201600035046,16,11,18,1730,2,2,1,2,6,63
201600035047,16,1,4,805,2,2,1,1,6,33
201600035048,16,2,13,1105,1,2,3,1,6,33
201600035049,16,3,24,1030,1,2,1,1,6,33
201600035050,16,6,28,1820,1,2,6,1,3,33
201600035051,16,7,1,1940,1,1,3,1,7,33
201600035052,16,8,12,1500,1,2,2,1,3,33
201600035053,16,9,3,945,1,1,4,1,3,33
201600035054,16,9,29,850,1,2,2,1,6,33
201600035055,16,12,1,800,2,1,1,5,5,33