Num_Acc,an,mois,jour,hrmn,lum,agg,int,atm,col,com
201600035056,16,12,6,1339,1,1,1,1,1,33
201600035057,16,12,20,745,3,1,3,5,1,33
201600035058,16,11,10,1255,1,2,6,2,7,121
201600035059,16,11,19,1025,1,2,7,1,6,121
201600035060,16,11,25,1540,1,2,1,1,6,121
201600035061,16,1,9,1900,5,2,1,1,6,121
201600035062,16,1,26,930,1,2,6,1,6,121
201600035063,16,12,11,2130,3,1,1,1,6,121
201600035064,16,12,15,2305,3,1,1,1,6,121
201600035065,16,2,28,405,3,1,1,2,3,121
201600035066,16,2,9,1855,5,2,3,1,3,121
201600035067,16,2,12,1330,1,2,1,1,1,121
201600035068,16,12,27,1300,1,2,1,1,6,121
201600035069,16,3,15,2035,5,2,1,1,6,121
201600035070,16,3,17,705,1,1,1,1,3,121
201600035071,16,3,1,1935,5,2,3,1,3,121
201600035072,16,2,15,1315,1,2,1,1,3,121
201600035073,16,2,19,1830,2,2,1,1,6,121
201600035074,16,2,20,1515,1,1,1,1,2,121
201600035075,16,3,11,1640,1,2,1,1,6,121
201600035076,16,3,20,2215,5,2,2,1,3,121
201600035077,16,4,28,1420,1,2,2,1,3,121
201600035078,16,5,3,1945,1,2,3,1,3,121
201600035079,16,5,7,1755,1,2,3,1,3,121
201600035080,16,5,4,1220,1,1,3,1,1,121
201600035081,16,5,20,1530,1,2,1,1,6,121
201600035082,16,5,17,1819,1,1,3,1,3,121
201600035083,16,5,27,1615,1,2,1,7,6,121
201600035084,16,5,28,1000,1,2,1,1,3,121
201600035085,16,6,7,500,5,2,2,1,3,121
201600035086,16,6,4,2015,1,2,3,1,3,121
201600035087,16,6,23,1445,1,1,2,1,3,121
201600035088,16,7,4,30,3,1,1,1,6,121
201600035089,16,7,12,1040,1,2,3,1,6,121
201600035090,16,8,23,1725,1,2,3,1,3,121
201600035091,16,8,19,1630,1,2,1,1,7,121
201600035092,16,8,21,1145,1,1,1,1,3,121
201600035093,16,10,14,1255,1,1,1,2,5,121
201600035094,16,8,29,1345,1,2,1,1,1,121
201600035095,16,9,6,1620,1,2,1,1,6,121
201600035096,16,9,9,800,1,2,1,1,6,121
201600035097,16,9,27,1100,1,2,3,1,3,121
201600035098,16,10,3,1130,1,2,6,1,3,121
201600035099,16,10,4,1535,1,1,2,1,3,121
201600035100,16,10,14,745,2,2,1,1,6,121
201600035101,16,10,26,2230,5,2,2,1,3,121
201600035102,16,1,21,900,1,1,1,1,4,141
201600035103,16,1,24,1500,1,2,3,1,3,50
201600035104,16,2,3,1130,1,2,1,1,6,50
201600035105,16,3,22,1905,1,1,1,1,1,50
201600035106,16,4,10,1005,1,1,1,1,6,50
201600035107,16,3,29,1355,1,2,3,1,3,50
201600035108,16,4,14,1900,1,1,9,1,3,50
201600035109,16,4,20,1055,1,2,1,1,1,50
201600035110,16,4,21,1755,1,2,1,1,6,141
201600035111,16,4,29,1240,1,2,1,1,3,50
201600035112,16,5,7,1730,1,2,1,1,2,141
201600035113,16,5,18,1555,1,2,6,1,6,50
201600035114,16,5,24,1215,1,2,1,1,6,50
201600035115,16,6,3,1430,1,1,1,1,2,50
201600035116,16,7,12,1730,1,2,2,1,1,50
201600035117,16,7,12,1820,1,2,1,1,6,50
201600035118,16,7,28,1335,1,2,6,1,3,50
201600035119,16,7,26,1550,1,1,1,1,6,50
201600035120,16,8,9,905,1,2,3,1,3,50
201600035121,16,8,23,1325,1,2,1,1,1,141
201600035122,16,8,24,1930,1,2,2,1,2,50
201600035123,16,9,5,1845,1,1,6,1,3,50
201600035124,16,10,20,1510,1,2,1,1,6,50
201600035125,16,11,1,1406,1,2,1,1,5,50
201600035126,16,11,23,1225,1,2,1,1,6,50
201600035127,16,11,28,1600,1,2,1,1,6,50
201600035128,16,12,12,1615,1,2,3,1,3,50
201600035129,16,1,30,1640,1,2,1,1,6,61
201600035130,16,5,8,200,5,2,1,1,6,61
201600035131,16,5,25,1630,1,2,1,1,2,61
201600035132,16,6,11,1446,1,2,1,1,6,118
201600035133,16,6,24,1650,1,2,1,1,1,118
201600035134,16,6,29,1419,1,2,1,1,1,61
201600035135,16,7,12,1845,1,1,1,1,1,61
201600035136,16,8,4,1830,1,2,1,1,3,118
201600035137,16,8,22,1608,1,2,1,1,2,61
201600035138,16,8,12,520,5,2,6,1,3,61
201600035139,16,9,2,1510,1,2,1,1,6,61
201600035140,16,9,28,1430,1,1,3,1,6,61
201600035141,16,9,24,1625,1,2,1,1,3,61
201600035142,16,9,30,2145,5,2,3,1,3,61
201600035143,16,10,8,1440,1,2,1,1,6,61
201600035144,16,10,11,1100,1,2,1,1,6,118
201600035145,16,10,22,1650,1,2,1,1,3,118
201600035146,16,10,28,1645,1,2,3,1,3,61
201600035147,16,11,11,1815,3,1,1,1,1,61
201600035148,16,11,24,1810,5,1,1,3,3,61
201600035149,16,11,25,1620,1,2,8,7,6,61
201600035150,16,1,15,1600,2,2,1,1,6,69
201600035151,16,1,30,1420,1,1,1,1,3,34
201600035152,16,1,30,1839,3,1,1,1,7,69
201600035153,16,2,5,1125,1,2,6,1,6,69
201600035154,16,2,4,1600,1,1,1,1,5,69
201600035155,16,2,8,1358,1,2,1,1,6,69
201600035156,16,2,12,1750,1,2,1,8,5,69
201600035157,16,3,8,300,5,2,1,1,6,69
201600035158,16,4,24,1640,1,2,1,1,2,69
201600035159,16,4,30,1217,1,2,1,1,6,69
201600035160,16,5,6,925,1,1,1,1,6,69
201600035161,16,5,14,1359,1,2,3,1,2,69
201600035162,16,5,14,1000,1,2,9,1,7,69
201600035163,16,5,16,2215,3,1,1,1,6,69
201600035164,16,5,13,1130,1,2,1,1,5,69
201600035165,16,5,21,605,1,1,1,1,5,69
201600035166,16,6,11,2125,2,1,1,1,7,69
201600035167,16,6,11,1000,1,1,1,1,3,69
201600035168,16,6,12,610,1,2,1,1,1,69
201600035169,16,6,24,115,5,1,6,1,6,69
201600035170,16,6,26,35,5,2,1,1,2,69
201600035171,16,7,6,2210,3,1,1,1,2,69
201600035172,16,7,8,1430,1,1,1,1,1,69
201600035173,16,7,13,520,3,2,1,1,1,69
201600035174,16,7,14,2355,3,1,1,1,1,69
201600035175,16,7,29,1225,1,1,1,1,1,69
201600035176,16,8,16,2050,3,2,1,1,1,69
201600035177,16,8,16,1610,1,2,6,1,3,69
201600035178,16,8,21,30,5,1,1,1,5,34
201600035179,16,8,21,1850,1,1,1,1,4,34
201600035180,16,8,28,310,5,1,1,1,6,34
201600035181,16,9,4,1815,1,1,1,1,3,69
201600035182,16,9,6,1800,1,2,1,1,6,69
201600035183,16,9,19,1845,1,1,1,1,3,69
201600035184,16,9,27,35,5,1,1,1,3,69
201600035185,16,9,30,105,5,2,1,1,1,69
201600035186,16,10,1,2210,5,2,8,1,3,69
201600035187,16,10,1,300,5,2,7,1,7,69
201600035188,16,10,18,1220,1,2,1,1,2,69
201600035189,16,10,23,1550,1,2,1,2,6,69
201600035190,16,10,27,1410,1,2,3,1,3,69
201600035191,16,10,19,1225,1,2,1,1,5,69
201600035192,16,10,27,1105,1,2,1,1,6,69
201600035193,16,11,9,1700,2,2,1,1,2,69
201600035194,16,11,19,1900,3,1,1,1,7,34
201600035195,16,10,3,1650,1,2,2,1,1,69
201600035196,16,11,25,915,1,2,6,2,6,69
201600035197,16,12,4,720,5,2,1,1,2,69
201600035198,16,12,10,2110,5,1,1,1,7,69
201600035199,16,12,2,2120,5,2,1,1,1,69
201600035200,16,12,19,1915,3,1,1,6,6,69
201600035201,16,12,23,620,5,1,1,1,2,69
201600035202,16,1,5,1255,1,2,1,1,6,129
201600035203,16,1,8,1850,5,2,3,1,3,129
201600035204,16,1,4,1550,1,2,1,1,6,123
201600035205,16,1,10,315,5,2,6,1,6,129
201600035206,16,1,21,1530,1,2,1,1,2,129
201600035207,16,1,19,925,1,2,1,8,2,129
201600035208,16,1,31,2110,5,2,2,1,3,129
201600035209,16,2,5,1610,1,2,1,1,5,123
201600035210,16,2,17,755,1,2,1,1,2,129
201600035211,16,3,5,2220,5,2,1,1,3,129
201600035212,16,3,9,1905,5,2,1,1,3,9
201600035213,16,3,18,1810,1,1,1,1,1,123
201600035214,16,3,17,1035,1,2,1,1,6,9
201600035215,16,3,15,1220,1,2,1,1,6,129
201600035216,16,4,1,1300,1,2,1,8,3,123
201600035217,16,4,13,1635,1,2,1,1,2,123
201600035218,16,4,11,1800,1,1,6,1,1,129
201600035219,16,4,17,405,5,2,1,1,7,129
201600035220,16,5,10,825,1,2,1,1,3,9
201600035221,16,5,26,840,1,2,6,1,3,9
201600035222,16,5,30,2030,1,1,1,1,3,123
201600035223,16,6,9,1710,1,2,1,1,6,129
201600035224,16,6,10,1225,1,2,1,1,3,129
201600035225,16,6,17,835,1,2,2,1,3,129
201600035226,16,6,18,505,5,2,1,1,6,123
201600035227,16,6,19,1800,1,2,1,1,4,123
201600035228,16,7,9,2140,3,2,1,1,1,9
201600035229,16,7,8,1735,1,2,1,7,6,123
201600035230,16,7,12,1615,1,2,1,1,6,123
201600035231,16,7,19,1825,1,2,1,1,5,129
201600035232,16,7,20,950,1,2,1,1,6,123
201600035233,16,7,30,1520,1,2,1,1,3,123
201600035234,16,8,3,1110,1,2,3,1,3,129
201600035235,16,8,6,755,1,2,1,1,6,9
201600035236,16,8,12,745,1,2,6,1,3,129
201600035237,16,8,13,1600,1,2,1,1,5,123
201600035238,16,8,17,2335,5,2,1,1,6,123
201600035239,16,8,22,1255,1,2,1,1,3,129
201600035240,16,8,20,1950,1,2,1,1,2,129
201600035241,16,8,29,1555,1,2,1,1,5,129
201600035242,16,8,31,1810,1,2,1,1,2,123
201600035243,16,8,31,825,1,2,3,1,3,129
201600035244,16,9,1,1210,1,2,1,1,2,9
201600035245,16,9,20,1010,1,1,1,1,1,123
201600035246,16,9,20,1505,1,2,1,1,2,129
201600035247,16,9,22,2000,5,2,9,1,5,129
201600035248,16,9,23,1825,1,2,1,1,2,129
201600035249,16,9,23,1930,2,2,1,1,6,129
201600035250,16,9,28,1215,1,2,1,1,6,129
201600035251,16,9,28,1605,1,2,6,1,3,129
201600035252,16,10,2,130,5,2,1,1,6,129
201600035253,16,10,2,210,5,2,1,1,6,129
201600035254,16,10,7,1715,1,2,1,1,6,123
201600035255,16,10,8,2350,5,2,1,1,4,129
201600035256,16,10,26,1745,1,2,1,1,6,129
201600035257,16,11,19,1750,5,2,1,1,3,129
201600035258,16,11,22,1800,5,2,1,1,6,129
201600035259,16,11,28,1115,1,2,1,1,6,129
201600035260,16,12,2,1410,1,2,3,1,3,129
201600035261,16,12,4,1325,1,2,2,1,2,129
201600035262,16,12,5,1730,5,2,1,1,3,129
201600035263,16,12,6,1830,5,2,1,1,6,123
201600035264,16,12,9,1725,5,2,1,1,3,123
201600035265,16,12,12,740,1,2,1,1,6,129
201600035266,16,1,10,1500,1,2,1,1,6,126
201600035267,16,1,7,2025,5,2,2,1,3,126
201600035268,16,2,17,1700,1,2,1,1,3,126
201600035269,16,2,24,1525,1,2,1,1,6,126
201600035270,16,4,12,1610,1,2,1,1,3,126
201600035271,16,4,18,1950,1,2,3,1,3,126
201600035272,16,5,5,1420,1,2,1,1,6,126
201600035273,16,5,23,1015,1,2,1,1,3,126
201600035274,16,5,21,1832,1,1,1,1,4,126
201600035275,16,6,7,2247,5,2,1,1,1,126
201600035276,16,6,25,1120,1,2,1,1,6,126
201600035277,16,6,24,1545,1,2,1,1,3,126
201600035278,16,7,28,2250,5,2,9,1,3,126
201600035279,16,8,20,1430,1,2,1,1,3,126
201600035280,16,9,26,1820,1,2,1,1,6,126
201600035281,16,11,4,1335,1,2,1,1,5,126
201600035282,16,11,4,1615,1,2,1,1,6,126
201600035283,16,11,25,1700,1,2,1,1,6,126
201600035284,16,11,30,1400,1,2,1,1,3,126
201600035285,16,1,8,1730,2,2,2,1,3,62
201600035286,16,1,11,2042,5,2,6,1,3,137
201600035287,16,1,13,1145,1,2,1,1,3,62
201600035288,16,1,14,2130,5,1,1,2,6,90
201600035289,16,1,20,2010,5,2,1,1,3,137
201600035290,16,1,20,1920,5,2,3,1,3,137
201600035291,16,1,22,2250,5,2,1,1,4,62
201600035292,16,1,27,1500,1,2,1,1,6,137
201600035293,16,1,29,900,1,2,1,1,6,137
201600035294,16,2,4,1340,1,2,1,1,6,137
201600035295,16,2,5,1030,1,1,1,1,1,137
201600035296,16,2,13,1030,1,1,1,8,6,137
201600035297,16,2,13,1620,1,2,1,1,6,137
201600035298,16,2,17,940,1,2,1,1,6,62
201600035299,16,2,26,745,1,2,3,1,3,137
201600035300,16,2,27,855,1,1,3,3,1,137
201600035301,16,2,27,1600,1,2,2,3,3,137
201600035302,16,3,1,1555,1,2,9,1,6,19
201600035303,16,3,5,1910,5,2,1,1,7,137
201600035304,16,3,8,1400,1,2,1,1,6,137
201600035305,16,3,12,1100,1,2,2,1,6,137
201600035306,16,3,15,1810,1,2,1,1,3,137
201600035307,16,3,15,1820,1,2,1,1,6,62
201600035308,16,3,16,1810,1,1,1,3,6,62
201600035309,16,3,18,1030,1,2,1,1,3,98
201600035310,16,3,19,2110,3,1,1,1,6,137
201600035311,16,3,21,755,1,2,3,1,3,137
201600035312,16,3,22,1710,1,2,1,1,6,137
201600035313,16,3,25,1015,1,2,1,1,3,62
201600035314,16,3,29,56,5,2,1,1,6,137
201600035315,16,3,29,1600,1,2,9,1,6,90
201600035316,16,4,6,1620,1,1,1,1,6,90
201600035317,16,4,9,200,5,2,1,1,6,137
201600035318,16,4,9,1455,1,1,1,1,6,98
201600035319,16,4,9,2052,5,2,6,1,3,90
201600035320,16,4,10,1000,1,2,1,1,6,137
201600035321,16,4,11,1235,1,2,2,1,3,137
201600035322,16,4,12,1425,1,2,1,1,6,137
201600035323,16,4,27,435,5,2,1,1,2,137
201600035324,16,4,28,1005,1,2,1,1,2,137
201600035325,16,4,29,715,1,2,1,1,6,62
201600035326,16,5,2,1655,1,1,1,1,6,137
201600035327,16,5,3,750,1,2,2,1,3,137
201600035328,16,5,4,930,1,2,1,7,3,137
201600035329,16,5,9,1155,1,1,2,1,1,137
201600035330,16,5,12,745,1,1,1,1,3,144
201600035331,16,5,16,1825,1,1,1,1,3,144
201600035332,16,5,17,1230,1,1,1,1,2,90
201600035333,16,5,17,1335,1,2,9,1,6,137
201600035334,16,5,20,2030,1,1,3,1,3,137
201600035335,16,5,22,1200,1,2,1,1,6,137
201600035336,16,5,23,1135,1,2,1,1,3,137
201600035337,16,5,24,1000,1,2,1,1,1,62
201600035338,16,6,1,2055,2,2,3,1,3,137
201600035339,16,6,4,2010,1,1,1,1,3,137
201600035340,16,6,6,1100,1,2,1,1,6,137
201600035341,16,6,8,1615,1,2,4,1,3,137
201600035342,16,6,9,2110,2,2,2,1,3,137
201600035343,16,6,10,2020,1,1,1,1,3,98
201600035344,16,6,13,2255,5,2,3,1,3,137
201600035345,16,6,13,1830,1,2,3,7,3,137
201600035346,16,6,15,2330,5,2,2,1,3,137
201600035347,16,6,16,1620,1,2,3,8,3,137
201600035348,16,6,16,2010,1,2,1,1,6,98
201600035349,16,6,16,2320,5,2,1,1,3,137
201600035350,16,6,20,1120,1,2,1,1,6,137
201600035351,16,6,21,710,1,2,1,1,3,137
201600035352,16,6,21,1544,1,2,9,1,3,137
201600035353,16,6,22,1630,1,2,1,1,4,62
201600035354,16,6,23,2010,1,2,1,7,3,144
201600035355,16,6,26,1525,1,2,1,1,6,62
201600035356,16,7,2,1050,1,1,1,1,6,90
201600035357,16,7,6,2109,2,2,1,1,3,137
201600035358,16,6,27,1850,1,1,1,1,3,90
201600035359,16,7,8,1745,1,2,1,1,3,137
201600035360,16,5,10,1630,1,2,1,1,6,137
201600035361,16,7,22,1830,1,2,1,1,6,137
201600035362,16,7,22,1730,1,1,1,1,3,137
201600035363,16,7,24,1020,1,1,1,1,6,137
201600035364,16,7,26,1035,1,2,1,1,6,137
201600035365,16,7,26,2312,5,2,1,1,6,62
201600035366,16,7,28,2000,1,2,1,1,6,137
201600035367,16,7,29,1945,1,2,3,1,3,137
201600035368,16,8,8,1010,1,2,1,1,3,137
201600035369,16,8,9,1840,1,1,1,1,3,62
201600035370,16,8,16,1345,1,1,1,1,7,62
201600035371,16,8,3,1100,1,2,1,1,6,137
201600035372,16,8,18,1715,1,1,1,1,2,137
201600035373,16,8,18,2150,5,2,2,1,5,137
201600035374,16,8,20,1225,1,2,3,1,6,98
201600035375,16,8,21,1240,1,2,1,1,6,137
201600035376,16,8,10,700,1,2,1,1,3,137
201600035377,16,8,25,2030,1,2,1,1,2,144
201600035378,16,8,26,1050,1,2,1,1,6,144
201600035379,16,8,31,1100,1,2,1,1,3,62
201600035380,16,8,31,1645,1,2,1,1,1,137
201600035381,16,9,1,735,2,2,1,7,3,62
201600035382,16,9,1,815,1,2,3,1,6,62
201600035383,16,8,31,1000,1,2,1,1,2,137
201600035384,16,9,2,1005,1,2,6,1,2,144
201600035385,16,9,3,2025,5,2,1,1,3,90
201600035386,16,9,6,1300,1,2,1,1,2,137
201600035387,16,9,7,1545,1,2,1,1,6,137
201600035388,16,9,10,1120,1,2,1,1,6,137
201600035389,16,9,11,2030,5,2,3,1,3,137
201600035390,16,9,12,1745,1,2,1,1,3,137
201600035391,16,9,13,725,1,2,1,1,3,137
201600035392,16,9,15,1655,1,2,7,1,3,137
201600035393,16,9,15,1655,1,2,1,1,6,137
201600035394,16,9,16,1810,1,1,1,1,4,90
201600035395,16,9,16,2020,5,2,1,1,3,137
201600035396,16,9,18,1130,1,2,6,1,6,98
201600035397,16,9,21,720,1,2,1,1,6,137
201600035398,16,9,21,1500,1,1,1,1,3,137
201600035399,16,9,23,1615,1,2,1,1,6,137
201600035400,16,9,23,2130,5,2,1,1,6,90
201600035401,16,9,25,2030,5,1,1,1,6,103
201600035402,16,9,27,1715,1,1,1,8,3,137
201600035403,16,9,28,1915,2,2,3,1,3,144
201600035404,16,10,1,1800,1,2,1,1,6,90
201600035405,16,10,1,2025,5,2,1,1,1,137
201600035406,16,10,2,205,5,2,1,1,2,137
201600035407,16,10,4,655,2,2,1,1,3,137
201600035408,16,10,5,1815,1,2,1,1,2,137
201600035409,16,9,29,1845,1,1,1,1,6,137
201600035410,16,10,7,2220,5,1,2,1,3,137
201600035411,16,10,10,800,1,2,1,1,6,137
201600035412,16,10,10,1445,1,2,1,1,2,137
201600035413,16,10,11,1620,1,2,1,1,3,137
201600035414,16,10,12,1615,1,1,1,1,3,90
201600035415,16,10,11,2015,5,2,1,1,7,137
201600035416,16,10,12,1745,1,2,1,8,3,137
201600035417,16,10,20,905,1,2,1,1,3,137
201600035418,16,10,20,1150,1,2,1,1,3,144
201600035419,16,10,18,1250,1,2,1,1,3,137
201600035420,16,10,20,1900,2,2,1,1,6,137
201600035421,16,10,21,1550,1,2,1,1,5,62
201600035422,16,10,22,300,5,2,3,1,3,137
201600035423,16,10,26,1630,1,2,1,1,3,62
201600035424,16,10,27,2015,1,2,1,1,1,137
201600035425,16,11,3,1612,1,2,1,1,6,62
201600035426,16,11,4,1500,1,1,1,1,5,137
201600035427,16,11,4,1845,5,2,1,3,1,137
201600035428,16,11,5,2120,5,2,1,1,6,137
201600035429,16,11,9,1627,1,2,3,8,3,62
201600035430,16,11,10,1600,1,2,1,1,3,62
201600035431,16,11,12,1850,5,2,1,1,6,137
201600035432,16,11,11,1150,1,2,1,1,3,137
201600035433,16,11,16,820,5,1,1,1,1,137
201600035434,16,11,16,1145,1,2,1,1,6,98
201600035435,16,11,16,1725,5,2,1,1,6,90
201600035436,16,11,10,1740,5,2,1,1,3,137
201600035437,16,11,18,645,5,2,3,1,3,137
201600035438,16,11,21,1300,1,2,1,3,3,137
201600035439,16,11,23,1355,1,2,1,1,3,137
201600035440,16,11,23,1840,5,2,1,2,6,137
201600035441,16,11,26,1820,2,2,1,1,1,144
201600035442,16,11,26,2235,5,2,6,1,2,137
201600035443,16,11,27,1705,5,2,2,1,3,137
201600035444,16,11,28,1300,1,2,1,1,3,137
201600035445,16,11,28,1915,3,1,1,1,6,137
201600035446,16,11,30,1850,5,2,1,1,3,144
201600035447,16,12,1,2215,5,2,4,1,3,137
201600035448,16,12,2,1030,1,1,1,1,6,137
201600035449,16,12,2,1706,2,2,2,1,3,137
201600035450,16,12,3,1145,1,2,1,1,6,137
201600035451,16,12,3,1755,4,2,1,1,1,137
201600035452,16,12,4,1620,1,2,1,1,3,144
201600035453,16,12,10,25,5,2,2,1,3,137
201600035454,16,12,13,820,1,1,1,1,6,137
201600035455,16,12,18,1645,2,1,1,1,1,137
201600035456,16,12,21,1620,1,2,1,1,3,137
201600035457,16,12,22,1210,1,2,3,1,6,137
201600035458,16,12,26,1450,1,2,6,1,4,137
201600035459,16,12,28,935,1,2,1,1,6,137
201600035460,16,12,29,1415,1,2,1,1,6,137
201600035461,16,11,2,1305,1,2,1,1,1,7
201600035462,16,1,4,1455,1,2,1,1,3,7
201600035463,16,10,8,856,1,2,1,1,6,11
201600035464,16,1,21,1835,2,2,1,1,3,7
201600035465,16,10,8,1145,1,1,1,1,1,7
201600035466,16,10,18,1600,1,2,1,1,6,7
201600035467,16,10,23,305,3,1,1,2,6,7
201600035468,16,10,27,1140,1,1,3,1,3,7
201600035469,16,2,17,1835,2,1,3,1,1,7
201600035470,16,11,11,900,1,2,1,1,3,7
201600035471,16,11,23,1020,1,2,1,1,5,7
201600035472,16,12,22,1309,1,2,1,1,2,7
201600035473,16,12,22,725,5,2,3,1,6,7
201600035474,16,1,29,720,5,2,1,1,3,351
201600035475,16,12,28,1940,5,1,2,1,3,7
201600035476,16,12,23,15,5,2,1,1,3,7
201600035477,16,3,11,1500,1,1,1,1,2,11
201600035478,16,3,6,1935,5,2,1,1,6,7
201600035479,16,3,3,1050,1,2,3,1,3,7
201600035480,16,4,23,1320,1,2,2,1,3,7
201600035481,16,4,1,1130,1,2,1,3,6,7
201600035482,16,5,4,1715,1,2,1,1,5,7
201600035483,16,6,2,1200,1,2,2,1,6,7
201600035484,16,6,5,2015,1,2,1,1,6,7
201600035485,16,6,3,2205,3,1,1,1,6,11
201600035486,16,6,9,725,1,2,2,1,3,7
201600035487,16,4,20,1928,1,1,4,1,2,351
201600035488,16,6,28,1220,1,2,1,1,3,351
201600035489,16,6,9,110,5,2,1,1,7,7
201600035490,16,7,22,605,5,2,2,2,3,7
201600035491,16,8,23,628,2,2,5,1,2,7
201600035492,16,6,3,1330,1,2,1,1,6,7
201600035493,16,6,8,1615,1,2,5,1,3,7
201600035494,16,9,6,1040,1,1,1,1,6,7
201600035495,16,12,14,1400,1,2,3,1,3,351
201600035496,16,10,19,1120,1,2,1,1,3,7
201600035497,16,9,21,1400,1,1,1,1,2,7
201600035498,16,10,22,2045,5,2,1,3,6,7
201600035499,16,11,16,135,3,1,1,1,6,7
201600035500,16,9,10,2210,5,2,1,1,6,7
201600035501,16,7,6,1805,1,1,1,1,3,7
201600035502,16,7,10,30,5,1,9,1,3,7
201600035503,16,7,13,925,1,1,3,1,1,7
201600035504,16,7,29,940,1,1,4,1,3,7
201600035505,16,7,29,2010,2,2,2,1,6,7
201600035506,16,12,1,1720,1,2,3,1,3,7
201600035507,16,9,9,1710,1,2,3,1,1,7
201600035508,16,11,4,1835,5,2,1,2,1,7
201600035509,16,10,22,507,3,1,1,1,6,7
201600035510,16,9,28,1735,1,2,5,1,3,7
201600035511,16,11,15,1530,1,1,1,1,3,31
201600035512,16,11,21,1040,1,2,1,2,6,31
201600035513,16,3,9,1705,1,1,6,1,3,80
201600035514,16,1,1,2010,3,1,1,1,5,80
201600035515,16,5,14,1800,1,1,2,1,3,80
201600035516,16,2,11,1010,1,1,3,1,3,31
201600035517,16,3,31,1825,1,1,1,1,7,80
201600035518,16,3,21,740,1,2,3,1,6,31
201600035519,16,6,21,1205,1,1,1,1,3,80
201600035520,16,6,11,1634,1,2,1,1,7,31
201600035521,16,6,8,1610,1,2,1,1,6,31
201600035522,16,8,20,1410,1,1,1,1,1,31
201600035523,16,7,16,1125,1,2,1,7,1,31
201600035524,16,9,6,1340,1,2,1,1,6,31
201600035525,16,7,4,1900,1,2,4,1,1,31
201600035526,16,11,6,1800,1,1,1,1,5,80
201600035527,16,1,3,2110,3,1,1,1,1,35
201600035528,16,1,6,1954,5,1,1,1,6,35
201600035529,16,1,13,2050,3,1,1,1,2,35
201600035530,16,5,7,1530,1,1,1,1,1,35
201600035531,16,6,9,1800,1,2,1,1,6,35
201600035532,16,7,14,530,2,2,1,1,3,35
201600035533,16,10,24,600,2,2,3,1,3,35
201600035534,16,10,23,1600,1,1,1,1,1,35
201600035535,16,11,12,230,3,1,1,1,6,35
201600035536,16,9,9,825,1,1,1,1,6,35
201600035537,16,1,2,1740,1,2,1,2,6,87
201600035538,16,1,17,1550,1,2,1,1,3,87
201600035539,16,12,24,1800,3,1,4,1,1,87
201600035540,16,1,21,1710,1,1,2,1,3,87
201600035541,16,5,9,1610,1,2,1,1,6,87
201600035542,16,5,11,840,1,2,1,2,6,87
201600035543,16,6,20,8,5,2,6,1,6,87
201600035544,16,6,20,1720,1,2,1,1,3,87
201600035545,16,6,23,1725,1,2,1,1,4,87
201600035546,16,8,21,1535,1,2,1,1,3,87
201600035547,16,8,31,1800,1,1,1,1,7,87
201600035548,16,9,7,930,1,1,1,1,2,87
201600035549,16,9,17,1730,1,2,6,1,6,87
201600035550,16,11,4,1836,5,2,1,2,6,87
201600035551,16,11,24,2015,5,2,1,2,3,87
201600035552,16,12,11,1940,5,2,1,1,6,87
201600035553,16,10,26,1710,2,2,1,1,2,191
201600035554,16,1,5,1040,1,2,1,1,6,191
201600035555,16,11,21,815,5,2,3,1,3,191
201600035556,16,12,12,800,5,1,9,9,3,191
201600035557,16,1,24,1125,1,2,1,1,6,191
201600035558,16,1,16,1345,1,1,1,1,6,191
201600035559,16,2,17,1600,1,2,1,1,6,191
201600035560,16,3,5,1540,1,2,3,1,7,191
201600035561,16,3,3,1155,1,2,1,1,2,191
201600035562,16,4,13,1600,1,2,1,1,6,191
201600035563,16,5,3,753,1,2,1,1,6,191
201600035564,16,5,6,1715,1,2,6,1,6,191
201600035565,16,8,3,355,5,2,7,1,3,191
201600035566,16,9,4,2130,3,1,1,1,1,191
201600035567,16,9,18,1955,1,1,1,1,6,191
201600035568,16,9,15,755,2,1,3,1,5,191
201600035569,16,9,20,1740,1,2,1,1,6,191
201600035570,16,9,23,1345,1,2,1,1,2,191
201600035571,16,10,27,1230,1,2,1,7,1,191
201600035572,16,10,10,1700,1,2,3,1,6,191
201600035573,16,11,4,750,2,2,2,1,3,191
201600035574,16,10,31,1330,1,2,6,1,3,191
201600035575,16,12,22,2235,5,2,2,1,3,60
201600035576,16,11,2,1700,2,2,3,1,1,194
201600035577,16,10,5,1545,1,2,1,1,7,194
201600035578,16,1,7,1805,5,2,6,2,3,60
201600035579,16,11,4,1525,1,2,1,1,6,194
201600035580,16,1,20,735,5,2,4,1,6,194
201600035581,16,11,21,1630,1,1,1,1,6,166
201600035582,16,1,8,1630,1,1,2,1,3,166
201600035583,16,1,27,1450,1,2,6,1,3,60
201600035584,16,1,14,1800,5,2,2,1,3,194
201600035585,16,3,26,1350,1,1,1,1,3,194
201600035586,16,3,5,1635,1,2,1,1,7,194
201600035587,16,4,23,1545,1,2,3,1,6,166
201600035588,16,1,22,1945,5,2,2,2,7,194
201600035589,16,2,19,2030,3,1,1,2,6,60
201600035590,16,5,10,1535,1,2,6,1,3,166
201600035591,16,5,14,1620,1,2,1,1,2,60
201600035592,16,4,12,2035,1,2,1,1,6,166
201600035593,16,3,16,1555,1,2,6,1,6,194
201600035594,16,5,14,1625,1,2,1,1,6,166
201600035595,16,5,4,610,5,2,6,1,3,194
201600035596,16,4,18,800,1,1,1,1,3,60