Num_Acc,an,mois,jour,hrmn,lum,agg,int,atm,col,com
201600035597,16,5,15,2250,5,2,1,1,6,194
201600035598,16,6,7,1125,1,2,3,1,6,194
201600035599,16,6,17,1045,1,2,1,1,2,60
201600035600,16,5,26,100,5,2,1,1,6,60
201600035601,16,6,15,2000,1,2,9,1,3,166
201600035602,16,8,12,1800,1,2,1,1,6,194
201600035603,16,7,28,2345,5,2,1,1,6,194
201600035604,16,7,18,110,3,1,1,1,6,166
201600035605,16,7,18,1410,1,2,6,1,6,194
201600035606,16,9,11,1835,1,2,1,1,1,166
201600035607,16,9,14,1245,1,2,1,1,6,194
201600035608,16,9,30,2225,5,1,1,2,6,166
201600035609,16,7,22,2340,5,2,1,1,6,194
201600035610,16,7,5,1050,1,2,1,1,6,194
201600035611,16,8,24,1120,1,2,1,1,6,194
201600035612,16,9,3,2230,3,1,1,1,6,60
201600035613,16,9,12,1645,1,1,6,1,6,166
201600035614,16,10,5,1200,1,2,6,1,3,166
201600035615,16,10,18,900,1,2,1,1,1,60
201600035616,16,11,13,1510,1,2,1,1,6,194
201600035617,16,10,21,2105,3,1,1,1,5,60
201600035618,16,10,30,1730,2,2,6,1,6,194
201600035619,16,11,4,1530,1,2,6,1,6,166
201600035620,16,11,11,1930,3,1,1,1,6,60
201600035621,16,11,4,1835,5,2,2,2,1,166
201600035622,16,11,23,500,3,1,9,2,6,166
201600035623,16,1,7,1200,1,2,1,1,6,66
201600035624,16,1,13,815,3,1,1,1,7,66
201600035625,16,1,26,600,3,1,1,1,7,66
201600035626,16,12,30,2240,5,2,1,1,3,66
201600035627,16,2,3,910,1,1,1,1,7,66
201600035628,16,2,3,1500,1,2,1,1,4,66
201600035629,16,2,11,1405,1,1,1,1,6,66
201600035630,16,2,18,1550,1,2,1,2,7,66
201600035631,16,3,12,950,1,1,1,1,6,66
201600035632,16,3,15,1220,1,2,2,1,6,66
201600035633,16,3,17,1830,1,1,1,1,3,66
201600035634,16,3,26,1720,1,2,1,1,1,66
201600035635,16,4,3,1515,1,2,1,1,6,66
201600035636,16,4,5,1430,1,2,1,1,6,66
201600035637,16,4,6,930,1,2,2,1,3,66
201600035638,16,4,8,1525,1,2,1,1,2,66
201600035639,16,4,12,1425,1,2,1,1,2,66
201600035640,16,4,19,1735,1,1,1,1,5,66
201600035641,16,4,20,2310,5,2,3,1,6,66
201600035642,16,5,11,735,1,1,1,1,4,66
201600035643,16,5,13,1700,1,2,6,2,3,66
201600035644,16,5,25,1137,1,2,1,1,2,66
201600035645,16,6,2,1140,1,2,1,2,6,66
201600035646,16,6,6,1220,1,2,1,1,6,66
201600035647,16,6,15,1510,1,1,1,2,4,66
201600035648,16,6,20,1505,1,2,1,1,1,66
201600035649,16,6,22,1505,1,2,6,1,1,66
201600035650,16,6,27,1805,1,2,2,2,3,66
201600035651,16,6,30,530,3,2,1,1,6,66
201600035652,16,7,8,1810,1,2,3,1,3,66
201600035653,16,8,3,1713,1,2,3,1,1,66
201600035654,16,8,10,1545,1,1,1,1,3,66
201600035655,16,8,18,710,1,1,1,3,7,66
201600035656,16,8,21,1524,1,2,2,1,1,66
201600035657,16,8,22,927,1,2,1,1,2,66
201600035658,16,9,16,925,1,2,1,1,6,66
201600035659,16,9,21,840,1,2,1,1,6,66
201600035660,16,9,25,2025,5,2,1,1,6,66
201600035661,16,10,8,1930,2,2,1,1,7,66
201600035662,16,10,10,1215,1,2,1,1,1,66
201600035663,16,10,12,930,1,2,3,1,3,66
201600035664,16,10,13,1738,1,2,1,2,6,66
201600035665,16,10,13,1743,1,2,1,2,7,66
201600035666,16,10,21,1815,2,2,1,1,6,66
201600035667,16,10,26,749,5,2,1,1,6,66
201600035668,16,10,27,758,3,1,2,5,3,66
201600035669,16,10,29,1125,1,2,1,1,6,66
201600035670,16,10,29,1235,1,2,6,1,5,66
201600035671,16,10,30,1805,2,2,2,1,3,66
201600035672,16,11,4,1139,1,2,3,1,3,66
201600035673,16,11,14,902,1,2,1,1,6,66
201600035674,16,11,29,1038,1,2,3,7,6,66
201600035675,16,11,30,1258,1,2,1,1,3,66
201600035676,16,12,2,931,1,2,1,1,6,66
201600035677,16,12,2,1000,1,2,1,1,3,66
201600035678,16,12,5,824,3,2,6,8,1,66
201600035679,16,12,7,856,3,2,1,1,4,66
201600035680,16,12,7,1019,1,2,2,1,3,66
201600035681,16,12,11,31,3,2,2,2,3,66
201600035682,16,12,12,731,5,2,3,2,5,66
201600035683,16,12,22,2000,5,2,1,1,1,66
201600035684,16,12,23,1600,1,2,6,1,6,66
201600035685,16,1,3,1120,1,2,1,1,6,194
201600035686,16,1,1,435,5,2,1,5,2,194
201600035687,16,1,3,605,3,1,1,2,6,194
201600035688,16,1,5,1810,3,1,3,3,4,214
201600035689,16,1,6,1015,1,2,3,1,6,194
201600035690,16,1,7,1925,3,1,1,1,1,157
201600035691,16,1,9,722,4,2,1,1,6,194
201600035692,16,1,9,1620,1,2,1,1,4,194
201600035693,16,1,11,1600,1,2,2,1,4,194
201600035694,16,1,14,915,1,2,2,2,3,194
201600035695,16,1,18,2030,5,2,1,2,2,194
201600035696,16,1,23,1630,1,2,1,1,6,214
201600035697,16,1,29,2140,5,2,3,1,3,194
201600035698,16,2,3,1045,1,2,3,1,3,194
201600035699,16,2,4,2055,5,2,1,1,3,194
201600035700,16,2,5,1710,1,1,6,1,3,194
201600035701,16,2,5,1900,5,2,2,1,3,194
201600035702,16,2,7,2140,5,2,2,1,3,194
201600035703,16,2,10,845,1,1,1,1,2,157
201600035704,16,2,12,600,3,2,1,3,6,157
201600035705,16,2,12,1555,1,2,3,2,2,194
201600035706,16,2,12,1825,2,2,1,2,6,194
201600035707,16,2,13,1320,1,1,1,2,6,214
201600035708,16,2,15,1900,5,2,1,1,6,194
201600035709,16,2,16,1905,5,2,1,1,6,194
201600035710,16,2,16,2000,1,2,2,1,3,194
201600035711,16,2,17,2015,3,2,1,1,6,214
201600035712,16,2,19,1120,1,2,1,1,2,194
201600035713,16,2,19,1910,5,2,1,2,1,194
201600035714,16,2,22,1200,1,2,2,1,1,194
201600035715,16,2,24,1410,1,2,1,2,2,194
201600035716,16,2,25,1150,1,2,2,1,6,194
201600035717,16,2,27,2215,3,2,1,1,2,157
201600035718,16,2,26,1400,1,2,1,1,2,194
201600035719,16,2,28,2105,1,2,1,1,6,194
201600035720,16,2,27,220,5,2,1,1,6,194
201600035721,16,2,29,1700,1,2,2,1,6,194
201600035722,16,2,29,1400,1,2,1,1,2,194
201600035723,16,3,1,1120,1,2,1,1,7,158
201600035724,16,3,2,745,1,2,1,2,3,194
201600035725,16,3,4,705,3,1,1,3,6,41
201600035726,16,3,4,800,2,2,7,2,6,194
201600035727,16,3,4,2125,5,2,4,8,3,194
201600035728,16,3,5,1050,1,2,3,8,6,194
201600035729,16,3,5,1445,1,2,3,1,3,194
201600035730,16,3,5,1240,1,1,1,1,6,157
201600035731,16,3,5,2020,5,2,2,1,3,214
201600035732,16,3,7,1310,1,2,1,1,6,194
201600035733,16,3,7,1515,1,2,1,1,1,194
201600035734,16,3,7,2115,5,2,3,1,1,194
201600035735,16,3,9,920,1,2,2,1,2,194
201600035736,16,3,18,1135,1,2,2,1,3,194
201600035737,16,3,22,215,3,1,1,1,1,158
201600035738,16,3,23,950,1,2,3,1,2,214
201600035739,16,3,23,1750,1,2,1,1,5,194
201600035740,16,3,23,1720,1,2,3,1,3,214
201600035741,16,3,24,1405,2,2,1,1,6,194
201600035742,16,3,24,825,1,2,1,1,5,214
201600035743,16,3,29,1415,1,1,1,1,3,157
201600035744,16,3,30,2210,5,2,1,1,6,194
201600035745,16,4,2,1915,1,2,2,1,1,194
201600035746,16,4,6,1240,1,2,2,1,1,194
201600035747,16,4,7,1015,1,1,1,1,3,194
201600035748,16,4,7,945,1,2,3,1,3,194
201600035749,16,4,11,1755,1,2,3,1,1,214
201600035750,16,4,14,2235,5,2,1,2,6,194
201600035751,16,4,17,1450,1,2,1,1,3,194
201600035752,16,4,18,1435,1,2,1,1,6,194
201600035753,16,4,21,1410,1,2,2,1,3,194
201600035754,16,4,24,310,4,1,1,1,6,158
201600035755,16,4,23,1800,1,2,1,2,4,194
201600035756,16,4,26,745,1,2,1,1,2,194
201600035757,16,4,27,1930,1,2,2,1,1,194
201600035758,16,5,2,1750,1,2,1,1,6,194
201600035759,16,5,5,215,3,2,1,1,1,41
201600035760,16,5,7,750,1,2,2,1,3,214
201600035761,16,5,10,1810,1,1,1,1,6,194
201600035762,16,5,11,5,5,2,3,1,3,194
201600035763,16,5,12,1730,1,2,1,2,6,194
201600035764,16,5,12,2230,3,1,1,3,6,214
201600035765,16,5,15,1600,1,2,2,1,7,194
201600035766,16,5,15,2245,5,2,1,1,6,194
201600035767,16,5,19,1645,1,2,2,1,2,194
201600035768,16,5,20,1550,1,2,1,1,2,194
201600035769,16,5,20,1935,1,1,1,1,1,133
201600035770,16,5,21,1735,1,2,1,1,3,194
201600035771,16,5,21,1140,1,1,2,1,2,194
201600035772,16,5,26,810,1,2,1,1,1,194
201600035773,16,5,26,2320,5,2,2,1,3,194
201600035774,16,5,27,2210,5,2,1,1,6,194
201600035775,16,5,28,830,1,1,3,1,3,214
201600035776,16,6,1,810,1,2,3,2,6,158
201600035777,16,6,4,1500,1,2,1,1,6,194
201600035778,16,6,5,1100,1,2,1,1,1,27
201600035779,16,6,7,1630,1,2,1,1,6,194
201600035780,16,6,8,1210,1,2,1,1,1,194
201600035781,16,6,9,1740,1,2,1,1,6,194
201600035782,16,6,13,1340,1,2,1,2,1,158
201600035783,16,6,13,1000,1,2,1,1,1,194
201600035784,16,6,13,1750,1,2,2,2,6,194
201600035785,16,6,14,615,2,2,3,1,3,194
201600035786,16,6,16,1445,1,2,1,3,4,194
201600035787,16,6,20,1030,1,2,1,1,6,194
201600035788,16,6,22,1545,1,2,1,1,4,194
201600035789,16,6,23,810,1,1,2,1,3,158
201600035790,16,6,23,1920,1,2,1,1,1,41
201600035791,16,6,27,2140,2,2,2,1,1,194
201600035792,16,6,29,1750,1,2,3,1,3,194
201600035793,16,6,29,1800,1,2,3,1,2,194
201600035794,16,7,2,900,1,2,2,1,3,194
201600035795,16,7,2,1745,1,2,2,1,3,194
201600035796,16,7,3,2310,5,2,1,1,7,194
201600035797,16,7,4,1500,1,2,2,1,6,194
201600035798,16,7,4,1700,1,1,1,1,6,157
201600035799,16,7,8,400,5,2,1,1,6,194
201600035800,16,7,10,1545,1,1,1,1,4,157
201600035801,16,7,11,15,5,2,6,1,6,194
201600035802,16,7,11,1550,1,2,1,1,4,194
201600035803,16,7,11,1645,1,2,3,1,6,194
201600035804,16,7,13,835,1,2,2,1,6,194
201600035805,16,7,16,1555,1,2,1,1,3,194
201600035806,16,7,16,1620,1,2,1,1,5,194
201600035807,16,7,18,1720,1,2,1,1,4,194
201600035808,16,7,19,1115,1,2,3,1,1,194
201600035809,16,7,20,1430,1,2,3,1,3,194
201600035810,16,7,24,2025,1,2,2,1,3,194
201600035811,16,7,26,820,1,2,3,1,3,133
201600035812,16,7,27,1430,1,2,3,1,2,194
201600035813,16,7,27,1720,1,1,1,1,4,158
201600035814,16,7,28,1605,1,2,2,1,3,194
201600035815,16,7,28,2155,2,1,1,1,7,133
201600035816,16,7,29,1900,1,2,1,1,1,194
201600035817,16,7,30,140,5,2,1,1,6,194
201600035818,16,8,4,900,1,1,1,2,6,133
201600035819,16,8,5,1450,1,2,1,1,3,41
201600035820,16,8,8,2110,2,2,1,1,1,194
201600035821,16,8,11,1605,1,2,1,1,2,194
201600035822,16,8,16,40,3,1,1,1,6,158
201600035823,16,8,17,1615,1,2,1,1,2,194
201600035824,16,8,17,1630,1,2,2,1,1,194
201600035825,16,8,18,1835,1,2,2,1,1,194
201600035826,16,8,20,1055,1,2,1,1,1,194
201600035827,16,8,28,1140,1,2,2,1,3,194
201600035828,16,8,31,1545,1,2,3,1,3,194
201600035829,16,9,2,2120,5,2,2,1,2,194
201600035830,16,9,3,1315,1,2,1,1,2,194
201600035831,16,9,4,1430,1,2,6,1,3,194
201600035832,16,9,6,1215,1,2,1,1,1,194
201600035833,16,9,7,145,5,2,3,1,6,194
201600035834,16,9,7,2150,5,2,3,1,6,194
201600035835,16,9,8,815,1,2,9,1,3,194
201600035836,16,9,10,2220,5,2,5,1,3,194
201600035837,16,9,12,755,1,2,3,1,1,194
201600035838,16,9,16,2115,1,2,2,1,7,194
201600035839,16,9,21,1600,1,1,1,1,3,157
201600035840,16,9,22,940,1,2,1,1,2,194
201600035841,16,9,22,2020,5,1,2,1,3,194
201600035842,16,9,26,1800,1,2,1,1,2,194
201600035843,16,9,26,1300,1,2,1,1,6,41
201600035844,16,9,29,1220,1,2,1,1,3,41
201600035845,16,9,29,1400,1,2,3,1,3,194
201600035846,16,10,2,1450,1,2,2,1,3,194
201600035847,16,10,2,1735,1,2,1,1,3,194
201600035848,16,10,3,730,2,2,1,1,6,194
201600035849,16,10,6,1345,1,2,2,1,3,194
201600035850,16,10,6,1835,1,2,1,1,6,41
201600035851,16,10,7,300,3,1,1,1,6,133
201600035852,16,10,7,550,5,2,1,1,3,194
201600035853,16,10,7,1745,1,1,1,1,3,194
201600035854,16,10,9,1700,1,2,2,1,2,214
201600035855,16,10,9,2045,4,1,1,1,6,214
201600035856,16,10,10,935,1,2,3,1,2,214
201600035857,16,10,10,1730,1,2,1,1,6,194
201600035858,16,10,13,1320,1,2,2,1,3,194
201600035859,16,10,11,1245,1,2,1,1,6,194
201600035860,16,10,15,2045,3,1,1,1,7,133
201600035861,16,10,17,820,2,2,6,3,3,157
201600035862,16,10,17,1415,1,1,1,1,4,158
201600035863,16,10,22,1635,1,2,2,1,5,194
201600035864,16,10,21,1710,1,2,6,1,2,194
201600035865,16,10,27,810,2,2,1,5,4,194
201600035866,16,10,30,956,1,2,2,1,3,194
201600035867,16,10,30,1550,1,2,1,1,7,194
201600035868,16,11,3,1830,5,2,1,1,2,194
201600035869,16,11,4,1730,2,2,1,1,6,194
201600035870,16,11,8,1745,2,2,1,1,4,194
201600035871,16,11,8,1645,1,2,2,1,1,194
201600035872,16,11,10,800,2,1,1,2,2,158
201600035873,16,11,11,930,1,2,1,1,6,214
201600035874,16,11,11,945,1,2,1,1,7,194
201600035875,16,11,14,2000,5,2,1,1,6,194
201600035876,16,11,15,1730,2,2,6,1,3,41
201600035877,16,11,16,1435,1,2,2,1,3,194
201600035878,16,11,16,1903,5,2,3,1,3,194
201600035879,16,11,17,750,5,2,1,2,6,194
201600035880,16,11,18,1030,1,1,1,1,4,41
201600035881,16,11,21,1525,1,1,1,1,5,194
201600035882,16,11,21,1450,1,2,1,1,4,194
201600035883,16,11,23,1240,1,2,1,2,6,157
201600035884,16,11,26,1930,5,2,2,1,3,194
201600035885,16,11,25,1835,3,2,1,1,6,194
201600035886,16,11,27,1530,1,2,1,1,1,194
201600035887,16,11,28,2125,5,2,2,1,3,194
201600035888,16,11,28,1815,3,2,2,1,6,214
201600035889,16,12,1,50,5,2,1,1,6,194
201600035890,16,12,2,830,1,2,1,1,6,158
201600035891,16,12,4,1120,1,2,2,1,3,194
201600035892,16,12,3,1920,1,2,1,1,3,214
201600035893,16,12,5,810,1,2,1,1,1,194
201600035894,16,12,7,741,2,2,1,1,1,214
201600035895,16,12,7,1735,1,2,1,1,3,194
201600035896,16,12,9,730,5,2,2,1,3,194
201600035897,16,12,9,1500,1,2,1,1,6,214
201600035898,16,12,12,1620,1,2,1,1,6,194
201600035899,16,12,12,1945,3,1,1,1,1,158
201600035900,16,12,14,1930,5,2,6,1,3,194
201600035901,16,12,15,35,5,2,1,1,6,194
201600035902,16,12,15,1530,1,2,3,1,3,194
201600035903,16,12,21,1905,5,2,2,2,3,194
201600035904,16,12,22,800,2,2,2,2,3,194
201600035905,16,12,22,1555,1,1,6,2,2,158
201600035906,16,12,23,745,5,2,6,2,3,194
201600035907,16,12,26,1210,1,1,1,1,7,214
201600035908,16,12,27,1943,5,2,1,1,3,194
201600035909,16,12,30,1749,2,2,3,1,3,85
201600035910,16,1,4,1809,2,2,3,3,5,85
201600035911,16,1,2,1310,1,1,1,2,5,65
201600035912,16,1,6,754,5,2,3,2,6,85
201600035913,16,1,7,805,5,2,2,3,3,85
201600035914,16,1,7,2013,5,2,3,1,3,85
201600035915,16,1,8,822,2,2,1,1,2,85
201600035916,16,11,19,52,5,2,1,2,6,85
201600035917,16,12,30,29,5,2,1,1,6,85
201600035918,16,1,10,1213,1,2,3,3,3,85
201600035919,16,1,8,808,5,2,1,2,5,85
201600035920,16,1,7,1606,1,1,1,2,6,75
201600035921,16,1,11,2357,5,2,1,1,6,85
201600035922,16,1,12,1507,1,2,1,2,1,85
201600035923,16,1,12,1520,1,2,1,1,6,114
201600035924,16,12,24,118,3,1,1,1,6,85
201600035925,16,1,13,1418,1,2,1,2,6,50
201600035926,16,12,25,1658,1,2,1,1,6,85
201600035927,16,1,13,1157,1,2,1,1,6,85
201600035928,16,12,24,933,1,2,1,1,6,85
201600035929,16,1,13,1816,1,2,2,1,3,85
201600035930,16,12,23,1823,3,1,1,1,1,48
201600035931,16,1,11,1313,1,2,1,2,6,85
201600035932,16,1,15,1316,1,2,2,1,6,85
201600035933,16,1,16,1331,1,2,1,1,6,85
201600035934,16,1,21,1000,1,2,3,1,3,85
201600035935,16,1,21,1720,1,2,1,1,4,85
201600035936,16,1,23,1645,1,2,1,1,6,85
201600035937,16,1,22,1722,1,2,1,1,6,85
201600035938,16,1,23,910,1,1,1,1,6,85
201600035939,16,1,25,803,2,2,1,1,6,85
201600035940,16,1,23,2009,5,2,1,1,6,85
201600035941,16,1,27,1842,1,1,3,1,3,65
201600035942,16,1,28,1845,1,2,3,1,6,85
201600035943,16,2,1,624,5,2,3,2,3,85
201600035944,16,1,30,1547,1,1,1,3,4,85
201600035945,16,2,1,925,1,2,2,2,3,85
201600035946,16,1,28,1806,2,2,1,2,6,85
201600035947,16,1,27,1532,1,2,1,1,2,85
201600035948,16,2,3,2037,5,2,9,1,3,85
201600035949,16,2,4,1750,1,2,9,3,6,85
201600035950,16,2,5,755,2,2,3,1,3,85
201600035951,16,2,6,1000,1,2,2,1,3,85
201600035952,16,2,9,806,1,2,2,3,3,75
201600035953,16,2,8,1327,1,2,1,1,1,85
201600035954,16,2,12,1712,1,2,1,2,2,85
201600035955,16,2,12,2026,5,2,3,2,3,85
201600035956,16,2,15,2028,3,1,1,1,6,50
201600035957,16,2,12,1812,1,2,1,1,6,85
201600035958,16,2,15,1424,1,2,1,1,6,85
201600035959,16,2,17,2339,5,2,2,1,3,85
201600035960,16,2,17,1316,1,2,1,1,2,85
201600035961,16,2,20,2016,5,2,1,2,1,85
201600035962,16,2,23,1214,1,2,1,1,6,50
201600035963,16,2,25,1455,1,1,1,2,1,75
201600035964,16,2,26,1759,1,2,3,1,3,85
201600035965,16,2,27,1452,1,1,3,2,3,85
201600035966,16,2,27,1554,1,2,1,1,3,85
201600035967,16,2,26,1503,1,2,1,1,2,85
201600035968,16,2,28,1916,5,2,1,2,6,85
201600035969,16,3,1,2025,5,2,3,1,3,85
201600035970,16,3,2,815,1,1,1,2,4,65
201600035971,16,3,6,602,5,1,1,1,2,85
201600035972,16,3,1,2136,4,1,1,2,2,85
201600035973,16,3,6,1039,1,2,9,1,3,75
201600035974,16,3,8,1000,1,2,1,1,6,85
201600035975,16,3,8,818,1,2,3,1,3,85
201600035976,16,3,8,1921,2,2,1,1,6,85
201600035977,16,3,9,835,1,1,1,2,2,85
201600035978,16,3,10,1726,1,2,3,1,3,48
201600035979,16,3,12,1826,1,1,1,1,2,50
201600035980,16,3,11,1833,1,2,1,1,6,85
201600035981,16,3,12,2311,5,2,1,1,6,85
201600035982,16,3,13,737,2,2,1,1,6,48
201600035983,16,3,14,1614,1,2,1,1,6,50
201600035984,16,3,16,826,1,2,1,1,6,85
201600035985,16,3,17,513,5,2,2,1,3,85
201600035986,16,3,17,2030,5,2,2,1,3,85
201600035987,16,3,18,2000,2,2,3,1,2,85
201600035988,16,3,17,2106,5,2,1,2,7,85
201600035989,16,3,22,1812,1,2,1,1,4,85
201600035990,16,3,17,1835,1,2,1,3,6,65
201600035991,16,3,20,1924,2,2,3,1,3,85
201600035992,16,3,23,1615,1,2,1,1,3,85
201600035993,16,3,24,1104,1,2,1,1,6,85
201600035994,16,3,25,2249,5,2,1,1,6,85
201600035995,16,3,26,1639,1,1,1,1,6,48
201600035996,16,3,30,1306,1,2,3,1,6,85
201600035997,16,3,29,1332,1,1,1,1,1,85
201600035998,16,3,24,1724,1,2,2,1,6,85
201600035999,16,3,30,1012,1,2,1,1,6,85
201600036000,16,4,1,1325,1,2,1,1,3,75
201600036001,16,4,1,1708,1,1,1,1,2,50
201600036002,16,3,31,1953,1,2,2,3,3,85
201600036003,16,4,7,1255,1,2,2,1,3,85
201600036004,16,4,8,1920,1,1,1,1,6,85
201600036005,16,4,9,1742,1,2,3,1,3,85
201600036006,16,4,12,909,1,1,1,1,6,50
201600036007,16,4,8,2030,2,2,1,1,7,85
201600036008,16,4,15,1150,1,2,1,1,3,85
201600036009,16,4,15,1003,1,1,1,2,6,65
201600036010,16,4,16,2044,2,2,3,2,3,85
201600036011,16,4,17,959,1,2,1,2,3,85
201600036012,16,4,16,1819,1,1,1,2,2,85
201600036013,16,4,19,216,5,2,1,1,6,85
201600036014,16,4,21,429,5,2,1,1,6,85
201600036015,16,4,22,1304,1,2,2,2,1,85
201600036016,16,4,22,2309,5,2,2,2,3,85
201600036017,16,4,26,1840,1,2,1,1,2,85
201600036018,16,4,26,852,1,2,1,2,7,85
201600036019,16,4,25,1758,1,2,2,1,2,85
201600036020,16,4,29,1345,1,2,3,1,3,114
201600036021,16,5,1,235,5,2,1,1,6,85
201600036022,16,5,1,1744,1,2,3,1,3,85
201600036023,16,5,2,1558,1,1,1,1,6,85
201600036024,16,5,3,1827,1,2,1,1,1,85
201600036025,16,5,4,813,1,2,1,1,6,85
201600036026,16,5,4,1830,1,2,1,1,6,85
201600036027,16,5,5,2224,5,2,1,1,3,85
201600036028,16,5,7,1150,1,2,1,1,6,85
201600036029,16,5,6,912,1,2,1,1,6,85
201600036030,16,5,11,1226,1,2,1,2,2,85
201600036031,16,5,12,1613,1,1,1,1,6,85
201600036032,16,5,16,1835,1,2,3,1,3,85
201600036033,16,5,18,2255,3,1,1,2,6,50
201600036034,16,5,14,2246,3,1,1,1,6,113
201600036035,16,5,19,1423,1,2,1,1,2,85
201600036036,16,5,19,840,1,2,1,2,2,85
201600036037,16,5,18,1935,1,2,1,2,6,85
201600036038,16,5,21,1434,1,1,3,1,3,65
201600036039,16,5,13,1608,1,2,2,2,6,85
201600036040,16,5,26,1123,1,2,1,2,6,85
201600036041,16,5,18,1618,1,1,1,1,2,75
201600036042,16,5,19,724,2,1,1,2,4,50
201600036043,16,5,26,1259,1,2,1,1,2,85
201600036044,16,5,27,810,1,2,6,1,3,85
201600036045,16,5,27,1217,1,2,1,1,3,75
201600036046,16,5,30,814,1,2,1,2,6,50
201600036047,16,5,27,1553,1,1,1,1,6,85
201600036048,16,5,31,748,2,2,6,3,6,50
201600036049,16,6,1,952,1,2,1,3,6,85
201600036050,16,5,31,734,1,2,2,2,3,48
201600036051,16,6,2,752,1,2,1,2,2,85
201600036052,16,6,1,1316,1,2,3,2,1,85
201600036053,16,6,2,1002,1,2,1,2,6,85
201600036054,16,6,3,918,1,2,3,1,3,85
201600036055,16,6,3,1741,1,2,1,1,6,85
201600036056,16,6,4,1500,1,2,3,1,3,85
201600036057,16,6,4,2047,1,2,3,1,3,85
201600036058,16,6,6,2210,5,2,1,1,3,85
201600036059,16,6,7,1522,1,2,1,1,6,85
201600036060,16,6,10,1603,1,1,1,1,3,107
201600036061,16,6,9,915,1,2,1,1,6,85
201600036062,16,6,11,1031,1,1,1,2,1,75
201600036063,16,6,13,1714,1,2,3,2,5,85
201600036064,16,6,13,2103,1,2,6,2,6,85
201600036065,16,6,13,1906,1,2,1,1,1,85
201600036066,16,6,14,916,1,2,1,1,6,50
201600036067,16,6,15,1201,1,2,1,1,6,85
201600036068,16,6,15,1750,1,2,2,1,3,85
201600036069,16,6,17,750,1,2,1,1,3,85
201600036070,16,6,13,1940,1,1,1,2,3,85
201600036071,16,6,17,1427,1,1,1,2,1,50
201600036072,16,6,20,820,1,2,1,1,3,85
201600036073,16,6,22,1855,1,1,1,1,2,85
201600036074,16,6,24,1204,1,1,1,3,6,65
201600036075,16,6,22,1705,1,1,1,1,6,75
201600036076,16,6,23,2324,5,2,1,1,6,85
201600036077,16,6,24,2302,5,2,2,3,3,85
201600036078,16,6,28,2305,5,1,3,1,6,85
201600036079,16,6,30,1439,1,2,1,1,2,85
201600036080,16,7,3,2117,1,1,1,1,1,114
201600036081,16,6,30,855,1,2,3,1,3,85
201600036082,16,7,6,1724,1,2,2,1,6,85
201600036083,16,6,30,1734,1,2,1,1,3,85
201600036084,16,7,8,1912,1,2,1,1,6,85
201600036085,16,7,7,1446,1,2,2,1,3,85
201600036086,16,7,9,2233,5,2,1,1,6,48
201600036087,16,7,7,1221,1,2,2,1,6,85
201600036088,16,7,9,1232,1,2,1,1,2,85
201600036089,16,7,11,1816,1,2,1,1,6,85
201600036090,16,7,10,1935,1,2,1,1,6,85
201600036091,16,7,12,855,1,2,2,1,3,85
201600036092,16,5,27,950,1,2,2,1,5,85
201600036093,16,7,18,1511,1,2,1,1,6,65
201600036094,16,7,17,1345,1,2,1,1,1,65
201600036095,16,7,16,1607,1,2,3,1,3,85
201600036096,16,7,20,1110,1,2,3,1,6,85
201600036097,16,7,21,2222,5,2,2,1,6,85
201600036098,16,7,22,1255,1,2,2,1,3,50
201600036099,16,7,22,1729,1,2,1,1,6,113
201600036100,16,7,25,1050,1,1,1,1,6,85
201600036101,16,7,25,1745,1,2,1,1,2,113
201600036102,16,7,26,1040,1,1,1,1,2,85
201600036103,16,7,25,2215,5,2,1,1,6,85
201600036104,16,7,28,58,5,2,3,1,3,85
201600036105,16,7,26,1807,1,2,1,1,6,85
201600036106,16,7,29,833,1,2,3,1,3,85
201600036107,16,7,21,602,5,2,1,1,6,85
201600036108,16,8,1,1714,1,2,1,1,2,85
201600036109,16,8,1,1412,1,2,3,1,3,85
201600036110,16,8,5,1536,1,2,1,1,2,85
201600036111,16,8,5,1533,1,2,1,1,3,85
201600036112,16,8,6,1941,1,2,1,1,4,65
201600036113,16,8,6,1928,1,2,1,1,6,85
201600036114,16,8,11,154,5,2,7,1,6,85
201600036115,16,8,11,850,1,1,1,1,1,50
201600036116,16,8,13,105,5,1,1,1,6,65
201600036117,16,8,15,1833,1,1,1,1,6,85
201600036118,16,8,12,1727,1,2,1,1,6,50
201600036119,16,8,13,832,1,2,3,1,3,85
201600036120,16,8,16,1525,1,1,1,1,3,85
201600036121,16,8,19,140,3,1,1,1,6,75
201600036122,16,8,19,1953,1,2,1,1,1,85
201600036123,16,8,22,1735,1,2,1,1,6,85
201600036124,16,8,22,1731,1,1,1,1,5,65
201600036125,16,8,20,2005,1,2,2,1,3,85
201600036126,16,8,23,1921,1,2,1,1,6,114
201600036127,16,8,23,2009,1,2,1,1,6,85
201600036128,16,8,26,23,5,1,3,1,6,65
201600036129,16,8,30,850,1,2,3,1,3,85
201600036130,16,8,30,1045,1,1,3,1,3,85
201600036131,16,8,31,629,5,2,1,1,1,65
201600036132,16,9,1,1742,1,2,1,1,1,85
201600036133,16,9,1,2151,5,1,3,1,6,48
201600036134,16,9,1,1739,1,2,1,1,6,85
201600036135,16,8,22,1710,1,2,1,1,6,85
201600036136,16,9,6,1521,1,2,1,1,3,85
201600036137,16,9,7,1705,1,2,3,1,3,85
201600036138,16,9,8,1713,1,2,3,1,3,85
201600036139,16,9,4,2034,5,2,3,1,6,85