Num_Acc,an,mois,jour,hrmn,lum,agg,int,atm,col,com
201600036140,16,9,7,1535,1,2,1,1,2,85
201600036141,16,9,8,1340,1,2,2,1,3,85
201600036142,16,9,10,2049,5,2,1,1,4,85
201600036143,16,9,16,1320,1,2,1,2,3,85
201600036144,16,9,18,1446,1,2,1,2,2,85
201600036145,16,9,16,1653,1,2,1,2,4,85
201600036146,16,9,16,1321,1,2,1,1,6,85
201600036147,16,9,16,1728,1,2,2,1,3,85
201600036148,16,9,17,1236,1,2,1,1,6,65
201600036149,16,9,15,1819,1,2,1,1,6,85
201600036150,16,9,21,1730,1,2,2,1,6,85
201600036151,16,9,22,1240,1,2,1,1,3,85
201600036152,16,9,30,1853,1,1,1,2,6,50
201600036153,16,10,1,1040,1,2,1,2,6,113
201600036154,16,9,30,821,1,2,2,1,3,85
201600036155,16,9,27,2140,3,1,1,1,2,85
201600036156,16,10,5,748,2,2,1,1,6,85
201600036157,16,10,4,2012,4,2,1,1,6,85
201600036158,16,10,5,49,5,2,1,1,6,85
201600036159,16,10,4,1247,1,1,1,1,6,85
201600036160,16,10,6,1655,1,2,2,1,3,85
201600036161,16,10,10,849,1,1,1,1,2,50
201600036162,16,10,8,1719,1,2,1,1,2,114
201600036163,16,10,10,846,1,1,1,1,6,85
201600036164,16,10,11,1655,1,2,1,1,3,85
201600036165,16,10,17,829,1,2,1,2,4,85
201600036166,16,10,17,1212,1,1,1,3,6,85
201600036167,16,10,17,1134,1,2,1,2,3,85
201600036168,16,10,17,1351,1,2,1,2,2,50
201600036169,16,10,17,1047,1,2,3,2,3,114
201600036170,16,10,14,1538,1,1,1,2,6,65
201600036171,16,10,18,2029,5,2,1,1,3,85
201600036172,16,10,19,1612,1,1,3,1,3,50
201600036173,16,10,1,1620,1,2,1,1,4,85
201600036174,16,10,20,953,1,2,3,1,3,65
201600036175,16,10,14,752,5,2,2,1,3,85
201600036176,16,10,19,2049,5,1,3,1,1,85
201600036177,16,10,21,744,5,2,9,1,3,85
201600036178,16,10,18,1620,1,2,1,1,6,85
201600036179,16,10,20,731,5,2,1,5,6,114
201600036180,16,10,23,1602,1,1,1,1,4,85
201600036181,16,10,18,1535,1,2,2,1,5,85
201600036182,16,10,24,1657,1,2,1,2,6,114
201600036183,16,10,24,1517,1,2,1,2,6,85
201600036184,16,10,26,1405,1,2,1,1,6,85
201600036185,16,10,28,1736,1,2,1,1,2,85
201600036186,16,10,29,853,1,2,2,1,3,85
201600036187,16,10,29,1429,1,2,1,1,6,85
201600036188,16,10,29,1555,1,1,3,1,3,85
201600036189,16,11,1,1635,1,1,1,1,6,85
201600036190,16,11,2,750,1,1,1,1,2,85
201600036191,16,11,4,2019,5,2,3,2,1,85
201600036192,16,11,8,1210,1,2,1,1,2,85
201600036193,16,11,9,810,1,2,1,2,5,85
201600036194,16,11,10,624,3,1,1,1,6,85
201600036195,16,11,15,1030,1,2,1,1,6,85
201600036196,16,11,14,1825,5,2,1,2,6,85
201600036197,16,11,6,1850,3,1,1,2,1,85
201600036198,16,11,12,1915,5,2,1,2,1,85
201600036199,16,11,16,1002,1,2,2,2,1,85
201600036200,16,11,17,1745,2,2,1,2,6,85
201600036201,16,11,16,1508,1,2,1,2,6,85
201600036202,16,11,16,1237,1,2,3,2,6,85
201600036203,16,11,10,1149,1,2,1,2,6,65
201600036204,16,11,21,1348,1,2,2,1,6,85
201600036205,16,11,16,1012,1,1,3,1,5,75
201600036206,16,11,17,1743,2,2,1,2,3,114
201600036207,16,11,17,1813,5,2,1,2,6,50
201600036208,16,11,22,1849,5,2,1,2,6,85
201600036209,16,11,19,2027,5,2,3,1,3,85
201600036210,16,11,16,1310,1,2,3,2,1,85
201600036211,16,11,24,1752,2,1,1,2,6,85
201600036212,16,11,24,1537,1,2,1,1,6,85
201600036213,16,11,24,2010,5,1,1,1,2,85
201600036214,16,11,25,1241,1,2,1,1,6,85
201600036215,16,11,26,1428,1,2,1,1,6,85
201600036216,16,11,28,1952,3,1,1,1,6,48
201600036217,16,11,10,1916,5,2,4,2,1,114
201600036218,16,11,20,1525,1,2,1,1,3,85
201600036219,16,12,3,1900,5,2,4,1,6,85
201600036220,16,12,2,1500,1,2,1,1,4,85
201600036221,16,11,28,1639,1,2,1,1,6,85
201600036222,16,12,3,852,1,2,1,1,6,85
201600036223,16,12,7,1811,2,2,3,1,2,85
201600036224,16,12,10,1331,1,2,1,1,6,114
201600036225,16,12,8,737,5,1,3,1,3,65
201600036226,16,12,14,1540,1,2,3,1,3,85
201600036227,16,12,14,1523,1,2,1,1,2,85
201600036228,16,12,14,1735,1,2,1,1,3,85
201600036229,16,12,16,1805,2,1,1,2,6,85
201600036230,16,12,16,1451,1,2,1,1,6,85
201600036231,16,11,10,1521,1,2,3,1,3,85
201600036232,16,11,30,1308,1,1,1,1,6,114
201600036233,16,12,20,958,1,2,1,1,6,85
201600036234,16,9,18,2036,5,2,3,1,3,85
201600036235,16,12,23,1310,1,1,1,2,6,85
201600036236,16,12,27,831,2,1,1,1,2,85
201600036237,16,12,27,955,1,2,1,1,6,85
201600036238,16,12,27,1225,1,2,1,1,6,85
201600036239,16,12,28,1922,5,2,1,1,6,85
201600036240,16,1,23,1010,1,1,1,1,6,160
201600036241,16,1,30,1401,1,2,6,8,6,160
201600036242,16,3,9,900,1,2,1,1,6,160
201600036243,16,3,12,1555,1,2,1,1,6,87
201600036244,16,3,20,1610,1,2,1,1,1,160
201600036245,16,3,21,1115,1,2,2,1,6,160
201600036246,16,3,23,1815,1,2,3,1,3,209
201600036247,16,4,8,332,3,1,1,8,6,160
201600036248,16,5,7,1725,1,2,6,1,7,160
201600036249,16,5,26,105,3,2,1,1,6,160
201600036250,16,6,6,955,1,2,1,1,2,160
201600036251,16,6,24,755,1,1,1,1,7,160
201600036252,16,7,16,2305,3,1,1,1,7,160
201600036253,16,7,30,1455,1,2,1,1,6,160
201600036254,16,9,22,1855,1,1,1,1,6,160
201600036255,16,9,24,2130,5,2,1,1,6,160
201600036256,16,10,1,2214,5,2,1,1,6,160
201600036257,16,10,14,2040,5,2,2,1,2,160
201600036258,16,11,25,1020,1,2,2,1,6,160
201600036259,16,12,10,1850,5,2,1,1,6,160
201600036260,16,12,16,727,5,2,1,1,6,87
201600036261,16,8,18,2256,5,2,1,1,6,415
201600036262,16,9,24,1924,1,2,3,1,1,415
201600036263,16,10,24,1750,1,1,1,8,2,409
201600036264,16,1,7,2120,5,2,1,2,6,413
201600036265,16,1,13,738,2,2,1,2,6,413
201600036266,16,2,7,625,3,1,1,1,6,413
201600036267,16,2,6,1130,1,2,3,1,7,413
201600036268,16,3,17,1445,1,2,1,1,3,413
201600036269,16,3,19,2045,5,2,1,1,6,413
201600036270,16,5,24,1045,1,2,1,1,6,413
201600036271,16,5,28,1810,1,2,2,1,5,413
201600036272,16,5,14,1300,1,1,1,1,7,463
201600036273,16,6,19,1815,1,2,1,1,6,413
201600036274,16,6,26,1649,1,2,1,1,1,413
201600036275,16,7,4,30,5,2,2,1,3,413
201600036276,16,7,9,1908,1,2,1,1,2,413
201600036277,16,7,15,1835,1,2,1,1,6,424
201600036278,16,7,18,1123,1,2,1,1,6,424
201600036279,16,7,14,1050,1,1,1,3,7,413
201600036280,16,9,6,1853,1,1,2,1,3,413
201600036281,16,9,1,1830,1,2,1,1,4,413
201600036282,16,9,28,1716,1,1,1,1,6,463
201600036283,16,10,1,2102,5,2,1,1,3,413
201600036284,16,10,10,1535,1,2,1,1,3,413
201600036285,16,11,19,250,5,2,1,2,6,413
201600036286,16,12,7,1500,1,2,6,1,3,424
201600036287,16,12,3,2320,5,2,1,1,6,463
201600036288,16,12,6,1925,5,2,1,1,2,413
201600036289,16,2,1,1915,5,2,1,1,3,24
201600036290,16,3,2,1220,1,1,1,2,3,346
201600036291,16,3,23,735,1,2,2,1,2,24
201600036292,16,5,22,1140,1,1,1,2,1,24
201600036293,16,6,5,1440,1,2,1,1,6,24
201600036294,16,6,16,2010,1,2,2,1,3,24
201600036295,16,7,4,1040,1,1,1,1,1,24
201600036296,16,8,17,1740,1,2,1,1,6,24
201600036297,16,7,22,1655,1,2,1,1,6,24
201600036298,16,7,23,1430,1,1,3,1,2,263
201600036299,16,8,24,1840,1,2,2,1,2,24
201600036300,16,11,18,920,1,2,4,1,6,24
201600036301,16,11,29,950,1,1,1,1,2,24
201600036302,16,12,3,1625,1,2,1,1,6,24
201600036303,16,1,21,916,1,2,9,1,2,387
201600036304,16,1,27,740,3,2,2,1,3,387
201600036305,16,2,4,930,1,1,3,2,4,354
201600036306,16,10,30,235,5,2,1,1,6,387
201600036307,16,3,24,1305,1,2,1,1,3,387
201600036308,16,3,30,1325,1,2,6,2,6,387
201600036309,16,5,4,940,1,2,1,1,4,387
201600036310,16,5,8,910,1,2,9,1,2,287
201600036311,16,5,9,1650,1,2,1,1,3,338
201600036312,16,4,29,800,1,2,1,7,6,287
201600036313,16,5,16,1935,1,1,1,1,6,127
201600036314,16,5,27,2010,1,2,1,1,6,387
201600036315,16,5,29,1315,1,2,1,1,2,354
201600036316,16,5,31,1300,1,2,3,2,3,342
201600036317,16,6,3,840,1,2,1,2,7,387
201600036318,16,12,10,625,5,2,4,1,6,342
201600036319,16,6,10,1730,1,2,2,1,3,387
201600036320,16,6,16,1855,1,2,2,1,3,338
201600036321,16,6,28,1910,1,1,1,1,6,338
201600036322,16,6,27,135,5,2,2,1,6,387
201600036323,16,6,19,2205,5,2,1,1,7,387
201600036324,16,7,4,1600,1,2,1,1,6,387
201600036325,16,7,4,740,1,1,1,1,7,387
201600036326,16,6,17,1335,1,2,2,1,6,387
201600036327,16,7,9,2100,2,2,1,1,4,342
201600036328,16,7,8,800,1,2,1,1,2,387
201600036329,16,7,9,1100,1,2,2,1,6,387
201600036330,16,7,18,1150,1,2,1,1,3,387
201600036331,16,8,5,1134,1,2,1,1,1,387
201600036332,16,8,16,1115,1,2,1,1,4,387
201600036333,16,9,6,930,1,2,1,2,3,387
201600036334,16,9,8,1130,1,2,1,1,6,287
201600036335,16,9,19,1710,1,1,1,1,7,342
201600036336,16,9,16,1630,1,2,5,1,3,387
201600036337,16,9,18,1310,1,2,1,1,7,387
201600036338,16,9,26,1300,1,1,2,1,3,387
201600036339,16,10,2,510,5,2,1,1,2,387
201600036340,16,9,30,1610,1,2,2,1,3,387
201600036341,16,10,12,900,1,2,1,1,2,387
201600036342,16,10,24,1800,2,1,2,3,4,387
201600036343,16,10,15,1715,1,2,3,1,6,387
201600036344,16,10,26,1010,1,1,2,1,1,387
201600036345,16,11,5,1835,5,2,1,1,4,387
201600036346,16,11,4,1310,1,2,1,1,2,387
201600036347,16,10,31,1835,5,2,2,1,6,387
201600036348,16,11,11,2115,5,2,3,1,3,387
201600036349,16,11,16,1225,1,2,1,2,1,387
201600036350,16,11,25,820,1,2,1,1,6,387
201600036351,16,11,13,225,5,2,1,8,2,387
201600036352,16,12,2,900,1,1,3,1,3,387
201600036353,16,11,18,530,1,1,1,1,6,287
201600036354,16,1,2,1842,5,2,1,2,2,75
201600036355,16,1,4,1515,1,1,1,8,6,39
201600036356,16,1,8,1427,1,1,1,3,7,29
201600036357,16,1,9,2220,5,2,1,8,6,10
201600036358,16,1,9,2020,5,2,1,5,2,10
201600036359,16,1,11,1715,2,2,1,2,6,10
201600036360,16,1,13,1015,1,2,1,2,6,32
201600036361,16,1,13,1258,1,2,1,1,1,10
201600036362,16,1,15,945,1,2,1,1,6,10
201600036363,16,1,16,1547,1,2,1,4,2,32
201600036364,16,1,18,1510,1,2,3,1,3,10
201600036365,16,1,19,1711,3,1,1,4,7,1
201600036366,16,1,22,1659,2,1,1,8,3,10
201600036367,16,1,31,1810,5,2,3,2,6,75
201600036368,16,2,3,1650,1,2,1,2,2,99
201600036369,16,2,10,1832,5,2,2,2,3,10
201600036370,16,3,1,1210,1,2,1,1,3,32
201600036371,16,3,3,853,1,2,1,4,2,10
201600036372,16,3,9,1743,2,1,1,1,7,99
201600036373,16,3,9,1156,1,2,1,1,3,10
201600036374,16,3,10,829,1,2,1,1,4,75
201600036375,16,3,16,1745,1,2,1,1,1,8
201600036376,16,3,11,903,1,2,1,1,6,76
201600036377,16,3,17,850,1,2,1,1,4,10
201600036378,16,3,18,1810,1,2,1,1,6,10
201600036379,16,3,19,1619,1,2,1,1,6,10
201600036380,16,3,21,1053,1,2,1,1,6,8
201600036381,16,3,29,857,1,2,2,1,2,10
201600036382,16,3,30,1059,1,2,3,2,6,10
201600036383,16,4,5,720,1,2,1,1,4,10
201600036384,16,4,5,1215,1,1,6,3,3,99
201600036385,16,4,22,1520,1,2,1,1,6,32
201600036386,16,4,28,1145,1,2,1,1,6,10
201600036387,16,4,29,1900,1,2,1,1,3,39
201600036388,16,5,4,1555,1,2,1,1,2,10
201600036389,16,5,15,1719,1,1,1,1,1,29
201600036390,16,5,17,928,1,2,1,1,2,8
201600036391,16,5,16,1940,2,2,1,1,6,75
201600036392,16,4,28,1735,1,2,1,1,7,39
201600036393,16,5,5,1913,1,2,1,1,3,10
201600036394,16,5,18,1210,1,2,1,1,2,10
201600036395,16,5,7,1859,1,2,2,1,3,10
201600036396,16,5,28,858,1,2,1,1,3,8
201600036397,16,5,30,1215,1,2,1,2,1,75
201600036398,16,5,31,1554,1,2,6,3,1,8
201600036399,16,6,13,2300,5,2,1,8,1,10
201600036400,16,7,3,950,1,2,1,1,1,10
201600036401,16,7,3,250,5,2,3,1,5,10
201600036402,16,7,8,2355,5,2,1,1,3,10
201600036403,16,7,14,1403,1,2,1,2,2,10
201600036404,16,7,21,1130,1,1,1,1,1,75
201600036405,16,8,15,1235,1,2,1,1,6,10
201600036406,16,8,24,1923,1,2,1,1,6,10
201600036407,16,9,6,1826,1,2,1,1,6,10
201600036408,16,9,9,1706,1,2,1,1,6,32
201600036409,16,8,29,1445,1,2,1,1,6,1
201600036410,16,9,12,1812,1,2,1,1,3,10
201600036411,16,9,8,722,1,2,1,1,3,10
201600036412,16,9,21,1122,1,2,1,1,6,10
201600036413,16,9,27,2251,5,2,1,1,6,10
201600036414,16,9,30,1337,1,2,1,1,1,10
201600036415,16,10,1,1021,1,2,1,3,2,39
201600036416,16,10,11,2001,3,2,1,1,1,32
201600036417,16,11,10,1727,3,2,1,2,6,8
201600036418,16,12,8,1618,1,2,1,1,6,10
201600036419,16,12,10,1950,5,2,1,1,3,10
201600036420,16,12,17,245,3,1,1,5,7,32
201600036421,16,1,1,1300,1,2,1,1,6,347
201600036422,16,1,12,1435,1,2,1,1,1,339
201600036423,16,1,12,1610,1,2,1,1,6,103
201600036424,16,1,13,115,5,2,1,2,6,339
201600036425,16,1,16,840,1,1,1,9,6,457
201600036426,16,1,22,1255,1,2,1,3,2,339
201600036427,16,1,23,1815,5,2,1,2,2,339
201600036428,16,1,26,1415,1,2,3,1,3,552
201600036429,16,1,26,1915,3,1,1,1,6,103
201600036430,16,1,29,1505,1,2,3,1,6,103
201600036431,16,1,30,1810,5,2,3,2,2,347
201600036432,16,1,31,1518,1,2,1,1,3,425
201600036433,16,2,1,2015,3,1,1,2,6,457
201600036434,16,2,4,810,1,2,1,1,3,21
201600036435,16,2,5,1415,1,2,1,1,2,552
201600036436,16,2,6,1745,1,2,1,1,6,552
201600036437,16,2,7,220,5,1,1,2,4,552
201600036438,16,2,11,1700,1,2,4,1,6,552
201600036439,16,2,12,1500,1,2,1,2,6,21
201600036440,16,2,19,1025,1,2,1,1,6,103
201600036441,16,2,19,1115,1,2,1,1,2,425
201600036442,16,2,19,2150,5,2,1,1,7,425
201600036443,16,2,20,1150,1,2,1,2,6,21
201600036444,16,2,23,1925,3,1,1,1,2,552
201600036445,16,2,24,750,1,2,1,1,3,347
201600036446,16,2,26,1345,1,2,1,1,3,552
201600036447,16,3,1,1308,1,2,1,2,3,21
201600036448,16,3,3,1955,3,2,1,1,7,552
201600036449,16,3,7,810,1,1,1,1,3,103
201600036450,16,3,8,1039,1,2,1,1,6,103
201600036451,16,3,10,1700,1,2,1,1,2,103
201600036452,16,3,11,30,4,2,1,1,6,552
201600036453,16,3,12,1110,1,2,2,1,2,425
201600036454,16,3,23,1940,5,2,1,1,2,103
201600036455,16,3,25,745,1,2,1,1,7,21
201600036456,16,3,26,1015,1,2,1,1,6,552
201600036457,16,3,30,850,1,1,1,2,4,552
201600036458,16,3,30,1710,1,2,1,1,6,103
201600036459,16,4,5,1900,1,2,1,1,6,552
201600036460,16,4,7,825,1,2,6,1,7,425
201600036461,16,4,14,840,1,2,1,1,5,425
201600036462,16,4,16,1610,1,2,1,1,2,339
201600036463,16,4,18,1040,1,2,1,1,2,21
201600036464,16,4,27,1145,1,1,1,1,3,457
201600036465,16,4,28,830,1,2,1,1,1,21
201600036466,16,4,29,1240,1,2,1,1,2,347
201600036467,16,5,2,1240,1,2,1,1,2,333
201600036468,16,5,5,1040,1,2,2,1,3,103
201600036469,16,5,8,1510,1,2,3,1,1,425
201600036470,16,5,11,1250,1,1,1,2,4,552
201600036471,16,5,11,1730,1,2,1,2,2,103
201600036472,16,5,12,1315,1,2,1,1,3,103
201600036473,16,5,14,2340,5,2,1,1,3,103
201600036474,16,5,15,818,1,1,1,1,7,457
201600036475,16,5,17,37,5,1,1,1,3,425
201600036476,16,5,20,1045,1,2,1,1,6,103
201600036477,16,5,20,1810,1,2,2,1,6,21
201600036478,16,5,24,1605,1,2,1,1,6,339
201600036479,16,5,26,1359,1,2,1,1,6,21
201600036480,16,6,1,845,1,2,1,2,6,103
201600036481,16,6,3,1925,1,2,1,1,3,21
201600036482,16,6,5,2010,1,2,1,1,2,339
201600036483,16,6,7,1328,1,2,1,1,7,103
201600036484,16,6,8,940,1,2,1,1,6,103
201600036485,16,6,8,1955,1,2,1,1,3,552
201600036486,16,6,9,1825,1,1,1,1,7,457
201600036487,16,6,9,2000,1,2,1,1,3,339
201600036488,16,6,13,1420,1,2,1,2,2,425
201600036489,16,6,20,825,1,2,1,2,4,339
201600036490,16,6,23,2140,1,1,1,1,3,339
201600036491,16,6,24,2040,1,1,1,1,3,457
201600036492,16,6,25,2000,1,1,1,1,2,339
201600036493,16,6,27,845,1,2,3,2,3,103
201600036494,16,7,5,1800,1,2,1,1,2,425
201600036495,16,7,5,2000,1,2,1,1,2,21
201600036496,16,7,8,45,5,2,3,1,3,552
201600036497,16,7,10,215,3,2,2,1,3,103
201600036498,16,7,21,945,1,2,1,1,7,103
201600036499,16,7,28,1500,1,2,1,1,6,103
201600036500,16,8,2,805,1,2,1,2,3,347
201600036501,16,8,3,1755,1,2,1,1,2,21
201600036502,16,8,5,1335,1,2,1,1,6,103
201600036503,16,8,9,1700,1,2,1,1,5,425
201600036504,16,8,13,1415,1,2,3,1,1,425
201600036505,16,8,22,650,1,2,1,1,7,103
201600036506,16,8,22,1102,1,1,4,1,3,347
201600036507,16,8,29,1640,1,2,1,2,4,552
201600036508,16,9,7,1110,1,2,1,1,6,103
201600036509,16,9,13,808,1,2,3,1,3,333
201600036510,16,9,13,1035,1,1,1,1,6,103
201600036511,16,9,13,1820,1,2,1,1,3,425
201600036512,16,9,26,915,1,2,1,1,3,347
201600036513,16,9,26,1815,1,1,6,1,7,21
201600036514,16,9,30,2145,5,2,1,2,6,21
201600036515,16,10,1,1010,1,2,4,1,6,103
201600036516,16,10,2,2016,3,1,1,1,5,457
201600036517,16,10,11,650,5,2,1,2,4,339
201600036518,16,10,12,755,1,2,1,1,6,425
201600036519,16,10,15,2010,5,1,2,1,2,347
201600036520,16,10,16,1300,1,2,1,1,1,347
201600036521,16,10,19,900,1,1,1,1,5,425
201600036522,16,10,23,1156,1,1,6,1,3,103
201600036523,16,10,25,735,3,1,1,5,3,21
201600036524,16,11,4,1535,1,1,3,2,3,339
201600036525,16,11,5,20,3,2,1,2,6,339
201600036526,16,10,29,1542,1,1,1,2,7,457
201600036527,16,11,7,729,2,2,1,1,6,339
201600036528,16,11,8,836,1,1,1,1,3,103
201600036529,16,11,10,2210,5,2,1,1,6,103
201600036530,16,11,11,1331,1,2,1,1,4,425
201600036531,16,11,13,1640,1,2,1,2,2,425
201600036532,16,11,19,1140,1,2,1,1,6,21
201600036533,16,11,21,724,5,1,1,2,2,552
201600036534,16,11,25,2015,5,2,3,1,2,347
201600036535,16,11,26,130,3,2,3,1,7,103
201600036536,16,11,28,2119,3,1,6,1,3,457
201600036537,16,11,29,1145,1,2,1,1,6,103
201600036538,16,11,30,1130,1,2,1,1,4,339
201600036539,16,12,3,1415,1,2,1,1,6,425
201600036540,16,12,7,1800,5,1,1,1,4,552
201600036541,16,12,9,1116,1,2,1,1,1,103
201600036542,16,12,14,1656,1,2,1,1,3,103
201600036543,16,12,15,1826,3,1,1,2,7,339
201600036544,16,12,15,1955,5,2,2,2,1,103
201600036545,16,12,16,1715,2,2,1,1,6,425
201600036546,16,12,18,740,3,2,1,1,1,103
201600036547,16,12,21,1220,1,1,1,1,6,21
201600036548,16,12,26,1158,1,2,1,2,2,552
201600036549,16,12,29,1745,2,2,1,1,2,103
201600036550,16,12,29,2045,5,2,1,1,6,425
201600036551,16,12,23,1158,1,2,1,1,6,103
201600036552,16,10,20,200,5,2,2,1,2,479
201600036553,16,10,14,1805,2,2,2,2,3,27
201600036554,16,10,30,1450,1,2,2,1,3,479
201600036555,16,7,10,1920,1,2,2,1,3,27
201600036556,16,9,29,735,5,2,1,1,2,27
201600036557,16,12,11,2030,5,2,1,1,6,27
201600036558,16,10,9,15,5,2,1,1,2,114
201600036559,16,1,8,1535,1,2,2,1,3,514
201600036560,16,1,11,715,5,2,1,2,6,114
201600036561,16,1,12,805,5,2,1,1,6,114
201600036562,16,1,23,1335,1,2,1,1,5,114
201600036563,16,1,28,1030,1,2,1,1,5,114
201600036564,16,2,3,815,1,2,1,1,6,114
201600036565,16,12,20,2010,5,2,6,1,5,114
201600036566,16,2,8,2145,5,1,1,2,6,97
201600036567,16,2,11,915,1,1,2,1,3,514
201600036568,16,2,11,920,1,2,1,1,2,114
201600036569,16,2,19,1140,1,2,1,1,4,114
201600036570,16,3,2,520,5,1,1,1,2,114
201600036571,16,3,3,445,5,2,1,1,1,97
201600036572,16,3,4,1305,1,2,1,1,2,114
201600036573,16,3,8,1640,1,2,1,1,2,514
201600036574,16,3,17,820,1,1,1,1,6,97
201600036575,16,3,28,1420,1,2,1,1,2,114
201600036576,16,4,5,1700,1,2,1,1,1,114
201600036577,16,4,18,1730,1,2,3,1,3,114
201600036578,16,4,26,1515,1,2,7,1,3,114
201600036579,16,3,28,2220,5,2,1,1,2,114
201600036580,16,5,3,1110,1,2,1,1,2,514
201600036581,16,5,3,1340,1,2,1,1,2,114
201600036582,16,5,5,1200,1,2,1,1,6,114
201600036583,16,5,10,1740,1,2,1,2,6,97
201600036584,16,5,12,1420,1,2,6,1,7,514
201600036585,16,5,13,1850,1,2,1,1,6,114
201600036586,16,5,14,1320,1,1,1,1,3,97
201600036587,16,5,17,1815,1,2,1,1,6,114
201600036588,16,5,19,1635,1,1,1,1,6,114
201600036589,16,5,23,755,1,2,1,3,2,114
201600036590,16,2,10,2015,1,1,1,1,6,114
201600036591,16,5,28,2000,1,2,1,3,6,114
201600036592,16,5,30,1820,1,1,5,1,3,114
201600036593,16,6,3,1830,1,2,2,2,3,114
201600036594,16,6,7,1020,1,2,1,1,4,114
201600036595,16,6,8,2130,1,2,1,1,2,514
201600036596,16,6,10,2110,1,1,1,1,5,114
201600036597,16,6,11,1755,1,2,1,3,6,215
201600036598,16,6,11,2155,2,2,2,8,3,114
201600036599,16,6,17,2230,2,2,7,2,2,114
201600036600,16,6,16,1255,1,2,6,1,2,114
201600036601,16,6,16,1520,1,2,1,1,6,114
201600036602,16,6,19,1650,1,2,1,1,6,97
201600036603,16,6,25,2330,5,2,1,1,6,114
201600036604,16,6,26,1920,1,1,1,1,3,514
201600036605,16,6,27,35,5,2,1,1,6,114
201600036606,16,6,28,2130,1,2,2,1,3,114
201600036607,16,7,2,200,5,2,1,2,3,114
201600036608,16,7,7,850,1,2,1,1,4,114
201600036609,16,7,9,850,1,1,1,1,6,114
201600036610,16,7,29,940,1,2,1,2,2,114
201600036611,16,4,27,1135,1,1,6,1,1,97
201600036612,16,9,7,1840,1,1,1,1,3,97
201600036613,16,9,14,1315,1,1,1,1,2,114
201600036614,16,9,14,1635,1,1,1,1,2,114
201600036615,16,9,14,1810,1,2,1,1,1,97
201600036616,16,9,20,740,1,2,1,1,6,97
201600036617,16,9,24,2140,5,2,1,1,2,514
201600036618,16,9,25,1545,1,2,1,2,2,114
201600036619,16,9,26,1915,1,2,6,1,1,215
201600036620,16,10,3,1755,1,2,1,1,6,114
201600036621,16,10,2,1600,1,2,1,1,1,215
201600036622,16,9,22,1915,1,2,1,1,6,215
201600036623,16,10,8,15,3,2,1,1,2,114
201600036624,16,9,1,1110,1,2,1,1,7,631
201600036625,16,10,12,1035,1,1,1,1,1,514
201600036626,16,11,20,2010,5,2,3,2,3,114
201600036627,16,11,21,1740,5,2,1,1,2,114
201600036628,16,11,22,1025,1,2,1,1,3,114
201600036629,16,11,26,945,1,2,1,8,6,114
201600036630,16,12,5,1800,5,1,6,1,2,514
201600036631,16,12,14,1130,1,2,1,1,6,514
201600036632,16,10,20,2005,5,2,3,1,5,215
201600036633,16,9,13,810,2,2,1,1,3,114
201600036634,16,12,30,1110,1,1,2,1,3,514
201600036635,16,12,5,805,2,2,1,1,3,174
201600036636,16,2,15,1430,1,2,1,1,6,174
201600036637,16,1,1,1230,1,1,1,1,6,174
201600036638,16,1,8,1940,5,2,3,1,5,174
201600036639,16,1,26,915,1,1,1,1,6,174
201600036640,16,1,4,935,1,2,1,1,1,174
201600036641,16,8,2,938,1,2,2,2,6,174
201600036642,16,5,17,1745,1,2,1,1,3,174
201600036643,16,9,10,2240,3,2,6,1,6,174
201600036644,16,1,4,835,1,2,1,1,6,657
201600036645,16,1,7,1855,5,2,2,1,3,657
201600036646,16,1,8,110,5,2,1,1,6,657
201600036647,16,1,9,950,1,2,3,1,2,657
201600036648,16,1,18,1525,1,2,2,1,3,657
201600036649,16,1,26,2130,5,2,2,8,6,657
201600036650,16,1,29,845,1,2,1,1,6,657
201600036651,16,1,30,1125,1,2,2,1,1,201
201600036652,16,2,4,715,3,2,1,8,6,201
201600036653,16,2,14,1750,1,2,2,2,3,657
201600036654,16,2,19,2135,5,2,1,1,6,201
201600036655,16,2,20,1150,1,2,5,1,1,657
201600036656,16,3,1,1327,1,2,2,2,2,201
201600036657,16,3,4,1400,1,1,1,1,3,201
201600036658,16,3,5,1940,5,1,1,1,2,657
201600036659,16,3,8,1458,1,2,1,1,5,201
201600036660,16,3,12,900,1,2,4,7,3,201
201600036661,16,3,19,1315,1,2,1,1,6,201
201600036662,16,3,20,1000,1,2,1,1,6,657
201600036663,16,3,28,1635,1,2,1,8,6,201
201600036664,16,4,1,1820,1,2,5,1,3,657
201600036665,16,4,2,1355,1,2,3,1,3,657
201600036666,16,4,2,1430,1,2,1,1,6,657
201600036667,16,4,5,1330,1,2,1,1,6,657
201600036668,16,4,6,1524,1,2,1,1,6,201
201600036669,16,4,10,1725,1,2,9,1,4,201
201600036670,16,4,10,2000,1,2,1,1,2,657
201600036671,16,4,12,800,1,2,3,1,3,201
201600036672,16,4,18,910,1,2,1,7,6,201
201600036673,16,4,23,1425,1,2,1,1,2,201
201600036674,16,5,10,1850,1,2,1,2,3,657
201600036675,16,5,14,2010,1,2,7,1,1,201
201600036676,16,5,24,1150,1,2,1,1,6,657
201600036677,16,5,29,1455,1,2,1,2,1,201
201600036678,16,6,8,1110,1,2,1,1,6,657