Num_Acc,an,mois,jour,hrmn,lum,agg,int,atm,col,com
201600036679,16,6,10,1830,1,2,1,1,6,201
201600036680,16,6,14,2305,5,2,2,1,5,201
201600036681,16,6,18,1350,1,2,2,1,6,201
201600036682,16,6,22,25,5,2,1,1,6,201
201600036683,16,6,28,750,1,2,6,1,3,657
201600036684,16,7,9,2040,2,2,1,1,3,201
201600036685,16,7,9,2020,1,2,1,7,6,657
201600036686,16,7,10,1510,1,2,1,1,3,657
201600036687,16,7,10,1555,1,2,1,7,4,201
201600036688,16,7,15,1030,1,2,1,1,7,201
201600036689,16,7,18,1030,1,1,1,1,6,201
201600036690,16,7,19,1155,1,2,1,1,6,657
201600036691,16,7,20,1710,1,2,1,1,2,201
201600036692,16,7,27,1930,1,2,1,1,3,201
201600036693,16,7,28,2105,1,2,2,1,2,657
201600036694,16,8,19,1855,1,2,1,1,6,201
201600036695,16,8,31,1600,1,2,1,1,6,201
201600036696,16,8,31,1937,1,2,2,1,3,657
201600036697,16,9,3,1815,1,2,6,1,3,657
201600036698,16,9,19,1,3,2,1,1,6,657
201600036699,16,9,27,1810,1,2,3,1,3,201
201600036700,16,10,14,1900,5,2,6,2,3,657
201600036701,16,10,15,505,5,2,1,2,6,201
201600036702,16,10,21,1355,1,2,2,1,3,657
201600036703,16,11,17,1240,1,2,3,1,6,201
201600036704,16,11,23,105,5,2,1,2,7,201
201600036705,16,11,24,815,1,2,2,1,3,201
201600036706,16,11,25,830,1,2,1,8,3,201
201600036707,16,11,25,1915,5,2,2,1,3,201
201600036708,16,12,2,805,1,2,1,1,6,657
201600036709,16,12,9,940,1,2,4,1,3,201
201600036710,16,12,16,1400,1,2,1,1,2,657
201600036711,16,1,7,700,3,2,1,2,2,223
201600036712,16,1,8,2255,5,2,1,1,6,223
201600036713,16,1,8,835,1,2,1,1,7,223
201600036714,16,1,8,1405,1,2,1,1,1,433
201600036715,16,1,9,1605,1,1,1,1,7,433
201600036716,16,1,12,1345,1,2,1,1,1,223
201600036717,16,1,13,740,3,1,1,1,6,433
201600036718,16,1,16,910,1,1,1,1,7,469
201600036719,16,1,16,955,1,1,1,1,1,469
201600036720,16,1,29,1525,1,2,1,1,6,223
201600036721,16,1,31,2235,5,2,1,1,5,223
201600036722,16,2,7,1305,1,1,1,1,1,109
201600036723,16,2,9,1400,1,2,7,1,6,223
201600036724,16,2,14,1400,1,1,1,1,3,433
201600036725,16,2,16,1855,1,2,1,1,2,223
201600036726,16,2,25,615,5,2,3,9,3,223
201600036727,16,2,25,923,1,2,1,1,1,223
201600036728,16,2,29,1030,1,1,1,1,6,223
201600036729,16,2,29,1545,1,2,1,1,2,223
201600036730,16,2,29,1610,1,2,1,1,6,223
201600036731,16,3,3,1615,1,1,6,1,3,433
201600036732,16,3,5,1,3,1,1,2,6,433
201600036733,16,3,5,315,3,1,1,1,6,433
201600036734,16,3,5,1610,1,2,1,1,6,223
201600036735,16,3,12,1905,5,1,1,1,2,433
201600036736,16,3,18,1900,2,2,1,1,6,223
201600036737,16,3,19,1420,1,2,1,1,6,223
201600036738,16,3,20,1600,1,1,1,1,6,223
201600036739,16,3,23,1455,1,1,1,1,4,433
201600036740,16,3,25,820,1,1,1,1,6,223
201600036741,16,4,3,1035,1,2,1,1,2,223
201600036742,16,4,3,1215,1,2,2,1,6,223
201600036743,16,4,5,1810,1,2,1,1,7,223
201600036744,16,4,5,1529,1,2,1,1,6,223
201600036745,16,4,9,2140,5,2,1,2,1,223
201600036746,16,4,16,1125,1,2,1,1,6,223
201600036747,16,4,18,1513,1,2,3,1,1,223
201600036748,16,4,19,1435,1,1,1,1,7,223
201600036749,16,4,28,1744,1,1,2,1,3,223
201600036750,16,5,1,1400,1,2,1,1,6,223
201600036751,16,5,1,1715,1,1,1,1,7,433
201600036752,16,5,10,1930,1,1,1,1,3,223
201600036753,16,5,15,1500,1,2,1,1,6,223
201600036754,16,5,16,2110,5,2,1,1,2,223
201600036755,16,5,19,1209,1,2,1,1,2,223
201600036756,16,5,23,530,3,1,1,2,3,223
201600036757,16,5,23,1750,1,2,6,2,7,223
201600036758,16,5,28,1700,1,2,1,2,7,223
201600036759,16,5,31,1030,1,1,6,2,7,223
201600036760,16,6,2,812,1,1,1,1,5,109
201600036761,16,6,4,2120,2,2,1,1,6,223
201600036762,16,6,9,1715,1,1,1,1,7,223
201600036763,16,6,10,830,1,1,6,1,1,433
201600036764,16,6,12,1145,1,2,1,1,6,223
201600036765,16,6,14,1245,1,1,1,1,7,433
201600036766,16,6,15,1340,1,2,6,1,3,223
201600036767,16,6,21,1810,1,1,2,1,3,223
201600036768,16,6,25,2235,3,1,1,1,2,223
201600036769,16,6,26,2210,2,2,1,3,6,223
201600036770,16,7,9,1900,1,2,1,1,6,223
201600036771,16,7,11,1810,1,2,1,1,2,223
201600036772,16,7,12,220,5,2,9,1,6,433
201600036773,16,7,22,800,1,2,3,1,3,223
201600036774,16,7,24,1650,1,2,1,1,6,109
201600036775,16,7,25,1515,1,2,1,1,6,109
201600036776,16,8,2,1835,1,2,1,1,7,109
201600036777,16,8,5,1630,1,2,1,1,2,433
201600036778,16,8,27,1445,1,2,1,1,3,223
201600036779,16,8,28,920,1,1,2,1,3,223
201600036780,16,9,6,815,1,2,1,1,5,223
201600036781,16,9,14,1450,1,2,1,1,7,223
201600036782,16,9,22,1610,1,2,6,1,2,433
201600036783,16,9,24,1405,1,2,1,2,1,109
201600036784,16,9,28,905,1,2,1,1,4,223
201600036785,16,9,29,1945,1,2,1,1,3,223
201600036786,16,9,29,2250,5,2,1,1,6,433
201600036787,16,10,5,1800,1,2,1,1,2,223
201600036788,16,10,9,1355,1,2,6,1,3,223
201600036789,16,10,19,1645,1,1,1,1,1,223
201600036790,16,10,23,1245,1,2,2,1,1,223
201600036791,16,10,29,1700,1,2,1,1,3,223
201600036792,16,11,3,2230,3,1,1,1,3,223
201600036793,16,11,10,1555,1,2,6,2,3,223
201600036794,16,11,12,1410,1,2,4,2,3,223
201600036795,16,11,16,1600,1,1,1,1,3,223
201600036796,16,11,25,2020,5,2,1,1,6,223
201600036797,16,11,26,1545,1,1,6,1,2,433
201600036798,16,11,28,915,1,2,1,1,6,433
201600036799,16,12,4,2345,5,2,1,1,7,223
201600036800,16,12,7,1015,1,2,1,1,6,223
201600036801,16,12,10,1425,1,2,6,1,2,223
201600036802,16,12,14,1245,1,2,1,1,6,223
201600036803,16,12,28,1720,1,2,1,1,6,223
201600036804,16,12,29,1619,1,1,1,1,6,228
201600036805,16,2,3,2215,5,2,1,1,6,521
201600036806,16,3,30,1715,1,1,1,1,4,228
201600036807,16,8,23,1910,1,2,1,1,6,228
201600036808,16,11,16,1820,1,2,1,1,3,286
201600036809,16,1,15,1700,1,2,1,1,6,286
201600036810,16,3,1,1020,1,2,1,2,6,434
201600036811,16,3,8,825,1,2,1,1,2,326
201600036812,16,2,27,2110,5,2,1,1,6,687
201600036813,16,2,15,1653,1,2,1,1,6,326
201600036814,16,3,29,830,1,2,1,1,6,687
201600036815,16,4,1,1635,1,2,1,1,6,687
201600036816,16,5,22,2135,5,2,2,2,3,687
201600036817,16,6,24,1500,1,2,1,1,1,326
201600036818,16,4,6,40,5,2,1,1,2,326
201600036819,16,4,9,2120,5,2,1,1,6,687
201600036820,16,9,13,2230,3,1,1,1,1,286
201600036821,16,9,2,955,1,2,1,1,1,286
201600036822,16,9,28,1705,1,2,1,1,6,326
201600036823,16,12,11,1110,1,2,1,1,6,286
201600036824,16,10,24,1930,2,2,1,1,6,434
201600036825,16,1,2,1725,3,2,1,2,1,161
201600036826,16,1,6,1150,1,2,1,1,6,345
201600036827,16,1,14,1440,1,2,6,2,3,161
201600036828,16,1,22,1358,1,2,7,2,3,161
201600036829,16,1,25,1200,1,2,2,1,4,161
201600036830,16,1,26,1655,1,2,3,8,3,345
201600036831,16,1,27,930,1,2,1,2,6,345
201600036832,16,2,5,830,1,2,1,1,2,345
201600036833,16,2,9,2015,5,1,1,3,6,345
201600036834,16,3,18,815,1,2,7,1,6,161
201600036835,16,3,19,350,5,2,1,1,6,345
201600036836,16,3,21,1815,1,2,1,1,3,161
201600036837,16,3,25,1040,1,2,3,1,2,161
201600036838,16,3,22,730,1,2,1,1,1,345
201600036839,16,3,31,1725,1,2,1,3,6,161
201600036840,16,4,4,1825,1,2,2,1,6,161
201600036841,16,4,9,1942,1,2,1,1,3,345
201600036842,16,4,20,1315,1,2,3,1,2,345
201600036843,16,4,27,920,1,2,1,1,2,161
201600036844,16,4,27,1208,1,1,1,1,3,161
201600036845,16,5,4,938,1,1,1,1,6,161
201600036846,16,5,9,1610,1,2,2,1,3,161
201600036847,16,5,10,1920,1,2,1,2,6,161
201600036848,16,5,10,1630,1,2,1,2,3,161
201600036849,16,5,12,1625,1,2,1,1,6,161
201600036850,16,5,18,1740,1,2,1,2,3,345
201600036851,16,5,22,1105,1,2,1,3,6,345
201600036852,16,5,23,1215,1,2,1,3,6,161
201600036853,16,5,31,755,1,1,1,2,1,161
201600036854,16,5,31,1455,1,2,1,2,4,161
201600036855,16,6,10,550,1,2,6,1,3,345
201600036856,16,6,29,1330,1,1,1,1,2,345
201600036857,16,7,2,1350,1,2,2,1,6,345
201600036858,16,7,5,2040,1,2,1,1,6,161
201600036859,16,7,11,20,5,2,1,1,4,161
201600036860,16,7,12,1915,1,2,1,2,2,161
201600036861,16,7,13,725,1,1,1,1,7,161
201600036862,16,7,20,950,1,2,1,1,3,345
201600036863,16,9,13,915,1,2,1,1,5,345
201600036864,16,9,18,2208,3,1,1,1,1,161
201600036865,16,9,21,5,5,2,2,1,3,161
201600036866,16,8,21,1945,2,2,3,1,3,345
201600036867,16,10,1,1245,1,2,2,1,3,161
201600036868,16,10,28,840,1,2,1,1,2,161
201600036869,16,1,10,1300,1,2,1,2,3,377
201600036870,16,1,15,1240,1,1,1,1,6,377
201600036871,16,1,22,740,5,2,1,1,6,377
201600036872,16,2,3,1715,1,2,6,8,3,377
201600036873,16,2,6,1610,1,1,3,1,3,689
201600036874,16,2,9,745,1,2,1,3,6,689
201600036875,16,2,18,1440,1,2,6,2,3,377
201600036876,16,3,4,744,1,2,1,2,6,377
201600036877,16,4,11,915,1,2,6,2,3,377
201600036878,16,4,18,1750,1,2,1,1,6,377
201600036879,16,4,29,1919,1,1,1,1,6,477
201600036880,16,5,4,1125,1,2,1,1,6,377
201600036881,16,5,8,1500,1,1,1,1,2,377
201600036882,16,5,12,1845,1,2,1,2,6,377
201600036883,16,5,17,1937,1,1,1,1,3,689
201600036884,16,5,19,1535,1,2,2,1,3,377
201600036885,16,6,6,1620,1,2,1,8,6,377
201600036886,16,6,10,1020,1,2,1,1,6,377
201600036887,16,6,21,933,1,2,1,1,4,377
201600036888,16,7,28,1745,1,2,1,1,1,377
201600036889,16,8,9,1750,1,2,1,1,6,377
201600036890,16,9,5,850,1,2,3,2,3,377
201600036891,16,9,8,1935,1,2,1,1,6,377
201600036892,16,9,24,1740,1,1,1,1,3,377
201600036893,16,9,26,820,1,1,1,1,3,377
201600036894,16,9,30,955,1,2,3,1,6,377
201600036895,16,10,4,800,1,2,2,1,3,377
201600036896,16,11,7,1455,1,2,1,2,6,377
201600036897,16,11,19,835,1,2,1,1,3,377
201600036898,16,11,23,1715,5,2,1,1,4,377
201600036899,16,11,26,1140,1,2,1,1,6,377
201600036900,16,11,27,1905,5,2,1,1,2,377
201600036901,16,12,3,1520,1,2,1,1,6,377
201600036902,16,12,9,1800,3,1,1,1,1,689
201600036903,16,12,13,1345,1,2,6,8,6,689
201600036904,16,12,14,840,1,2,9,1,6,689
201600036905,16,12,22,720,2,2,1,3,6,377
201600036906,16,12,27,1040,1,2,1,1,1,377
201600036907,16,12,26,2045,5,2,2,1,3,377
201600036908,16,12,20,1830,1,2,1,1,2,421
201600036909,16,1,11,2130,5,2,1,1,2,191
201600036910,16,1,17,2315,4,2,1,1,6,691
201600036911,16,1,18,1230,1,2,1,1,3,421
201600036912,16,1,7,1845,2,2,1,1,3,191
201600036913,16,1,20,830,5,2,1,1,3,421
201600036914,16,1,7,2355,5,2,6,1,6,191
201600036915,16,1,21,1225,1,2,1,1,2,191
201600036916,16,1,4,1745,2,2,1,1,2,421
201600036917,16,1,26,820,5,2,1,1,6,421
201600036918,16,1,25,1140,1,2,1,1,2,191
201600036919,16,1,14,2340,5,2,1,1,6,421
201600036920,16,2,29,1215,1,1,1,1,2,421
201600036921,16,3,1,1540,1,2,1,1,6,691
201600036922,16,3,14,2000,5,2,1,1,6,691
201600036923,16,3,7,625,5,2,1,1,2,421
201600036924,16,1,31,1830,5,2,3,1,6,691
201600036925,16,2,2,1725,1,2,1,1,6,421
201600036926,16,4,13,1850,1,2,1,1,2,421
201600036927,16,4,26,1710,1,1,1,2,5,421
201600036928,16,4,28,2200,3,1,1,1,2,421
201600036929,16,4,21,1910,1,2,3,1,3,421
201600036930,16,5,4,1830,1,2,1,1,2,691
201600036931,16,4,3,1130,1,2,6,1,2,421
201600036932,16,4,6,120,4,1,1,1,6,421
201600036933,16,5,6,2000,2,2,1,1,2,691
201600036934,16,5,9,1605,1,2,1,1,6,191
201600036935,16,5,16,1720,1,2,3,1,3,691
201600036936,16,5,27,1720,1,2,1,1,6,421
201600036937,16,6,3,1010,1,1,1,1,4,421
201600036938,16,6,3,1105,1,2,1,2,4,421
201600036939,16,6,13,1320,1,2,4,1,3,421
201600036940,16,6,18,115,3,1,1,1,2,421
201600036941,16,6,18,1930,1,1,1,1,6,421
201600036942,16,6,22,425,1,1,1,1,2,421
201600036943,16,7,3,1450,1,2,6,1,2,691
201600036944,16,7,8,5,5,2,1,1,4,421
201600036945,16,5,20,1945,1,1,1,1,2,421
201600036946,16,6,17,2225,5,2,2,1,3,691
201600036947,16,7,22,540,2,2,1,1,6,421
201600036948,16,7,22,1840,1,2,6,1,6,691
201600036949,16,7,24,1700,1,2,6,1,6,421
201600036950,16,8,1,925,1,2,1,1,6,421
201600036951,16,8,4,2300,5,2,1,1,6,691
201600036952,16,5,21,1700,1,2,1,1,1,421
201600036953,16,5,22,610,5,1,1,1,2,421
201600036954,16,5,26,930,1,2,1,1,7,421
201600036955,16,6,19,1900,1,2,2,1,6,421
201600036956,16,7,9,1715,1,2,3,1,3,421
201600036957,16,8,26,1605,1,2,5,1,4,421
201600036958,16,8,10,1330,1,2,3,1,3,421
201600036959,16,8,28,1050,1,2,1,1,2,421
201600036960,16,9,3,1150,1,2,1,1,2,691
201600036961,16,9,5,810,1,2,1,2,1,691
201600036962,16,9,6,1655,1,1,1,1,5,421
201600036963,16,9,7,1310,1,2,1,1,2,421
201600036964,16,9,10,1750,1,2,1,1,2,691
201600036965,16,9,12,1645,1,2,2,1,3,691
201600036966,16,9,13,1100,1,2,1,1,2,691
201600036967,16,9,19,1805,1,2,6,1,6,421
201600036968,16,9,20,1715,1,2,1,1,6,191
201600036969,16,9,20,2140,3,1,1,1,2,421
201600036970,16,9,22,810,1,2,6,1,6,691
201600036971,16,9,28,1245,1,2,1,1,6,191
201600036972,16,9,30,2155,5,2,1,2,6,421
201600036973,16,8,30,730,1,2,1,1,6,691
201600036974,16,10,14,1900,2,2,6,2,3,421
201600036975,16,10,31,1520,1,1,1,1,2,421
201600036976,16,10,31,2015,5,2,1,1,6,421
201600036977,16,11,6,1600,1,1,1,1,2,421
201600036978,16,11,16,900,1,1,1,1,3,691
201600036979,16,11,24,1335,1,2,3,1,3,691
201600036980,16,11,26,720,1,2,1,1,4,421
201600036981,16,11,30,1310,1,2,1,1,6,691
201600036982,16,10,15,800,1,2,3,1,3,691
201600036983,16,12,6,1520,1,2,1,1,6,691
201600036984,16,12,7,955,1,1,1,1,2,421
201600036985,16,12,7,755,1,2,1,1,2,421
201600036986,16,12,8,1805,2,2,1,1,3,691
201600036987,16,12,12,825,2,2,1,2,6,421
201600036988,16,11,12,1830,1,1,6,1,3,421
201600036989,16,12,17,525,5,1,1,1,2,421
201600036990,16,1,9,1240,1,1,6,8,3,692
201600036991,16,1,10,1000,1,2,3,8,3,692
201600036992,16,1,6,600,5,2,2,2,3,477
201600036993,16,1,13,1430,1,2,2,1,1,477
201600036994,16,1,26,1400,1,1,1,1,4,692
201600036995,16,2,3,1722,1,2,1,1,3,645
201600036996,16,2,24,950,1,2,1,1,6,692
201600036997,16,3,1,1500,1,2,2,2,3,477
201600036998,16,3,2,2325,5,2,1,1,6,477
201600036999,16,3,12,1220,1,1,4,1,2,363
201600037000,16,3,15,1230,1,2,1,7,6,477
201600037001,16,3,27,1450,1,2,3,2,3,692
201600037002,16,3,30,1310,1,2,3,2,1,692
201600037003,16,4,6,1550,1,1,1,1,3,477
201600037004,16,4,7,1230,1,2,1,1,6,692
201600037005,16,4,19,1650,1,2,1,1,4,64
201600037006,16,4,23,1420,1,2,1,1,1,471
201600037007,16,4,26,1935,1,1,1,2,1,477
201600037008,16,4,29,940,1,2,2,1,3,312
201600037009,16,5,5,2242,5,2,6,1,3,645
201600037010,16,5,8,130,4,2,1,1,6,477
201600037011,16,4,13,1615,1,1,1,2,4,122
201600037012,16,5,16,1142,1,1,2,1,3,471
201600037013,16,5,26,810,1,1,1,1,2,692
201600037014,16,5,31,835,1,2,6,3,6,122
201600037015,16,5,31,919,1,1,1,2,6,692
201600037016,16,5,31,1250,1,2,2,2,3,477
201600037017,16,5,17,1015,1,2,3,1,3,471
201600037018,16,6,4,1945,1,1,9,1,3,692
201600037019,16,5,26,1607,1,2,1,1,1,477
201600037020,16,6,12,2020,1,1,6,1,6,692
201600037021,16,6,14,1230,1,2,1,1,3,477
201600037022,16,6,25,2230,5,2,1,1,6,477
201600037023,16,6,29,1600,1,2,1,1,3,471
201600037024,16,7,22,1830,1,1,1,1,4,692
201600037025,16,7,26,1000,1,2,3,1,3,477
201600037026,16,7,27,900,1,2,3,1,6,645
201600037027,16,7,27,750,1,2,6,1,3,645
201600037028,16,7,7,1925,1,2,1,1,6,692
201600037029,16,7,8,1645,1,2,1,1,3,477
201600037030,16,9,4,1313,1,2,1,2,3,692
201600037031,16,9,4,2055,2,2,3,1,6,645
201600037032,16,9,15,955,1,2,3,2,3,645
201600037033,16,9,22,1315,1,2,1,1,6,692
201600037034,16,9,23,2150,4,2,6,1,6,312
201600037035,16,9,28,1310,1,2,2,1,6,645
201600037036,16,10,4,1000,1,1,1,1,3,692
201600037037,16,10,5,1830,1,1,1,1,3,477
201600037038,16,10,8,2255,5,2,1,1,6,692
201600037039,16,10,10,1855,1,2,3,2,2,64
201600037040,16,10,13,706,2,2,1,1,3,312
201600037041,16,9,7,1015,1,2,1,1,3,477
201600037042,16,10,14,1107,1,2,1,1,3,477
201600037043,16,10,18,755,1,2,1,1,4,477
201600037044,16,10,22,1800,1,2,1,1,3,122
201600037045,16,10,27,1645,1,2,3,1,2,692
201600037046,16,10,30,1509,1,2,2,1,3,477
201600037047,16,10,30,1758,5,2,1,1,2,477
201600037048,16,10,31,1155,1,2,1,1,6,692
201600037049,16,11,1,320,5,2,1,1,6,312
201600037050,16,11,7,915,1,2,1,2,6,477
201600037051,16,11,13,1740,5,2,4,8,6,122
201600037052,16,11,17,1437,1,2,1,1,2,477
201600037053,16,11,18,1250,1,2,2,1,1,477
201600037054,16,11,22,1358,1,2,1,1,6,477
201600037055,16,11,25,1650,2,2,1,1,6,692
201600037056,16,11,28,1840,2,2,1,1,5,645
201600037057,16,11,30,1136,1,2,6,1,2,645
201600037058,16,12,6,850,1,2,2,1,2,692
201600037059,16,12,8,1833,5,2,1,1,2,122
201600037060,16,12,13,1215,1,1,1,1,2,645
201600037061,16,12,17,2030,5,2,1,1,7,477
201600037062,16,10,25,2005,5,2,2,1,3,477
201600037063,16,1,16,1745,1,2,2,1,1,549
201600037064,16,2,10,855,1,1,3,6,3,570
201600037065,16,2,11,1310,1,2,1,1,2,549
201600037066,16,3,21,1415,1,2,2,1,3,549
201600037067,16,3,30,2130,5,2,1,2,6,570
201600037068,16,4,21,1815,1,2,1,1,3,667
201600037069,16,5,12,1920,1,2,6,2,3,549
201600037070,16,5,16,1000,1,2,2,1,3,549
201600037071,16,5,18,1905,1,2,2,2,3,549
201600037072,16,6,11,630,1,2,1,2,6,549
201600037073,16,6,14,1625,1,2,6,1,5,667
201600037074,16,7,7,2340,5,2,1,1,5,549
201600037075,16,7,10,1725,1,2,2,1,3,216
201600037076,16,9,20,1120,1,2,1,1,5,549
201600037077,16,9,27,950,1,2,6,1,6,549
201600037078,16,10,6,1910,1,2,1,1,5,549
201600037079,16,11,3,1930,5,2,1,1,6,570
201600037080,16,11,5,1315,1,2,1,1,6,549
201600037081,16,11,9,1215,1,2,1,2,1,570
201600037082,16,8,8,450,5,1,1,1,6,685
201600037083,16,12,11,1040,1,1,1,7,6,549
201600037084,16,12,12,640,5,2,3,1,6,549
201600037085,16,12,16,750,2,2,1,1,1,549
201600037086,16,12,18,1449,1,2,1,1,6,549
201600037087,16,12,20,1209,1,2,3,1,6,549
201600037088,16,12,21,1755,3,2,3,1,1,570
201600037089,16,12,22,825,2,2,3,3,1,549
201600037090,16,12,25,1240,1,2,1,1,6,570
201600037091,16,1,24,1650,1,1,6,1,4,432
201600037092,16,2,2,810,1,2,4,1,3,589
201600037093,16,2,5,30,5,2,2,1,3,589
201600037094,16,10,12,1140,1,2,2,1,3,432
201600037095,16,2,20,840,1,2,1,1,6,589
201600037096,16,12,7,2015,5,2,2,1,2,589
201600037097,16,12,7,1820,5,2,2,1,1,589
201600037098,16,12,20,1045,1,2,1,1,3,589
201600037099,16,12,31,740,5,2,1,5,6,589
201600037100,16,12,21,815,5,2,1,1,3,589
201600037101,16,12,24,820,5,2,2,1,3,589
201600037102,16,11,4,1839,2,2,2,3,3,589
201600037103,16,11,28,1635,2,2,1,1,6,432
201600037104,16,3,4,415,5,2,2,2,3,589
201600037105,16,3,25,1555,1,2,1,1,3,432
201600037106,16,4,14,1240,1,2,3,1,3,432
201600037107,16,5,18,2000,1,2,6,2,3,432
201600037108,16,5,19,2215,5,2,1,1,3,432
201600037109,16,1,8,1719,2,2,2,1,3,432
201600037110,16,1,26,945,1,2,1,1,3,589
201600037111,16,1,28,815,4,2,3,1,6,589
201600037112,16,6,15,25,5,2,2,1,3,589
201600037113,16,2,8,1345,1,2,1,2,3,589
201600037114,16,2,11,1245,1,2,1,1,4,589
201600037115,16,2,25,1720,2,2,4,1,3,589
201600037116,16,4,22,45,5,2,1,1,7,432
201600037117,16,5,7,1520,1,2,3,1,3,589
201600037118,16,7,20,300,5,2,1,1,6,589
201600037119,16,8,25,1800,1,2,1,1,3,589
201600037120,16,8,22,1835,1,2,4,1,3,589
201600037121,16,5,26,835,1,1,4,1,3,589
201600037122,16,6,17,755,1,2,1,1,6,589
201600037123,16,6,10,830,1,2,3,1,3,432
201600037124,16,6,9,1940,1,2,1,1,1,589
201600037125,16,7,13,1835,1,2,1,1,6,589
201600037126,16,7,26,1630,1,2,1,1,2,589
201600037127,16,8,12,1455,1,2,2,1,3,589
201600037128,16,9,30,2140,5,2,1,2,6,589
201600037129,16,10,6,1350,1,2,1,1,6,432
201600037130,16,11,8,1325,1,2,2,8,1,432
201600037131,16,11,15,2155,5,2,1,2,2,589
201600037132,16,11,20,131,5,2,1,2,6,432
201600037133,16,12,2,240,3,1,1,9,6,432
201600037134,16,1,7,1805,5,2,1,1,6,2
201600037135,16,1,9,1300,1,2,1,1,6,2
201600037136,16,1,10,1805,5,2,1,1,2,2
201600037137,16,1,13,1920,5,2,1,1,4,2
201600037138,16,1,23,1200,1,2,1,1,3,2
201600037139,16,1,24,1745,5,2,1,1,6,2
201600037140,16,2,6,2005,4,2,3,1,5,2
201600037141,16,2,6,2345,5,2,3,1,3,14
201600037142,16,2,29,2040,5,2,1,1,3,2
201600037143,16,3,11,1651,1,2,1,1,6,14
201600037144,16,3,17,2120,5,2,1,1,3,2
201600037145,16,3,28,2310,5,2,3,3,3,14
201600037146,16,3,29,2245,5,2,4,1,3,2
201600037147,16,4,8,850,1,2,3,1,4,2
201600037148,16,4,11,900,1,2,1,1,6,2
201600037149,16,4,14,1835,1,2,1,2,6,14
201600037150,16,4,22,949,1,2,1,1,6,2
201600037151,16,4,30,1410,1,2,3,2,3,2
201600037152,16,5,14,2210,5,2,7,1,3,2
201600037153,16,5,15,1530,1,2,2,1,3,2
201600037154,16,5,18,1750,1,2,3,3,3,2
201600037155,16,5,22,120,5,2,3,1,6,14
201600037156,16,5,31,725,1,2,9,3,6,2
201600037157,16,5,31,1525,1,2,1,2,6,2
201600037158,16,6,5,1120,1,1,1,1,3,2
201600037159,16,6,9,845,1,2,3,1,3,2
201600037160,16,6,28,1950,1,2,1,1,2,14
201600037161,16,7,11,1725,1,2,1,1,2,2
201600037162,16,7,12,1617,1,2,2,1,3,14
201600037163,16,7,19,1920,2,2,1,1,6,2
201600037164,16,7,26,1234,1,2,3,1,6,2
201600037165,16,8,23,1215,1,2,2,1,3,2
201600037166,16,8,26,910,1,2,2,1,2,14
201600037167,16,8,31,925,1,2,4,1,3,2
201600037168,16,9,17,2230,5,2,2,1,6,2
201600037169,16,9,20,1615,1,2,1,1,6,14
201600037170,16,9,22,1315,1,2,1,1,6,14
201600037171,16,9,24,2300,5,2,3,1,3,2
201600037172,16,9,29,1130,1,2,2,1,6,2
201600037173,16,10,3,1546,1,2,1,1,6,2
201600037174,16,10,6,1110,1,2,2,1,6,2
201600037175,16,10,17,1335,1,2,2,1,6,2
201600037176,16,10,22,1005,1,2,3,1,6,2
201600037177,16,11,4,1816,5,2,1,2,6,14
201600037178,16,12,6,830,1,2,1,1,3,2
201600037179,16,12,23,900,1,2,2,1,6,2
201600037180,16,1,12,1140,1,2,1,1,6,4
201600037181,16,1,14,810,2,2,1,2,7,4
201600037182,16,1,19,2000,5,2,3,1,3,4
201600037183,16,1,20,920,1,2,2,1,6,4
201600037184,16,1,27,830,1,2,3,2,6,9
201600037185,16,1,29,1950,5,2,2,1,6,4
201600037186,16,1,31,2250,5,2,1,1,2,4
201600037187,16,2,9,900,1,2,2,1,3,9
201600037188,16,2,9,1153,1,2,1,2,6,4
201600037189,16,1,22,1645,1,2,2,2,6,4
201600037190,16,2,11,1940,5,2,3,1,3,4
201600037191,16,2,13,2050,5,2,2,2,3,4
201600037192,16,2,16,830,1,2,1,1,2,4
201600037193,16,2,19,1400,1,2,2,1,3,4
201600037194,16,2,19,1545,1,2,1,1,6,4
201600037195,16,2,23,1805,5,2,1,1,3,4
201600037196,16,2,26,2250,5,2,2,1,3,4
201600037197,16,3,1,1820,2,2,5,2,3,4
201600037198,16,3,3,1345,1,1,3,1,2,9
201600037199,16,3,7,1140,1,2,1,2,3,4
201600037200,16,3,8,1600,1,2,1,1,7,4
201600037201,16,3,11,1815,1,2,1,1,6,4
201600037202,16,3,12,1745,1,2,1,1,6,9
201600037203,16,3,13,1900,1,2,2,1,2,4
201600037204,16,3,18,1100,1,1,3,1,2,4
201600037205,16,3,18,1315,1,2,1,1,7,4
201600037206,16,3,20,922,1,1,1,1,6,4
201600037207,16,3,22,1205,1,2,1,1,2,4
201600037208,16,3,24,930,1,2,2,1,2,4
201600037209,16,3,30,2300,1,2,2,1,3,4
201600037210,16,3,31,1130,1,2,2,2,6,9
201600037211,16,4,1,1805,1,2,1,1,6,4
201600037212,16,4,1,2100,2,2,2,1,7,4
201600037213,16,4,4,1447,1,2,1,1,6,4
201600037214,16,4,5,905,1,2,1,1,2,4
201600037215,16,4,6,1120,1,2,2,1,3,9
201600037216,16,4,6,1420,1,2,1,1,3,4
201600037217,16,3,27,1000,1,2,1,1,6,4