Num_Acc,an,mois,jour,hrmn,lum,agg,int,atm,col,com
201600037218,16,4,9,1500,1,2,3,1,6,9
201600037219,16,4,9,210,5,2,1,1,6,4
201600037220,16,4,13,1330,1,2,1,1,6,4
201600037221,16,4,14,630,1,2,2,1,3,9
201600037222,16,4,14,1120,1,2,2,1,3,4
201600037223,16,4,14,900,1,2,1,1,6,4
201600037224,16,4,15,1820,1,2,2,1,3,4
201600037225,16,4,23,924,1,2,1,1,3,9
201600037226,16,4,29,815,1,2,1,1,3,4
201600037227,16,4,30,1305,1,2,3,1,6,4
201600037228,16,5,4,1640,1,2,1,1,4,4
201600037229,16,5,10,1935,5,2,3,2,3,4
201600037230,16,5,10,2055,1,2,2,2,3,4
201600037231,16,5,10,2200,5,2,1,2,2,4
201600037232,16,5,12,1650,1,2,1,1,6,4
201600037233,16,5,16,1700,1,2,2,1,3,4
201600037234,16,5,17,1605,1,2,2,1,3,4
201600037235,16,5,19,1020,1,2,1,2,6,9
201600037236,16,5,19,1125,1,2,1,2,6,4
201600037237,16,5,24,900,1,2,1,1,7,4
201600037238,16,5,26,915,1,2,2,1,3,4
201600037239,16,5,26,1350,1,2,3,1,3,4
201600037240,16,5,26,1745,1,2,1,1,6,4
201600037241,16,5,27,1545,1,2,1,1,3,4
201600037242,16,5,27,1825,1,2,3,1,3,4
201600037243,16,5,27,1850,1,2,1,1,2,4
201600037244,16,5,29,939,1,2,1,1,3,4
201600037245,16,5,29,1920,1,2,6,1,2,4
201600037246,16,5,31,1830,1,2,1,2,2,4
201600037247,16,6,1,900,1,2,1,2,7,4
201600037248,16,6,1,1950,5,2,2,2,3,4
201600037249,16,6,4,940,1,2,1,1,7,4
201600037250,16,6,6,1820,1,2,1,1,6,4
201600037251,16,6,6,1830,1,2,1,1,3,4
201600037252,16,6,9,2330,5,2,3,1,3,4
201600037253,16,6,10,1910,1,2,1,1,6,4
201600037254,16,6,13,1140,1,2,2,1,6,4
201600037255,16,6,14,1720,1,2,1,1,6,4
201600037256,16,6,15,945,1,2,1,2,7,4
201600037257,16,6,11,2220,4,2,1,1,1,4
201600037258,16,6,15,1620,1,2,1,1,6,4
201600037259,16,6,18,1747,1,2,1,2,4,4
201600037260,16,6,19,1600,1,2,2,1,6,4
201600037261,16,6,20,1620,1,2,2,2,2,4
201600037262,16,6,21,1045,1,2,1,1,6,4
201600037263,16,6,23,2230,1,2,2,1,3,4
201600037264,16,6,24,710,1,2,1,1,2,4
201600037265,16,6,26,740,1,2,1,1,6,4
201600037266,16,7,1,2025,1,2,1,2,6,4
201600037267,16,7,2,1615,1,2,1,1,2,4
201600037268,16,7,4,1930,1,2,1,1,3,4
201600037269,16,7,5,1630,1,2,3,1,2,4
201600037270,16,7,7,1840,1,2,1,1,6,4
201600037271,16,7,8,2039,1,2,1,1,6,4
201600037272,16,7,9,1340,1,2,2,1,6,4
201600037273,16,7,9,155,5,2,2,1,1,4
201600037274,16,7,12,950,1,2,1,1,2,9
201600037275,16,7,22,2030,1,2,3,1,1,9
201600037276,16,7,23,1700,1,1,1,1,6,4
201600037277,16,7,24,1755,1,2,3,1,3,4
201600037278,16,7,24,1950,1,2,2,1,3,9
201600037279,16,7,27,1440,1,2,1,1,3,4
201600037280,16,7,30,2225,5,1,1,1,2,9
201600037281,16,7,31,1915,1,2,2,1,3,4
201600037282,16,7,29,1445,1,2,2,1,3,4
201600037283,16,8,1,1215,1,2,3,1,6,4
201600037284,16,8,4,2225,5,2,3,1,3,4
201600037285,16,8,11,2045,1,2,1,1,2,4
201600037286,16,8,16,1820,1,2,1,1,6,4
201600037287,16,8,22,1500,1,2,3,1,3,4
201600037288,16,8,22,1820,1,2,3,1,3,4
201600037289,16,8,26,1820,1,2,2,1,6,9
201600037290,16,8,31,1810,1,2,1,1,6,4
201600037291,16,9,1,755,1,2,1,1,3,4
201600037292,16,9,8,700,2,2,1,1,3,4
201600037293,16,9,7,2145,4,2,3,1,3,4
201600037294,16,9,8,550,5,2,1,1,6,4
201600037295,16,9,9,1050,1,2,1,1,2,4
201600037296,16,9,11,150,5,2,2,1,3,4
201600037297,16,9,11,1550,1,2,3,1,2,4
201600037298,16,9,12,1400,1,2,2,1,6,4
201600037299,16,9,13,1030,1,2,1,1,7,4
201600037300,16,9,13,1540,1,2,2,1,2,4
201600037301,16,9,13,1630,1,2,3,1,6,4
201600037302,16,9,14,2030,5,2,1,1,2,9
201600037303,16,9,15,915,1,2,2,1,3,4
201600037304,16,9,20,2045,5,2,1,1,6,4
201600037305,16,9,22,1620,1,2,1,1,6,4
201600037306,16,9,22,1650,1,2,1,1,6,4
201600037307,16,9,30,810,1,2,1,1,4,4
201600037308,16,9,27,1530,1,2,1,1,2,4
201600037309,16,9,30,1815,3,2,3,1,6,4
201600037310,16,9,30,2005,2,2,2,1,6,4
201600037311,16,10,5,2055,3,2,1,1,6,4
201600037312,16,10,4,1200,1,2,2,1,6,4
201600037313,16,10,6,2035,5,2,2,1,5,4
201600037314,16,10,10,1452,1,2,2,1,3,4
201600037315,16,10,11,1900,5,2,1,1,6,4
201600037316,16,10,12,1715,1,2,2,1,3,4
201600037317,16,10,13,1120,1,2,2,1,3,4
201600037318,16,10,14,1105,1,2,1,1,6,4
201600037319,16,10,14,1500,1,2,3,1,7,9
201600037320,16,10,15,1600,1,2,1,1,3,4
201600037321,16,10,20,2210,5,2,2,2,2,4
201600037322,16,10,21,950,1,2,1,1,6,9
201600037323,16,10,28,815,1,2,3,1,2,4
201600037324,16,10,28,830,1,2,1,1,3,4
201600037325,16,11,6,900,1,2,2,1,3,4
201600037326,16,11,7,1930,5,2,2,1,3,9
201600037327,16,11,8,1810,4,2,1,1,6,4
201600037328,16,11,9,2145,5,2,1,2,4,4
201600037329,16,11,10,1420,1,2,3,1,6,4
201600037330,16,11,10,1720,5,2,1,2,3,4
201600037331,16,11,14,840,1,2,2,1,1,4
201600037332,16,11,14,1510,1,2,2,1,3,4
201600037333,16,11,15,820,1,2,1,2,2,9
201600037334,16,11,15,920,1,2,1,2,6,4
201600037335,16,11,15,1250,1,2,1,1,6,4
201600037336,16,11,17,1650,2,2,2,1,3,9
201600037337,16,11,18,745,5,2,2,2,3,4
201600037338,16,11,19,420,5,2,1,1,7,4
201600037339,16,11,24,1630,5,2,3,1,6,4
201600037340,16,11,29,1650,5,2,1,1,3,4
201600037341,16,11,29,1720,1,2,1,1,3,4
201600037342,16,12,3,1140,1,2,2,1,3,4
201600037343,16,12,22,2120,5,2,1,1,3,4
201600037344,16,12,22,1910,5,2,1,2,6,4
201600037345,16,12,25,1325,1,2,1,1,3,4
201600037346,16,12,26,1455,1,2,1,1,6,4
201600037347,16,12,21,2025,5,2,2,2,3,4
201600037348,16,12,27,1600,1,2,1,1,6,4
201600037349,16,12,10,240,5,2,1,1,3,4
201600037350,16,1,26,810,1,2,1,1,6,7
201600037351,16,2,10,745,1,2,2,1,6,7
201600037352,16,1,24,315,5,2,1,1,6,7
201600037353,16,1,28,745,2,2,9,2,2,7
201600037354,16,2,25,845,1,2,9,1,3,7
201600037355,16,3,7,1330,1,2,2,2,3,7
201600037356,16,3,15,1900,5,2,3,1,6,7
201600037357,16,3,26,1430,1,2,2,1,3,7
201600037358,16,3,31,1828,1,2,1,2,3,7
201600037359,16,4,13,1935,1,2,1,1,3,7
201600037360,16,4,21,1430,1,2,2,1,2,7
201600037361,16,4,28,1000,1,2,3,1,6,7
201600037362,16,5,2,1555,1,2,1,1,6,7
201600037363,16,5,4,750,1,2,2,1,6,7
201600037364,16,5,7,1645,1,2,1,1,6,7
201600037365,16,5,10,1850,1,2,1,2,6,7
201600037366,16,5,12,925,1,2,3,1,3,7
201600037367,16,5,18,1300,1,2,9,1,3,7
201600037368,16,5,18,1350,1,2,2,1,7,7
201600037369,16,5,25,500,5,2,2,1,7,7
201600037370,16,5,25,1530,1,2,1,1,7,7
201600037371,16,6,26,1935,1,2,3,1,1,7
201600037372,16,6,28,1945,1,2,6,1,3,7
201600037373,16,7,9,1620,1,2,1,1,7,7
201600037374,16,7,18,1720,1,1,1,1,2,7
201600037375,16,7,27,2000,5,2,3,1,3,7
201600037376,16,9,6,1422,1,2,5,1,3,7
201600037377,16,9,12,1715,1,2,1,1,3,7
201600037378,16,9,17,1510,1,2,9,2,6,7
201600037379,16,12,17,1950,5,2,9,1,6,7
201600037380,16,10,26,800,1,2,1,1,2,7
201600037381,16,9,22,800,1,2,1,1,2,7
201600037382,16,9,25,10,5,2,3,1,7,7
201600037383,16,9,23,2140,5,2,3,1,7,7
201600037384,16,10,2,840,1,2,3,1,7,7
201600037385,16,10,6,1700,1,2,1,1,3,7
201600037386,16,10,16,1505,1,2,1,1,3,7
201600037387,16,8,31,245,5,2,5,1,3,7
201600037388,16,10,22,1130,1,2,1,1,3,7
201600037389,16,11,7,200,5,2,5,1,1,7
201600037390,16,11,14,1215,1,2,1,1,6,7
201600037391,16,11,7,1105,1,2,1,2,6,7
201600037392,16,11,15,915,1,2,1,2,3,7
201600037393,16,12,20,2200,5,2,2,1,3,7
201600037394,16,10,5,1815,1,2,1,7,6,7
201600037395,16,12,28,2205,5,2,3,1,3,7
201600037396,16,11,16,1940,5,2,1,2,6,7
201600037397,16,12,15,900,1,2,1,1,6,7
201600037398,16,1,4,759,2,2,1,1,3,12
201600037399,16,1,6,1035,1,2,1,1,3,12
201600037400,16,1,6,2100,4,2,1,1,3,12
201600037401,16,1,7,1130,1,2,1,7,6,12
201600037402,16,1,9,1200,1,2,1,1,7,12
201600037403,16,1,12,930,1,2,1,3,6,12
201600037404,16,1,15,1155,1,2,1,1,3,12
201600037405,16,1,18,2045,5,2,1,1,3,12
201600037406,16,1,19,2050,5,2,1,1,3,12
201600037407,16,1,26,1820,5,2,1,1,2,12
201600037408,16,1,28,1030,1,2,1,1,3,12
201600037409,16,1,29,2150,5,2,1,2,6,12
201600037410,16,1,31,1720,2,2,1,2,6,12
201600037411,16,2,4,1400,1,2,1,2,6,12
201600037412,16,2,6,2310,5,2,1,1,6,12
201600037413,16,2,9,1330,1,2,1,2,6,12
201600037414,16,2,9,1930,5,2,1,2,6,12
201600037415,16,2,12,200,5,2,2,1,3,12
201600037416,16,2,14,2015,4,2,2,1,3,12
201600037417,16,2,15,2230,5,2,1,1,3,12
201600037418,16,2,16,740,1,2,1,1,2,12
201600037419,16,2,20,1245,1,2,1,1,7,12
201600037420,16,2,26,850,1,2,1,1,7,12
201600037421,16,2,26,1330,1,2,1,1,7,12
201600037422,16,2,26,1530,1,2,1,1,3,12
201600037423,16,2,29,730,2,2,1,1,6,12
201600037424,16,3,2,950,1,2,1,1,2,12
201600037425,16,3,3,818,1,2,1,1,7,12
201600037426,16,3,6,1130,1,2,6,1,6,12
201600037427,16,3,8,835,1,2,2,1,3,12
201600037428,16,3,8,1825,2,2,1,1,6,12
201600037429,16,3,9,2340,3,2,1,1,3,12
201600037430,16,3,11,1305,1,2,1,1,6,12
201600037431,16,3,12,1610,1,2,1,1,7,12
201600037432,16,3,15,1105,1,2,1,1,2,12
201600037433,16,3,21,1845,4,2,1,1,6,12
201600037434,16,3,22,1648,1,1,1,1,2,12
201600037435,16,3,22,1720,1,2,1,1,6,12
201600037436,16,3,23,2110,5,2,1,1,3,12
201600037437,16,3,23,915,1,2,1,1,5,12
201600037438,16,3,24,1455,1,2,1,1,6,12
201600037439,16,3,27,710,2,2,1,2,6,12
201600037440,16,3,29,1300,1,2,1,1,6,12
201600037441,16,3,31,1725,1,2,1,2,6,12
201600037442,16,4,2,1945,1,2,1,2,3,12
201600037443,16,4,3,1350,1,2,1,1,6,12
201600037444,16,4,4,815,1,2,1,1,2,12
201600037445,16,4,6,1820,1,2,1,2,6,12
201600037446,16,4,8,1630,1,2,1,1,3,12
201600037447,16,4,9,1745,1,2,1,2,4,12
201600037448,16,4,11,2255,5,2,1,1,3,12
201600037449,16,4,14,1805,1,2,1,1,6,12
201600037450,16,4,15,1715,1,2,1,1,2,12
201600037451,16,4,18,1015,1,2,1,1,2,12
201600037452,16,4,22,2245,5,2,1,1,3,12
201600037453,16,4,24,1200,1,2,1,1,6,12
201600037454,16,4,26,840,1,2,1,1,3,12
201600037455,16,4,27,935,1,2,1,1,7,12
201600037456,16,4,29,455,5,2,1,1,6,12
201600037457,16,4,30,1410,1,2,1,1,6,12
201600037458,16,5,4,1940,1,2,1,1,3,12
201600037459,16,5,4,1125,1,2,1,1,3,12
201600037460,16,5,7,1835,1,2,1,1,3,12
201600037461,16,5,8,2100,2,2,1,1,6,12
201600037462,16,5,11,2240,5,2,1,1,4,12
201600037463,16,5,19,800,1,2,1,1,6,12
201600037464,16,5,23,930,1,2,1,3,3,12
201600037465,16,5,24,1300,1,2,2,1,3,12
201600037466,16,5,26,2125,1,2,1,1,6,12
201600037467,16,6,2,1000,1,2,1,1,2,12
201600037468,16,6,3,1900,1,2,1,1,3,12
201600037469,16,6,4,1310,1,2,1,1,3,12
201600037470,16,6,6,1930,1,2,1,1,2,12
201600037471,16,6,8,425,5,2,1,1,6,12
201600037472,16,6,8,720,1,2,4,1,3,12
201600037473,16,6,8,1110,1,2,1,1,2,12
201600037474,16,6,11,1020,1,2,1,1,1,12
201600037475,16,6,12,1550,1,2,1,1,6,12
201600037476,16,6,14,1835,1,2,1,1,3,12
201600037477,16,6,16,1830,1,2,1,1,3,12
201600037478,16,6,16,2000,1,2,1,1,6,12
201600037479,16,6,16,2230,5,2,1,1,6,12
201600037480,16,6,22,1040,1,2,1,1,6,12
201600037481,16,6,22,1530,1,2,1,1,3,12
201600037482,16,6,23,1730,1,2,1,1,4,12
201600037483,16,6,23,1445,1,2,1,1,2,12
201600037484,16,6,29,1630,1,2,1,1,3,12
201600037485,16,6,28,1715,1,2,1,1,6,12
201600037486,16,6,30,1730,1,2,1,1,6,12
201600037487,16,7,4,755,1,2,1,1,3,12
201600037488,16,7,5,2240,2,2,1,1,6,12
201600037489,16,7,6,1154,1,2,1,1,3,12
201600037490,16,7,7,1005,1,2,1,1,3,12
201600037491,16,7,7,1130,1,2,1,1,6,12
201600037492,16,7,7,1340,1,2,1,1,4,12
201600037493,16,7,11,115,5,2,2,1,3,12
201600037494,16,7,11,935,1,2,1,1,2,12
201600037495,16,7,19,2050,1,2,1,1,2,12
201600037496,16,7,20,2026,1,2,1,7,3,12
201600037497,16,7,21,1850,1,2,2,1,2,12
201600037498,16,7,21,1900,1,2,1,1,2,12
201600037499,16,7,24,1210,1,2,1,1,1,12
201600037500,16,7,26,1505,1,2,1,1,6,12
201600037501,16,7,1,1153,1,2,1,1,2,12
201600037502,16,7,28,1035,1,2,2,1,7,12
201600037503,16,7,28,1940,2,2,1,1,7,12
201600037504,16,7,29,1830,1,2,1,1,6,12
201600037505,16,7,31,2320,1,2,3,1,1,12
201600037506,16,8,1,1000,1,2,2,1,1,12
201600037507,16,8,2,2040,2,2,1,2,1,12
201600037508,16,8,4,940,1,2,1,7,6,12
201600037509,16,8,8,1710,1,2,1,1,2,12
201600037510,16,8,9,950,1,2,2,1,3,12
201600037511,16,8,14,1545,1,2,1,1,2,12
201600037512,16,8,19,2030,2,2,1,1,2,12
201600037513,16,8,24,820,1,2,1,1,6,12
201600037514,16,8,25,1215,1,2,2,1,3,12
201600037515,16,8,26,1330,1,2,1,1,2,12
201600037516,16,8,26,2100,1,2,1,1,6,12
201600037517,16,8,28,2330,5,2,2,1,3,12
201600037518,16,8,29,1140,1,2,1,1,6,12
201600037519,16,8,29,2230,5,2,1,1,2,12
201600037520,16,8,30,930,1,2,1,1,6,12
201600037521,16,8,30,1435,1,2,1,1,3,12
201600037522,16,9,2,1556,1,2,1,1,2,12
201600037523,16,9,5,855,1,2,2,2,7,12
201600037524,16,9,7,500,5,2,5,1,7,12
201600037525,16,9,10,1,5,2,2,1,7,12
201600037526,16,9,10,2100,5,2,2,1,3,12
201600037527,16,9,13,820,1,2,1,1,3,12
201600037528,16,9,13,2318,5,2,1,1,3,12
201600037529,16,9,14,920,1,2,1,1,3,12
201600037530,16,9,17,950,1,2,5,1,3,12
201600037531,16,9,19,1445,1,2,1,1,3,12
201600037532,16,9,20,1025,1,2,1,1,3,12
201600037533,16,9,22,2145,5,2,1,1,3,12
201600037534,16,9,23,935,1,2,1,1,3,12
201600037535,16,9,24,15,5,2,1,1,3,12
201600037536,16,9,25,2243,5,2,1,1,6,12
201600037537,16,9,26,2015,2,2,1,1,3,12
201600037538,16,9,28,1728,1,2,3,1,3,12
201600037539,16,9,29,900,1,2,1,1,5,12
201600037540,16,9,29,1555,1,2,1,1,3,12
201600037541,16,10,3,1,5,2,1,1,6,12
201600037542,16,10,3,930,1,2,2,1,2,12
201600037543,16,10,4,1630,1,2,1,1,2,12
201600037544,16,10,4,1930,5,2,1,1,3,12
201600037545,16,10,6,1210,1,2,1,1,5,12
201600037546,16,10,8,15,5,2,1,1,6,12
201600037547,16,10,8,1300,1,2,2,1,6,12
201600037548,16,10,9,1705,1,2,1,1,3,12
201600037549,16,10,11,45,5,2,1,1,2,12
201600037550,16,10,11,1800,1,2,1,1,3,12
201600037551,16,10,11,1825,1,2,1,1,6,12
201600037552,16,10,12,840,1,2,1,1,5,12
201600037553,16,10,13,1630,1,2,1,1,5,12
201600037554,16,10,17,1110,1,2,1,1,2,12
201600037555,16,10,18,1750,1,2,1,1,6,12
201600037556,16,10,19,1245,1,2,1,8,6,12
201600037557,16,10,19,1510,1,2,1,8,3,12
201600037558,16,10,20,845,1,2,1,1,3,12
201600037559,16,10,20,2035,5,2,1,1,3,12
201600037560,16,10,21,1530,1,2,2,1,3,12
201600037561,16,10,24,700,5,2,1,2,6,12
201600037562,16,10,24,930,1,2,2,2,3,12
201600037563,16,10,24,1630,1,2,1,1,6,12
201600037564,16,10,27,1220,1,2,1,1,3,12
201600037565,16,10,27,1235,1,2,1,1,6,12
201600037566,16,10,27,1330,1,2,2,1,3,12
201600037567,16,10,27,1630,1,2,1,1,6,12
201600037568,16,10,28,1720,1,2,1,1,3,12
201600037569,16,11,1,1135,1,2,2,7,3,12
201600037570,16,11,1,110,1,2,7,1,3,12
201600037571,16,11,4,1810,5,2,1,2,6,12
201600037572,16,11,4,2020,5,2,1,1,7,12
201600037573,16,11,5,1825,5,2,1,1,6,12
201600037574,16,11,8,1230,1,2,1,1,6,12
201600037575,16,11,8,1945,5,2,1,1,2,12
201600037576,16,11,8,2015,5,2,1,2,4,12
201600037577,16,11,9,920,1,2,1,2,6,12
201600037578,16,11,10,1315,1,2,1,2,6,12
201600037579,16,11,15,1713,5,2,1,2,6,12
201600037580,16,11,18,2250,5,2,3,1,3,12
201600037581,16,11,19,645,5,2,1,1,3,12
201600037582,16,11,19,1415,1,2,2,1,3,12
201600037583,16,11,19,1745,5,2,1,1,6,12
201600037584,16,11,24,1825,5,2,2,1,3,12
201600037585,16,11,30,1543,1,2,1,1,6,12
201600037586,16,11,30,1920,5,2,1,1,2,12
201600037587,16,11,14,920,1,2,1,1,6,12
201600037588,16,12,2,730,5,2,1,1,3,12
201600037589,16,12,5,1315,1,2,1,1,7,12
201600037590,16,12,7,1550,1,2,1,1,3,12
201600037591,16,12,12,1830,5,2,1,2,6,12
201600037592,16,12,13,925,1,2,1,8,6,12
201600037593,16,12,14,1600,1,2,3,1,3,12
201600037594,16,12,15,730,2,2,6,1,6,12
201600037595,16,12,15,1315,1,2,1,1,6,12
201600037596,16,12,18,1200,1,2,1,1,6,12
201600037597,16,12,20,720,5,2,1,1,6,12
201600037598,16,12,19,1200,1,2,3,1,5,12
201600037599,16,12,21,2035,5,2,2,2,3,12
201600037600,16,1,4,1915,5,2,3,1,6,32
201600037601,16,1,11,748,2,2,2,2,3,71
201600037602,16,1,19,1150,1,2,3,1,3,32
201600037603,16,2,7,235,5,2,1,2,6,71
201600037604,16,2,9,850,1,2,3,2,6,32
201600037605,16,2,12,1815,2,2,1,8,6,32
201600037606,16,2,14,2100,5,2,3,2,6,19
201600037607,16,2,17,1320,1,2,2,1,7,19
201600037608,16,2,20,1500,1,2,1,1,3,71
201600037609,16,2,20,1815,2,2,2,1,3,32
201600037610,16,3,10,1920,5,2,3,1,3,71
201600037611,16,4,12,1030,1,2,1,1,6,19
201600037612,16,4,12,2310,5,2,3,1,3,19
201600037613,16,4,19,845,1,2,9,1,3,19
201600037614,16,4,24,300,5,2,1,1,7,19
201600037615,16,5,4,1300,1,2,3,1,6,71
201600037616,16,5,4,1630,1,2,2,1,6,19
201600037617,16,5,16,1915,1,2,6,1,3,19
201600037618,16,5,19,2134,1,2,1,1,6,19
201600037619,16,5,31,2145,2,2,2,1,6,19
201600037620,16,6,3,1950,1,2,1,1,2,71
201600037621,16,7,10,2355,5,2,1,1,6,19
201600037622,16,7,16,1800,1,2,3,1,3,19
201600037623,16,8,28,330,5,2,3,1,6,71
201600037624,16,9,5,1510,1,2,3,2,3,19
201600037625,16,9,8,825,1,2,3,1,3,19
201600037626,16,9,8,1815,1,2,6,1,3,19
201600037627,16,9,13,2110,5,2,1,1,2,32
201600037628,16,9,16,630,3,2,1,1,6,19
201600037629,16,9,23,1855,1,2,1,1,3,19
201600037630,16,10,4,700,2,2,2,1,3,32
201600037631,16,10,16,1330,1,2,2,1,3,32
201600037632,16,10,25,2010,5,2,1,2,6,19
201600037633,16,10,19,2300,5,2,1,1,2,19
201600037634,16,10,31,1840,5,2,1,1,6,32
201600037635,16,11,4,1300,1,2,6,2,7,19
201600037636,16,11,15,1200,1,2,9,1,2,71
201600037637,16,11,22,1715,5,2,1,6,3,19
201600037638,16,11,19,1330,1,2,2,1,3,32
201600037639,16,11,19,1710,2,2,1,1,3,32
201600037640,16,11,25,1030,1,2,9,1,3,19
201600037641,16,11,27,1915,5,2,1,1,3,71
201600037642,16,12,1,1607,1,2,1,1,6,71
201600037643,16,12,14,1425,1,2,6,1,2,32
201600037644,16,12,17,1400,1,2,1,1,6,32
201600037645,16,12,29,1805,5,2,1,1,6,19
201600037646,16,1,3,1700,5,2,1,2,5,23
201600037647,16,1,5,746,5,2,1,2,6,23
201600037648,16,1,8,815,5,2,1,1,2,60
201600037649,16,12,30,1805,5,2,2,2,3,23
201600037650,16,12,31,650,5,2,1,4,7,60
201600037651,16,1,8,2335,5,2,1,1,3,60
201600037652,16,1,15,1445,1,2,1,1,6,60
201600037653,16,1,20,1940,5,2,1,1,2,60
201600037654,16,1,22,924,1,2,1,1,2,60
201600037655,16,1,22,1335,1,2,1,1,6,23
201600037656,16,2,3,2030,5,2,1,1,3,60
201600037657,16,1,28,1805,3,2,1,1,6,60
201600037658,16,2,9,1940,5,2,1,2,6,60
201600037659,16,2,8,845,1,2,1,1,3,23
201600037660,16,2,11,1205,1,2,1,2,3,23
201600037661,16,2,11,2350,5,2,1,1,2,60
201600037662,16,2,24,825,1,2,1,1,3,23
201600037663,16,2,26,2353,5,2,1,1,3,23
201600037664,16,2,12,1815,5,2,1,1,2,60
201600037665,16,2,14,550,5,2,1,1,6,60
201600037666,16,2,17,1735,1,2,1,1,3,23
201600037667,16,2,19,1630,1,2,1,1,3,60
201600037668,16,2,26,2145,5,2,1,1,7,23
201600037669,16,2,24,1520,1,2,2,2,7,23
201600037670,16,3,8,900,2,2,1,1,6,23
201600037671,16,3,11,1215,1,2,2,1,3,23
201600037672,16,3,14,745,1,2,1,1,2,23
201600037673,16,3,14,1735,1,2,1,1,6,60
201600037674,16,3,17,735,1,2,1,1,3,60
201600037675,16,3,18,1140,1,2,1,1,6,23
201600037676,16,3,23,1830,2,2,6,1,6,23
201600037677,16,3,26,940,1,2,1,1,6,23
201600037678,16,3,29,910,1,2,1,1,3,23
201600037679,16,3,31,1315,1,2,1,1,1,23
201600037680,16,3,31,1915,1,2,1,1,6,23
201600037681,16,4,4,1941,1,2,1,1,6,23
201600037682,16,4,6,1440,1,2,1,1,3,23
201600037683,16,4,7,1917,1,2,1,1,2,23
201600037684,16,4,12,1930,2,2,3,1,6,23
201600037685,16,4,15,1915,1,2,1,1,2,23
201600037686,16,4,18,2010,1,2,1,1,2,23
201600037687,16,4,28,1620,1,2,1,1,6,23
201600037688,16,4,26,1850,1,2,1,1,6,23
201600037689,16,7,3,1616,1,2,1,2,6,23
201600037690,16,5,13,2300,5,2,6,1,7,23
201600037691,16,5,22,1435,1,2,1,3,1,23
201600037692,16,5,21,1235,1,2,1,1,6,23
201600037693,16,5,22,1850,1,2,6,1,6,60
201600037694,16,5,19,1810,1,2,1,1,7,60
201600037695,16,5,28,1450,1,2,1,3,6,23
201600037696,16,5,31,2025,2,2,8,2,6,23
201600037697,16,6,1,923,1,2,1,3,7,23
201600037698,16,6,4,2235,5,2,1,1,3,23
201600037699,16,5,6,1910,1,2,1,1,2,60
201600037700,16,6,6,1910,1,2,1,1,2,23
201600037701,16,5,9,820,1,2,1,1,1,23
201600037702,16,6,10,110,5,2,1,1,4,23
201600037703,16,6,10,2350,5,2,1,1,7,60
201600037704,16,6,10,925,1,2,1,1,6,60
201600037705,16,6,14,1930,1,2,1,1,6,23
201600037706,16,6,20,1530,1,2,1,2,6,23
201600037707,16,6,23,915,1,2,1,1,2,23
201600037708,16,7,3,1830,1,2,1,3,7,23
201600037709,16,5,30,1555,1,2,1,3,7,23
201600037710,16,7,5,1720,1,2,1,1,3,23
201600037711,16,7,7,2345,5,2,1,1,3,23
201600037712,16,7,9,1900,1,2,1,1,3,60
201600037713,16,7,18,1020,1,2,1,1,2,60
201600037714,16,7,19,1040,1,2,1,1,2,23
201600037715,16,7,23,35,5,2,2,1,3,23
201600037716,16,7,28,900,1,2,1,2,7,23
201600037717,16,7,28,1845,1,2,4,1,3,60
201600037718,16,8,1,1705,1,2,1,1,7,23
201600037719,16,8,1,1855,1,2,1,1,2,60
201600037720,16,8,3,1845,1,2,1,1,3,23
201600037721,16,8,16,1230,1,2,6,1,7,23
201600037722,16,8,18,1920,1,2,1,2,4,23
201600037723,16,8,21,2020,1,2,1,1,6,60
201600037724,16,8,22,1745,1,2,1,1,2,23
201600037725,16,8,28,240,4,2,1,1,7,23
201600037726,16,8,31,900,1,2,1,1,6,23
201600037727,16,8,26,1130,1,2,1,1,2,23
201600037728,16,9,5,2330,3,2,1,2,2,23
201600037729,16,9,5,1550,1,2,1,2,2,23
201600037730,16,9,5,1930,2,2,1,2,5,23
201600037731,16,9,7,735,1,2,1,1,6,60
201600037732,16,8,27,805,1,2,1,1,2,60
201600037733,16,9,8,1100,1,2,1,1,7,23
201600037734,16,9,9,820,1,2,1,1,6,23
201600037735,16,9,10,1450,1,2,1,1,2,23
201600037736,16,9,12,825,1,2,1,1,2,23
201600037737,16,9,15,1400,1,2,2,1,3,23
201600037738,16,9,21,1840,1,2,3,1,3,23
201600037739,16,9,26,1220,1,2,1,1,6,23
201600037740,16,9,28,1609,1,2,1,1,6,23
201600037741,16,9,29,1555,1,2,1,1,2,23
201600037742,16,9,16,1610,1,2,1,1,6,23
201600037743,16,9,23,920,1,2,1,1,2,23
201600037744,16,10,5,1457,1,2,1,1,6,60
201600037745,16,10,5,1703,1,2,1,1,3,23
201600037746,16,10,6,1735,1,2,3,1,3,60
201600037747,16,10,10,1050,1,2,2,1,6,23
201600037748,16,10,8,2020,5,2,2,1,3,23
201600037749,16,10,9,2030,5,2,2,1,3,23
201600037750,16,10,14,1500,1,2,1,1,6,23
201600037751,16,10,7,1600,1,2,2,1,3,23
201600037752,16,11,3,1510,1,2,1,1,2,23
201600037753,16,11,3,1735,2,2,2,1,2,23
201600037754,16,10,7,1510,1,2,1,1,3,23
201600037755,16,10,21,1750,1,2,1,2,6,23
201600037756,16,10,24,1715,1,2,1,1,1,23
201600037757,16,10,27,740,5,2,1,5,1,60
201600037758,16,11,12,1105,1,2,1,1,6,23
201600037759,16,11,13,225,5,2,2,2,7,23
201600037760,16,11,5,950,1,2,1,2,7,23
201600037761,16,11,17,850,1,2,2,1,6,23
201600037762,16,11,18,2230,5,2,2,1,7,23
201600037763,16,11,22,2045,5,2,2,1,3,23
201600037764,16,11,23,1900,5,2,1,2,6,23
201600037765,16,10,30,215,5,2,1,1,6,23
201600037766,16,12,4,1545,1,2,1,1,5,23
201600037767,16,11,9,815,1,2,1,3,7,23
201600037768,16,11,25,2215,5,2,2,1,3,23
201600037769,16,11,26,140,5,2,1,1,7,23
201600037770,16,11,26,900,1,2,1,1,7,23