Num_Acc,an,mois,jour,hrmn,lum,agg,int,atm,col,com
201600037771,16,11,26,1820,5,2,1,1,6,23
201600037772,16,11,27,1800,5,2,6,1,3,23
201600037773,16,11,28,745,2,2,1,1,6,23
201600037774,16,12,7,1530,1,2,2,1,3,23
201600037775,16,12,12,1815,5,2,1,2,6,23
201600037776,16,12,15,900,1,2,1,1,5,60
201600037777,16,12,17,2250,5,2,1,1,6,23
201600037778,16,12,21,1910,5,2,1,2,6,23
201600037779,16,12,14,1345,1,2,1,1,6,60
201600037780,16,12,26,1130,1,2,1,1,6,23
201600037781,16,1,4,1545,1,2,2,1,6,24
201600037782,16,9,19,900,1,2,1,2,3,24
201600037783,16,1,5,2050,5,2,1,1,3,24
201600037784,16,1,6,1750,1,2,4,1,2,24
201600037785,16,1,14,1915,5,2,1,1,3,24
201600037786,16,1,15,2200,5,2,1,1,2,24
201600037787,16,1,25,930,1,2,4,1,6,24
201600037788,16,1,29,940,1,2,6,1,6,24
201600037789,16,1,31,1000,1,2,2,2,6,24
201600037790,16,2,2,1950,5,2,1,1,3,24
201600037791,16,1,12,1835,5,2,1,1,2,24
201600037792,16,2,4,1945,5,2,1,1,7,24
201600037793,16,12,2,850,1,2,1,1,6,24
201600037794,16,1,15,10,5,1,1,1,3,24
201600037795,16,2,10,800,1,2,3,1,7,24
201600037796,16,2,10,2130,5,2,3,2,3,24
201600037797,16,2,14,759,2,2,2,1,3,24
201600037798,16,2,19,2230,4,2,6,1,2,24
201600037799,16,2,20,55,5,2,2,1,3,24
201600037800,16,2,19,1215,1,2,1,1,6,24
201600037801,16,2,26,2344,5,2,1,1,2,24
201600037802,16,2,29,1450,1,2,1,1,3,24
201600037803,16,2,8,930,1,2,1,1,3,24
201600037804,16,3,16,1000,1,2,5,1,6,24
201600037805,16,3,17,1500,1,2,1,1,4,24
201600037806,16,2,28,2110,5,2,1,1,7,24
201600037807,16,3,24,1600,1,2,2,1,3,24
201600037808,16,2,24,920,1,2,2,1,6,24
201600037809,16,3,1,1030,1,2,6,1,2,24
201600037810,16,3,30,1000,1,2,2,2,6,24
201600037811,16,4,12,1745,1,2,3,1,3,24
201600037812,16,4,18,1330,1,2,3,1,3,24
201600037813,16,4,21,1430,1,2,1,1,6,24
201600037814,16,4,26,1655,5,2,3,1,6,24
201600037815,16,4,28,1445,1,2,6,1,3,24
201600037816,16,5,3,940,1,2,1,1,7,24
201600037817,16,5,3,1200,1,2,1,1,2,24
201600037818,16,5,3,1645,1,2,2,1,3,24
201600037819,16,5,4,1910,1,2,2,1,3,24
201600037820,16,5,8,1740,1,2,1,1,6,24
201600037821,16,4,2,800,1,2,1,1,7,24
201600037822,16,5,12,1220,1,2,1,1,3,24
201600037823,16,5,17,1430,1,2,2,1,2,24
201600037824,16,5,18,2140,5,2,1,1,6,24
201600037825,16,5,19,555,2,2,2,1,3,24
201600037826,16,5,20,1020,1,2,3,1,4,24
201600037827,16,5,23,1200,1,2,1,1,6,24
201600037828,16,5,25,1740,1,2,2,1,3,24
201600037829,16,5,29,1700,1,2,1,2,2,24
201600037830,16,6,3,1410,1,2,3,1,3,24
201600037831,16,6,3,2055,1,2,1,1,4,24
201600037832,16,6,7,1950,1,2,1,1,6,24
201600037833,16,6,8,1730,1,2,1,1,3,24
201600037834,16,6,8,2020,2,2,1,1,3,24
201600037835,16,6,10,1500,1,2,2,1,3,24
201600037836,16,6,10,1815,1,2,1,1,2,24
201600037837,16,6,15,900,1,2,1,8,6,24
201600037838,16,6,21,2220,5,2,2,1,3,24
201600037839,16,6,7,1750,1,2,2,1,3,24
201600037840,16,6,27,1400,1,2,1,1,3,24
201600037841,16,6,28,845,1,2,1,1,3,24
201600037842,16,6,29,1850,1,2,1,1,6,24
201600037843,16,6,14,720,1,2,3,1,3,24
201600037844,16,7,13,1700,1,2,2,1,3,24
201600037845,16,7,15,1550,1,2,2,1,6,24
201600037846,16,7,18,10,5,2,2,1,3,24
201600037847,16,7,21,2110,1,2,4,1,3,24
201600037848,16,7,25,1530,1,2,1,1,3,24
201600037849,16,8,2,1935,1,2,2,2,3,24
201600037850,16,8,2,2030,5,2,2,2,3,24
201600037851,16,8,3,1640,1,2,2,1,3,24
201600037852,16,8,3,1530,1,2,3,1,3,24
201600037853,16,8,4,945,1,2,1,1,6,24
201600037854,16,8,11,1730,1,2,1,1,3,24
201600037855,16,8,26,1535,1,2,2,1,3,24
201600037856,16,9,1,2205,5,2,1,1,3,24
201600037857,16,9,4,45,5,2,2,1,3,24
201600037858,16,9,9,2015,5,2,1,1,7,24
201600037859,16,9,15,40,5,2,3,1,2,24
201600037860,16,9,16,2040,5,2,2,2,6,24
201600037861,16,9,18,35,5,2,1,1,5,24
201600037862,16,9,24,1745,1,2,1,7,6,24
201600037863,16,9,26,1630,1,2,2,1,3,24
201600037864,16,9,29,1310,1,2,6,1,2,24
201600037865,16,9,29,1930,4,2,4,1,3,24
201600037866,16,10,2,2000,5,2,2,1,3,24
201600037867,16,10,5,800,1,2,1,1,6,24
201600037868,16,10,5,2145,5,2,2,1,3,24
201600037869,16,10,6,1840,5,2,1,1,1,24
201600037870,16,10,10,1555,1,2,1,1,6,24
201600037871,16,10,14,1710,5,2,3,1,3,24
201600037872,16,10,19,1230,1,2,3,1,3,24
201600037873,16,10,20,1815,5,2,1,1,6,24
201600037874,16,10,25,1800,1,2,3,1,3,24
201600037875,16,10,27,2120,5,2,1,1,2,24
201600037876,16,10,28,1215,1,2,1,1,6,24
201600037877,16,10,29,1800,1,2,2,1,3,24
201600037878,16,8,24,1025,1,2,1,1,3,24
201600037879,16,11,14,1230,1,2,1,1,6,24
201600037880,16,11,15,1245,1,2,1,1,3,24
201600037881,16,11,16,1055,1,2,3,1,3,24
201600037882,16,11,20,2250,5,2,2,2,3,24
201600037883,16,11,25,555,5,2,1,1,2,24
201600037884,16,11,27,930,1,2,1,1,2,24
201600037885,16,11,28,1408,1,2,2,1,7,24
201600037886,16,11,28,2035,5,2,1,1,7,24
201600037887,16,7,19,1630,1,2,2,1,6,24
201600037888,16,12,7,1930,5,2,1,1,6,24
201600037889,16,12,11,830,1,2,1,1,6,24
201600037890,16,12,16,1750,5,2,1,1,5,24
201600037891,16,12,20,2255,5,2,2,1,3,24
201600037892,16,12,24,1900,5,2,3,1,3,24
201600037893,16,12,25,140,5,2,2,1,3,24
201600037894,16,12,27,1200,1,2,1,1,6,24
201600037895,16,12,30,1215,1,2,3,1,3,24
201600037896,16,5,14,1300,1,2,1,1,6,24
201600037897,16,7,21,550,1,2,1,1,3,24
201600037898,16,8,5,855,1,2,1,1,3,24
201600037899,16,1,3,1815,5,2,1,2,6,25
201600037900,16,1,6,1520,1,2,1,1,6,25
201600037901,16,1,8,1840,4,2,1,1,1,25
201600037902,16,1,10,1530,1,2,1,2,6,25
201600037903,16,1,8,1300,1,2,1,1,7,25
201600037904,16,1,11,745,5,2,2,1,6,25
201600037905,16,1,12,2020,5,1,2,2,6,25
201600037906,16,1,15,1008,1,2,2,1,3,25
201600037907,16,1,21,1520,1,2,5,1,6,25
201600037908,16,1,22,1640,5,2,1,1,6,25
201600037909,16,1,22,1700,1,2,1,1,6,25
201600037910,16,1,25,1230,1,1,1,1,6,25
201600037911,16,1,10,1240,1,2,2,1,3,25
201600037912,16,1,26,1445,1,2,1,1,6,25
201600037913,16,1,27,1920,5,2,1,1,3,25
201600037914,16,1,29,915,1,2,1,1,6,25
201600037915,16,2,1,1830,5,2,2,1,4,25
201600037916,16,2,2,1000,1,2,1,1,6,25
201600037917,16,2,3,845,1,2,2,1,3,25
201600037918,16,2,5,815,2,2,3,1,6,25
201600037919,16,2,8,1750,1,2,3,2,6,25
201600037920,16,2,10,1810,5,2,2,2,7,25
201600037921,16,2,11,710,1,2,1,1,6,25
201600037922,16,2,13,340,5,2,3,1,3,25
201600037923,16,2,22,1730,1,2,3,1,5,25
201600037924,16,2,23,1,5,2,3,2,6,25
201600037925,16,2,26,1730,1,2,1,1,1,25
201600037926,16,2,26,1950,5,2,3,1,3,25
201600037927,16,2,26,2320,5,2,3,1,6,25
201600037928,16,2,29,1508,1,2,1,1,6,25
201600037929,16,3,1,855,1,2,1,1,6,25
201600037930,16,3,1,2015,5,2,1,2,7,25
201600037931,16,3,1,1840,1,2,1,1,6,25
201600037932,16,3,4,2125,5,2,2,1,6,25
201600037933,16,3,6,1545,1,2,1,1,4,25
201600037934,16,3,7,810,2,2,1,1,7,25
201600037935,16,3,7,1400,1,2,1,1,6,25
201600037936,16,3,8,1500,1,2,1,1,5,25
201600037937,16,3,12,1450,1,2,3,1,4,25
201600037938,16,3,17,1820,1,2,2,1,3,25
201600037939,16,3,18,145,5,2,3,1,7,25
201600037940,16,3,18,1250,1,2,1,1,6,25
201600037941,16,3,18,1810,1,2,3,1,3,25
201600037942,16,3,20,1840,5,2,2,1,3,25
201600037943,16,3,22,1745,1,2,2,1,3,25
201600037944,16,3,26,1115,1,2,1,1,2,25
201600037945,16,3,30,1500,1,2,3,2,3,25
201600037946,16,3,31,1330,1,2,3,2,2,25
201600037947,16,2,18,1705,1,2,1,2,6,25
201600037948,16,4,6,1425,1,2,3,1,6,25
201600037949,16,4,8,1750,1,2,2,1,6,25
201600037950,16,4,11,740,1,2,1,1,6,25
201600037951,16,4,11,1015,1,2,1,2,7,25
201600037952,16,4,14,1510,1,2,1,1,6,25
201600037953,16,4,22,1521,1,2,1,1,3,25
201600037954,16,4,22,2010,1,2,1,1,7,25
201600037955,16,5,2,835,1,2,1,1,6,25
201600037956,16,5,4,1640,1,2,1,1,6,25
201600037957,16,5,7,1545,1,2,3,1,6,25
201600037958,16,5,10,650,1,2,2,1,3,25
201600037959,16,5,11,910,1,2,1,1,7,25
201600037960,16,5,12,1200,1,2,3,1,2,25
201600037961,16,5,15,1650,1,2,1,1,7,25
201600037962,16,5,19,1625,1,2,1,1,3,25
201600037963,16,5,20,1200,1,2,1,1,6,25
201600037964,16,5,24,1630,1,2,1,1,7,25
201600037965,16,5,27,850,1,1,1,1,2,25
201600037966,16,5,27,2325,5,2,1,1,7,25
201600037967,16,5,31,1000,1,2,1,2,3,25
201600037968,16,6,4,1400,1,2,1,1,3,25
201600037969,16,6,6,730,1,2,3,1,7,25
201600037970,16,6,9,1535,1,2,3,1,6,25
201600037971,16,6,10,1540,1,2,2,1,3,25
201600037972,16,6,11,1940,1,2,1,1,3,25
201600037973,16,6,13,1350,1,2,1,1,6,25
201600037974,16,6,18,1938,1,2,1,1,3,25
201600037975,16,6,23,1315,1,2,1,1,6,25
201600037976,16,6,23,1935,1,2,1,1,7,25
201600037977,16,6,23,2030,1,2,2,1,3,25
201600037978,16,6,24,2110,1,2,3,1,1,25
201600037979,16,6,28,2115,1,2,1,1,2,25
201600037980,16,7,5,845,1,2,1,1,2,25
201600037981,16,7,5,1145,1,2,1,1,6,25
201600037982,16,7,6,2135,1,2,1,1,1,25
201600037983,16,7,11,930,1,2,1,1,6,25
201600037984,16,7,11,1625,1,1,2,1,3,25
201600037985,16,7,12,915,1,2,1,1,3,25
201600037986,16,7,13,2000,1,2,5,1,6,25
201600037987,16,7,15,1700,1,2,1,1,3,25
201600037988,16,7,15,1950,1,2,2,1,2,25
201600037989,16,7,21,1500,1,2,1,1,2,25
201600037990,16,7,21,2250,5,2,1,1,6,25
201600037991,16,7,26,710,1,2,1,1,1,25
201600037992,16,7,26,1440,1,2,1,1,6,25
201600037993,16,7,26,1900,1,2,1,1,6,25
201600037994,16,7,27,2215,5,2,9,1,3,25
201600037995,16,7,31,1340,1,2,1,1,3,25
201600037996,16,7,30,1350,1,2,2,1,6,25
201600037997,16,8,2,2030,1,2,1,1,2,25
201600037998,16,8,17,1920,1,2,2,1,3,25
201600037999,16,8,26,1050,1,2,1,1,3,25
201600038000,16,8,26,1200,1,2,1,1,6,25
201600038001,16,8,26,1935,1,2,1,1,6,25
201600038002,16,8,30,1015,1,2,1,1,1,25
201600038003,16,9,2,1605,1,2,1,1,2,25
201600038004,16,9,2,2300,1,2,2,1,6,25
201600038005,16,9,3,715,1,2,2,1,6,25
201600038006,16,9,6,1315,1,2,3,1,1,25
201600038007,16,9,6,1720,1,2,2,1,6,25
201600038008,16,9,7,1755,1,2,1,1,6,25
201600038009,16,9,12,1710,1,2,2,1,3,25
201600038010,16,9,15,920,1,2,1,2,2,25
201600038011,16,9,24,1740,1,2,1,1,3,25
201600038012,16,9,26,1525,1,2,2,1,6,25
201600038013,16,9,27,1350,1,2,1,1,2,25
201600038014,16,9,27,2040,5,2,3,1,6,25
201600038015,16,9,28,1040,1,2,1,1,6,25
201600038016,16,10,3,1820,1,2,2,1,6,25
201600038017,16,10,6,1200,1,2,1,1,6,25
201600038018,16,10,8,2110,5,2,2,1,6,25
201600038019,16,10,11,1630,1,2,3,1,3,25
201600038020,16,10,14,1353,1,2,1,1,6,25
201600038021,16,10,18,1540,1,2,5,1,6,25
201600038022,16,10,18,1535,1,2,2,2,6,25
201600038023,16,10,22,1320,1,2,2,1,3,25
201600038024,16,10,26,1900,3,2,1,1,7,25
201600038025,16,10,26,1645,1,2,1,1,3,25
201600038026,16,10,28,1510,1,2,1,1,1,25
201600038027,16,10,31,1850,1,2,2,1,6,25
201600038028,16,11,5,1520,1,2,1,1,3,25
201600038029,16,11,7,935,1,2,1,1,3,25
201600038030,16,11,7,1807,5,2,1,1,6,25
201600038031,16,11,7,1848,2,2,2,2,6,25
201600038032,16,11,10,2000,5,2,1,1,6,25
201600038033,16,11,14,1225,1,2,1,1,3,25
201600038034,16,11,14,1530,1,2,5,1,6,25
201600038035,16,11,15,1755,5,2,1,1,3,25
201600038036,16,11,15,2030,5,2,3,2,6,25
201600038037,16,11,15,2340,5,2,1,2,6,25
201600038038,16,11,21,1250,1,2,1,2,3,25
201600038039,16,11,5,1700,1,2,1,1,6,25
201600038040,16,11,21,1830,5,2,1,1,3,25
201600038041,16,11,24,400,5,2,1,1,6,25
201600038042,16,11,29,1715,2,2,3,1,6,25
201600038043,16,12,1,1600,1,2,3,1,3,25
201600038044,16,12,1,2130,5,2,1,1,2,25
201600038045,16,12,2,806,1,2,2,1,1,25
201600038046,16,12,2,1215,1,2,1,1,6,25
201600038047,16,12,2,1930,5,2,1,1,3,25
201600038048,16,12,3,1105,1,2,3,1,6,25
201600038049,16,12,3,2005,5,2,1,1,3,25
201600038050,16,12,4,1210,1,2,1,1,3,25
201600038051,16,12,5,1300,1,2,2,1,6,25
201600038052,16,12,11,1410,1,2,2,1,3,25
201600038053,16,12,12,1835,5,2,1,2,6,25
201600038054,16,12,13,1230,1,2,1,1,6,25
201600038055,16,12,14,750,2,2,1,9,6,25
201600038056,16,12,17,505,5,2,1,1,6,25
201600038057,16,12,20,2138,5,2,1,1,6,25
201600038058,16,12,21,2000,5,2,2,2,3,25
201600038059,16,12,22,20,5,2,1,1,2,25
201600038060,16,12,25,10,5,1,1,1,5,25
201600038061,16,12,25,110,5,2,1,1,3,25
201600038062,16,12,10,810,2,2,1,1,6,26
201600038063,16,12,13,902,1,2,1,1,1,26
201600038064,16,11,10,1945,5,2,2,9,6,26
201600038065,16,1,8,950,1,2,1,1,2,26
201600038066,16,1,11,1700,1,2,1,1,6,26
201600038067,16,1,14,1800,5,2,1,2,6,26
201600038068,16,1,13,1530,1,2,1,1,7,26
201600038069,16,1,20,1900,5,2,3,1,6,26
201600038070,16,1,21,1950,5,2,1,1,6,26
201600038071,16,1,22,1420,1,2,1,1,3,26
201600038072,16,1,22,1800,5,2,3,3,6,26
201600038073,16,9,16,1845,5,2,1,1,2,26
201600038074,16,10,28,805,2,2,1,1,2,26
201600038075,16,10,20,1000,1,2,1,1,2,26
201600038076,16,10,18,750,2,2,1,1,6,26
201600038077,16,10,8,1415,1,2,3,1,7,26
201600038078,16,10,4,1520,1,2,1,1,6,26
201600038079,16,10,28,1715,1,2,1,1,4,26
201600038080,16,1,25,1840,5,2,1,1,7,26
201600038081,16,1,27,925,1,2,1,2,7,26
201600038082,16,2,1,800,5,2,3,1,4,26
201600038083,16,2,3,1520,1,2,1,1,3,26
201600038084,16,2,1,2135,5,2,1,1,6,26
201600038085,16,2,9,800,5,2,1,3,6,26
201600038086,16,2,13,1800,5,2,3,1,5,26
201600038087,16,2,13,2250,5,2,1,1,7,26
201600038088,16,2,21,100,5,2,3,1,2,26
201600038089,16,2,23,1950,5,2,1,1,7,26
201600038090,16,3,2,1945,5,2,2,2,3,26
201600038091,16,3,3,950,1,2,2,1,3,26
201600038092,16,3,11,1820,5,2,1,1,6,26
201600038093,16,3,11,1230,1,2,3,1,3,26
201600038094,16,3,14,840,2,1,1,1,2,26
201600038095,16,3,23,1400,1,2,1,1,6,26
201600038096,16,3,24,1900,5,2,2,1,3,26
201600038097,16,3,29,1645,1,1,1,1,2,26
201600038098,16,4,3,1645,1,2,1,1,3,26
201600038099,16,4,4,830,1,2,1,8,2,26
201600038100,16,4,4,2315,5,2,3,2,7,26
201600038101,16,4,13,1810,1,2,1,1,6,26
201600038102,16,4,14,1950,5,2,2,2,6,26
201600038103,16,5,1,1450,1,2,1,1,6,26
201600038104,16,5,2,1420,1,2,3,1,3,26
201600038105,16,5,19,2145,5,2,3,1,3,26
201600038106,16,5,22,2000,2,2,1,1,7,26
201600038107,16,5,27,150,5,2,1,1,7,26
201600038108,16,5,23,1640,1,2,1,1,6,26
201600038109,16,5,25,1950,2,2,3,1,3,26
201600038110,16,6,7,1935,1,2,1,1,2,26
201600038111,16,6,17,1609,1,2,1,1,3,26
201600038112,16,6,9,1950,1,2,1,1,3,26
201600038113,16,6,13,1715,1,2,1,1,2,26
201600038114,16,6,26,2140,2,2,1,1,3,26
201600038115,16,6,28,2250,5,2,3,1,6,26
201600038116,16,6,27,1245,1,2,2,1,6,26
201600038117,16,6,28,845,1,2,1,1,4,26
201600038118,16,7,5,1000,1,2,1,1,3,26
201600038119,16,5,31,1930,1,2,1,1,6,26
201600038120,16,7,5,1505,1,2,1,1,3,26
201600038121,16,7,11,930,1,2,3,1,3,26
201600038122,16,7,13,1530,1,2,1,8,6,26
201600038123,16,7,20,2010,1,2,1,1,6,26
201600038124,16,7,23,1240,1,2,2,1,3,26
201600038125,16,7,14,1230,1,2,2,1,3,26
201600038126,16,7,21,1405,1,2,1,1,3,26
201600038127,16,7,20,1950,1,2,3,1,7,26
201600038128,16,8,12,1900,1,2,2,1,3,26
201600038129,16,8,25,1100,1,2,1,1,4,26
201600038130,16,8,31,1645,1,2,1,1,6,26
201600038131,16,9,19,330,5,2,3,1,6,26
201600038132,16,9,28,2210,5,2,1,1,3,26
201600038133,16,9,2,1630,1,2,1,1,3,26
201600038134,16,9,15,1200,1,2,1,1,6,26
201600038135,16,8,9,2105,2,2,1,1,3,26
201600038136,16,10,11,940,1,2,3,1,4,26
201600038137,16,10,11,1605,1,2,1,1,3,26
201600038138,16,9,28,1220,1,2,3,1,6,26
201600038139,16,8,2,2000,2,2,1,2,7,26
201600038140,16,10,8,2020,2,2,1,1,3,26
201600038141,16,11,2,1230,1,2,1,1,6,26
201600038142,16,11,4,1845,5,2,1,1,7,26
201600038143,16,9,27,2210,5,2,1,9,3,26
201600038144,16,11,3,1130,1,2,1,1,6,26
201600038145,16,9,7,1900,5,2,1,9,6,26
201600038146,16,9,24,1945,5,2,1,9,3,26
201600038147,16,11,5,1820,5,2,5,1,3,26
201600038148,16,11,10,1930,5,2,2,9,6,26
201600038149,16,11,10,1115,1,2,5,9,6,26
201600038150,16,10,14,1840,5,2,1,3,6,26
201600038151,16,11,28,2020,5,2,1,1,3,26
201600038152,16,9,14,1720,1,2,2,1,3,26
201600038153,16,12,3,1350,1,2,1,1,3,26
201600038154,16,12,7,1810,5,2,1,1,6,26
201600038155,16,11,28,2315,5,2,3,1,3,26
201600038156,16,11,28,1845,5,2,1,1,3,26
201600038157,16,12,9,1455,1,2,1,1,3,26
201600038158,16,12,12,1807,5,2,1,2,6,26
201600038159,16,12,31,1748,5,2,1,1,6,35
201600038160,16,1,8,1125,1,2,1,1,6,35
201600038161,16,1,20,1950,5,2,2,1,3,35
201600038162,16,1,23,930,1,2,2,2,3,35
201600038163,16,1,28,2130,5,2,4,1,3,35
201600038164,16,2,9,1950,5,2,1,1,3,35
201600038165,16,2,19,2315,5,2,3,1,3,35
201600038166,16,2,17,1910,5,2,2,1,3,35
201600038167,16,2,24,1812,1,2,1,2,7,35
201600038168,16,2,28,100,5,2,1,1,6,35
201600038169,16,3,10,740,1,2,2,1,6,35
201600038170,16,4,3,2110,5,2,1,1,3,35
201600038171,16,4,15,1550,1,2,2,2,6,35
201600038172,16,4,29,1530,1,2,1,2,6,35
201600038173,16,5,12,911,1,2,1,1,6,35
201600038174,16,5,13,1905,1,2,1,1,5,35
201600038175,16,5,28,1750,1,2,2,1,3,35
201600038176,16,6,7,950,1,2,1,1,7,35
201600038177,16,6,7,1725,1,2,2,1,6,35
201600038178,16,6,17,1430,1,2,1,1,2,35
201600038179,16,7,4,1520,1,2,3,1,3,35
201600038180,16,7,6,1955,1,2,7,1,2,35
201600038181,16,7,18,1930,1,2,3,1,3,35
201600038182,16,7,20,1000,1,2,2,1,3,35
201600038183,16,7,27,1800,1,2,2,1,3,35
201600038184,16,8,6,1925,1,2,2,1,3,35
201600038185,16,8,1,925,1,2,5,1,3,35
201600038186,16,8,18,1150,1,2,1,1,2,35
201600038187,16,8,20,1540,1,2,4,1,3,35
201600038188,16,8,19,2025,1,2,2,1,3,50
201600038189,16,9,7,1240,1,2,1,1,3,35
201600038190,16,9,21,1015,1,2,3,1,6,35
201600038191,16,9,15,810,1,2,2,2,6,35
201600038192,16,9,13,1510,1,2,1,1,6,35
201600038193,16,9,24,1630,1,2,3,1,3,35
201600038194,16,9,24,2020,5,2,3,1,3,35
201600038195,16,9,30,1030,1,2,9,1,6,35
201600038196,16,10,3,1430,1,2,1,1,3,35
201600038197,16,10,26,1920,5,2,1,1,3,35
201600038198,16,10,12,700,2,2,3,1,4,35
201600038199,16,10,20,1000,1,2,3,2,6,35
201600038200,16,11,2,2035,5,2,6,1,7,35
201600038201,16,10,29,2020,5,2,1,1,5,35
201600038202,16,11,7,1210,1,2,1,2,3,35
201600038203,16,11,8,745,1,2,5,1,6,35
201600038204,16,11,17,1015,1,2,2,1,3,35
201600038205,16,11,25,2150,5,2,3,1,3,35
201600038206,16,12,8,1750,5,2,6,1,6,35
201600038207,16,11,18,1500,1,2,3,1,3,35
201600038208,16,11,21,1105,1,2,1,1,6,35
201600038209,16,12,13,1650,5,2,3,1,3,35
201600038210,16,12,17,200,5,2,3,1,6,35
201600038211,16,12,31,545,5,2,5,1,7,35
201600038212,16,1,8,1220,1,2,1,1,6,36
201600038213,16,1,21,2135,5,2,9,1,6,36
201600038214,16,1,27,610,5,2,1,1,7,36
201600038215,16,1,28,1420,1,2,2,1,7,36
201600038216,16,1,31,1210,1,2,2,1,6,36
201600038217,16,2,1,1640,1,2,3,1,2,36
201600038218,16,2,1,1900,5,2,9,1,7,36
201600038219,16,2,2,1318,1,2,1,1,6,36
201600038220,16,2,10,1600,1,2,3,2,6,36
201600038221,16,2,19,600,1,2,1,1,7,36
201600038222,16,2,28,1520,1,2,1,1,7,36
201600038223,16,3,7,1100,1,2,1,2,6,36
201600038224,16,3,8,1240,1,2,1,1,6,36
201600038225,16,3,14,1825,1,2,1,1,6,36
201600038226,16,3,15,1715,1,2,1,1,1,36
201600038227,16,3,17,1703,1,2,3,1,6,36
201600038228,16,3,23,1815,1,2,9,1,6,36
201600038229,16,3,29,825,1,2,1,1,6,36
201600038230,16,3,30,1910,3,2,1,9,7,36
201600038231,16,4,4,1845,1,2,3,1,6,36
201600038232,16,4,6,1330,1,2,2,1,3,36
201600038233,16,4,8,940,1,2,1,1,2,36
201600038234,16,4,19,1345,1,2,1,1,6,36
201600038235,16,4,19,1745,1,2,2,1,6,36
201600038236,16,4,20,1845,1,2,2,1,6,36
201600038237,16,4,29,1715,1,2,3,1,3,36
201600038238,16,4,29,2030,1,2,1,1,6,36
201600038239,16,5,4,2100,2,2,1,7,1,36
201600038240,16,5,10,1620,1,2,6,1,6,36
201600038241,16,5,13,1240,1,2,1,1,6,36
201600038242,16,5,15,340,5,2,3,1,2,36
201600038243,16,5,17,2100,2,2,1,1,1,36
201600038244,16,5,18,500,5,2,1,1,6,36
201600038245,16,5,18,1750,1,2,2,2,6,36
201600038246,16,5,19,600,2,2,6,3,6,36
201600038247,16,5,20,1435,1,2,1,1,4,36
201600038248,16,5,23,1750,1,2,3,1,6,36
201600038249,16,5,24,1240,1,2,1,1,6,36
201600038250,16,5,28,1800,1,2,1,1,1,36
201600038251,16,6,7,230,3,2,1,1,7,36
201600038252,16,6,7,1545,1,2,3,1,2,36
201600038253,16,6,7,1800,1,2,1,1,7,36
201600038254,16,6,11,1755,1,2,6,1,6,36
201600038255,16,6,15,1625,1,2,9,1,6,36
201600038256,16,6,16,1250,1,2,1,1,6,36
201600038257,16,6,23,810,1,2,9,1,3,36
201600038258,16,6,29,1305,1,2,3,1,6,36
201600038259,16,6,29,1950,1,2,1,1,6,36
201600038260,16,6,29,2150,2,2,2,1,3,36
201600038261,16,6,30,1650,1,2,1,1,2,36
201600038262,16,7,1,950,1,2,1,1,6,36
201600038263,16,7,1,1210,1,2,1,1,2,36
201600038264,16,7,6,1820,1,2,2,1,6,36
201600038265,16,7,4,335,5,2,2,1,6,36
201600038266,16,7,6,2000,1,2,3,1,6,36
201600038267,16,7,10,1930,1,2,1,1,6,36
201600038268,16,7,11,1630,1,2,3,1,2,36
201600038269,16,7,11,2300,5,2,2,1,7,36
201600038270,16,7,12,1600,1,2,3,1,6,36
201600038271,16,7,12,1715,1,2,1,1,6,36
201600038272,16,7,13,1840,1,2,3,1,6,36
201600038273,16,7,17,1920,1,2,1,1,6,36
201600038274,16,7,21,1730,1,2,1,1,2,36
201600038275,16,7,25,1500,1,2,3,1,3,36
201600038276,16,7,25,1940,2,2,1,1,2,36
201600038277,16,7,27,1525,1,2,2,1,3,36
201600038278,16,7,29,1910,1,2,3,1,2,36
201600038279,16,7,30,1850,1,2,1,1,6,36
201600038280,16,8,1,950,1,2,2,1,6,36
201600038281,16,8,2,1350,1,2,2,1,3,36
201600038282,16,8,10,1050,5,2,3,1,7,36
201600038283,16,8,16,1300,1,2,2,1,2,36
201600038284,16,8,22,1510,1,2,1,1,6,36
201600038285,16,8,25,1120,1,2,3,1,6,36
201600038286,16,8,26,1500,1,2,1,1,6,36
201600038287,16,8,26,1745,1,2,1,1,6,36
201600038288,16,8,30,2340,5,2,3,1,7,36
201600038289,16,8,29,740,1,2,1,1,6,36
201600038290,16,8,31,1715,1,2,2,1,2,36
201600038291,16,8,31,1910,1,2,1,1,2,36
201600038292,16,9,2,1605,1,2,1,1,7,36
201600038293,16,9,5,1620,1,2,1,1,6,36
201600038294,16,9,8,1500,1,2,1,1,7,36
201600038295,16,9,9,1640,1,2,1,1,6,36
201600038296,16,9,9,1700,1,2,3,1,6,36
201600038297,16,9,14,1915,1,2,2,1,6,36
201600038298,16,9,15,1110,1,2,2,1,6,36
201600038299,16,9,22,613,5,2,2,1,3,36
201600038300,16,9,23,1220,1,2,1,1,6,36
201600038301,16,9,26,1315,1,2,3,1,6,36
201600038302,16,9,26,2300,3,2,2,1,3,36
201600038303,16,9,27,1000,1,2,2,1,6,36
201600038304,16,9,30,2110,5,2,3,2,3,36
201600038305,16,10,2,1620,1,2,1,1,2,36
201600038306,16,10,4,1010,1,2,1,1,7,36
201600038307,16,10,7,1120,1,2,2,1,3,36
201600038308,16,10,7,1825,1,2,2,1,3,36
201600038309,16,10,8,120,5,2,2,1,6,36
201600038310,16,10,10,1200,1,2,3,1,2,36
201600038311,16,10,11,1125,1,2,3,1,6,36
201600038312,16,10,11,1905,5,2,1,1,6,36
201600038313,16,10,12,2325,5,2,3,1,6,36
201600038314,16,10,13,2220,5,2,3,1,6,36
201600038315,16,10,24,1627,1,2,3,1,1,36
201600038316,16,10,26,2130,5,2,2,1,6,36
201600038317,16,10,27,1500,1,2,3,1,2,36