Num_Acc,an,mois,jour,hrmn,lum,agg,int,atm,col,com
201600039414,16,11,8,1305,1,2,1,1,6,73
201600039415,16,11,8,1745,5,2,1,1,2,73
201600039416,16,11,22,1235,1,2,3,1,3,73
201600039417,16,11,27,1820,5,2,3,1,3,73
201600039418,16,12,5,1435,1,2,1,1,3,73
201600039419,16,12,14,1235,1,2,1,1,6,73
201600039420,16,1,4,915,1,2,1,2,7,46
201600039421,16,1,7,825,2,2,1,2,3,75
201600039422,16,1,22,750,5,2,1,1,3,75
201600039423,16,1,29,1040,1,2,2,1,3,46
201600039424,16,2,5,1350,1,2,1,1,2,46
201600039425,16,2,8,1420,1,2,2,2,3,46
201600039426,16,2,8,835,1,2,1,1,3,46
201600039427,16,2,14,1430,1,2,2,2,1,46
201600039428,16,2,17,2205,5,2,1,1,3,46
201600039429,16,2,20,1335,1,2,1,1,2,75
201600039430,16,3,6,1926,1,2,1,1,1,46
201600039431,16,3,10,1105,1,1,2,1,3,46
201600039432,16,3,11,1310,1,2,1,1,3,46
201600039433,16,3,13,1855,2,2,3,1,3,46
201600039434,16,3,15,1345,1,2,2,1,3,46
201600039435,16,3,17,1620,1,2,3,7,3,75
201600039436,16,3,23,830,1,2,2,1,7,75
201600039437,16,3,23,835,1,2,1,1,3,75
201600039438,16,3,24,1655,1,2,3,1,3,75
201600039439,16,3,30,1430,1,2,1,1,2,46
201600039440,16,3,31,925,1,2,1,1,3,75
201600039441,16,4,7,1405,1,2,6,1,3,75
201600039442,16,4,15,1945,1,2,1,1,7,75
201600039443,16,5,1,1210,1,2,3,1,3,46
201600039444,16,4,23,2030,2,2,3,1,7,46
201600039445,16,5,20,2230,5,2,3,1,3,75
201600039446,16,5,23,35,5,2,1,2,6,46
201600039447,16,5,23,1510,1,2,1,1,7,75
201600039448,16,5,27,1015,1,2,3,1,2,75
201600039449,16,5,28,2215,5,2,6,1,7,46
201600039450,16,6,1,1100,1,2,6,1,3,46
201600039451,16,6,3,1140,1,2,1,1,3,46
201600039452,16,6,13,1645,1,2,1,1,1,46
201600039453,16,6,15,1925,1,2,1,1,6,75
201600039454,16,6,16,1530,1,2,1,2,2,75
201600039455,16,6,15,1030,1,2,1,1,7,46
201600039456,16,6,24,1920,1,2,1,1,1,46
201600039457,16,6,29,1930,1,2,1,1,3,46
201600039458,16,7,3,2315,5,2,3,2,2,46
201600039459,16,7,4,1455,1,2,6,1,7,46
201600039460,16,7,6,1650,1,2,1,1,4,46
201600039461,16,7,7,2000,1,2,1,1,7,46
201600039462,16,7,7,1735,1,2,1,1,7,75
201600039463,16,7,8,845,1,2,2,1,3,75
201600039464,16,7,8,2010,1,2,2,1,7,46
201600039465,16,7,9,1815,1,2,1,1,7,75
201600039466,16,7,6,745,1,2,1,3,6,46
201600039467,16,7,20,2000,1,2,3,1,3,46
201600039468,16,7,20,2025,1,2,6,1,7,46
201600039469,16,7,21,1750,1,2,1,1,7,46
201600039470,16,7,26,955,1,2,3,1,7,46
201600039471,16,7,28,1710,1,2,1,1,6,46
201600039472,16,8,15,1845,1,2,3,7,3,46
201600039473,16,8,24,1100,1,2,3,1,6,75
201600039474,16,8,28,2045,5,2,2,1,7,46
201600039475,16,8,29,650,1,2,2,1,3,46
201600039476,16,8,31,1050,1,2,1,1,7,46
201600039477,16,9,2,720,1,2,2,7,3,75
201600039478,16,9,5,1300,1,2,3,2,7,46
201600039479,16,9,5,1415,1,2,2,3,7,46
201600039480,16,9,7,1020,1,2,1,1,2,75
201600039481,16,9,15,1140,1,2,2,2,7,46
201600039482,16,9,18,1630,1,2,1,1,2,75
201600039483,16,10,6,655,1,2,3,1,2,75
201600039484,16,10,9,1500,1,2,6,1,7,46
201600039485,16,10,12,715,5,2,6,1,3,75
201600039486,16,10,12,830,1,2,3,1,3,75
201600039487,16,10,24,955,1,2,2,2,3,46
201600039488,16,10,29,1250,1,2,1,1,7,75
201600039489,16,11,18,1022,1,2,3,1,7,75
201600039490,16,11,20,250,5,2,1,6,7,46
201600039491,16,11,21,850,1,2,3,1,7,46
201600039492,16,11,21,908,1,2,3,2,3,75
201600039493,16,11,25,1730,2,2,1,1,7,75
201600039494,16,11,28,1710,5,2,1,1,2,75
201600039495,16,11,29,1636,1,1,3,1,3,46
201600039496,16,11,30,855,1,2,1,1,3,46
201600039497,16,12,1,1342,1,2,2,1,3,46
201600039498,16,12,3,1810,5,2,2,1,3,75
201600039499,16,12,4,1040,1,2,6,1,3,75
201600039500,16,12,6,945,1,2,1,1,7,46
201600039501,16,12,9,2020,5,2,2,1,3,46
201600039502,16,12,12,1010,1,2,1,1,7,46
201600039503,16,12,15,1840,5,2,6,1,7,46
201600039504,16,12,19,1650,1,2,1,1,6,46
201600039505,16,12,27,1410,1,2,1,1,7,46
201600039506,16,1,2,1115,1,2,1,1,7,78
201600039507,16,1,4,905,1,2,3,1,4,78
201600039508,16,1,4,1640,1,2,2,1,7,78
201600039509,16,1,5,1100,1,2,1,1,4,78
201600039510,16,2,2,2000,5,2,1,1,3,78
201600039511,16,2,8,525,5,2,1,5,1,78
201600039512,16,2,17,1211,1,2,1,1,3,78
201600039513,16,2,18,1540,1,2,3,2,1,78
201600039514,16,2,19,1715,1,2,2,1,3,78
201600039515,16,2,23,1630,1,2,3,1,3,78
201600039516,16,3,17,1800,1,2,1,1,3,78
201600039517,16,3,22,1715,1,2,1,1,2,78
201600039518,16,3,22,1735,1,2,1,1,7,78
201600039519,16,3,29,1640,1,2,1,1,2,78
201600039520,16,5,30,1300,1,2,3,2,3,78
201600039521,16,6,7,1340,1,2,1,1,7,78
201600039522,16,6,27,1200,1,2,1,1,7,78
201600039523,16,7,17,910,1,2,1,1,2,78
201600039524,16,8,18,1620,1,2,1,1,7,78
201600039525,16,9,5,1200,1,2,2,2,3,78
201600039526,16,9,15,1338,1,2,1,1,2,78
201600039527,16,9,30,1940,5,2,1,2,7,78
201600039528,16,10,21,1355,1,2,1,1,2,78
201600039529,16,10,30,15,5,2,1,1,2,78
201600039530,16,12,24,1600,1,2,3,1,3,78
201600039531,16,1,1,1835,5,2,3,1,3,26
201600039532,16,1,5,1250,1,2,3,1,3,26
201600039533,16,1,11,950,1,2,1,2,2,26
201600039534,16,2,2,915,1,2,6,1,6,26
201600039535,16,3,1,140,5,2,3,1,3,26
201600039536,16,4,15,220,3,2,1,1,7,26
201600039537,16,4,29,30,5,2,1,1,7,26
201600039538,16,5,3,1915,1,2,1,1,3,62
201600039539,16,5,5,1700,1,2,3,1,2,62
201600039540,16,5,14,1200,1,2,1,1,7,62
201600039541,16,6,29,1905,1,2,1,1,6,26
201600039542,16,7,3,2145,5,2,1,2,7,62
201600039543,16,7,7,2315,5,2,1,1,4,26
201600039544,16,8,19,1715,1,2,1,2,3,26
201600039545,16,8,29,1111,1,2,3,1,5,26
201600039546,16,8,31,1015,1,2,1,1,7,26
201600039547,16,9,14,1800,1,2,1,1,3,26
201600039548,16,9,27,1810,1,2,1,1,3,62
201600039549,16,10,9,650,3,2,1,1,7,26
201600039550,16,10,19,2015,5,2,1,1,2,26
201600039551,16,10,27,1830,2,2,9,1,2,26
201600039552,16,11,8,1745,5,1,1,1,3,26
201600039553,16,11,16,2004,5,2,1,1,3,26
201600039554,16,11,19,2210,5,2,2,1,3,26
201600039555,16,11,25,1330,1,2,1,1,2,26
201600039556,16,12,27,2130,5,2,1,1,6,26
201600039557,16,1,3,1125,1,2,2,2,3,1
201600039558,16,1,7,855,1,2,1,3,3,1
201600039559,16,1,8,930,1,2,1,1,6,1
201600039560,16,1,11,1630,1,2,1,1,2,1
201600039561,16,1,12,2045,4,2,1,8,6,1
201600039562,16,1,14,1200,1,2,1,1,6,1
201600039563,16,1,14,1325,1,2,1,1,3,1
201600039564,16,1,14,1530,1,2,1,1,6,1
201600039565,16,1,18,1700,1,2,1,1,3,1
201600039566,16,1,19,1215,1,2,1,1,6,1
201600039567,16,1,22,1950,5,2,1,1,6,1
201600039568,16,1,25,1010,1,2,1,1,3,1
201600039569,16,1,26,1125,1,2,1,1,2,1
201600039570,16,1,27,1240,1,2,1,1,6,1
201600039571,16,1,27,1225,1,2,1,1,3,1
201600039572,16,1,28,810,1,2,1,1,3,1
201600039573,16,1,30,1800,5,2,1,2,3,1
201600039574,16,2,1,725,2,2,1,8,6,1
201600039575,16,2,1,2030,5,2,1,1,6,1
201600039576,16,2,6,1140,1,2,1,1,6,1
201600039577,16,2,8,850,1,2,1,1,6,1
201600039578,16,2,12,1730,2,2,1,2,6,1
201600039579,16,2,15,700,5,2,1,1,3,1
201600039580,16,2,17,925,1,2,2,1,3,1
201600039581,16,2,19,105,5,2,1,1,6,1
201600039582,16,3,6,450,5,2,3,1,2,1
201600039583,16,3,7,905,1,2,1,1,3,1
201600039584,16,3,9,550,5,2,1,1,1,1
201600039585,16,3,11,945,1,2,1,1,6,1
201600039586,16,3,16,1800,1,2,1,1,6,1
201600039587,16,3,18,1440,1,2,2,1,3,1
201600039588,16,3,22,850,1,2,1,1,6,1
201600039589,16,3,27,1800,1,2,1,1,3,1
201600039590,16,4,3,2005,1,2,1,1,4,1
201600039591,16,4,7,920,1,2,1,1,2,1
201600039592,16,4,7,1520,1,2,1,2,6,1
201600039593,16,4,13,912,1,2,1,1,6,1
201600039594,16,4,13,1429,1,2,1,1,6,1
201600039595,16,4,19,1120,1,2,1,1,6,1
201600039596,16,4,23,2005,1,2,1,1,6,1
201600039597,16,4,27,1435,1,2,1,1,6,1
201600039598,16,5,2,1155,1,2,1,1,6,1
201600039599,16,5,3,900,1,2,3,1,3,1
201600039600,16,5,4,2000,1,2,1,1,6,1
201600039601,16,5,6,1700,1,2,1,1,6,1
201600039602,16,5,8,1920,1,2,1,1,7,1
201600039603,16,5,9,1015,1,2,2,1,3,1
201600039604,16,5,13,1444,1,2,2,1,6,1
201600039605,16,5,17,650,1,2,2,1,1,1
201600039606,16,5,19,1445,1,2,1,1,6,1
201600039607,16,5,23,730,1,2,1,3,3,1
201600039608,16,5,23,1145,1,2,1,3,6,1
201600039609,16,5,24,2300,5,2,1,1,1,1
201600039610,16,5,25,750,1,2,1,1,6,1
201600039611,16,5,27,820,2,2,1,1,6,1
201600039612,16,5,27,2205,5,2,1,1,1,1
201600039613,16,6,4,1517,1,2,1,1,6,1
201600039614,16,6,8,1310,1,2,1,1,6,1
201600039615,16,6,10,2015,1,2,1,1,3,1
201600039616,16,6,12,2320,4,2,2,2,3,1
201600039617,16,6,16,1850,1,2,1,2,6,1
201600039618,16,6,22,1020,1,2,1,1,6,1
201600039619,16,6,22,1601,1,2,4,1,2,1
201600039620,16,6,27,1130,1,2,1,1,6,1
201600039621,16,6,30,1900,1,2,1,2,6,1
201600039622,16,7,4,1,5,2,1,2,2,1
201600039623,16,7,6,1640,1,2,1,1,4,1
201600039624,16,7,8,1355,1,1,1,1,3,1
201600039625,16,7,10,1620,1,2,1,7,2,1
201600039626,16,7,11,820,1,2,1,1,1,1
201600039627,16,7,11,1920,1,2,1,1,5,1
201600039628,16,7,13,740,1,2,3,1,3,1
201600039629,16,7,13,1810,1,2,9,1,3,1
201600039630,16,7,14,1720,1,2,1,1,6,1
201600039631,16,7,16,1130,1,2,2,1,3,1
201600039632,16,8,4,1740,1,2,1,1,3,1
201600039633,16,8,10,900,1,2,2,1,3,1
201600039634,16,8,15,1840,1,2,1,1,6,1
201600039635,16,8,20,1453,1,2,2,1,3,1
201600039636,16,8,20,1330,1,2,1,1,3,1
201600039637,16,8,23,2235,5,2,2,1,3,1
201600039638,16,9,5,2150,5,1,1,1,6,1
201600039639,16,9,6,925,1,2,1,1,2,1
201600039640,16,9,6,810,1,2,1,1,6,1
201600039641,16,9,6,1810,1,2,1,1,6,1
201600039642,16,9,7,1730,1,2,1,1,6,1
201600039643,16,9,13,405,5,2,1,1,6,1
201600039644,16,9,14,1815,1,2,1,1,6,1
201600039645,16,9,16,2305,5,2,3,2,6,1
201600039646,16,9,17,2250,5,2,3,1,3,1
201600039647,16,9,18,10,5,2,2,1,3,1
201600039648,16,9,20,1710,1,2,1,1,6,1
201600039649,16,9,21,1505,1,2,1,1,6,1
201600039650,16,9,23,955,1,2,1,1,6,1
201600039651,16,9,27,915,1,2,1,1,6,1
201600039652,16,9,28,840,1,2,1,1,6,1
201600039653,16,9,28,1200,1,2,2,1,3,1
201600039654,16,9,30,1445,1,2,1,1,7,1
201600039655,16,10,2,1520,1,2,7,1,3,1
201600039656,16,10,3,1500,1,2,1,1,3,1
201600039657,16,10,7,1515,1,2,3,1,3,1
201600039658,16,10,8,645,2,2,1,1,1,1
201600039659,16,10,8,2345,5,2,2,1,1,1
201600039660,16,10,10,1715,1,2,3,1,3,1
201600039661,16,10,13,1120,1,2,1,1,6,1
201600039662,16,10,20,935,1,2,2,2,3,1
201600039663,16,10,26,830,1,2,2,1,3,1
201600039664,16,10,26,1300,1,2,6,8,3,1
201600039665,16,11,5,2300,5,2,1,1,1,1
201600039666,16,11,8,755,1,2,1,1,6,1
201600039667,16,11,15,745,1,2,2,2,3,1
201600039668,16,11,16,1740,5,2,1,1,3,1
201600039669,16,11,21,1220,1,2,1,8,6,1
201600039670,16,11,22,2035,5,2,4,1,6,1
201600039671,16,11,24,1015,1,2,1,8,3,1
201600039672,16,11,27,1710,5,2,1,1,6,1
201600039673,16,11,30,820,1,2,4,1,4,1
201600039674,16,12,9,847,1,2,5,1,6,1
201600039675,16,12,20,1755,5,2,1,1,6,1
201600039676,16,12,23,645,5,2,1,5,2,1
201600039677,16,12,27,500,5,2,1,1,1,1
201600039678,16,12,28,1950,5,2,2,1,3,1
201600039679,16,12,29,2050,5,2,2,5,6,1
201600039680,16,12,31,2300,5,2,2,1,3,1
201600039681,16,1,1,150,5,2,2,1,3,5
201600039682,16,1,5,845,2,2,1,2,6,5
201600039683,16,1,6,1345,1,2,3,1,3,5
201600039684,16,1,6,1705,2,2,1,2,6,5
201600039685,16,1,7,1520,1,2,1,1,3,5
201600039686,16,1,10,1545,1,2,6,2,6,5
201600039687,16,1,11,915,1,1,1,2,7,5
201600039688,16,1,12,910,1,2,1,2,2,5
201600039689,16,1,12,1315,1,2,1,1,2,5
201600039690,16,1,13,1730,1,2,1,1,3,5
201600039691,16,2,10,1900,5,2,1,2,6,71
201600039692,16,1,15,1040,1,1,1,1,3,5
201600039693,16,1,15,1120,1,2,1,1,5,5
201600039694,16,1,15,1540,1,2,1,1,6,5
201600039695,16,1,16,1,5,2,1,2,3,5
201600039696,16,1,20,820,2,2,3,1,6,5
201600039697,16,1,23,1815,5,2,3,1,1,5
201600039698,16,1,26,1550,1,2,1,1,4,5
201600039699,16,1,27,830,2,2,3,2,6,5
201600039700,16,1,27,2315,5,2,2,1,3,5
201600039701,16,1,29,1245,1,2,6,1,2,5
201600039702,16,1,29,1735,5,2,5,1,3,5
201600039703,16,1,31,215,5,2,1,2,6,5
201600039704,16,5,2,2107,5,2,9,1,6,71
201600039705,16,1,31,1850,2,2,1,2,3,5
201600039706,16,2,2,1100,1,2,3,1,3,5
201600039707,16,2,8,1630,1,2,1,2,4,5
201600039708,16,2,12,2005,5,2,2,8,3,5
201600039709,16,2,13,540,5,2,2,8,3,5
201600039710,16,2,13,1640,1,2,1,2,5,5
201600039711,16,6,13,2109,1,2,1,1,2,71
201600039712,16,2,13,2000,5,2,3,2,1,5
201600039713,16,2,14,1035,1,1,1,1,6,5
201600039714,16,2,16,1620,1,2,1,1,3,5
201600039715,16,2,19,1915,5,2,3,1,5,5
201600039716,16,2,22,1750,1,2,1,2,3,5
201600039717,16,2,25,1020,1,2,1,1,6,5
201600039718,16,2,25,1235,1,2,1,1,2,5
201600039719,16,2,25,1335,1,2,2,1,3,5
201600039720,16,2,26,1950,5,2,1,1,2,5
201600039721,16,2,26,2200,5,2,2,1,3,5
201600039722,16,3,2,1445,1,2,1,1,2,5
201600039723,16,8,29,1833,1,2,1,1,5,71
201600039724,16,3,5,1725,1,2,9,1,3,5
201600039725,16,3,5,1305,1,2,2,1,3,5
201600039726,16,3,12,1427,1,2,1,1,6,5
201600039727,16,3,12,1930,5,2,1,1,2,5
201600039728,16,3,13,1830,1,2,1,1,6,5
201600039729,16,9,28,1720,1,2,9,1,6,71
201600039730,16,3,17,1845,1,2,2,1,5,5
201600039731,16,3,17,2000,2,2,3,1,3,5
201600039732,16,3,18,525,3,1,1,1,2,5
201600039733,16,3,21,920,1,2,3,1,6,5
201600039734,16,3,21,930,1,2,1,1,4,5
201600039735,16,3,21,1800,1,2,1,1,3,5
201600039736,16,3,25,1915,5,2,1,1,1,5
201600039737,16,3,29,2200,5,2,2,2,3,5
201600039738,16,4,1,1845,1,2,1,1,7,5
201600039739,16,4,4,1805,1,2,1,1,3,5
201600039740,16,4,6,1630,1,2,1,1,6,5
201600039741,16,4,9,915,1,2,1,1,3,5
201600039742,16,4,11,1615,1,2,3,2,3,5
201600039743,16,4,18,1515,1,2,1,1,6,5
201600039744,16,4,22,1800,1,2,1,1,1,5
201600039745,16,4,23,1307,1,2,2,1,3,5
201600039746,16,4,26,2130,5,2,6,2,2,5
201600039747,16,4,27,1250,1,2,2,1,3,5
201600039748,16,5,1,1808,1,2,3,1,5,5
201600039749,16,5,2,1930,1,2,6,1,3,5
201600039750,16,5,4,1640,1,2,1,1,5,5
201600039751,16,5,4,1920,1,2,2,1,2,5
201600039752,16,5,14,1405,1,2,1,1,4,5
201600039753,16,5,16,1840,1,2,2,1,3,5
201600039754,16,5,17,915,1,2,1,1,6,5
201600039755,16,5,22,1745,1,2,3,2,3,5
201600039756,16,5,23,1826,1,2,1,2,6,5
201600039757,16,5,23,2133,5,2,1,2,6,5
201600039758,16,5,25,700,2,2,1,1,1,5
201600039759,16,5,27,2145,5,2,1,1,3,5
201600039760,16,5,28,1215,1,1,4,1,6,5
201600039761,16,5,30,1900,1,2,1,2,5,5
201600039762,16,6,8,950,1,2,6,1,3,5
201600039763,16,6,3,1645,1,2,6,1,2,5
201600039764,16,6,9,1830,1,2,1,1,1,5
201600039765,16,6,11,1100,1,2,1,1,6,5
201600039766,16,6,15,740,1,2,1,2,1,5
201600039767,16,6,16,2050,1,2,2,1,3,5
201600039768,16,6,17,750,1,2,1,1,6,5
201600039769,16,6,22,1830,1,2,1,1,7,5
201600039770,16,6,25,1400,1,2,1,1,3,5
201600039771,16,6,27,2105,1,2,1,1,3,5
201600039772,16,7,1,27,5,2,2,1,3,5
201600039773,16,7,3,845,1,2,1,1,3,5
201600039774,16,7,3,1900,1,2,3,2,2,5
201600039775,16,7,3,2000,1,2,1,2,6,5
201600039776,16,7,4,2045,1,2,2,1,3,5
201600039777,16,7,6,1445,1,2,2,1,3,5
201600039778,16,7,10,2000,1,2,1,1,4,5
201600039779,16,7,15,1100,1,2,1,1,2,5
201600039780,16,7,14,1350,1,2,2,1,3,5
201600039781,16,7,18,2020,1,2,1,1,6,5
201600039782,16,7,22,2000,1,2,3,1,3,5
201600039783,16,7,25,1140,1,2,1,1,3,5
201600039784,16,8,2,915,1,2,1,3,2,5
201600039785,16,8,7,2015,1,2,1,1,2,5
201600039786,16,8,13,1725,1,2,3,1,3,5
201600039787,16,8,15,2330,5,2,2,1,3,5
201600039788,16,8,30,1555,1,2,3,1,1,5
201600039789,16,8,30,2015,2,2,1,1,6,5
201600039790,16,8,31,1930,1,2,3,1,5,5
201600039791,16,9,5,1450,1,2,6,2,3,5
201600039792,16,9,6,1750,1,2,1,1,6,5
201600039793,16,9,6,1730,1,2,1,1,2,5
201600039794,16,9,9,1700,1,2,1,1,3,5
201600039795,16,9,10,1930,1,2,1,1,6,5
201600039796,16,9,12,1135,1,2,1,1,3,5
201600039797,16,9,15,2000,5,2,1,1,6,5
201600039798,16,9,16,1800,1,2,1,3,2,5
201600039799,16,9,17,45,5,2,6,2,5,5
201600039800,16,9,23,1304,1,2,3,1,3,5
201600039801,16,9,23,1920,1,2,3,1,3,5
201600039802,16,9,25,1420,1,2,1,2,2,5
201600039803,16,9,26,1550,1,2,1,1,6,5
201600039804,16,9,27,1440,1,2,1,1,6,5
201600039805,16,9,27,1900,1,2,1,1,1,5
201600039806,16,9,30,2145,5,2,2,2,3,5
201600039807,16,10,4,902,1,2,1,1,4,5
201600039808,16,10,7,1710,1,2,1,1,6,5
201600039809,16,10,13,1927,5,2,1,2,6,5
201600039810,16,10,14,2000,3,2,1,3,6,5
201600039811,16,10,15,315,5,2,2,1,3,5
201600039812,16,10,16,1750,1,2,2,1,1,5
201600039813,16,10,22,1910,5,2,1,1,6,5
201600039814,16,10,23,350,5,2,2,8,3,5
201600039815,16,10,25,930,1,2,1,2,6,5
201600039816,16,10,25,1900,5,2,1,1,6,5
201600039817,16,10,26,1030,1,2,2,1,3,5
201600039818,16,10,27,800,2,2,2,5,3,5
201600039819,16,10,27,1300,1,2,3,1,3,5
201600039820,16,10,31,1030,1,2,1,1,6,5
201600039821,16,11,4,1230,1,2,1,2,6,5
201600039822,16,11,5,1750,5,2,1,2,2,5
201600039823,16,11,15,1940,5,2,1,2,4,5
201600039824,16,11,25,235,3,2,1,1,2,5
201600039825,16,11,29,820,1,2,3,1,3,5
201600039826,16,11,30,1225,1,2,1,1,6,5
201600039827,16,12,1,1000,1,2,1,1,6,5
201600039828,16,12,2,1740,5,2,1,1,1,5
201600039829,16,12,6,1400,1,2,1,1,3,5
201600039830,16,12,8,2030,5,2,1,1,6,5
201600039831,16,12,10,1000,1,2,1,1,6,5
201600039832,16,12,12,2000,4,2,1,2,3,5
201600039833,16,12,13,950,1,2,1,2,3,5
201600039834,16,12,19,2000,3,2,1,2,4,5
201600039835,16,12,21,2355,5,2,1,2,7,5
201600039836,16,12,26,1800,5,2,4,1,1,5
201600039837,16,12,26,1928,5,2,1,1,1,5
201600039838,16,12,31,150,3,1,1,5,5,5
201600039839,16,1,2,130,5,2,1,2,6,7
201600039840,16,1,19,825,2,2,3,8,6,7
201600039841,16,1,25,1230,1,2,1,1,6,7
201600039842,16,1,28,1550,1,2,2,1,6,7
201600039843,16,1,29,1330,1,2,1,1,6,7
201600039844,16,2,11,1134,1,2,6,1,3,7
201600039845,16,2,13,1500,1,2,1,3,2,7
201600039846,16,3,5,40,3,2,1,2,3,7
201600039847,16,3,10,1210,1,2,2,1,3,7
201600039848,16,3,19,335,5,2,1,1,1,7
201600039849,16,3,19,2000,5,2,1,1,6,7
201600039850,16,3,19,1150,1,2,1,1,1,7
201600039851,16,3,21,1150,1,2,2,1,3,7
201600039852,16,3,22,1210,1,2,3,1,3,7
201600039853,16,3,27,2340,5,2,1,1,3,7
201600039854,16,3,28,1640,1,2,3,1,3,7
201600039855,16,4,26,1730,1,2,1,2,6,7
201600039856,16,5,2,1135,1,2,1,1,6,7
201600039857,16,5,2,1310,1,2,2,1,6,7
201600039858,16,5,12,715,1,2,3,1,6,7
201600039859,16,5,18,1850,1,2,3,2,3,7
201600039860,16,5,26,1445,1,2,1,1,6,7
201600039861,16,5,31,1600,1,2,3,2,6,7
201600039862,16,6,1,830,1,2,1,8,5,7
201600039863,16,6,12,1315,1,2,1,2,6,7
201600039864,16,6,26,1315,1,2,1,1,6,7
201600039865,16,6,26,2130,2,2,1,1,6,7
201600039866,16,6,27,950,1,2,1,2,2,7
201600039867,16,7,4,1040,1,2,1,1,6,7
201600039868,16,7,5,2100,1,2,1,1,3,7
201600039869,16,7,7,2030,1,2,1,1,6,7
201600039870,16,7,13,2000,1,2,2,1,3,7
201600039871,16,7,18,1203,1,2,6,1,3,7
201600039872,16,7,18,1220,1,2,1,1,3,7
201600039873,16,7,18,2015,1,2,3,7,3,7
201600039874,16,7,20,2005,1,2,3,1,2,7
201600039875,16,7,26,2255,5,2,1,1,1,7
201600039876,16,7,29,755,1,2,1,1,3,7
201600039877,16,8,6,1030,1,2,1,1,6,7
201600039878,16,8,12,1900,1,2,3,1,6,7
201600039879,16,8,15,1350,1,2,2,1,3,7
201600039880,16,8,19,735,1,2,3,1,3,7
201600039881,16,9,2,1720,1,2,1,1,6,7
201600039882,16,9,2,1910,1,2,3,1,6,7
201600039883,16,9,5,1405,1,2,1,2,3,7
201600039884,16,9,22,843,1,2,3,1,2,7
201600039885,16,9,24,2050,5,2,6,1,6,7
201600039886,16,10,7,1610,1,2,2,8,3,7
201600039887,16,10,8,930,1,2,1,1,6,7
201600039888,16,10,9,2055,5,2,1,1,6,7
201600039889,16,10,13,800,2,2,2,1,6,7
201600039890,16,10,17,1226,1,2,1,2,6,7
201600039891,16,11,8,1350,1,2,3,1,3,7
201600039892,16,11,9,850,1,2,3,2,1,7
201600039893,16,11,12,1855,5,2,1,2,3,7
201600039894,16,11,15,915,1,2,9,1,3,7
201600039895,16,11,20,1210,1,1,1,2,6,7
201600039896,16,11,25,1435,1,2,1,1,6,7
201600039897,16,11,28,1810,2,2,9,1,6,7
201600039898,16,11,29,2330,5,2,9,1,3,7
201600039899,16,12,4,2,5,2,1,1,1,7
201600039900,16,12,4,1105,1,2,1,1,3,7
201600039901,16,12,4,1850,5,2,2,1,3,7
201600039902,16,12,5,2135,5,2,1,1,2,7
201600039903,16,12,6,1650,1,2,1,1,6,7
201600039904,16,12,9,2005,5,2,1,1,2,7
201600039905,16,12,24,1000,1,2,1,1,6,7
201600039906,16,12,29,1250,1,2,1,1,3,7
201600039907,16,1,1,1815,5,2,3,1,6,8
201600039908,16,1,1,2230,5,2,1,1,3,8
201600039909,16,1,5,45,5,2,3,1,3,8
201600039910,16,1,15,945,1,2,6,8,7,8
201600039911,16,1,18,2030,5,2,1,1,6,8
201600039912,16,1,22,1310,1,2,1,2,6,8
201600039913,16,1,30,1816,2,2,1,2,6,8
201600039914,16,2,1,900,1,2,1,1,6,8
201600039915,16,2,1,1515,1,2,1,1,1,8
201600039916,16,2,4,1140,1,2,1,2,6,8
201600039917,16,2,11,2325,5,2,2,1,3,8
201600039918,16,2,13,2120,5,2,1,2,7,8
201600039919,16,2,21,2140,5,2,2,1,3,8
201600039920,16,2,28,1800,1,2,1,1,2,8
201600039921,16,2,29,1304,1,2,1,1,3,8
201600039922,16,3,12,145,5,2,2,1,3,8
201600039923,16,3,15,840,1,2,1,1,7,8
201600039924,16,3,16,1929,5,2,1,1,2,8
201600039925,16,3,19,1530,1,2,1,1,2,8
201600039926,16,3,20,2050,5,2,6,1,2,8
201600039927,16,3,26,2230,5,2,1,1,6,8
201600039928,16,3,27,2225,5,2,1,1,1,8
201600039929,16,4,3,1735,1,2,3,1,6,8
201600039930,16,4,7,1300,1,2,1,2,2,8
201600039931,16,4,8,1715,1,2,1,2,6,8
201600039932,16,4,10,500,5,2,1,2,3,8
201600039933,16,4,10,1300,1,2,1,1,2,8
201600039934,16,4,10,1700,1,2,1,1,6,8
201600039935,16,4,12,1645,1,2,1,1,6,8
201600039936,16,4,13,800,1,2,1,2,2,8
201600039937,16,4,15,1205,1,2,1,1,6,8
201600039938,16,4,18,1020,1,2,7,1,1,8
201600039939,16,4,20,2145,5,2,2,1,3,8
201600039940,16,5,3,1530,1,2,1,1,6,8
201600039941,16,5,5,450,5,2,6,1,6,8
201600039942,16,5,6,1909,1,2,1,1,1,8
201600039943,16,5,10,900,1,2,1,8,6,8
201600039944,16,5,14,1430,1,2,3,1,6,8
201600039945,16,5,17,835,1,2,1,1,6,8
201600039946,16,5,23,1805,1,2,1,3,6,8
201600039947,16,5,23,1825,1,2,1,2,6,8
201600039948,16,5,26,15,5,2,3,1,3,8
201600039949,16,5,30,945,1,2,3,2,3,8
201600039950,16,6,1,530,2,2,1,2,2,8
201600039951,16,6,9,1100,1,2,2,1,3,8
201600039952,16,6,13,1620,1,2,1,2,6,8
201600039953,16,7,1,2010,2,2,1,1,6,8
201600039954,16,7,5,1555,1,2,1,1,6,8
201600039955,16,7,12,800,1,1,1,1,4,8
201600039956,16,7,12,1245,1,2,3,1,3,8
201600039957,16,7,19,1000,1,2,1,1,6,8
201600039958,16,7,21,1530,1,2,1,1,3,8
201600039959,16,7,22,825,1,2,1,1,6,8
201600039960,16,7,22,2000,1,2,3,1,6,8
201600039961,16,7,22,1850,1,2,1,1,6,8
201600039962,16,7,30,1900,1,2,1,1,2,8
201600039963,16,8,4,1630,1,2,1,1,5,8
201600039964,16,8,12,1405,1,2,1,1,2,8
201600039965,16,8,16,1030,1,2,1,1,3,8
201600039966,16,8,20,2140,5,2,3,1,3,8
201600039967,16,8,21,125,5,2,1,1,6,8
201600039968,16,8,30,1930,1,2,1,1,7,8
201600039969,16,9,1,1920,1,2,1,1,2,8
201600039970,16,9,2,1302,1,2,3,1,3,8
201600039971,16,9,7,1720,1,2,1,1,6,8
201600039972,16,9,8,1945,1,2,1,1,6,8
201600039973,16,9,12,845,1,2,1,1,6,8