Num_Acc,an,mois,jour,hrmn,lum,agg,int,atm,col,com
201600039974,16,9,15,1015,1,2,1,3,2,8
201600039975,16,9,15,1800,1,2,3,1,3,8
201600039976,16,9,16,1730,1,2,1,1,6,8
201600039977,16,9,24,1630,1,2,2,1,3,8
201600039978,16,9,30,1115,1,2,6,1,2,8
201600039979,16,10,5,630,5,2,9,1,6,8
201600039980,16,10,5,1220,1,2,1,1,6,8
201600039981,16,10,6,1030,1,2,1,1,5,8
201600039982,16,10,8,1710,1,2,1,1,6,8
201600039983,16,10,14,1820,2,2,3,2,3,8
201600039984,16,10,17,800,1,2,1,1,4,8
201600039985,16,10,17,1050,1,2,1,1,6,8
201600039986,16,10,17,1505,1,2,1,1,4,8
201600039987,16,10,18,1600,1,2,1,8,3,8
201600039988,16,10,19,1915,5,2,1,2,4,8
201600039989,16,10,23,2125,5,2,1,2,7,8
201600039990,16,10,28,1700,1,2,5,8,3,8
201600039991,16,10,30,100,4,1,1,1,2,8
201600039992,16,10,31,1410,1,2,1,1,2,8
201600039993,16,11,2,120,5,2,1,1,6,8
201600039994,16,11,8,850,1,2,1,1,3,8
201600039995,16,11,11,1715,1,2,2,1,3,8
201600039996,16,11,17,1715,5,2,1,2,3,8
201600039997,16,11,25,1545,1,2,1,8,6,8
201600039998,16,11,26,1635,1,2,1,8,3,8
201600039999,16,12,4,1900,5,2,1,1,3,8
201600040000,16,12,7,2030,5,2,3,1,3,8
201600040001,16,12,8,1320,1,2,2,1,3,8
201600040002,16,12,10,2020,5,2,3,1,3,8
201600040003,16,12,13,155,5,2,1,2,6,8
201600040004,16,12,24,1230,1,2,1,2,6,8
201600040005,16,12,26,1125,1,2,1,8,6,8
201600040006,16,12,27,40,5,2,3,1,1,8
201600040007,16,3,20,2220,5,2,1,1,3,57
201600040008,16,1,3,1335,1,2,5,2,3,10
201600040009,16,1,3,1850,3,2,1,2,6,10
201600040010,16,1,7,830,1,2,3,2,6,57
201600040011,16,1,8,1140,1,1,1,1,6,57
201600040012,16,1,8,1405,1,2,1,1,3,10
201600040013,16,1,10,1324,1,2,2,2,5,57
201600040014,16,1,11,645,5,2,3,3,6,57
201600040015,16,1,15,1545,1,2,2,1,6,10
201600040016,16,1,17,255,5,2,2,1,3,10
201600040017,16,1,17,1925,5,2,1,1,6,10
201600040018,16,1,17,2205,5,2,2,1,3,10
201600040019,16,1,22,1830,5,2,3,2,6,10
201600040020,16,1,22,2330,5,2,1,2,3,57
201600040021,16,1,28,2210,5,2,2,1,3,57
201600040022,16,1,29,1340,1,2,1,1,1,10
201600040023,16,1,31,120,5,2,1,2,6,57
201600040024,16,2,3,745,2,2,1,2,3,10
201600040025,16,2,3,1520,1,2,1,1,6,10
201600040026,16,2,6,1745,2,2,1,1,6,57
201600040027,16,2,7,1410,1,2,1,1,6,10
201600040028,16,2,13,1515,1,2,6,3,3,10
201600040029,16,2,16,2005,5,2,1,1,6,10
201600040030,16,2,18,1325,1,2,1,1,6,10
201600040031,16,2,29,1950,5,2,1,1,2,10
201600040032,16,3,1,1540,1,1,3,2,2,57
201600040033,16,3,5,345,5,2,3,4,6,10
201600040034,16,3,5,1600,1,2,1,1,6,10
201600040035,16,3,15,1145,1,2,2,1,3,57
201600040036,16,3,16,2215,5,2,2,1,3,57
201600040037,16,3,17,845,1,2,2,1,3,57
201600040038,16,3,22,1400,1,1,1,1,6,10
201600040039,16,4,11,1840,1,2,1,1,6,57
201600040040,16,4,12,1953,2,2,1,1,6,10
201600040041,16,4,28,640,2,2,6,1,3,10
201600040042,16,5,1,945,1,2,1,1,6,10
201600040043,16,5,3,1930,1,2,1,1,6,10
201600040044,16,5,5,2320,5,2,1,1,7,10
201600040045,16,5,7,1035,1,2,1,1,6,10
201600040046,16,5,16,1305,1,2,1,1,6,10
201600040047,16,5,21,1855,1,2,1,1,6,10
201600040048,16,5,23,2320,5,2,5,1,6,10
201600040049,16,5,26,1115,1,2,1,1,6,10
201600040050,16,5,31,1050,1,2,2,2,3,10
201600040051,16,6,3,15,5,2,1,2,2,57
201600040052,16,6,3,2120,1,2,1,1,6,57
201600040053,16,6,5,2240,5,2,9,1,2,10
201600040054,16,6,9,1850,1,2,1,1,3,10
201600040055,16,6,14,1440,1,2,1,1,4,57
201600040056,16,6,16,730,1,2,1,1,6,10
201600040057,16,6,19,1400,1,2,1,1,3,57
201600040058,16,6,20,1805,1,2,2,3,6,10
201600040059,16,6,20,2255,5,2,3,2,3,10
201600040060,16,6,21,1720,1,2,1,1,6,10
201600040061,16,6,24,840,1,2,1,1,2,57
201600040062,16,6,28,2100,1,2,1,1,3,57
201600040063,16,7,1,1740,1,2,1,1,7,10
201600040064,16,7,2,1410,1,2,3,1,3,57
201600040065,16,7,4,1930,1,2,1,1,3,57
201600040066,16,7,7,1405,1,2,1,1,6,57
201600040067,16,7,9,1025,1,2,1,1,3,10
201600040068,16,7,10,1140,1,2,1,1,3,10
201600040069,16,7,11,1445,1,2,2,1,3,10
201600040070,16,7,12,1540,1,2,1,1,2,10
201600040071,16,7,15,2050,2,2,1,1,3,10
201600040072,16,7,17,1600,1,2,1,1,2,10
201600040073,16,8,6,1630,1,2,1,1,4,10
201600040074,16,8,7,1755,1,2,1,1,3,10
201600040075,16,8,7,2250,5,2,1,1,6,57
201600040076,16,8,9,850,1,2,2,1,3,10
201600040077,16,8,12,1340,1,2,1,1,6,10
201600040078,16,8,14,1015,1,2,1,1,4,10
201600040079,16,8,20,1240,1,2,1,1,6,10
201600040080,16,8,21,2100,3,2,1,1,3,10
201600040081,16,8,24,1345,1,2,3,1,3,57
201600040082,16,9,1,1240,1,2,1,1,6,10
201600040083,16,9,5,815,1,2,1,2,6,57
201600040084,16,9,5,2110,5,2,1,1,6,57
201600040085,16,9,10,1010,1,2,1,1,6,57
201600040086,16,9,14,800,1,2,1,1,6,57
201600040087,16,9,14,1930,2,2,9,1,3,10
201600040088,16,9,15,1745,1,2,1,1,3,10
201600040089,16,9,16,1710,1,2,1,1,6,10
201600040090,16,9,22,525,5,2,3,1,1,10
201600040091,16,9,23,910,1,2,2,1,3,57
201600040092,16,9,25,1929,2,2,2,1,3,57
201600040093,16,9,29,1805,1,2,1,1,6,10
201600040094,16,10,3,935,1,2,1,1,6,10
201600040095,16,10,3,1635,1,2,4,7,3,10
201600040096,16,10,11,1430,1,2,1,1,2,10
201600040097,16,10,13,945,1,2,1,1,4,57
201600040098,16,10,13,1630,1,2,1,2,6,10
201600040099,16,10,13,1620,1,2,1,2,5,57
201600040100,16,10,20,1302,1,1,2,1,3,10
201600040101,16,10,24,1630,1,2,1,1,6,57
201600040102,16,10,28,1925,1,2,4,1,6,10
201600040103,16,11,4,1405,1,2,1,2,2,57
201600040104,16,11,12,2010,5,2,1,2,6,57
201600040105,16,11,14,1610,1,2,1,1,6,10
201600040106,16,11,20,1150,1,2,1,2,1,10
201600040107,16,11,23,1630,1,2,3,8,3,57
201600040108,16,12,1,2245,5,2,1,1,1,10
201600040109,16,12,2,1250,2,2,3,8,6,10
201600040110,16,12,4,1425,1,2,1,1,3,10
201600040111,16,12,5,830,1,2,1,1,2,10
201600040112,16,11,27,1900,5,2,1,1,2,57
201600040113,16,12,6,855,1,2,9,1,6,10
201600040114,16,12,6,1537,1,2,1,1,6,10
201600040115,16,12,9,905,1,2,1,1,3,10
201600040116,16,12,10,1745,5,2,1,5,6,10
201600040117,16,12,17,645,5,2,1,1,1,57
201600040118,16,12,20,1438,1,2,3,1,3,10
201600040119,16,12,21,210,5,2,1,1,7,10
201600040120,16,12,22,35,5,2,3,2,3,10
201600040121,16,12,28,1220,1,2,6,1,6,10
201600040122,16,1,7,1040,1,2,2,2,3,47
201600040123,16,1,10,1105,1,2,1,2,6,47
201600040124,16,1,14,815,2,2,1,2,6,14
201600040125,16,1,14,1045,1,2,3,2,3,47
201600040126,16,1,15,1450,1,2,1,1,1,14
201600040127,16,1,20,1700,1,2,1,1,3,47
201600040128,16,1,26,1400,1,2,1,1,6,14
201600040129,16,1,28,825,2,2,1,8,6,14
201600040130,16,1,28,1405,1,2,1,8,3,14
201600040131,16,1,29,1620,1,2,2,1,3,14
201600040132,16,2,9,840,1,2,1,2,6,47
201600040133,16,2,9,755,2,2,2,3,6,14
201600040134,16,2,9,2225,5,2,2,2,3,47
201600040135,16,2,17,845,1,2,2,1,3,14
201600040136,16,3,2,2010,5,2,3,3,3,47
201600040137,16,3,4,1325,1,1,1,1,7,14
201600040138,16,3,11,847,1,2,1,1,6,14
201600040139,16,3,18,1115,1,2,1,1,6,14
201600040140,16,3,22,1600,1,2,1,1,6,47
201600040141,16,3,25,1945,5,2,1,1,6,47
201600040142,16,3,26,1120,1,2,1,1,6,14
201600040143,16,4,1,1510,1,2,1,1,2,47
201600040144,16,4,2,1230,1,2,1,1,7,47
201600040145,16,4,3,1050,1,2,6,1,6,14
201600040146,16,4,8,1605,1,2,1,1,2,14
201600040147,16,4,11,855,1,1,1,2,7,14
201600040148,16,4,3,1510,1,2,1,1,6,14
201600040149,16,4,18,830,1,2,2,1,3,47
201600040150,16,4,22,1,5,2,1,1,6,47
201600040151,16,4,25,1520,1,1,1,8,6,14
201600040152,16,4,27,2100,5,2,3,1,3,47
201600040153,16,4,29,1205,1,2,4,1,6,47
201600040154,16,5,1,750,1,2,1,1,1,47
201600040155,16,5,4,2335,5,2,4,1,6,47
201600040156,16,5,9,1535,1,2,2,1,6,47
201600040157,16,5,23,1520,1,2,1,2,6,47
201600040158,16,5,24,825,1,2,2,1,2,14
201600040159,16,5,24,1730,1,2,1,1,3,47
201600040160,16,6,4,1545,1,2,1,1,6,14
201600040161,16,6,6,1230,1,2,2,1,6,47
201600040162,16,6,7,2230,2,2,2,1,3,47
201600040163,16,6,8,1550,1,2,2,1,3,14
201600040164,16,6,8,2140,5,2,4,1,1,47
201600040165,16,6,9,1300,1,2,1,1,6,14
201600040166,16,6,9,1915,1,2,2,1,3,47
201600040167,16,6,14,2210,2,2,1,1,6,14
201600040168,16,6,17,1655,1,2,1,2,6,14
201600040169,16,6,17,1825,1,2,2,2,3,14
201600040170,16,6,22,850,1,2,1,1,3,14
201600040171,16,6,24,1,5,2,2,1,1,14
201600040172,16,6,26,2030,1,2,1,1,6,14
201600040173,16,6,28,1225,1,2,1,1,3,47
201600040174,16,7,2,1630,1,2,2,1,3,47
201600040175,16,7,4,2334,5,2,3,1,3,47
201600040176,16,7,5,1530,1,2,1,1,2,14
201600040177,16,7,6,1700,1,2,2,1,3,14
201600040178,16,7,31,1400,1,2,2,1,3,47
201600040179,16,8,2,1315,1,2,1,2,3,47
201600040180,16,9,17,1215,1,2,1,1,6,47
201600040181,16,9,21,900,1,2,6,1,6,47
201600040182,16,9,23,1815,1,2,1,1,6,14
201600040183,16,9,27,1915,1,2,9,1,6,14
201600040184,16,10,20,950,1,2,2,1,6,14
201600040185,16,10,22,2100,5,2,3,1,3,14
201600040186,16,11,6,1930,5,2,2,1,3,47
201600040187,16,11,7,710,2,2,1,3,6,14
201600040188,16,11,15,1915,5,2,2,2,1,47
201600040189,16,11,22,600,5,2,2,1,3,47
201600040190,16,11,24,1745,5,2,1,1,6,14
201600040191,16,11,26,1140,1,2,1,1,6,47
201600040192,16,11,27,1633,1,2,1,1,6,47
201600040193,16,11,30,2000,5,2,1,1,6,14
201600040194,16,11,30,2140,5,2,1,1,2,47
201600040195,16,12,5,2145,5,2,1,1,2,14
201600040196,16,12,12,1000,1,2,2,8,3,14
201600040197,16,12,13,1915,5,2,1,1,6,14
201600040198,16,12,21,1735,2,2,1,2,3,14
201600040199,16,12,26,630,5,2,2,2,5,47
201600040200,16,12,27,1435,1,2,6,1,6,47
201600040201,16,12,28,1830,4,2,1,1,3,14
201600040202,16,1,1,640,3,2,6,1,1,27
201600040203,16,1,1,2315,5,2,2,2,3,27
201600040204,16,1,2,1915,5,2,1,2,6,13
201600040205,16,1,6,1400,1,2,1,1,6,13
201600040206,16,1,9,330,5,2,9,1,3,13
201600040207,16,1,12,800,5,2,1,1,6,13
201600040208,16,1,14,1200,1,2,1,2,7,27
201600040209,16,1,20,1600,2,2,1,1,4,13
201600040210,16,1,21,1435,1,2,2,1,6,30
201600040211,16,1,23,2245,5,2,1,1,3,27
201600040212,16,1,25,2004,5,2,1,1,1,13
201600040213,16,1,28,2235,5,2,1,1,3,27
201600040214,16,1,30,1615,1,2,1,2,6,27
201600040215,16,1,31,1150,1,2,1,2,6,30
201600040216,16,2,9,807,1,2,1,3,6,13
201600040217,16,2,11,1430,1,2,1,1,7,30
201600040218,16,2,13,1045,1,2,1,2,6,13
201600040219,16,2,13,1700,2,2,1,2,6,13
201600040220,16,2,14,935,1,2,1,8,6,13
201600040221,16,2,18,1000,1,1,1,1,7,30
201600040222,16,2,26,1535,1,2,2,1,3,27
201600040223,16,3,1,1900,5,2,1,2,2,27
201600040224,16,3,14,1305,1,2,6,1,3,27
201600040225,16,3,15,1423,1,2,1,1,3,27
201600040226,16,3,15,1415,1,2,2,1,3,27
201600040227,16,3,15,1730,1,2,1,1,3,27
201600040228,16,3,18,1425,1,2,1,1,6,13
201600040229,16,3,19,2015,5,2,1,1,6,13
201600040230,16,3,23,1150,1,2,1,1,6,13
201600040231,16,3,25,1946,5,2,1,1,6,27
201600040232,16,3,26,1330,1,1,9,1,2,27
201600040233,16,3,27,1605,1,2,1,1,6,27
201600040234,16,4,6,1850,1,2,3,2,3,13
201600040235,16,4,6,2100,5,2,2,2,3,13
201600040236,16,4,9,1405,1,2,7,8,6,27
201600040237,16,4,9,2200,5,2,1,2,3,13
201600040238,16,4,13,1115,1,2,2,1,3,27
201600040239,16,4,15,835,1,2,4,1,1,27
201600040240,16,4,22,1,5,1,1,1,7,27
201600040241,16,5,4,830,1,1,1,1,6,27
201600040242,16,5,4,1720,1,2,3,1,3,30
201600040243,16,5,6,200,5,2,2,1,3,27
201600040244,16,5,7,300,5,2,1,1,6,27
201600040245,16,5,8,630,2,2,1,1,6,27
201600040246,16,5,19,1630,1,2,1,2,6,13
201600040247,16,5,23,805,1,2,1,3,1,13
201600040248,16,5,19,1535,1,2,8,1,6,27
201600040249,16,5,20,2230,5,2,1,1,6,27
201600040250,16,5,30,1305,1,2,1,2,6,13
201600040251,16,5,30,1510,1,2,1,3,6,27
201600040252,16,6,4,750,1,2,1,1,6,27
201600040253,16,5,3,806,1,2,6,1,6,27
201600040254,16,6,6,1925,1,2,3,1,6,27
201600040255,16,6,9,2045,1,2,6,1,7,30
201600040256,16,6,9,2130,4,2,5,1,3,27
201600040257,16,6,12,650,1,2,2,1,3,27
201600040258,16,6,12,1215,1,2,9,2,7,27
201600040259,16,6,16,1035,1,2,1,1,2,27
201600040260,16,6,17,1110,1,2,1,1,2,27
201600040261,16,6,21,1250,1,2,1,8,6,27
201600040262,16,6,22,845,1,2,1,1,6,27
201600040263,16,6,28,1430,1,2,3,1,3,30
201600040264,16,6,28,1650,1,2,1,1,6,27
201600040265,16,7,1,1910,1,2,2,1,3,27
201600040266,16,7,5,120,5,2,6,1,3,27
201600040267,16,7,7,755,1,2,1,1,4,27
201600040268,16,7,10,340,5,2,6,1,7,27
201600040269,16,7,10,1500,1,2,2,1,3,27
201600040270,16,7,10,1900,1,2,1,1,3,27
201600040271,16,7,14,2020,1,2,1,1,6,27
201600040272,16,7,16,1130,1,2,3,1,6,13
201600040273,16,7,18,1845,1,2,1,7,6,27
201600040274,16,7,20,2059,1,2,1,7,6,13
201600040275,16,7,20,1800,1,2,1,1,4,13
201600040276,16,7,23,1800,1,2,1,1,1,27
201600040277,16,7,26,1745,1,2,1,1,4,30
201600040278,16,7,28,1830,1,2,1,1,6,27
201600040279,16,7,31,1820,1,2,6,1,2,27
201600040280,16,8,2,710,1,2,2,2,5,27
201600040281,16,8,4,2220,5,2,1,8,6,30
201600040282,16,8,7,1205,1,2,1,1,6,27
201600040283,16,8,9,907,1,2,1,1,6,27
201600040284,16,8,15,1245,1,2,1,1,1,30
201600040285,16,8,19,1625,1,2,1,2,6,13
201600040286,16,8,25,1652,1,2,2,1,3,27
201600040287,16,8,26,1100,1,2,4,1,6,27
201600040288,16,8,27,1530,1,2,1,1,6,27
201600040289,16,8,30,830,1,2,2,1,3,27
201600040290,16,9,22,2020,5,2,3,1,3,27
201600040291,16,9,28,1035,1,2,1,1,6,27
201600040292,16,10,4,630,5,2,1,1,2,13
201600040293,16,10,4,250,5,2,1,1,1,27
201600040294,16,10,5,1615,1,2,1,1,1,13
201600040295,16,10,19,1935,5,2,1,2,3,13
201600040296,16,10,21,1249,1,2,1,2,2,13
201600040297,16,10,22,1955,5,2,1,1,6,13
201600040298,16,10,25,1535,1,1,1,1,6,27
201600040299,16,10,25,1935,5,2,1,1,3,13
201600040300,16,10,28,2200,5,2,1,1,3,27
201600040301,16,11,15,935,1,2,9,2,3,27
201600040302,16,11,15,2140,2,1,1,2,5,27
201600040303,16,11,17,1910,5,2,1,1,6,27
201600040304,16,11,20,2000,5,2,6,2,3,27
201600040305,16,11,21,200,5,2,1,2,6,27
201600040306,16,11,25,1620,2,2,2,1,6,27
201600040307,16,11,25,2055,5,2,1,1,6,13
201600040308,16,11,28,1315,1,2,1,1,6,27
201600040309,16,12,2,835,1,2,1,1,2,13
201600040310,16,12,5,1710,5,2,1,1,3,27
201600040311,16,12,9,1628,1,2,3,1,2,27
201600040312,16,12,12,715,2,2,1,8,6,27
201600040313,16,12,13,950,1,2,2,2,3,13
201600040314,16,12,16,1125,1,2,1,1,6,27
201600040315,16,12,16,1230,1,2,2,1,6,27
201600040316,16,12,16,1730,5,2,1,1,7,30
201600040317,16,12,19,1630,2,2,1,1,6,27
201600040318,16,12,20,30,3,2,1,1,6,27
201600040319,16,12,26,2300,5,2,1,1,2,27
201600040320,16,7,6,1530,1,2,1,7,6,27
201600040321,16,1,1,2210,5,2,1,2,2,29
201600040322,16,1,2,330,5,2,1,1,6,29
201600040323,16,1,3,1600,2,2,1,3,6,29
201600040324,16,1,20,1506,1,2,3,1,3,29
201600040325,16,1,22,2100,5,2,3,2,3,29
201600040326,16,1,23,915,1,2,3,8,3,29
201600040327,16,1,25,1150,1,2,1,1,2,29
201600040328,16,1,27,930,1,2,1,2,6,29
201600040329,16,2,4,1800,5,2,1,2,6,29
201600040330,16,2,19,900,1,2,2,1,6,29
201600040331,16,2,13,2030,5,2,2,2,6,29
201600040332,16,3,8,250,5,2,1,1,6,29
201600040333,16,3,14,904,1,2,6,1,3,29
201600040334,16,3,29,600,2,2,2,1,1,29
201600040335,16,3,31,745,2,2,2,3,6,29
201600040336,16,4,6,1700,1,2,1,1,2,29
201600040337,16,4,12,1905,1,2,1,1,2,29
201600040338,16,4,13,1700,1,2,1,1,6,29
201600040339,16,5,11,1010,1,2,3,1,3,29
201600040340,16,5,15,2120,5,2,3,1,1,29
201600040341,16,5,15,2140,5,2,1,1,3,29
201600040342,16,5,16,2205,5,2,1,1,3,29
201600040343,16,5,16,125,5,2,2,1,3,29
201600040344,16,5,16,1935,1,2,2,1,6,29
201600040345,16,5,22,1930,1,2,1,8,6,29
201600040346,16,5,23,1215,1,2,3,2,2,29
201600040347,16,5,27,1045,1,2,9,1,6,29
201600040348,16,5,27,1530,1,2,2,1,1,29
201600040349,16,5,30,2345,5,2,1,3,1,29
201600040350,16,6,1,1330,1,2,1,8,3,29
201600040351,16,6,5,1,5,2,1,2,6,29
201600040352,16,6,5,1130,1,2,1,2,3,29
201600040353,16,6,16,1705,1,2,1,2,6,29
201600040354,16,6,17,1820,1,2,1,2,3,29
201600040355,16,6,23,20,5,2,3,1,3,29
201600040356,16,6,28,1910,1,2,1,1,6,29
201600040357,16,6,30,1440,1,2,4,1,6,29
201600040358,16,6,30,1640,1,2,3,1,3,29
201600040359,16,7,3,2120,1,2,6,2,6,29
201600040360,16,7,6,1620,1,2,3,1,3,29
201600040361,16,7,11,45,5,2,1,1,6,29
201600040362,16,7,13,1930,1,2,3,1,3,29
201600040363,16,7,16,1730,1,2,1,1,3,29
201600040364,16,7,17,2130,1,2,2,1,3,29
201600040365,16,7,15,205,5,2,3,1,3,29
201600040366,16,7,24,1000,1,2,3,1,3,29
201600040367,16,7,29,1245,1,2,1,1,3,29
201600040368,16,8,4,1655,1,2,1,1,3,29
201600040369,16,8,19,1510,1,2,1,2,3,29
201600040370,16,8,26,1530,1,2,2,1,6,29
201600040371,16,8,31,945,1,2,3,1,3,29
201600040372,16,8,31,2015,2,2,1,1,6,29
201600040373,16,9,3,1619,1,2,1,1,3,29
201600040374,16,9,5,1842,1,2,1,2,6,29
201600040375,16,9,12,1120,1,2,3,1,3,29
201600040376,16,9,24,1310,1,2,1,1,2,29
201600040377,16,9,26,1318,1,2,1,1,2,29
201600040378,16,10,2,45,5,2,3,1,7,29
201600040379,16,10,4,1500,1,2,3,7,6,29
201600040380,16,10,9,1725,1,2,1,1,6,29
201600040381,16,10,18,900,1,2,9,1,6,29
201600040382,16,10,18,2030,5,2,1,2,2,29
201600040383,16,10,30,1510,1,2,2,1,3,29
201600040384,16,11,6,1235,1,2,1,1,6,29
201600040385,16,11,6,1810,5,2,6,1,7,29
201600040386,16,11,13,1515,1,2,3,2,3,29
201600040387,16,11,18,2320,5,2,2,1,3,29
201600040388,16,11,29,1540,1,2,1,1,6,29
201600040389,16,11,24,1240,1,2,1,1,3,29
201600040390,16,11,30,815,1,2,1,9,2,29
201600040391,16,11,30,1700,1,2,1,1,6,29
201600040392,16,12,1,1800,5,2,1,1,3,29
201600040393,16,12,4,705,5,2,1,1,6,29
201600040394,16,12,4,1955,5,2,3,8,3,29
201600040395,16,12,6,840,1,2,1,1,6,29
201600040396,16,12,8,1950,3,1,3,1,3,29
201600040397,16,12,12,1650,2,2,1,2,6,29
201600040398,16,12,13,49,3,2,2,2,3,29
201600040399,16,12,23,945,1,2,1,5,1,29
201600040400,16,12,23,1600,1,2,1,1,2,29
201600040401,16,12,24,30,5,2,3,2,3,29
201600040402,16,12,31,1930,5,2,3,8,3,29
201600040403,16,1,7,2030,5,2,2,1,3,79
201600040404,16,1,7,2055,5,2,1,1,3,79
201600040405,16,1,18,1000,1,2,1,1,3,79
201600040406,16,1,18,1735,5,2,1,1,3,79
201600040407,16,1,24,1350,1,2,9,1,1,31
201600040408,16,1,26,1615,1,2,1,1,6,79
201600040409,16,1,31,1350,1,2,9,2,3,31
201600040410,16,2,2,1220,1,2,1,1,6,79
201600040411,16,2,11,1325,1,2,1,1,6,31
201600040412,16,2,13,1635,1,2,3,2,3,79
201600040413,16,2,14,2245,5,2,3,1,3,31
201600040414,16,2,15,855,1,2,1,1,6,31
201600040415,16,2,16,940,1,2,1,1,6,31
201600040416,16,2,17,1810,5,2,1,1,6,31
201600040417,16,2,17,2030,5,2,1,1,3,31
201600040418,16,2,19,1700,1,2,1,1,6,31
201600040419,16,2,23,1850,5,2,1,1,6,31
201600040420,16,2,26,1323,1,2,3,1,3,79
201600040421,16,2,27,1440,1,2,1,1,6,31
201600040422,16,3,1,1830,2,2,1,2,6,31
201600040423,16,3,1,2130,5,2,1,2,6,31
201600040424,16,3,3,1400,1,2,1,1,3,31
201600040425,16,3,9,1940,3,2,3,1,3,31
201600040426,16,3,11,1945,5,2,1,1,6,31
201600040427,16,3,13,2215,5,2,2,1,3,31
201600040428,16,3,16,1100,1,2,1,1,3,31
201600040429,16,3,21,1010,1,2,1,1,5,31
201600040430,16,3,22,925,1,2,1,1,7,79
201600040431,16,3,26,2124,3,2,1,1,6,31
201600040432,16,3,30,1800,1,2,1,2,6,31
201600040433,16,4,1,1600,1,2,2,1,3,31
201600040434,16,4,1,2000,5,2,1,1,6,31
201600040435,16,4,2,2250,5,2,2,2,3,31
201600040436,16,4,5,1810,1,2,1,1,6,31
201600040437,16,4,7,1650,1,2,1,2,6,79
201600040438,16,4,8,2045,1,2,1,1,1,31
201600040439,16,4,12,845,1,2,1,1,3,31
201600040440,16,4,12,2140,5,2,1,1,3,79
201600040441,16,4,18,1550,1,2,3,1,5,31
201600040442,16,4,21,1105,1,2,1,1,2,31
201600040443,16,4,22,2210,5,2,1,1,3,31
201600040444,16,4,27,110,5,2,1,2,6,31
201600040445,16,5,2,1020,1,2,3,1,3,79
201600040446,16,5,10,1255,1,2,1,1,6,79
201600040447,16,5,13,1400,1,2,1,1,2,31
201600040448,16,5,25,1745,1,2,1,1,6,79
201600040449,16,5,26,1824,1,2,9,1,6,31
201600040450,16,5,28,2120,2,2,1,1,7,79
201600040451,16,6,4,750,1,2,2,1,6,31
201600040452,16,6,5,1800,1,2,3,1,3,31
201600040453,16,6,15,1210,1,2,1,1,6,31
201600040454,16,6,17,1215,1,2,1,1,6,31
201600040455,16,6,19,1800,1,2,2,1,3,79
201600040456,16,6,23,1320,1,2,3,1,6,31
201600040457,16,6,29,700,1,2,3,1,3,79
201600040458,16,7,1,1900,1,2,1,1,3,31
201600040459,16,7,2,1055,1,2,4,1,2,31
201600040460,16,7,2,2015,1,2,3,1,3,31
201600040461,16,7,7,1845,1,2,1,1,6,31
201600040462,16,7,9,1930,1,2,1,1,6,31
201600040463,16,7,15,1910,1,2,9,7,6,31
201600040464,16,7,28,940,1,2,1,1,3,31
201600040465,16,8,2,730,1,2,1,2,3,31
201600040466,16,8,2,2330,5,2,1,2,2,31
201600040467,16,8,5,515,5,2,1,1,2,31
201600040468,16,8,8,2025,1,2,2,1,3,31
201600040469,16,8,15,1605,1,2,2,1,3,31
201600040470,16,8,19,1510,1,2,9,1,6,31
201600040471,16,8,30,930,1,2,1,1,1,79
201600040472,16,9,1,1330,1,2,1,1,3,79
201600040473,16,9,5,1345,1,2,1,2,3,31
201600040474,16,9,5,2000,5,2,1,2,6,31
201600040475,16,9,8,1720,1,2,1,1,3,79
201600040476,16,9,9,1935,1,2,1,1,3,79
201600040477,16,9,12,1315,1,2,1,1,3,79
201600040478,16,9,14,1655,1,2,1,1,3,31
201600040479,16,9,15,1505,1,2,2,1,3,31
201600040480,16,9,16,1830,1,2,1,2,3,31
201600040481,16,9,17,1630,1,2,1,1,4,31
201600040482,16,9,20,1450,1,2,1,1,6,31
201600040483,16,9,23,2150,5,2,2,1,3,31
201600040484,16,9,25,1200,1,2,1,2,6,31
201600040485,16,9,26,2000,5,2,1,1,6,31
201600040486,16,9,27,1830,1,2,1,1,4,31
201600040487,16,9,29,1920,1,2,1,1,6,79
201600040488,16,9,30,1855,5,2,1,2,2,31
201600040489,16,10,1,515,5,2,2,8,3,31
201600040490,16,10,9,1420,1,2,3,1,6,31
201600040491,16,10,12,1900,5,2,1,1,3,79
201600040492,16,10,20,2025,5,2,1,2,4,31
201600040493,16,10,23,1945,5,2,1,3,6,31
201600040494,16,10,25,1830,5,2,1,1,6,31
201600040495,16,10,25,1950,5,2,2,8,3,31
201600040496,16,10,30,1,5,2,1,1,1,31
201600040497,16,10,31,1620,1,2,1,1,6,31
201600040498,16,11,4,1235,1,2,2,2,3,31
201600040499,16,11,4,1715,5,2,9,2,6,79
201600040500,16,11,7,2030,5,2,1,1,1,31
201600040501,16,11,8,1125,1,2,1,1,3,31
201600040502,16,11,9,720,5,2,1,2,6,31
201600040503,16,11,10,2250,5,2,1,2,6,31
201600040504,16,11,13,315,5,2,1,2,1,79
201600040505,16,11,18,2350,5,2,1,1,6,31
201600040506,16,11,23,1620,1,2,1,1,6,31
201600040507,16,11,26,1915,5,2,1,1,6,79
201600040508,16,12,2,1340,1,2,1,1,4,31
201600040509,16,12,3,1715,3,2,1,1,3,79
201600040510,16,12,4,1055,1,2,2,1,3,31
201600040511,16,12,4,1915,5,2,1,1,3,31
201600040512,16,12,5,2100,5,2,1,1,2,31
201600040513,16,12,7,2110,5,2,1,1,6,31
201600040514,16,12,10,1910,5,2,3,1,3,31
201600040515,16,12,12,1840,5,2,3,2,6,31
201600040516,16,12,15,1200,1,2,1,1,3,31
201600040517,16,12,15,1518,1,2,1,1,1,31
201600040518,16,12,30,1400,1,2,1,1,3,31
201600040519,16,1,5,1045,1,2,3,2,6,32
201600040520,16,1,9,135,5,2,1,1,6,32
201600040521,16,1,15,615,5,2,3,1,3,32
201600040522,16,4,20,845,1,2,2,1,3,32