Num_Acc,an,mois,jour,hrmn,lum,agg,int,atm,col,com
201600040523,16,5,22,1645,1,2,2,2,6,32
201600040524,16,5,28,1810,1,2,2,1,1,32
201600040525,16,6,2,2217,5,2,1,2,6,32
201600040526,16,6,13,1240,1,2,1,1,2,32
201600040527,16,6,13,1520,1,2,1,1,2,32
201600040528,16,7,5,1845,1,2,3,1,3,32
201600040529,16,7,6,1115,1,2,1,1,6,32
201600040530,16,7,15,1950,1,2,1,1,3,32
201600040531,16,7,20,930,1,2,1,1,6,32
201600040532,16,7,20,1825,1,2,3,1,3,32
201600040533,16,8,12,645,1,2,1,1,6,32
201600040534,16,8,13,1900,1,2,9,1,1,32
201600040535,16,8,28,1545,1,2,1,1,6,32
201600040536,16,9,9,1630,1,2,1,1,6,32
201600040537,16,9,20,2205,3,2,1,1,6,32
201600040538,16,9,21,2100,5,2,3,1,3,32
201600040539,16,9,30,825,1,2,9,1,3,32
201600040540,16,9,30,1030,1,2,9,1,6,32
201600040541,16,10,5,1941,5,2,5,1,3,32
201600040542,16,10,7,1450,1,2,1,1,2,32
201600040543,16,10,10,2035,5,2,3,1,4,32
201600040544,16,10,11,720,4,2,3,1,3,32
201600040545,16,11,20,1550,1,2,1,2,6,32
201600040546,16,11,24,1900,3,2,1,1,6,32
201600040547,16,11,25,1350,1,2,3,1,2,32
201600040548,16,11,27,1930,5,2,3,1,3,32
201600040549,16,12,8,1200,1,2,1,1,6,32
201600040550,16,12,11,1435,1,2,1,1,6,32
201600040551,16,12,20,100,5,2,1,1,6,32
201600040552,16,12,31,1720,5,2,1,1,3,32
201600040553,16,1,7,940,1,2,1,2,5,63
201600040554,16,1,11,915,1,2,1,2,2,63
201600040555,16,1,13,1115,1,2,1,1,3,45
201600040556,16,1,14,1745,5,2,1,2,6,6
201600040557,16,1,16,1355,1,2,1,1,6,6
201600040558,16,1,29,2055,5,2,1,1,6,63
201600040559,16,1,30,1830,5,2,2,2,3,6
201600040560,16,2,5,1625,1,2,2,1,3,45
201600040561,16,2,7,1240,1,2,9,1,6,6
201600040562,16,2,8,1520,1,2,1,2,3,45
201600040563,16,2,15,705,2,2,3,1,3,6
201600040564,16,2,15,1345,1,2,5,1,1,63
201600040565,16,1,25,1955,5,2,1,9,3,45
201600040566,16,2,9,1430,1,2,3,1,1,63
201600040567,16,1,30,1205,1,2,2,2,6,45
201600040568,16,2,17,2020,5,2,3,1,6,45
201600040569,16,2,18,1510,1,2,1,8,6,6
201600040570,16,2,13,2200,5,2,9,2,2,45
201600040571,16,2,18,800,1,2,3,1,3,63
201600040572,16,2,22,1630,1,2,1,1,6,6
201600040573,16,2,26,1600,1,2,1,1,3,6
201600040574,16,3,12,1230,1,2,3,1,6,63
201600040575,16,3,14,1315,1,2,1,1,3,6
201600040576,16,3,8,2305,5,2,2,1,1,63
201600040577,16,3,25,810,1,2,3,2,3,6
201600040578,16,4,1,855,1,2,3,1,6,6
201600040579,16,4,3,745,1,2,1,1,6,63
201600040580,16,4,3,1800,1,2,3,1,6,63
201600040581,16,4,4,1910,1,2,9,1,3,6
201600040582,16,4,9,600,5,1,1,1,6,63
201600040583,16,4,9,1500,1,2,2,1,4,63
201600040584,16,4,11,1520,1,2,2,2,3,45
201600040585,16,4,13,850,1,2,1,8,6,6
201600040586,16,4,18,1430,1,2,2,1,6,63
201600040587,16,4,21,1130,1,2,1,1,3,63
201600040588,16,3,19,145,5,2,2,1,6,63
201600040589,16,5,16,1800,1,2,1,8,3,45
201600040590,16,5,10,2300,5,2,2,2,3,6
201600040591,16,5,15,1130,1,2,1,1,6,6
201600040592,16,5,27,2000,1,2,1,1,2,63
201600040593,16,5,30,1305,1,2,9,3,6,63
201600040594,16,5,30,2010,1,2,1,3,6,6
201600040595,16,6,1,910,1,2,1,2,6,6
201600040596,16,6,2,1255,1,2,1,8,1,63
201600040597,16,6,4,1610,1,2,2,1,3,63
201600040598,16,7,2,1130,1,2,3,1,3,63
201600040599,16,7,6,1550,1,2,3,1,6,45
201600040600,16,7,10,1140,1,2,1,1,3,63
201600040601,16,7,11,1020,1,2,2,1,6,61
201600040602,16,7,15,1850,1,2,3,1,1,63
201600040603,16,8,2,50,3,2,1,1,6,63
201600040604,16,8,2,930,1,2,3,2,3,6
201600040605,16,8,2,1130,1,2,1,2,6,63
201600040606,16,8,5,2115,3,2,6,1,2,63
201600040607,16,8,6,1540,1,2,2,1,3,61
201600040608,16,8,9,725,1,2,5,1,2,45
201600040609,16,8,12,4,5,2,1,1,6,6
201600040610,16,8,16,1430,1,2,3,1,3,6
201600040611,16,8,18,1840,1,2,2,1,3,63
201600040612,16,8,22,1605,1,2,1,1,6,6
201600040613,16,8,30,1330,1,2,3,1,3,63
201600040614,16,8,30,1730,1,2,1,1,6,45
201600040615,16,8,31,1145,1,2,1,1,6,6
201600040616,16,9,2,2120,5,2,1,1,6,63
201600040617,16,9,5,845,1,2,1,2,6,45
201600040618,16,9,7,1440,1,2,4,1,3,6
201600040619,16,9,10,1525,1,2,1,1,6,6
201600040620,16,9,14,907,1,2,2,1,6,45
201600040621,16,9,17,1800,1,2,1,1,2,6
201600040622,16,9,20,1650,1,2,1,1,6,6
201600040623,16,9,24,1600,1,2,2,1,3,61
201600040624,16,9,27,2200,5,2,2,1,1,45
201600040625,16,9,28,1300,1,2,1,1,6,61
201600040626,16,9,28,1930,3,2,1,1,6,63
201600040627,16,10,5,830,1,2,1,1,6,63
201600040628,16,10,5,10,5,2,3,1,3,6
201600040629,16,10,9,2200,5,2,4,1,3,6
201600040630,16,10,11,1240,1,2,1,1,3,45
201600040631,16,10,9,2115,5,2,1,1,2,63
201600040632,16,10,19,1400,1,2,2,1,6,61
201600040633,16,10,19,1655,1,2,1,2,6,6
201600040634,16,10,22,1600,1,2,1,1,3,45
201600040635,16,10,31,1600,1,2,1,1,6,63
201600040636,16,11,4,1545,1,2,1,1,6,45
201600040637,16,11,6,1600,1,2,1,1,6,45
201600040638,16,11,9,1915,5,2,1,2,6,45
201600040639,16,11,10,2100,5,2,1,1,6,45
201600040640,16,11,13,420,5,2,1,2,3,63
201600040641,16,11,13,1756,5,2,1,8,6,6
201600040642,16,11,17,1320,1,2,1,1,6,63
201600040643,16,11,20,1440,1,2,2,2,6,63
201600040644,16,11,21,1610,1,2,2,1,3,45
201600040645,16,11,23,2215,5,2,3,1,6,45
201600040646,16,11,28,2235,5,2,3,1,3,63
201600040647,16,12,1,1201,1,2,1,1,6,6
201600040648,16,12,7,1345,1,2,3,1,6,45
201600040649,16,12,7,2220,5,2,2,1,6,45
201600040650,16,12,18,825,1,2,2,2,3,6
201600040651,16,12,23,2210,5,2,2,1,3,6
201600040652,16,12,28,1900,5,2,1,1,6,45
201600040653,16,12,30,1630,1,1,4,5,2,63
201600040654,16,1,1,722,3,1,1,1,2,74
201600040655,16,1,1,2300,5,2,2,1,3,46
201600040656,16,1,3,555,5,2,3,1,6,46
201600040657,16,1,5,810,2,2,2,2,5,46
201600040658,16,1,5,1250,1,2,3,8,3,46
201600040659,16,1,11,1208,1,2,3,2,3,46
201600040660,16,1,15,1608,1,2,1,1,6,46
201600040661,16,1,21,730,5,2,1,5,6,46
201600040662,16,1,21,1655,1,2,1,1,6,46
201600040663,16,1,24,1040,1,2,2,8,3,74
201600040664,16,2,2,1348,1,2,1,8,1,46
201600040665,16,2,4,1855,5,2,3,2,3,46
201600040666,16,2,12,1445,1,2,2,2,3,46
201600040667,16,2,12,2100,5,2,1,1,1,46
201600040668,16,2,15,615,5,2,1,1,6,46
201600040669,16,2,16,2225,5,2,2,1,3,46
201600040670,16,2,18,1605,1,2,1,2,2,46
201600040671,16,2,21,1615,1,2,1,8,6,46
201600040672,16,2,27,1050,1,1,1,1,5,15
201600040673,16,3,1,1115,1,2,2,2,3,46
201600040674,16,3,12,600,5,2,1,1,6,46
201600040675,16,3,16,2020,5,2,3,1,7,46
201600040676,16,3,17,1740,1,2,1,1,6,46
201600040677,16,3,18,1155,1,2,9,1,6,74
201600040678,16,3,19,1555,1,2,1,1,6,46
201600040679,16,3,24,1805,1,2,1,1,6,46
201600040680,16,3,27,1610,1,1,1,1,5,46
201600040681,16,3,30,1330,1,2,1,2,6,46
201600040682,16,4,1,825,1,2,2,1,3,46
201600040683,16,4,13,2145,5,2,9,1,1,74
201600040684,16,4,17,1510,1,2,1,1,2,46
201600040685,16,4,18,1820,1,1,1,1,6,15
201600040686,16,4,24,1540,1,2,2,2,1,46
201600040687,16,4,28,1745,1,2,1,1,6,15
201600040688,16,5,4,1845,1,2,1,9,6,46
201600040689,16,5,7,1540,1,2,3,1,2,74
201600040690,16,5,8,1720,1,2,3,1,3,46
201600040691,16,5,7,1,5,2,1,1,3,46
201600040692,16,5,15,5,5,2,2,1,3,46
201600040693,16,5,15,2100,1,1,1,1,3,74
201600040694,16,5,20,753,1,2,2,2,3,46
201600040695,16,5,23,1500,1,2,2,8,3,46
201600040696,16,6,1,1155,1,2,1,1,6,46
201600040697,16,6,7,1405,1,2,6,1,6,46
201600040698,16,6,7,1626,1,2,1,1,3,46
201600040699,16,6,8,1735,1,2,1,1,5,46
201600040700,16,6,9,740,1,2,2,1,3,46
201600040701,16,6,9,1900,1,2,5,1,6,46
201600040702,16,6,10,845,1,2,1,1,6,46
201600040703,16,6,10,1335,1,2,1,1,3,46
201600040704,16,6,13,855,1,2,3,1,6,46
201600040705,16,6,13,2000,1,2,1,1,2,46
201600040706,16,6,16,2230,5,2,1,1,6,46
201600040707,16,6,16,2115,2,1,1,1,7,74
201600040708,16,6,23,1120,1,2,3,1,3,46
201600040709,16,7,6,1305,1,2,2,1,3,46
201600040710,16,7,12,1650,1,2,5,1,3,46
201600040711,16,7,13,1120,1,2,1,1,2,46
201600040712,16,7,19,2150,2,2,5,1,3,46
201600040713,16,7,21,1550,1,2,3,1,3,46
201600040714,16,7,21,2345,5,2,3,1,3,46
201600040715,16,7,25,1420,1,2,1,1,6,74
201600040716,16,7,27,1825,1,2,5,1,7,46
201600040717,16,7,30,1640,1,2,1,1,6,46
201600040718,16,8,25,810,1,2,1,1,6,46
201600040719,16,9,1,1030,1,2,1,1,6,46
201600040720,16,9,3,537,2,2,1,1,6,46
201600040721,16,9,9,755,1,1,1,1,6,74
201600040722,16,9,9,1520,1,2,2,1,3,46
201600040723,16,9,9,1630,1,2,1,1,6,74
201600040724,16,9,14,835,1,2,1,1,1,46
201600040725,16,9,20,1755,1,2,3,1,3,46
201600040726,16,9,24,1240,1,2,5,1,3,46
201600040727,16,9,29,720,1,2,3,1,3,46
201600040728,16,9,30,740,1,2,3,1,6,46
201600040729,16,10,1,2055,5,2,1,1,6,46
201600040730,16,10,4,2145,3,2,9,1,6,74
201600040731,16,10,9,1815,1,2,6,1,1,46
201600040732,16,10,11,950,1,2,2,1,3,46
201600040733,16,10,13,1225,1,2,1,8,3,46
201600040734,16,11,3,900,1,1,6,1,3,15
201600040735,16,11,3,1830,5,2,3,1,3,46
201600040736,16,9,13,1100,1,2,1,1,3,46
201600040737,16,11,4,1825,5,2,1,2,6,74
201600040738,16,11,4,1840,5,2,1,2,6,74
201600040739,16,11,6,2200,5,2,2,1,3,46
201600040740,16,11,9,620,5,2,1,3,3,46
201600040741,16,11,9,1715,5,2,1,2,3,46
201600040742,16,11,16,1310,1,2,5,2,6,46
201600040743,16,11,17,730,2,2,1,1,6,46
201600040744,16,11,18,2205,5,2,1,1,6,74
201600040745,16,11,21,1600,1,2,2,8,3,46
201600040746,16,11,21,2000,5,2,1,1,6,74
201600040747,16,11,25,815,1,2,1,1,2,46
201600040748,16,11,28,1745,5,2,1,1,4,46
201600040749,16,11,29,1325,1,2,1,1,6,74
201600040750,16,12,4,502,5,2,1,9,6,46
201600040751,16,12,7,900,1,2,1,1,6,46
201600040752,16,12,13,1500,1,2,3,1,3,74
201600040753,16,12,21,1040,1,2,9,1,6,46
201600040754,16,12,22,1930,5,2,1,2,4,15
201600040755,16,5,1,2015,1,2,2,1,3,46
201600040756,16,9,5,1750,1,2,1,2,6,46
201600040757,16,9,24,2037,5,2,1,1,3,46
201600040758,16,11,15,1920,5,2,2,2,6,46
201600040759,16,11,28,1600,1,2,1,1,6,46
201600040760,16,12,21,2010,5,2,1,2,2,46
201600040761,16,1,3,1100,1,2,1,2,3,48
201600040762,16,1,9,1010,1,2,1,8,6,48
201600040763,16,1,11,830,5,2,9,2,2,48
201600040764,16,1,24,138,5,2,2,1,3,48
201600040765,16,2,4,900,2,2,2,8,6,48
201600040766,16,2,5,745,2,2,5,1,6,48
201600040767,16,2,6,1300,1,2,3,1,1,48
201600040768,16,2,7,940,1,2,2,1,3,48
201600040769,16,2,9,915,1,2,1,2,3,48
201600040770,16,2,10,2007,5,2,2,8,3,48
201600040771,16,2,13,1800,2,2,1,2,6,48
201600040772,16,2,22,1905,5,2,1,2,6,48
201600040773,16,2,26,1940,5,2,3,1,3,48
201600040774,16,3,2,1650,1,2,2,4,6,48
201600040775,16,3,2,2020,5,2,1,2,6,48
201600040776,16,3,6,1330,1,2,1,1,6,48
201600040777,16,3,7,1600,1,2,1,1,3,48
201600040778,16,3,9,1000,1,2,3,2,6,48
201600040779,16,3,25,1045,1,1,1,2,3,48
201600040780,16,4,5,1550,1,2,1,1,3,48
201600040781,16,4,6,1015,1,2,2,1,3,48
201600040782,16,4,7,1000,1,2,1,1,6,48
201600040783,16,4,7,1330,1,2,1,2,6,48
201600040784,16,4,9,915,1,2,1,1,6,48
201600040785,16,4,9,2145,5,2,1,2,3,48
201600040786,16,4,12,1855,1,2,1,1,6,48
201600040787,16,4,13,1337,1,2,1,1,3,48
201600040788,16,4,18,2020,2,2,1,1,6,48
201600040789,16,4,19,2120,4,2,1,1,3,48
201600040790,16,4,27,1815,1,2,3,8,3,48
201600040791,16,5,4,1120,1,2,1,1,2,48
201600040792,16,5,11,2130,5,2,1,2,3,48
201600040793,16,5,16,2015,5,2,1,1,2,48
201600040794,16,5,20,1330,1,2,1,1,6,48
201600040795,16,5,20,1545,1,2,1,1,6,48
201600040796,16,5,20,1730,1,2,2,1,3,48
201600040797,16,5,24,440,5,2,2,1,3,48
201600040798,16,5,27,135,5,2,1,1,6,48
201600040799,16,5,27,1300,1,2,1,1,3,48
201600040800,16,5,30,910,1,2,1,2,3,48
201600040801,16,5,31,1340,1,2,1,3,1,48
201600040802,16,6,2,945,1,2,1,2,3,48
201600040803,16,6,2,1655,1,2,1,3,2,48
201600040804,16,6,4,1343,1,2,1,1,1,48
201600040805,16,6,4,2310,5,2,1,2,6,48
201600040806,16,6,6,800,1,2,2,8,6,48
201600040807,16,6,6,1820,1,2,1,1,6,48
201600040808,16,6,9,1210,1,2,1,1,3,48
201600040809,16,6,17,1510,1,2,1,1,4,48
201600040810,16,6,18,1720,1,2,1,1,3,48
201600040811,16,6,23,1230,1,2,1,1,6,48
201600040812,16,6,28,1740,1,2,1,1,1,48
201600040813,16,7,1,1330,1,2,9,1,2,48
201600040814,16,7,2,2010,2,2,3,1,2,48
201600040815,16,7,6,1555,1,2,1,1,3,48
201600040816,16,7,8,2045,1,2,1,1,6,48
201600040817,16,7,11,1635,1,2,9,1,1,48
201600040818,16,7,13,730,1,2,2,1,3,48
201600040819,16,7,13,1610,1,2,3,1,1,48
201600040820,16,7,15,1720,1,2,1,1,6,48
201600040821,16,7,16,1735,1,2,2,1,6,48
201600040822,16,7,17,425,5,2,2,1,3,48
201600040823,16,7,17,1205,1,2,1,1,3,48
201600040824,16,7,17,1745,1,2,1,1,4,48
201600040825,16,7,26,1830,1,2,1,1,6,48
201600040826,16,7,29,1330,1,2,2,1,4,48
201600040827,16,8,2,440,5,2,2,2,1,48
201600040828,16,8,3,700,1,2,4,2,3,48
201600040829,16,8,3,1600,1,2,2,1,2,48
201600040830,16,8,5,1805,1,2,1,1,6,48
201600040831,16,8,11,1030,1,2,1,1,2,48
201600040832,16,8,15,1445,1,2,5,1,3,48
201600040833,16,8,17,710,1,2,1,1,6,48
201600040834,16,8,17,1700,1,2,3,1,5,48
201600040835,16,8,23,920,1,2,3,7,3,48
201600040836,16,8,24,1530,1,2,1,1,7,48
201600040837,16,8,29,905,1,2,3,1,3,48
201600040838,16,8,30,920,1,2,2,1,3,48
201600040839,16,9,6,1010,1,2,1,2,6,48
201600040840,16,9,6,1645,1,2,1,1,6,48
201600040841,16,9,12,915,1,2,3,1,3,48
201600040842,16,9,15,1150,1,2,7,2,2,48
201600040843,16,9,22,1400,1,2,1,1,6,48
201600040844,16,9,25,305,5,2,1,1,6,48
201600040845,16,9,25,1320,1,2,2,2,7,48
201600040846,16,9,26,1930,3,2,1,1,6,48
201600040847,16,9,29,1350,1,2,1,1,6,48
201600040848,16,9,29,1820,1,2,1,1,3,48
201600040849,16,9,30,1440,1,2,1,1,3,48
201600040850,16,10,3,2030,5,2,1,1,6,48
201600040851,16,10,3,2150,5,2,1,1,6,48
201600040852,16,10,4,826,1,2,1,7,6,48
201600040853,16,10,5,900,1,2,1,1,6,48
201600040854,16,10,6,845,1,2,1,1,1,48
201600040855,16,10,6,1715,1,2,1,1,6,48
201600040856,16,10,11,1015,1,2,3,1,3,48
201600040857,16,10,12,1630,1,2,1,1,3,48
201600040858,16,10,13,1255,1,2,2,1,1,48
201600040859,16,10,13,1530,1,2,2,1,3,48
201600040860,16,10,17,1000,1,2,1,8,2,48
201600040861,16,10,19,1950,5,2,5,2,1,48
201600040862,16,10,22,2130,5,2,2,1,6,48
201600040863,16,10,28,1640,1,2,2,1,3,48
201600040864,16,11,3,930,1,2,1,1,3,48
201600040865,16,11,5,1220,1,2,2,1,1,48
201600040866,16,11,5,1405,1,2,1,1,6,48
201600040867,16,11,11,1630,1,2,1,1,6,48
201600040868,16,11,12,2130,5,2,3,2,3,48
201600040869,16,11,14,1105,1,2,2,1,3,48
201600040870,16,11,16,1610,2,2,1,2,3,48
201600040871,16,11,18,110,5,2,9,2,6,48
201600040872,16,11,23,645,5,2,1,3,3,48
201600040873,16,11,23,1030,1,2,2,1,3,48
201600040874,16,11,23,1230,1,2,2,7,6,48
201600040875,16,11,30,1225,1,2,8,1,6,48
201600040876,16,12,12,655,3,1,1,2,6,48
201600040877,16,12,12,1719,5,2,5,2,3,48
201600040878,16,12,15,1225,1,2,2,7,3,48
201600040879,16,12,16,955,1,2,2,1,3,48
201600040880,16,12,28,1320,1,2,2,1,3,48
201600040881,16,12,9,840,1,2,3,1,3,48
201600040882,16,12,8,915,1,2,2,1,3,48
201600040883,16,11,24,1215,1,2,1,1,7,48
201600040884,16,11,25,840,1,2,1,1,6,48
201600040885,16,11,25,850,1,2,1,1,6,48
201600040886,16,11,26,1430,1,2,2,1,3,48
201600040887,16,12,4,2120,5,2,1,1,3,48
201600040888,16,12,10,38,5,2,3,1,6,48
201600040889,16,12,14,1700,5,2,1,1,6,48
201600040890,16,12,17,2150,5,2,2,1,3,48
201600040891,16,12,18,1450,1,2,1,1,3,48
201600040892,16,12,22,1905,5,2,8,9,6,48
201600040893,16,12,23,830,1,2,1,5,3,48
201600040894,16,12,24,315,5,2,1,2,7,48
201600040895,16,12,28,1830,5,2,1,1,6,48
201600040896,16,12,28,2250,5,2,3,1,1,48
201600040897,16,12,29,1215,1,2,1,1,3,48
201600040898,16,1,5,800,2,2,2,2,6,50
201600040899,16,1,5,845,1,2,1,2,6,50
201600040900,16,1,5,1850,5,2,1,2,3,50
201600040901,16,1,6,1935,5,2,1,1,1,49
201600040902,16,1,9,1935,3,2,1,8,6,50
201600040903,16,1,16,1120,1,2,2,1,3,50
201600040904,16,1,22,1410,1,2,1,3,6,49
201600040905,16,1,22,1830,5,2,1,2,6,50
201600040906,16,1,23,1720,1,2,1,8,4,50
201600040907,16,1,25,1815,5,2,1,1,6,49
201600040908,16,1,26,2215,5,2,2,2,1,50
201600040909,16,2,5,1600,1,2,1,1,6,50
201600040910,16,2,16,1100,1,2,1,1,2,50
201600040911,16,2,16,1330,1,2,3,1,3,49
201600040912,16,2,16,1845,4,2,1,1,3,50
201600040913,16,2,21,1755,5,2,2,2,3,49
201600040914,16,2,28,1450,1,2,1,1,6,50
201600040915,16,2,28,1620,1,2,3,1,3,50
201600040916,16,3,13,215,5,2,2,1,3,50
201600040917,16,3,17,1250,1,2,3,1,3,50
201600040918,16,3,25,1755,1,2,3,1,1,49
201600040919,16,3,29,1850,1,2,1,2,6,50
201600040920,16,4,5,1415,1,2,2,1,3,50
201600040921,16,4,6,1150,1,2,3,1,3,49
201600040922,16,4,7,900,1,2,2,1,3,50
201600040923,16,4,8,715,2,2,1,1,6,49
201600040924,16,4,9,1415,1,2,1,2,2,50
201600040925,16,4,11,1400,1,2,3,2,3,50
201600040926,16,5,10,1450,1,2,1,2,3,50
201600040927,16,5,11,1510,1,2,1,3,6,49
201600040928,16,6,4,1325,1,2,3,8,3,49
201600040929,16,6,7,1849,1,2,1,1,6,49
201600040930,16,6,12,805,1,2,1,1,3,50
201600040931,16,6,15,1835,1,2,1,1,6,49
201600040932,16,6,11,1030,1,2,3,2,3,49
201600040933,16,6,25,1340,1,2,9,1,1,49
201600040934,16,6,30,1640,1,2,3,1,3,50
201600040935,16,6,30,1500,1,2,1,1,6,49
201600040936,16,7,8,1510,1,2,9,1,6,50
201600040937,16,7,7,800,1,2,1,1,3,50
201600040938,16,7,24,1005,1,2,1,1,3,50
201600040939,16,7,29,2025,1,2,2,1,5,50
201600040940,16,7,12,1415,1,2,3,8,3,50
201600040941,16,7,16,1310,1,2,3,1,3,49
201600040942,16,7,20,1700,1,2,1,1,6,50
201600040943,16,7,30,1020,1,2,3,1,6,50
201600040944,16,8,4,1115,1,2,2,2,3,50
201600040945,16,8,18,900,1,2,1,2,3,49
201600040946,16,8,15,2020,1,2,2,1,3,50
201600040947,16,9,3,1755,1,2,2,1,5,50
201600040948,16,9,11,10,5,2,2,1,1,50
201600040949,16,9,12,1702,1,2,1,1,3,50
201600040950,16,9,14,1518,1,2,1,1,3,50
201600040951,16,9,14,1700,1,2,3,1,3,50
201600040952,16,9,21,1645,1,2,1,1,6,50
201600040953,16,9,25,1905,5,2,1,8,3,50
201600040954,16,9,30,1255,1,2,1,1,6,49
201600040955,16,10,4,1910,1,2,1,1,6,50
201600040956,16,10,6,955,1,2,1,7,2,50
201600040957,16,10,22,830,1,2,9,5,2,49
201600040958,16,11,2,2230,5,2,1,1,6,50
201600040959,16,11,16,45,5,2,1,2,3,50
201600040960,16,11,21,815,1,2,2,2,6,50
201600040961,16,10,13,1640,1,2,1,1,6,49
201600040962,16,10,17,2150,5,2,1,1,2,50
201600040963,16,10,24,1455,1,2,1,2,7,50
201600040964,16,10,27,1900,5,2,3,1,3,50
201600040965,16,10,27,1730,1,2,1,1,3,50
201600040966,16,11,9,1830,5,2,1,2,6,50
201600040967,16,11,12,1600,2,2,3,2,1,50
201600040968,16,11,15,2050,5,2,2,1,3,50
201600040969,16,11,25,1100,1,2,1,8,6,49
201600040970,16,11,25,2039,5,2,1,1,3,50
201600040971,16,11,28,730,2,2,1,1,6,49
201600040972,16,11,28,930,1,2,1,1,3,50
201600040973,16,11,30,825,1,2,1,1,6,49
201600040974,16,11,30,1300,1,2,1,1,3,50
201600040975,16,12,4,1350,1,2,1,1,5,50
201600040976,16,12,12,1745,5,2,1,2,6,50
201600040977,16,12,17,645,5,2,2,1,6,49
201600040978,16,12,25,835,2,2,1,1,6,50
201600040979,16,12,26,1740,5,2,3,1,3,49
201600040980,16,12,26,2150,5,2,2,1,3,50
201600040981,16,1,7,805,5,2,1,3,6,51
201600040982,16,1,7,815,2,2,1,2,6,51
201600040983,16,1,7,1415,1,2,2,1,3,51
201600040984,16,1,18,1015,1,2,1,8,6,33
201600040985,16,1,23,1850,5,2,3,2,3,51
201600040986,16,2,2,1835,5,2,1,2,6,51
201600040987,16,2,2,1852,5,2,9,2,6,51
201600040988,16,2,4,825,1,2,1,2,6,51
201600040989,16,2,11,820,1,2,9,8,6,51
201600040990,16,2,23,1840,5,2,1,1,6,51
201600040991,16,2,24,1340,1,2,1,1,7,51
201600040992,16,2,26,1815,5,2,1,1,7,51
201600040993,16,3,1,1655,1,2,1,3,6,51
201600040994,16,3,4,2220,5,2,1,3,2,51
201600040995,16,3,5,1830,5,2,1,1,2,51
201600040996,16,3,10,845,1,2,1,1,3,51
201600040997,16,3,15,540,2,2,1,1,3,51
201600040998,16,3,16,1353,1,2,1,1,6,51
201600040999,16,3,17,1540,1,2,6,1,6,51
201600041000,16,3,18,820,1,2,1,1,3,51
201600041001,16,3,19,1710,1,2,2,8,2,51
201600041002,16,4,2,30,5,2,3,1,5,51
201600041003,16,4,8,2215,5,2,1,1,4,51
201600041004,16,4,9,1950,2,2,1,2,7,51
201600041005,16,4,14,830,1,2,1,1,6,51
201600041006,16,4,17,2110,4,2,1,1,7,51
201600041007,16,5,7,1019,1,2,1,1,6,51
201600041008,16,5,11,1450,1,2,1,3,2,51
201600041009,16,5,15,2250,5,2,1,1,6,51
201600041010,16,5,18,1345,1,2,3,1,3,51
201600041011,16,5,20,1936,1,2,1,1,6,51
201600041012,16,5,28,735,1,2,2,1,3,51
201600041013,16,5,29,545,2,2,1,1,6,51
201600041014,16,5,31,1708,1,2,3,2,3,51
201600041015,16,6,6,1000,1,2,9,8,3,51
201600041016,16,6,6,900,1,2,6,2,6,51
201600041017,16,6,6,1700,1,2,4,1,3,33
201600041018,16,6,8,930,1,2,6,1,6,51
201600041019,16,6,18,1230,1,2,6,1,3,51
201600041020,16,6,17,1850,1,2,3,2,3,33
201600041021,16,6,28,1620,1,2,2,1,3,51
201600041022,16,6,29,1435,1,2,3,1,6,51
201600041023,16,6,30,1900,1,2,6,1,2,51
201600041024,16,7,2,1355,1,2,3,1,3,51
201600041025,16,7,5,1812,1,2,2,1,3,51
201600041026,16,7,12,2230,5,2,3,3,7,51
201600041027,16,7,15,1230,1,2,1,1,3,51
201600041028,16,7,23,810,1,2,1,1,2,51
201600041029,16,8,2,715,2,2,3,2,3,51
201600041030,16,8,4,1255,1,2,6,2,2,51
201600041031,16,8,8,1150,1,2,3,1,6,51
201600041032,16,8,13,1045,1,2,1,1,6,51
201600041033,16,8,25,150,5,2,6,1,6,51
201600041034,16,8,25,1340,1,2,9,1,6,51
201600041035,16,8,25,1650,1,2,2,1,3,51
201600041036,16,8,27,1900,1,2,1,1,6,51
201600041037,16,8,28,1005,1,2,6,1,3,51
201600041038,16,9,4,1910,1,2,1,1,2,51
201600041039,16,9,9,1445,1,2,1,1,3,51
201600041040,16,9,13,1550,1,2,1,1,6,51
201600041041,16,9,14,1330,1,2,2,1,6,51
201600041042,16,9,16,825,1,2,2,1,6,51
201600041043,16,9,16,1441,1,2,1,1,2,51
201600041044,16,9,20,1120,1,2,1,1,6,51
201600041045,16,9,20,1800,1,2,3,1,3,51
201600041046,16,9,25,1240,1,2,1,2,3,33
201600041047,16,9,28,835,1,2,1,1,6,51
201600041048,16,9,28,940,1,2,9,1,2,51
201600041049,16,9,30,805,1,2,2,8,3,51
201600041050,16,9,30,830,1,2,1,1,6,51
201600041051,16,9,30,2110,4,2,1,2,4,51
201600041052,16,10,6,900,1,2,3,1,3,51
201600041053,16,10,15,2300,5,2,3,1,6,51
201600041054,16,10,27,1200,1,2,1,8,6,51
201600041055,16,10,27,1330,1,2,3,1,3,51
201600041056,16,10,29,730,5,2,1,1,4,51
201600041057,16,11,1,650,5,2,1,1,6,51
201600041058,16,11,1,1035,1,2,2,1,6,51
201600041059,16,11,8,1930,5,2,1,1,3,51
201600041060,16,11,10,1855,5,2,1,2,4,51
201600041061,16,11,12,2050,4,2,1,2,6,51
201600041062,16,11,17,1610,1,2,8,8,6,51
201600041063,16,11,18,1258,1,2,3,1,3,51
201600041064,16,11,18,2135,5,2,3,1,5,51
201600041065,16,11,20,1700,5,2,1,2,6,51
201600041066,16,11,22,935,1,2,2,1,3,51
201600041067,16,11,28,1845,5,2,1,1,2,51
201600041068,16,11,30,1500,1,2,1,1,3,51
201600041069,16,12,9,1300,1,2,1,1,3,51
201600041070,16,12,9,1930,5,2,3,1,3,51
201600041071,16,12,14,1000,1,2,2,1,6,51