Num_Acc,an,mois,jour,hrmn,lum,agg,int,atm,col,com
201600041072,16,12,15,950,1,2,1,1,6,51
201600041073,16,1,20,1905,5,2,1,1,6,53
201600041074,16,1,23,2115,5,2,2,1,3,53
201600041075,16,1,25,1315,1,2,1,1,6,53
201600041076,16,1,28,1530,1,2,1,1,1,53
201600041077,16,1,30,2005,5,2,1,2,6,53
201600041078,16,2,10,1710,1,2,4,1,3,53
201600041079,16,2,16,1640,1,2,4,1,3,53
201600041080,16,3,9,730,2,2,1,2,6,53
201600041081,16,3,18,1640,1,2,1,1,6,53
201600041082,16,3,21,1350,1,2,7,1,6,53
201600041083,16,3,28,2225,5,2,1,3,6,53
201600041084,16,3,30,718,2,2,2,2,2,53
201600041085,16,4,11,1535,1,2,3,2,3,53
201600041086,16,4,21,855,1,2,1,1,2,53
201600041087,16,5,1,1055,1,2,9,1,3,53
201600041088,16,5,7,1645,1,2,1,1,2,53
201600041089,16,5,9,1237,1,2,1,1,6,53
201600041090,16,5,9,1315,1,2,3,1,3,53
201600041091,16,5,10,1700,1,2,1,3,6,53
201600041092,16,5,16,1925,1,2,3,8,1,53
201600041093,16,5,22,445,2,2,2,2,3,53
201600041094,16,6,4,610,2,2,7,1,1,53
201600041095,16,6,5,930,1,2,3,8,3,53
201600041096,16,6,5,1905,1,2,1,1,6,53
201600041097,16,6,26,1503,1,2,2,1,3,53
201600041098,16,7,4,930,1,2,6,1,3,53
201600041099,16,7,9,2350,5,2,3,1,7,53
201600041100,16,7,21,1810,1,2,1,1,6,53
201600041101,16,7,22,1420,1,2,1,1,6,53
201600041102,16,7,26,905,1,2,1,1,3,53
201600041103,16,8,2,1400,1,2,1,2,6,53
201600041104,16,8,4,1615,1,2,2,1,6,53
201600041105,16,8,20,1630,1,2,1,1,6,53
201600041106,16,9,14,1930,2,2,1,1,3,53
201600041107,16,9,16,810,1,2,3,1,3,53
201600041108,16,10,19,745,1,2,1,1,3,53
201600041109,16,10,24,1900,5,2,2,2,3,53
201600041110,16,10,25,700,5,2,6,1,6,53
201600041111,16,10,26,1620,1,2,1,1,6,53
201600041112,16,11,14,900,1,2,1,8,3,53
201600041113,16,11,20,1545,1,2,1,2,3,53
201600041114,16,11,23,1418,1,2,3,1,3,53
201600041115,16,11,24,1850,5,2,3,1,3,53
201600041116,16,11,28,2355,5,2,1,1,6,53
201600041117,16,11,28,1310,1,2,1,1,3,53
201600041118,16,12,4,1820,5,2,1,1,3,53
201600041119,16,12,6,940,1,2,1,1,3,53
201600041120,16,12,6,1920,5,2,4,1,3,53
201600041121,16,12,13,2300,5,2,3,1,3,53
201600041122,16,1,1,1840,5,2,1,1,6,55
201600041123,16,1,7,740,2,2,1,3,3,55
201600041124,16,1,14,1611,1,2,1,1,2,55
201600041125,16,1,21,1719,5,2,2,1,6,55
201600041126,16,2,2,1725,2,2,3,2,6,55
201600041127,16,5,29,245,5,2,1,1,2,55
201600041128,16,7,6,825,1,2,1,1,2,55
201600041129,16,1,14,1300,1,2,4,1,1,55
201600041130,16,2,3,930,1,2,2,1,3,55
201600041131,16,2,7,2300,5,2,1,6,2,55
201600041132,16,2,18,1135,1,2,2,1,3,55
201600041133,16,2,19,2040,5,2,1,1,2,55
201600041134,16,2,20,145,5,2,1,8,6,55
201600041135,16,3,9,2320,5,2,3,1,3,55
201600041136,16,3,12,1425,1,2,1,1,6,55
201600041137,16,3,12,1810,1,2,1,1,6,55
201600041138,16,4,9,15,5,2,1,1,3,55
201600041139,16,4,13,920,1,2,1,2,3,55
201600041140,16,4,17,1320,1,2,3,2,6,55
201600041141,16,4,19,1430,1,2,1,1,6,55
201600041142,16,4,25,1315,1,2,5,1,3,55
201600041143,16,5,7,1255,1,2,1,1,6,55
201600041144,16,5,9,1715,1,2,1,1,2,55
201600041145,16,5,12,2048,2,2,1,2,6,55
201600041146,16,5,20,1925,1,2,1,1,6,55
201600041147,16,5,21,1252,1,2,1,1,6,55
201600041148,16,4,10,20,5,2,1,1,6,55
201600041149,16,6,6,1700,1,2,1,1,6,55
201600041150,16,6,11,1630,1,2,3,1,6,55
201600041151,16,6,13,2135,2,2,1,1,6,55
201600041152,16,6,15,1420,1,2,1,1,6,55
201600041153,16,6,18,1650,1,2,3,1,3,55
201600041154,16,6,23,1945,1,2,3,1,3,55
201600041155,16,6,28,2020,1,2,1,1,6,55
201600041156,16,8,7,2015,1,2,1,7,6,55
201600041157,16,12,15,1337,1,2,1,1,3,55
201600041158,16,7,14,1350,1,2,1,1,6,55
201600041159,16,7,17,1650,1,2,1,1,2,55
201600041160,16,7,24,900,1,2,4,1,2,55
201600041161,16,8,4,1950,1,2,1,1,6,55
201600041162,16,8,12,1015,1,2,1,1,1,55
201600041163,16,8,30,1725,1,2,9,1,6,55
201600041164,16,9,11,210,5,2,1,1,6,55
201600041165,16,10,1,1930,5,2,1,1,2,55
201600041166,16,11,4,920,2,2,1,2,6,55
201600041167,16,11,5,1230,1,2,1,1,3,55
201600041168,16,11,10,1143,1,2,2,1,3,55
201600041169,16,12,20,1100,1,2,1,1,2,55
201600041170,16,10,15,2353,5,2,1,1,6,55
201600041171,16,1,6,745,1,2,3,2,6,62
201600041172,16,1,7,1945,5,2,2,1,3,62
201600041173,16,1,9,2150,5,2,1,2,3,62
201600041174,16,1,9,908,1,2,1,9,6,62
201600041175,16,1,13,1611,1,1,1,1,7,77
201600041176,16,1,19,800,1,2,2,1,6,62
201600041177,16,1,20,1735,5,2,2,1,6,62
201600041178,16,1,22,1650,2,2,2,2,3,77
201600041179,16,1,30,1150,1,2,1,2,6,77
201600041180,16,2,7,1715,2,2,2,1,5,77
201600041181,16,2,10,1700,1,2,2,2,3,77
201600041182,16,2,11,750,1,2,1,1,2,77
201600041183,16,2,11,1600,1,2,1,2,6,77
201600041184,16,2,13,1043,1,2,2,3,3,77
201600041185,16,2,14,1640,1,2,2,1,6,62
201600041186,16,2,16,1610,1,2,1,1,6,77
201600041187,16,2,18,2035,5,2,2,2,6,77
201600041188,16,2,27,1910,5,2,4,1,6,77
201600041189,16,3,22,1820,1,2,6,1,6,62
201600041190,16,3,24,2240,5,2,1,1,5,62
201600041191,16,4,1,1840,1,2,1,1,6,77
201600041192,16,4,6,810,1,2,6,1,2,77
201600041193,16,4,6,1922,2,2,1,2,2,62
201600041194,16,4,6,1635,1,2,3,2,2,77
201600041195,16,4,11,1245,1,2,1,2,6,77
201600041196,16,4,13,1000,1,2,2,1,6,62
201600041197,16,4,17,1600,1,2,3,1,3,62
201600041198,16,4,22,950,1,2,1,2,6,62
201600041199,16,4,25,520,3,2,1,2,5,77
201600041200,16,4,28,2030,2,2,9,1,4,62
201600041201,16,4,30,1140,1,2,9,1,6,77
201600041202,16,5,3,1715,1,2,1,1,3,77
201600041203,16,5,6,545,2,2,2,1,2,77
201600041204,16,5,6,1615,1,2,5,1,3,77
201600041205,16,5,6,1825,1,2,6,1,7,77
201600041206,16,5,14,1440,1,2,1,1,3,62
201600041207,16,5,18,110,5,2,2,1,3,77
201600041208,16,5,19,920,1,2,1,2,6,62
201600041209,16,5,19,1100,1,2,1,2,6,77
201600041210,16,5,23,1535,1,2,1,1,6,77
201600041211,16,5,26,820,1,2,3,1,3,77
201600041212,16,5,26,1105,1,2,2,1,3,77
201600041213,16,5,27,915,1,2,2,1,3,77
201600041214,16,6,7,1145,1,2,2,1,3,77
201600041215,16,6,10,900,1,2,3,1,3,77
201600041216,16,6,14,1335,1,2,2,1,3,77
201600041217,16,6,16,1751,1,2,1,2,6,77
201600041218,16,6,17,1030,1,2,3,1,3,62
201600041219,16,6,18,2230,5,2,1,1,6,77
201600041220,16,6,18,1310,1,2,2,1,2,77
201600041221,16,6,22,1815,1,2,2,1,1,77
201600041222,16,6,23,1800,1,2,1,1,4,77
201600041223,16,6,24,910,1,2,6,1,3,77
201600041224,16,6,24,1725,1,2,2,1,7,62
201600041225,16,6,18,520,1,2,1,1,7,77
201600041226,16,6,27,1030,1,2,2,2,6,62
201600041227,16,6,28,825,1,2,2,1,3,62
201600041228,16,6,29,1530,1,2,2,1,3,77
201600041229,16,7,5,2135,2,2,2,1,3,77
201600041230,16,7,9,110,5,2,2,1,4,77
201600041231,16,7,9,2014,2,2,1,1,6,77
201600041232,16,7,17,335,5,2,1,1,6,77
201600041233,16,7,22,1350,1,2,2,1,1,62
201600041234,16,7,26,800,1,2,1,1,1,62
201600041235,16,8,8,1410,1,2,2,1,3,77
201600041236,16,8,9,2215,5,2,1,1,3,77
201600041237,16,8,17,1735,1,2,6,7,6,62
201600041238,16,8,25,1705,1,2,1,1,6,77
201600041239,16,9,5,1445,1,2,1,2,3,77
201600041240,16,9,9,750,1,2,1,1,6,77
201600041241,16,9,9,1419,1,2,5,1,3,77
201600041242,16,9,10,1235,1,2,2,1,3,14
201600041243,16,9,10,1600,1,2,1,1,5,62
201600041244,16,9,15,7,5,2,1,2,6,62
201600041245,16,9,16,1410,1,2,1,1,6,77
201600041246,16,9,16,2020,5,2,2,3,3,77
201600041247,16,9,18,1750,1,2,1,1,2,77
201600041248,16,9,19,1115,1,2,2,2,3,77
201600041249,16,9,21,1747,1,2,6,7,6,62
201600041250,16,9,24,1935,5,2,3,1,7,77
201600041251,16,9,28,830,1,2,2,1,3,77
201600041252,16,9,28,2300,5,2,9,1,3,77
201600041253,16,9,29,1300,1,2,6,1,2,62
201600041254,16,10,1,635,5,2,1,9,3,77
201600041255,16,10,4,745,2,2,1,1,4,77
201600041256,16,10,5,2307,5,2,1,1,6,77
201600041257,16,10,7,1650,1,2,1,8,6,77
201600041258,16,10,7,2350,5,2,1,1,7,77
201600041259,16,10,8,1915,1,2,2,1,3,77
201600041260,16,10,13,1105,1,2,1,1,2,77
201600041261,16,10,13,1810,2,2,1,2,1,62
201600041262,16,10,16,455,5,2,1,1,2,77
201600041263,16,10,20,2015,5,2,1,8,3,62
201600041264,16,10,22,835,2,2,1,5,7,77
201600041265,16,10,25,1824,5,2,1,1,6,77
201600041266,16,10,26,130,5,2,1,1,6,77
201600041267,16,10,31,1540,1,2,1,1,6,77
201600041268,16,11,18,1525,1,2,1,1,6,62
201600041269,16,11,21,750,2,2,8,2,6,77
201600041270,16,11,22,1920,5,2,2,1,3,62
201600041271,16,11,27,1025,1,2,9,1,2,77
201600041272,16,11,29,1715,5,2,1,1,7,77
201600041273,16,12,1,740,5,2,1,1,6,62
201600041274,16,12,1,2150,5,2,1,1,6,77
201600041275,16,12,6,800,1,2,1,1,6,62
201600041276,16,12,8,1450,1,2,2,1,6,77
201600041277,16,12,13,900,1,2,8,2,3,77
201600041278,16,12,14,1910,5,2,2,8,1,77
201600041279,16,1,5,805,5,2,5,2,6,64
201600041280,16,1,6,1840,5,2,2,1,6,64
201600041281,16,1,12,1645,1,2,1,1,6,64
201600041282,16,1,13,1640,2,2,1,8,6,64
201600041283,16,1,13,2035,5,2,1,8,6,64
201600041284,16,1,21,1435,1,2,1,1,6,64
201600041285,16,1,26,630,5,2,1,1,6,64
201600041286,16,1,30,1230,1,2,5,3,1,64
201600041287,16,2,1,1400,1,2,1,1,6,64
201600041288,16,2,3,1830,5,2,1,9,6,64
201600041289,16,2,5,1540,1,2,1,1,2,64
201600041290,16,2,9,1225,1,2,1,3,6,64
201600041291,16,2,9,1740,5,2,1,8,6,64
201600041292,16,2,10,1420,1,2,1,1,2,64
201600041293,16,2,10,1745,2,2,1,1,6,64
201600041294,16,2,15,1430,1,2,1,1,6,64
201600041295,16,2,20,1720,1,2,1,1,6,64
201600041296,16,2,20,2000,4,2,1,8,6,64
201600041297,16,3,6,1030,1,2,1,1,6,64
201600041298,16,3,8,900,1,2,2,2,6,64
201600041299,16,3,9,1400,1,2,1,2,6,64
201600041300,16,3,16,2007,5,2,2,1,6,64
201600041301,16,3,19,830,1,2,3,1,6,64
201600041302,16,3,20,1755,1,2,1,1,6,64
201600041303,16,3,21,1250,1,2,1,1,6,64
201600041304,16,3,22,1418,1,2,1,1,6,64
201600041305,16,3,24,810,1,2,1,1,6,64
201600041306,16,4,1,1723,1,2,1,1,6,64
201600041307,16,4,15,1255,1,2,1,1,4,64
201600041308,16,4,17,2200,5,2,1,1,6,64
201600041309,16,4,23,1500,1,2,1,8,6,64
201600041310,16,5,7,1445,1,2,1,1,6,64
201600041311,16,5,14,1440,1,2,1,1,6,64
201600041312,16,5,22,1010,1,2,1,2,6,64
201600041313,16,5,23,2120,5,2,2,2,6,64
201600041314,16,5,27,2330,5,2,1,1,6,64
201600041315,16,6,6,1755,1,2,1,1,6,64
201600041316,16,6,7,2200,5,2,2,1,6,64
201600041317,16,6,12,2138,5,2,1,2,6,64
201600041318,16,6,15,1650,1,1,3,1,6,64
201600041319,16,6,17,1910,1,2,1,2,6,64
201600041320,16,6,29,825,1,2,1,1,6,64
201600041321,16,7,5,1200,1,2,1,1,6,64
201600041322,16,7,6,820,1,1,1,1,6,77
201600041323,16,7,7,930,1,2,3,1,6,64
201600041324,16,7,19,2025,1,2,1,1,6,64
201600041325,16,7,22,1510,1,2,1,1,6,64
201600041326,16,7,26,940,1,2,1,1,6,64
201600041327,16,8,3,1844,1,2,1,2,6,64
201600041328,16,8,12,1725,1,2,1,1,6,64
201600041329,16,8,15,1600,1,2,1,1,6,64
201600041330,16,8,24,1830,1,2,2,1,6,64
201600041331,16,9,12,900,1,2,1,1,6,64
201600041332,16,9,13,1500,1,2,2,1,1,64
201600041333,16,9,19,540,5,2,1,1,6,64
201600041334,16,9,21,1815,1,2,1,1,6,64
201600041335,16,9,22,1325,1,2,1,1,6,64
201600041336,16,9,24,1430,1,2,1,1,6,64
201600041337,16,9,27,1145,1,2,3,1,6,64
201600041338,16,9,27,1340,1,2,9,1,6,64
201600041339,16,10,6,1935,5,2,3,1,6,64
201600041340,16,10,6,2025,5,2,1,1,6,64
201600041341,16,10,9,55,5,2,1,1,7,64
201600041342,16,10,10,820,1,2,1,1,6,64
201600041343,16,10,13,1630,1,2,1,2,6,64
201600041344,16,10,15,1740,1,2,2,1,6,64
201600041345,16,10,18,2033,5,2,1,2,6,64
201600041346,16,10,27,1240,1,2,2,1,6,64
201600041347,16,10,31,1845,5,2,1,1,6,64
201600041348,16,11,6,2330,5,2,1,1,6,64
201600041349,16,11,8,1825,5,2,1,1,6,64
201600041350,16,11,10,1725,5,2,3,2,6,64
201600041351,16,11,12,1830,3,2,1,2,7,64
201600041352,16,11,14,1900,5,2,1,8,6,64
201600041353,16,11,18,1045,1,2,1,1,6,64
201600041354,16,11,20,1805,5,2,6,2,6,64
201600041355,16,11,26,1145,1,2,1,1,6,64
201600041356,16,12,1,1745,5,2,1,5,6,64
201600041357,16,12,10,1745,5,2,1,5,3,64
201600041358,16,12,12,2130,5,2,1,2,3,64
201600041359,16,1,3,630,3,2,3,1,3,39
201600041360,16,1,7,845,1,2,1,2,6,66
201600041361,16,1,12,1830,5,2,1,2,2,66
201600041362,16,1,13,845,1,2,6,1,3,66
201600041363,16,1,13,1400,1,2,1,1,6,66
201600041364,16,1,17,637,5,2,4,1,3,66
201600041365,16,1,20,2045,5,2,6,1,6,66
201600041366,16,1,21,1545,1,2,2,1,3,66
201600041367,16,1,22,1600,1,2,2,2,3,66
201600041368,16,1,26,1955,5,2,1,1,6,66
201600041369,16,1,27,1630,1,2,1,2,6,66
201600041370,16,2,1,1235,1,2,2,1,3,66
201600041371,16,2,2,1440,1,2,2,1,2,66
201600041372,16,2,4,540,3,1,1,2,2,66
201600041373,16,2,6,1100,1,2,3,1,6,66
201600041374,16,2,7,225,5,2,3,3,6,66
201600041375,16,2,9,900,1,2,1,3,6,66
201600041376,16,2,9,1900,5,2,1,2,3,66
201600041377,16,2,11,610,2,2,2,8,3,66
201600041378,16,2,19,1415,1,2,4,1,3,66
201600041379,16,2,22,1735,2,2,1,2,3,66
201600041380,16,2,23,120,5,2,1,3,3,66
201600041381,16,2,23,900,2,2,3,3,3,66
201600041382,16,2,25,1545,1,2,5,1,3,66
201600041383,16,2,27,2130,5,2,3,1,1,66
201600041384,16,2,28,630,5,2,3,1,6,66
201600041385,16,3,2,230,5,1,1,2,6,39
201600041386,16,3,3,1245,1,2,2,1,6,66
201600041387,16,3,3,1825,1,2,1,1,2,66
201600041388,16,3,3,2015,5,2,1,1,2,39
201600041389,16,3,9,830,1,2,1,3,2,66
201600041390,16,3,11,130,5,2,1,1,3,66
201600041391,16,3,12,600,5,2,3,1,3,66
201600041392,16,3,13,1340,1,2,2,1,3,66
201600041393,16,3,14,735,1,2,1,1,3,66
201600041394,16,3,14,930,1,2,1,7,6,66
201600041395,16,3,15,1230,1,2,1,1,6,66
201600041396,16,3,15,1840,2,2,3,1,3,66
201600041397,16,3,15,1945,2,2,2,1,3,66
201600041398,16,3,16,2215,5,2,1,1,3,66
201600041399,16,3,17,1145,1,2,1,1,3,66
201600041400,16,3,17,1420,1,2,1,1,3,66
201600041401,16,3,16,1810,5,2,1,1,1,66
201600041402,16,3,17,2305,5,2,1,1,2,66
201600041403,16,3,18,1755,1,2,1,1,6,66
201600041404,16,3,20,1350,1,2,1,1,6,66
201600041405,16,3,25,1800,1,2,1,1,6,66
201600041406,16,3,27,2020,5,2,1,1,6,66
201600041407,16,3,30,2300,5,2,2,2,3,66
201600041408,16,4,1,715,2,2,1,8,2,66
201600041409,16,4,1,2310,5,2,1,1,3,66
201600041410,16,4,4,1230,1,2,1,1,4,66
201600041411,16,4,5,830,1,2,1,1,6,66
201600041412,16,4,7,900,1,2,1,1,3,66
201600041413,16,4,9,115,5,2,9,1,4,66
201600041414,16,4,11,2015,2,2,1,1,1,39
201600041415,16,4,13,1708,1,2,4,1,2,66
201600041416,16,4,16,1510,1,2,1,1,2,66
201600041417,16,4,16,1900,1,2,5,1,3,66
201600041418,16,4,18,2030,2,2,9,1,2,66
201600041419,16,4,19,1945,1,2,1,1,3,39
201600041420,16,4,19,2010,1,2,1,1,6,39
201600041421,16,4,20,750,1,2,1,1,6,39
201600041422,16,4,20,930,1,2,1,1,1,66
201600041423,16,4,22,1520,1,2,2,1,3,66
201600041424,16,4,26,2345,5,2,2,1,7,66
201600041425,16,5,3,902,1,2,3,1,1,66
201600041426,16,5,4,1700,1,2,1,1,6,66
201600041427,16,5,4,1838,1,2,1,1,6,66
201600041428,16,5,6,1830,1,2,1,1,2,66
201600041429,16,5,6,1758,1,2,1,1,6,66
201600041430,16,5,8,1705,1,2,1,1,2,66
201600041431,16,5,7,2120,2,2,1,1,3,66
201600041432,16,5,13,1400,1,2,3,1,1,66
201600041433,16,5,13,1800,1,2,9,2,1,66
201600041434,16,5,16,1820,1,2,1,1,7,66
201600041435,16,5,17,1355,1,2,2,1,6,66
201600041436,16,5,18,1300,1,2,2,1,6,66
201600041437,16,5,18,2030,1,2,1,1,6,66
201600041438,16,5,20,800,1,2,1,2,4,66
201600041439,16,5,21,430,5,2,1,1,6,66
201600041440,16,5,21,1055,1,2,1,1,6,66
201600041441,16,5,21,2130,2,2,1,1,2,66
201600041442,16,5,22,315,5,2,1,2,3,66
201600041443,16,5,23,950,1,2,1,2,4,66
201600041444,16,5,23,1100,1,2,1,3,3,66
201600041445,16,5,23,1820,1,2,5,1,3,66
201600041446,16,5,26,1600,1,2,1,1,3,66
201600041447,16,5,27,610,1,2,1,1,6,66
201600041448,16,5,31,700,1,2,1,3,5,66
201600041449,16,5,31,1345,1,2,1,2,3,66
201600041450,16,6,2,830,1,2,1,1,3,66
201600041451,16,6,4,1725,1,2,1,1,6,66
201600041452,16,6,4,2000,1,2,2,1,6,66
201600041453,16,6,7,1655,1,1,1,1,6,66
201600041454,16,6,8,830,1,2,1,1,2,66
201600041455,16,6,8,2140,1,2,3,1,3,66
201600041456,16,6,9,1740,1,2,2,1,3,39
201600041457,16,6,10,1500,1,2,1,1,6,66
201600041458,16,6,18,2000,1,2,1,9,2,66
201600041459,16,6,19,50,5,2,1,1,3,66
201600041460,16,6,20,1150,1,2,1,2,3,66
201600041461,16,6,23,1145,1,2,1,1,6,66
201600041462,16,6,24,2000,1,2,1,1,6,66
201600041463,16,6,26,400,5,2,1,1,3,66
201600041464,16,6,26,1950,1,2,9,1,6,66
201600041465,16,6,21,2030,1,2,3,1,3,66
201600041466,16,6,28,130,5,2,2,1,3,66
201600041467,16,6,22,1730,1,2,1,1,6,66
201600041468,16,6,28,1430,1,2,1,1,3,66
201600041469,16,6,29,1445,1,2,2,1,3,66
201600041470,16,6,29,1545,1,2,1,1,6,66
201600041471,16,6,30,1350,1,2,2,1,6,66
201600041472,16,6,30,1355,1,2,6,1,3,66
201600041473,16,6,30,1800,1,2,1,2,3,66
201600041474,16,7,1,1330,1,2,2,1,2,66
201600041475,16,7,2,1430,1,2,1,1,6,66
201600041476,16,7,3,1015,1,2,1,1,4,66
201600041477,16,7,2,2050,2,2,9,1,2,66
201600041478,16,7,3,2000,1,2,1,2,6,66
201600041479,16,7,4,2045,2,2,1,1,6,66
201600041480,16,7,5,1900,1,2,1,1,6,66
201600041481,16,7,7,1810,1,2,1,1,1,66
201600041482,16,7,10,1430,1,2,4,1,4,66
201600041483,16,7,12,2020,1,2,1,1,6,66
201600041484,16,7,19,1405,1,2,1,1,3,66
201600041485,16,7,20,1315,1,2,1,2,6,66
201600041486,16,7,20,2045,1,2,1,1,6,66
201600041487,16,7,21,1945,1,2,3,1,3,66
201600041488,16,7,21,2330,5,2,3,1,2,66
201600041489,16,7,27,1520,1,2,1,1,6,66
201600041490,16,7,29,1824,1,2,1,1,6,66
201600041491,16,7,30,1645,1,2,1,1,6,66
201600041492,16,8,15,1730,1,2,1,7,6,66
201600041493,16,8,17,2000,1,2,3,1,6,66
201600041494,16,8,18,930,1,2,6,2,3,66
201600041495,16,8,18,1820,1,2,1,1,6,66
201600041496,16,8,21,109,5,2,2,1,3,66
201600041497,16,8,22,905,1,2,1,1,6,66
201600041498,16,8,25,915,1,2,2,1,2,66
201600041499,16,8,26,1300,1,2,1,1,3,66
201600041500,16,8,30,915,1,2,1,1,3,66
201600041501,16,9,1,45,5,2,1,1,2,66
201600041502,16,9,3,2320,5,2,3,1,3,66
201600041503,16,9,8,1245,1,2,1,1,6,66
201600041504,16,9,11,1030,1,2,2,1,3,66
201600041505,16,9,11,1855,1,2,1,1,6,66
201600041506,16,9,13,640,2,2,1,1,1,39
201600041507,16,9,15,945,1,2,1,2,3,66
201600041508,16,9,16,1750,1,2,1,2,2,66
201600041509,16,9,22,1052,1,2,3,1,6,39
201600041510,16,9,23,1925,1,2,1,1,2,66
201600041511,16,9,25,1850,1,2,1,1,6,66
201600041512,16,9,27,400,5,2,1,1,3,66
201600041513,16,9,27,705,2,2,4,1,3,66
201600041514,16,9,29,1730,1,2,1,1,6,66
201600041515,16,9,30,1000,1,2,3,1,6,66
201600041516,16,9,30,1000,1,2,1,1,6,66
201600041517,16,10,1,1055,1,2,1,1,6,66
201600041518,16,10,1,1915,2,2,1,7,6,66
201600041519,16,10,3,1600,1,2,1,1,3,66
201600041520,16,10,3,1800,1,2,2,1,3,66
201600041521,16,10,4,1744,1,2,3,1,3,66
201600041522,16,10,5,1505,1,2,1,1,2,66
201600041523,16,10,2,1340,1,2,1,1,6,66
201600041524,16,10,5,2300,5,2,1,1,6,66
201600041525,16,10,7,1145,1,2,1,1,2,66
201600041526,16,10,8,1745,1,2,1,1,6,66
201600041527,16,10,9,1715,1,1,3,1,3,66
201600041528,16,10,1,2030,2,2,4,1,3,66
201600041529,16,10,8,2325,5,2,1,1,5,66
201600041530,16,10,11,1415,1,2,1,1,2,66
201600041531,16,10,11,2200,5,2,2,1,3,66
201600041532,16,10,14,640,5,2,3,1,1,66
201600041533,16,10,14,2225,5,2,1,2,4,66
201600041534,16,10,17,845,1,2,1,2,7,66
201600041535,16,10,18,1710,1,2,3,9,3,66
201600041536,16,10,18,2020,5,2,1,1,6,66
201600041537,16,10,20,1550,1,2,1,2,6,66
201600041538,16,10,20,2115,3,2,1,1,6,66
201600041539,16,10,21,830,1,2,1,2,6,66
201600041540,16,10,21,1525,1,2,1,3,2,66
201600041541,16,10,24,1740,1,2,1,2,3,66
201600041542,16,10,25,1305,1,2,1,1,6,66
201600041543,16,10,26,120,3,2,1,1,2,66
201600041544,16,10,29,1720,1,2,1,1,6,66
201600041545,16,10,31,13,4,2,1,1,1,66
201600041546,16,11,2,2310,5,2,1,1,2,66
201600041547,16,11,3,2110,5,2,1,1,3,66
201600041548,16,11,4,1930,5,2,1,2,6,66
201600041549,16,11,9,1040,1,2,1,3,1,39
201600041550,16,11,10,30,5,2,1,2,2,66
201600041551,16,11,11,600,5,2,2,2,3,66
201600041552,16,11,11,1235,1,2,3,1,3,66
201600041553,16,11,11,2145,5,2,1,1,3,66
201600041554,16,11,12,855,1,1,1,1,6,39
201600041555,16,11,13,220,5,2,4,2,1,66
201600041556,16,11,13,2140,5,2,1,2,2,66
201600041557,16,11,14,1130,1,2,1,1,6,66
201600041558,16,11,18,810,1,1,1,8,2,66
201600041559,16,11,18,1805,2,2,1,1,6,66
201600041560,16,11,21,2010,5,2,3,1,3,66
201600041561,16,11,22,2220,5,2,2,1,3,66
201600041562,16,11,23,1930,5,2,1,8,6,66
201600041563,16,11,25,1345,1,2,2,8,3,66
201600041564,16,11,28,1335,1,1,5,1,3,66
201600041565,16,11,29,1830,5,2,1,1,3,66
201600041566,16,11,30,1600,1,2,3,1,6,66
201600041567,16,11,30,1935,5,2,5,1,3,66
201600041568,16,12,2,720,2,2,1,1,6,66
201600041569,16,12,5,2315,3,2,2,1,3,66
201600041570,16,12,8,840,1,2,1,8,3,66
201600041571,16,12,8,1150,1,2,1,1,6,66
201600041572,16,12,8,1500,1,2,1,1,6,66
201600041573,16,12,12,220,5,2,1,1,1,66
201600041574,16,12,12,1750,5,2,3,2,6,66
201600041575,16,12,18,520,5,2,1,1,6,66
201600041576,16,12,21,2335,5,2,1,3,5,66
201600041577,16,12,26,800,1,2,2,2,3,66
201600041578,16,12,29,1325,1,2,2,1,6,66
201600041579,16,1,5,1450,1,2,1,1,6,70
201600041580,16,1,7,1020,1,2,1,2,3,70
201600041581,16,1,11,1420,1,2,1,1,3,70
201600041582,16,1,13,1325,1,2,1,1,3,70
201600041583,16,1,27,1655,2,2,6,1,3,70
201600041584,16,1,31,2040,3,2,1,2,6,70
201600041585,16,2,1,1635,1,2,1,2,2,70
201600041586,16,2,13,2000,5,2,2,2,3,70
201600041587,16,3,1,1300,1,2,1,2,6,70
201600041588,16,3,1,1530,1,2,1,3,6,70
201600041589,16,3,2,1920,5,2,1,2,6,70
201600041590,16,3,7,1640,1,2,1,1,6,70
201600041591,16,3,9,955,1,2,1,3,3,70
201600041592,16,3,22,1235,1,2,1,1,6,70
201600041593,16,4,5,1350,1,2,1,1,1,70
201600041594,16,4,6,2200,5,2,3,1,1,70
201600041595,16,4,7,1330,1,2,5,1,1,70
201600041596,16,4,8,1450,1,2,1,1,6,70
201600041597,16,4,14,1730,1,2,1,2,2,70
201600041598,16,4,21,1320,1,2,3,1,3,70
201600041599,16,4,22,1720,1,2,3,1,6,70
201600041600,16,4,23,1900,1,2,1,1,2,70
201600041601,16,5,3,1610,1,2,1,1,2,70
201600041602,16,5,20,820,1,2,1,2,6,70
201600041603,16,5,21,1640,1,2,1,1,3,70
201600041604,16,5,29,1320,1,2,1,1,6,70
201600041605,16,5,28,1850,1,2,1,1,6,70
201600041606,16,5,30,1130,1,2,1,3,6,70
201600041607,16,5,30,2115,5,2,1,3,3,70
201600041608,16,6,12,1920,1,2,1,1,6,70
201600041609,16,6,17,1800,1,2,1,2,6,70
201600041610,16,6,21,1815,1,2,3,1,3,70
201600041611,16,6,24,2240,5,2,1,1,6,70
201600041612,16,7,13,1645,1,2,1,1,3,70
201600041613,16,7,15,2240,5,2,1,1,6,70
201600041614,16,7,19,1805,1,2,1,1,1,70
201600041615,16,7,20,1030,1,2,2,1,3,70
201600041616,16,7,23,620,1,2,2,1,3,70
201600041617,16,7,28,1600,1,2,1,1,2,70
201600041618,16,2,29,135,5,2,1,1,1,70
201600041619,16,8,17,1220,1,2,1,1,2,70
201600041620,16,8,13,1710,1,2,3,1,1,70