Num_Acc,an,mois,jour,hrmn,lum,agg,int,atm,col,com
201600041621,16,8,19,1830,1,2,1,2,2,70
201600041622,16,8,22,250,5,2,4,1,3,70
201600041623,16,9,5,1225,1,2,3,2,3,70
201600041624,16,9,10,1500,1,2,9,1,2,70
201600041625,16,9,12,1930,1,2,1,1,5,70
201600041626,16,9,20,1548,1,2,3,1,6,70
201600041627,16,9,28,1730,1,2,1,1,6,70
201600041628,16,10,15,1843,5,2,1,1,6,70
201600041629,16,10,16,2015,5,2,9,1,6,70
201600041630,16,10,17,1740,1,2,3,1,6,70
201600041631,16,10,22,1415,1,2,9,1,2,70
201600041632,16,11,4,1700,2,2,9,2,3,70
201600041633,16,11,19,1205,1,2,1,1,6,70
201600041634,16,11,21,1125,1,2,1,1,3,70
201600041635,16,11,21,1630,1,2,2,2,5,70
201600041636,16,11,29,915,1,2,1,1,2,70
201600041637,16,11,29,1930,5,2,1,1,6,70
201600041638,16,11,30,1450,1,2,1,1,5,70
201600041639,16,12,2,2110,5,2,1,1,3,70
201600041640,16,12,3,1550,1,2,1,1,3,70
201600041641,16,12,5,1130,1,2,1,1,6,70
201600041642,16,12,12,1605,1,2,1,2,3,70
201600041643,16,12,12,1640,2,2,3,2,3,70
201600041644,16,12,14,1245,1,2,1,1,2,70
201600041645,16,12,14,1610,1,2,1,1,3,70
201600041646,16,12,16,1800,3,2,8,1,6,70
201600041647,16,12,23,2000,5,2,1,1,1,70
201600041648,16,12,29,1015,1,2,1,1,3,70
201600041649,16,1,7,1630,1,2,4,8,6,71
201600041650,16,1,10,1304,1,2,2,8,3,71
201600041651,16,1,14,1337,1,2,3,1,6,71
201600041652,16,1,21,1800,5,2,3,1,3,71
201600041653,16,1,29,2027,3,2,1,2,6,71
201600041654,16,2,1,1445,1,2,1,1,2,71
201600041655,16,2,3,1610,1,2,3,2,6,71
201600041656,16,2,5,2230,5,2,1,1,6,71
201600041657,16,2,8,500,5,2,1,2,6,71
201600041658,16,2,13,1650,1,2,3,2,6,71
201600041659,16,2,23,1630,1,2,1,1,6,71
201600041660,16,2,29,1207,1,2,1,1,3,71
201600041661,16,3,11,615,5,2,1,1,6,71
201600041662,16,3,14,957,1,2,4,1,1,71
201600041663,16,3,16,1140,1,2,6,1,2,71
201600041664,16,3,17,1250,1,2,1,1,6,71
201600041665,16,3,18,20,5,2,3,1,3,71
201600041666,16,4,5,1310,1,2,1,1,1,71
201600041667,16,4,18,1710,1,2,1,1,1,71
201600041668,16,4,23,1817,1,2,3,1,2,71
201600041669,16,5,21,2155,5,2,1,1,6,71
201600041670,16,5,27,1340,1,2,1,1,6,71
201600041671,16,5,31,1600,1,2,3,2,3,71
201600041672,16,6,1,1130,1,2,7,1,6,71
201600041673,16,6,4,1015,1,2,1,2,2,71
201600041674,16,6,20,1820,1,2,1,3,6,71
201600041675,16,6,23,1620,1,2,2,1,3,71
201600041676,16,6,29,914,1,2,1,1,6,71
201600041677,16,6,30,2020,1,2,1,3,1,71
201600041678,16,7,19,2040,2,2,1,1,6,71
201600041679,16,7,21,400,3,2,5,1,6,71
201600041680,16,7,26,1212,1,2,1,1,6,71
201600041681,16,7,27,1010,1,2,2,1,3,71
201600041682,16,8,28,140,5,2,1,1,3,71
201600041683,16,9,9,855,1,2,1,1,3,71
201600041684,16,9,20,1550,1,2,1,1,4,71
201600041685,16,9,9,1200,1,2,1,1,6,71
201600041686,16,9,28,1330,1,2,1,1,7,71
201600041687,16,10,3,851,1,2,1,1,6,71
201600041688,16,10,5,1203,1,2,1,1,3,71
201600041689,16,10,10,1515,1,2,1,1,6,71
201600041690,16,10,12,1155,1,2,8,1,6,71
201600041691,16,10,15,1835,2,2,2,1,3,71
201600041692,16,10,16,1950,5,2,1,1,6,71
201600041693,16,10,31,1720,2,2,1,1,6,71
201600041694,16,10,23,1640,1,2,1,2,2,71
201600041695,16,11,5,945,1,2,5,2,5,71
201600041696,16,11,6,1500,1,2,1,1,3,71
201600041697,16,11,8,1151,1,2,2,8,3,71
201600041698,16,11,10,1940,5,2,2,3,3,71
201600041699,16,11,29,1150,1,2,3,1,6,71
201600041700,16,12,12,1530,1,2,1,1,2,71
201600041701,16,12,23,600,4,2,3,5,6,71
201600041702,16,5,28,330,5,2,2,1,3,5
201600041703,16,6,9,2054,5,2,1,1,3,5
201600041704,16,9,23,1340,1,2,9,1,3,5
201600041705,16,10,3,800,1,2,6,1,1,5
201600041706,16,1,4,55,5,2,1,9,5,59
201600041707,16,1,7,850,1,2,1,3,6,72
201600041708,16,1,9,2140,3,2,1,2,1,59
201600041709,16,1,21,1710,5,2,2,1,3,72
201600041710,16,2,1,2335,5,2,1,1,1,72
201600041711,16,2,10,1010,1,2,1,1,6,72
201600041712,16,2,11,540,3,2,1,1,6,59
201600041713,16,2,11,1700,1,2,3,8,6,59
201600041714,16,2,23,1630,1,2,1,1,6,59
201600041715,16,3,2,1240,1,2,1,1,6,59
201600041716,16,3,8,1055,1,2,1,1,6,59
201600041717,16,3,15,845,1,2,1,1,3,59
201600041718,16,3,20,1930,1,2,3,1,3,72
201600041719,16,3,23,1700,1,2,1,1,6,72
201600041720,16,3,26,1215,1,2,3,1,3,72
201600041721,16,3,27,650,5,2,2,9,5,72
201600041722,16,4,8,1155,1,2,1,1,6,59
201600041723,16,4,8,1630,1,2,1,1,6,59
201600041724,16,4,8,1915,1,2,3,2,3,72
201600041725,16,4,12,610,2,2,3,1,3,72
201600041726,16,4,14,2240,5,2,1,1,6,72
201600041727,16,4,16,1320,1,2,1,8,6,59
201600041728,16,4,23,1420,1,2,1,1,6,72
201600041729,16,4,26,800,1,2,1,1,3,72
201600041730,16,4,28,1345,1,2,1,1,6,59
201600041731,16,5,1,1736,1,2,1,1,2,59
201600041732,16,5,9,1814,1,2,1,1,3,72
201600041733,16,5,10,1030,1,2,3,1,3,59
201600041734,16,5,10,2215,5,2,3,2,2,72
201600041735,16,5,18,1320,1,2,1,1,5,59
201600041736,16,5,21,30,3,2,1,1,6,72
201600041737,16,5,21,1635,1,2,1,1,6,59
201600041738,16,6,1,1155,1,2,1,1,6,59
201600041739,16,6,6,2000,1,2,1,1,3,72
201600041740,16,6,7,1730,1,2,1,1,2,72
201600041741,16,6,10,850,1,2,1,1,6,72
201600041742,16,6,21,1545,1,2,3,2,3,59
201600041743,16,6,24,1859,1,2,1,1,6,72
201600041744,16,6,24,1809,1,2,1,1,6,59
201600041745,16,6,25,1950,1,2,1,1,6,72
201600041746,16,7,6,1330,1,2,3,1,6,72
201600041747,16,7,7,2100,1,2,1,1,6,72
201600041748,16,7,8,1200,1,2,3,1,6,59
201600041749,16,7,13,1800,1,2,2,1,3,59
201600041750,16,7,18,1130,1,2,2,1,2,72
201600041751,16,7,29,1045,1,2,2,1,6,59
201600041752,16,8,17,1710,1,2,1,1,1,59
201600041753,16,8,20,1505,1,2,1,1,6,59
201600041754,16,8,23,1020,1,2,1,1,6,72
201600041755,16,8,25,1030,1,2,1,1,3,72
201600041756,16,9,7,940,1,2,3,1,4,72
201600041757,16,9,14,1830,1,2,1,1,3,59
201600041758,16,9,28,1330,1,2,1,1,5,59
201600041759,16,10,8,700,2,2,1,1,2,59
201600041760,16,10,9,2315,5,2,4,1,3,59
201600041761,16,10,10,918,1,2,3,1,3,59
201600041762,16,10,17,1730,1,2,1,1,5,72
201600041763,16,10,26,2040,5,2,1,1,6,59
201600041764,16,11,12,830,1,2,3,1,2,59
201600041765,16,11,16,1709,1,2,1,1,6,72
201600041766,16,11,24,1710,1,2,1,1,6,72
201600041767,16,11,29,810,1,2,1,1,6,72
201600041768,16,12,1,230,5,2,1,1,7,72
201600041769,16,12,9,1815,5,2,1,1,6,72
201600041770,16,5,15,610,2,2,1,1,6,59
201600041771,16,3,11,2250,5,2,1,1,6,72
201600041772,16,12,3,600,5,2,1,1,2,72
201600041773,16,1,5,815,2,2,9,2,6,73
201600041774,16,1,7,850,2,2,1,3,2,78
201600041775,16,1,8,1130,1,2,1,1,6,73
201600041776,16,1,11,1255,1,2,3,2,3,78
201600041777,16,1,13,1830,5,2,9,1,6,73
201600041778,16,1,19,815,5,2,1,1,2,73
201600041779,16,1,30,420,5,2,2,1,3,78
201600041780,16,2,5,1030,1,2,2,1,3,78
201600041781,16,2,6,1745,5,2,2,1,6,78
201600041782,16,3,1,1755,2,2,1,2,3,78
201600041783,16,3,4,1035,1,2,2,1,3,78
201600041784,16,3,4,1810,1,2,1,3,5,78
201600041785,16,3,8,1610,1,2,1,1,6,78
201600041786,16,3,8,1800,1,2,1,1,6,78
201600041787,16,3,12,1450,1,2,1,1,2,73
201600041788,16,3,14,850,1,2,1,1,2,73
201600041789,16,3,15,1630,1,2,2,1,6,78
201600041790,16,3,24,1930,2,2,1,1,6,73
201600041791,16,4,3,645,2,2,1,1,6,73
201600041792,16,4,4,1230,1,2,2,1,6,78
201600041793,16,4,10,1320,1,2,2,1,3,78
201600041794,16,4,10,1945,1,2,3,1,3,78
201600041795,16,4,12,1930,1,2,2,1,2,78
201600041796,16,4,14,1645,1,2,1,1,6,78
201600041797,16,4,19,1000,1,2,3,1,3,78
201600041798,16,4,28,810,1,2,2,1,3,73
201600041799,16,5,8,1910,1,2,3,1,3,78
201600041800,16,5,11,1220,1,2,1,1,2,73
201600041801,16,5,12,1728,1,2,2,1,6,73
201600041802,16,5,14,700,2,2,1,1,6,73
201600041803,16,5,15,1420,1,2,2,1,3,78
201600041804,16,5,17,1800,1,2,1,1,6,78
201600041805,16,5,23,1713,1,2,1,2,3,78
201600041806,16,5,26,2010,1,2,2,1,3,73
201600041807,16,6,9,2013,1,2,1,1,1,73
201600041808,16,6,10,1700,1,2,1,1,4,78
201600041809,16,6,11,1500,1,2,1,1,6,78
201600041810,16,6,15,1315,1,2,1,1,2,78
201600041811,16,6,15,1800,1,1,1,2,3,78
201600041812,16,6,24,1554,1,2,1,1,2,73
201600041813,16,6,24,2250,5,2,2,1,3,78
201600041814,16,6,27,2320,5,2,2,1,1,78
201600041815,16,7,1,1750,1,2,1,1,3,73
201600041816,16,7,7,2300,5,2,1,1,5,78
201600041817,16,7,10,1145,1,2,1,1,6,73
201600041818,16,7,12,1130,1,2,2,1,3,78
201600041819,16,7,13,2130,5,2,6,3,3,73
201600041820,16,7,14,825,1,2,1,2,6,78
201600041821,16,7,17,1505,1,2,1,1,2,78
201600041822,16,7,17,1950,2,2,6,1,6,78
201600041823,16,7,20,1436,1,2,6,1,2,78
201600041824,16,7,22,1830,1,1,7,1,2,78
201600041825,16,7,26,750,1,2,2,1,3,73
201600041826,16,8,13,1125,2,2,2,1,3,78
201600041827,16,8,24,1830,1,2,2,1,3,73
201600041828,16,8,26,955,1,1,9,9,6,78
201600041829,16,9,3,1200,1,1,1,1,6,78
201600041830,16,9,7,1230,1,2,1,1,6,73
201600041831,16,9,9,1415,1,2,2,1,1,73
201600041832,16,9,12,916,1,2,1,1,6,78
201600041833,16,9,19,815,1,2,2,2,6,78
201600041834,16,9,22,2100,5,2,2,1,3,78
201600041835,16,9,25,1620,1,2,3,1,3,78
201600041836,16,9,26,1400,1,2,1,1,6,78
201600041837,16,9,27,1620,1,2,1,1,4,78
201600041838,16,10,12,1755,1,1,1,1,2,78
201600041839,16,10,13,1800,1,2,1,1,6,78
201600041840,16,10,16,1940,5,2,1,1,2,78
201600041841,16,10,16,2020,5,2,1,1,6,73
201600041842,16,10,20,1315,1,2,1,1,2,78
201600041843,16,10,21,1638,1,2,1,1,6,78
201600041844,16,10,21,1650,1,2,6,1,2,78
201600041845,16,10,23,1630,1,2,2,2,3,73
201600041846,16,10,24,1240,1,2,3,2,3,78
201600041847,16,11,2,1015,1,2,1,1,2,78
201600041848,16,11,2,2045,5,2,2,1,3,73
201600041849,16,11,3,1700,1,2,1,1,3,78
201600041850,16,11,4,1355,1,2,8,2,6,78
201600041851,16,11,4,1945,5,2,2,2,3,73
201600041852,16,11,9,1920,5,2,1,2,2,78
201600041853,16,11,12,1320,1,2,1,1,3,78
201600041854,16,11,14,714,2,1,1,1,5,73
201600041855,16,11,15,1715,5,2,3,2,6,78
201600041856,16,11,17,1608,1,2,6,1,2,78
201600041857,16,11,20,2040,5,2,2,2,1,73
201600041858,16,11,21,1015,1,2,3,2,3,78
201600041859,16,11,25,1605,1,2,2,1,6,78
201600041860,16,11,26,1807,5,2,1,8,1,73
201600041861,16,12,4,1355,1,2,3,1,3,78
201600041862,16,12,7,620,5,2,1,1,5,73
201600041863,16,12,8,1040,1,2,3,1,1,73
201600041864,16,12,9,800,1,2,1,1,5,78
201600041865,16,12,13,1945,5,2,2,1,3,78
201600041866,16,12,20,1600,1,2,1,1,6,73
201600041867,16,12,21,800,1,2,1,1,3,73
201600041868,16,12,23,1335,1,2,1,1,2,78
201600041869,16,12,28,1155,1,2,1,1,6,78
201600041870,16,12,1,1040,1,2,1,1,3,78
201600041871,16,1,7,1240,1,2,1,1,4,22
201600041872,16,1,22,1810,5,2,2,2,6,2
201600041873,16,1,25,910,1,2,2,1,3,2
201600041874,16,1,28,925,1,2,3,2,6,2
201600041875,16,1,31,1830,5,2,2,2,3,2
201600041876,16,2,1,1830,5,2,1,1,3,2
201600041877,16,2,12,930,1,2,1,2,2,2
201600041878,16,2,25,1015,1,2,3,1,1,2
201600041879,16,2,26,20,5,2,3,1,6,2
201600041880,16,3,15,800,1,2,3,1,6,2
201600041881,16,3,15,1300,1,2,1,1,4,2
201600041882,16,4,1,1800,1,2,2,1,6,2
201600041883,16,4,5,1940,1,2,1,1,6,2
201600041884,16,6,15,910,1,2,3,8,7,2
201600041885,16,6,24,1310,1,2,3,1,6,2
201600041886,16,7,12,1220,1,2,2,1,3,2
201600041887,16,7,26,2150,1,2,1,1,6,2
201600041888,16,8,1,1010,1,2,2,1,2,2
201600041889,16,8,7,2345,3,2,3,1,3,2
201600041890,16,8,31,1655,1,2,2,1,6,2
201600041891,16,8,31,1700,1,2,2,1,6,2
201600041892,16,9,21,820,1,2,2,1,6,2
201600041893,16,9,21,1045,1,2,1,1,6,2
201600041894,16,9,22,1035,1,2,1,1,7,2
201600041895,16,10,3,1520,1,2,3,1,6,2
201600041896,16,10,4,1650,1,2,1,1,6,2
201600041897,16,10,6,1355,1,2,1,1,1,2
201600041898,16,10,13,800,1,2,1,1,6,2
201600041899,16,10,13,1840,2,2,3,1,6,2
201600041900,16,10,18,1750,1,2,3,2,3,2
201600041901,16,10,23,1500,1,2,1,1,6,2
201600041902,16,10,25,1355,1,2,3,1,1,2
201600041903,16,11,4,1515,1,2,1,3,6,2
201600041904,16,11,12,1710,5,2,1,8,6,2
201600041905,16,11,21,750,2,2,4,2,6,2
201600041906,16,12,8,1610,1,2,9,1,1,2
201600041907,16,12,9,1735,5,2,1,1,5,2
201600041908,16,12,9,2020,5,2,3,1,3,2
201600041909,16,12,30,2205,5,2,9,5,6,2
201600041910,16,8,30,845,1,2,1,1,7,71
201600041911,16,10,2,1925,1,2,2,1,3,47
201600041912,16,10,2,1450,1,2,1,1,6,71
201600041913,16,10,3,1640,1,2,1,1,6,71
201600041914,16,10,4,800,1,2,3,1,3,71
201600041915,16,10,4,1707,1,2,3,1,6,4
201600041916,16,10,6,1420,1,2,6,1,1,44
201600041917,16,10,7,1730,1,2,1,1,3,47
201600041918,16,10,10,1810,1,2,6,8,3,4
201600041919,16,10,12,1810,1,2,1,1,6,75
201600041920,16,10,14,945,1,2,1,1,5,44
201600041921,16,10,15,100,3,1,1,2,6,4
201600041922,16,10,15,2055,5,2,1,1,1,47
201600041923,16,10,17,1600,1,1,1,2,2,75
201600041924,16,10,21,601,5,2,3,2,3,47
201600041925,16,10,23,2040,3,2,1,3,6,4
201600041926,16,10,24,730,5,2,3,2,6,71
201600041927,16,10,25,1759,1,2,3,1,3,71
201600041928,16,10,27,1220,1,2,3,1,3,75
201600041929,16,10,28,1651,1,2,1,8,2,71
201600041930,16,10,28,1745,1,2,1,8,6,47
201600041931,16,11,1,340,5,2,1,1,6,71
201600041932,16,1,2,1000,1,2,1,1,2,71
201600041933,16,1,4,600,5,2,1,2,3,4
201600041934,16,11,4,2147,5,2,3,3,3,75
201600041935,16,11,5,1545,1,1,3,8,5,75
201600041936,16,1,6,1300,1,2,4,1,6,71
201600041937,16,11,6,1828,2,2,1,2,6,70
201600041938,16,1,8,846,2,2,3,1,6,56
201600041939,16,1,8,1000,1,2,6,1,6,44
201600041940,16,1,8,2030,5,2,3,1,3,75
201600041941,16,9,1,915,1,1,1,1,4,11
201600041942,16,1,9,830,2,2,3,1,6,4
201600041943,16,4,1,2120,5,2,1,9,7,4
201600041944,16,11,10,1605,1,2,1,8,6,44
201600041945,16,1,10,1840,3,2,1,8,6,4
201600041946,16,11,10,1845,5,2,1,3,6,75
201600041947,16,11,11,1330,1,2,3,1,2,75
201600041948,16,11,12,1650,2,2,1,2,3,4
201600041949,16,1,13,1600,1,2,2,1,2,48
201600041950,16,1,14,1105,1,2,1,2,2,4
201600041951,16,1,15,658,5,2,1,1,6,47
201600041952,16,11,15,1839,5,2,1,2,6,71
201600041953,16,1,17,1950,5,2,1,1,6,44
201600041954,16,1,18,1245,1,1,2,1,3,4
201600041955,16,11,19,1425,1,1,1,1,7,70
201600041956,16,1,21,1317,1,2,2,1,3,71
201600041957,16,5,25,1450,1,2,2,1,7,4
201600041958,16,1,27,1900,5,2,3,1,5,71
201600041959,16,11,28,2230,5,2,1,1,7,4
201600041960,16,1,28,110,5,2,1,2,6,75
201600041961,16,1,28,2050,5,2,1,1,3,4
201600041962,16,1,29,1400,1,2,3,1,1,71
201600041963,16,11,30,1415,1,2,3,1,1,75
201600041964,16,1,31,1255,1,1,1,2,6,4
201600041965,16,3,1,320,5,2,2,1,6,44
201600041966,16,3,2,1810,1,2,3,2,2,71
201600041967,16,3,10,1940,5,2,1,1,6,44
201600041968,16,4,23,48,5,2,1,1,7,4
201600041969,16,2,1,740,1,2,3,1,6,44
201600041970,16,2,1,1330,1,2,1,1,2,44
201600041971,16,12,2,1625,2,2,3,1,2,70
201600041972,16,2,2,2110,5,2,2,8,3,44
201600041973,16,12,2,2053,5,2,1,1,3,71
201600041974,16,12,3,900,1,2,1,1,7,4
201600041975,16,2,5,2030,3,1,1,1,3,44
201600041976,16,12,5,1138,2,2,1,1,6,47
201600041977,16,2,6,1615,1,2,2,1,1,44
201600041978,16,12,6,2130,3,2,1,1,6,4
201600041979,16,12,8,702,5,1,3,1,1,75
201600041980,16,12,8,1140,1,2,1,1,2,4
201600041981,16,2,9,840,1,2,1,2,3,71
201600041982,16,12,9,200,5,2,1,1,7,71
201600041983,16,12,9,607,5,2,3,1,6,44
201600041984,16,12,9,1240,1,1,1,1,6,4
201600041985,16,2,10,850,1,2,1,1,3,44
201600041986,16,12,10,810,1,2,2,1,2,71
201600041987,16,12,11,1330,1,2,3,8,3,75
201600041988,16,12,14,1610,1,2,1,1,1,71
201600041989,16,12,14,1850,3,2,1,1,6,71
201600041990,16,2,16,1600,1,2,1,1,6,75
201600041991,16,12,16,949,1,2,1,1,6,44
201600041992,16,12,17,2325,5,2,1,1,6,71
201600041993,16,12,18,1430,1,1,3,5,5,75
201600041994,16,12,18,1710,3,2,1,5,6,4
201600041995,16,12,21,1645,5,2,1,8,6,47
201600041996,16,12,22,1725,5,2,1,2,6,71
201600041997,16,2,24,715,1,2,2,8,3,71
201600041998,16,12,27,1233,1,2,3,1,6,75
201600041999,16,4,25,1610,1,2,3,1,3,44
201600042000,16,5,1,1110,1,2,3,1,2,75
201600042001,16,12,9,900,1,2,3,1,3,70
201600042002,16,3,1,1145,1,2,6,2,3,71
201600042003,16,3,3,900,1,2,3,1,2,71
201600042004,16,3,22,800,1,2,1,1,3,44
201600042005,16,3,17,1630,1,2,1,1,4,70
201600042006,16,3,21,1930,3,2,1,1,2,4
201600042007,16,3,28,2225,5,2,4,2,3,44
201600042008,16,3,29,900,1,2,1,1,7,4
201600042009,16,3,29,1615,1,2,1,8,6,71
201600042010,16,4,1,800,1,2,4,9,4,71
201600042011,16,3,24,1500,1,2,1,1,4,4
201600042012,16,4,5,755,1,2,2,1,3,75
201600042013,16,6,24,2005,1,2,1,1,4,71
201600042014,16,4,7,140,5,2,3,1,6,71
201600042015,16,4,8,1425,1,2,1,1,6,44
201600042016,16,4,8,1630,1,2,1,1,2,70
201600042017,16,11,4,1540,1,1,1,2,1,48
201600042018,16,11,4,1815,1,2,1,2,5,71
201600042019,16,4,13,855,1,2,1,9,6,4
201600042020,16,4,15,2045,5,2,1,1,6,44
201600042021,16,4,16,1610,1,2,3,2,2,44
201600042022,16,4,17,920,1,2,6,1,3,44
201600042023,16,4,24,2045,2,2,1,8,7,4
201600042024,16,4,27,1345,1,2,1,1,6,47
201600042025,16,4,28,1450,1,2,1,1,6,70
201600042026,16,4,29,800,1,2,1,1,2,44
201600042027,16,4,30,1745,1,2,1,2,6,71
201600042028,16,2,15,900,1,2,2,1,3,44
201600042029,16,5,4,1830,1,2,3,7,6,44
201600042030,16,6,25,2010,1,2,3,1,3,75
201600042031,16,5,7,840,1,2,1,1,5,48
201600042032,16,9,25,450,3,1,1,1,6,4
201600042033,16,5,9,420,5,2,1,8,6,44
201600042034,16,5,11,732,1,2,2,5,5,48
201600042035,16,5,12,745,1,2,3,1,6,47
201600042036,16,5,12,1700,1,2,1,3,6,70
201600042037,16,5,24,840,1,2,3,1,3,71
201600042038,16,5,25,730,1,2,3,1,6,75
201600042039,16,5,26,920,1,2,1,1,4,71
201600042040,16,5,30,935,1,2,1,3,2,4
201600042041,16,5,30,1500,1,2,1,3,6,71
201600042042,16,5,31,1510,1,2,1,3,7,71
201600042043,16,6,25,415,3,2,1,1,6,71
201600042044,16,6,4,1630,1,2,3,1,3,71
201600042045,16,6,7,1555,1,2,1,1,6,44
201600042046,16,7,6,5,5,2,2,1,3,75
201600042047,16,6,9,1425,1,2,4,1,3,71
201600042048,16,6,10,1750,1,2,1,1,2,4
201600042049,16,6,11,1645,1,2,1,3,6,56
201600042050,16,12,6,1715,5,2,4,1,7,4
201600042051,16,6,15,1715,1,2,1,1,4,4
201600042052,16,6,17,1930,1,1,1,3,5,70
201600042053,16,6,17,640,1,2,1,1,2,44
201600042054,16,6,21,1100,1,2,2,2,6,71
201600042055,16,6,25,2055,1,2,1,1,3,71
201600042056,16,7,9,1940,1,2,1,1,2,48
201600042057,16,7,11,555,1,2,1,1,2,4
201600042058,16,7,13,1645,1,2,1,1,2,44
201600042059,16,7,20,950,1,1,2,1,2,70
201600042060,16,7,30,2040,1,2,3,1,7,75
201600042061,16,12,6,2110,3,2,1,1,6,4
201600042062,16,12,4,1040,1,2,1,1,6,71
201600042063,16,12,10,1545,1,2,1,1,3,4
201600042064,16,8,2,820,1,2,2,2,2,4
201600042065,16,9,8,1500,1,2,1,1,6,47
201600042066,16,9,8,1830,1,2,1,1,3,71
201600042067,16,8,19,2330,5,2,1,1,6,48
201600042068,16,8,20,1020,1,2,6,1,3,4
201600042069,16,9,2,1115,1,1,3,1,3,75
201600042070,16,9,8,750,1,2,1,1,6,71
201600042071,16,11,29,1915,5,2,3,1,5,71
201600042072,16,9,19,940,1,2,3,2,3,70
201600042073,16,9,19,1025,1,2,1,2,6,44
201600042074,16,9,22,745,1,2,1,1,6,71
201600042075,16,9,24,1507,1,2,3,1,2,71
201600042076,16,9,25,625,4,2,2,1,6,56
201600042077,16,9,29,1737,1,2,1,1,2,4
201600042078,16,11,21,745,5,2,3,2,7,47
201600042079,16,10,31,1930,2,2,3,1,3,71
201600042080,16,1,1,1700,5,2,1,1,2,17
201600042081,16,1,6,1330,1,2,2,1,1,17
201600042082,16,1,7,1030,1,2,1,1,6,17
201600042083,16,1,11,130,5,2,1,1,3,17
201600042084,16,1,11,1730,5,2,1,1,2,17
201600042085,16,1,13,1030,1,2,1,1,2,17
201600042086,16,1,15,1100,1,2,1,1,6,17
201600042087,16,1,19,1955,5,2,1,1,6,17
201600042088,16,1,20,820,1,2,4,1,3,17
201600042089,16,1,23,1940,5,2,1,1,2,17
201600042090,16,1,29,1825,5,2,6,1,6,17
201600042091,16,1,31,1435,1,2,1,1,2,17
201600042092,16,2,4,2240,5,2,2,1,3,17
201600042093,16,2,8,620,1,2,1,1,6,17
201600042094,16,2,9,745,1,2,2,1,6,17
201600042095,16,2,14,750,1,2,6,1,3,17
201600042096,16,2,29,1140,1,2,4,1,6,17
201600042097,16,2,15,1305,1,2,3,1,3,17
201600042098,16,2,22,1755,1,2,3,2,3,17
201600042099,16,2,23,1150,1,2,3,1,3,17
201600042100,16,2,26,1505,1,2,1,1,6,17
201600042101,16,2,26,1540,1,1,2,1,6,17
201600042102,16,2,29,1230,1,2,3,1,3,17
201600042103,16,3,8,1800,1,2,2,1,3,17
201600042104,16,3,9,635,2,2,1,1,3,17
201600042105,16,3,11,1725,1,2,2,1,3,17
201600042106,16,3,13,2230,5,2,3,1,5,17
201600042107,16,3,17,930,1,2,1,1,2,17
201600042108,16,3,22,1845,2,2,1,1,2,17
201600042109,16,3,25,835,1,2,3,2,6,17
201600042110,16,3,29,910,1,2,3,1,3,17
201600042111,16,4,2,1450,1,2,2,1,1,17
201600042112,16,4,6,610,1,1,2,1,3,17
201600042113,16,4,8,1020,1,2,2,1,2,17
201600042114,16,4,8,1630,1,2,3,1,6,17
201600042115,16,4,10,600,2,2,1,1,6,17
201600042116,16,4,14,2115,5,2,1,2,6,17
201600042117,16,4,16,1550,1,2,6,1,3,17
201600042118,16,4,26,1505,1,2,1,1,6,17
201600042119,16,4,27,1715,1,2,3,1,1,17
201600042120,16,4,28,820,1,2,2,1,3,17
201600042121,16,5,2,1900,2,2,1,1,7,17
201600042122,16,5,4,1615,1,2,2,1,6,17
201600042123,16,5,4,1740,1,2,1,1,2,17
201600042124,16,5,6,720,1,2,3,1,2,17
201600042125,16,5,6,1905,1,2,1,1,6,17
201600042126,16,3,18,1930,2,2,3,1,2,17
201600042127,16,5,11,745,2,2,1,1,2,17
201600042128,16,5,11,1730,1,2,1,1,1,17
201600042129,16,5,18,1710,2,2,1,1,2,17
201600042130,16,5,16,2225,5,2,3,1,3,17
201600042131,16,5,23,1220,1,2,6,3,6,17
201600042132,16,5,31,915,1,2,1,1,6,17
201600042133,16,5,31,730,1,2,1,3,1,17
201600042134,16,5,31,2055,5,2,2,2,3,17
201600042135,16,6,3,1320,1,2,1,1,6,17
201600042136,16,6,5,855,1,2,2,1,6,17
201600042137,16,6,7,1235,1,2,6,1,3,17
201600042138,16,6,13,1710,1,2,1,1,6,17
201600042139,16,6,15,820,1,2,6,8,1,17
201600042140,16,6,17,10,5,2,2,1,1,17
201600042141,16,6,17,1340,1,2,1,1,6,17
201600042142,16,6,18,1945,1,2,1,2,3,17
201600042143,16,6,21,930,1,2,6,1,2,17
201600042144,16,6,25,1920,1,2,1,1,3,17
201600042145,16,7,3,2210,5,2,3,1,1,17
201600042146,16,7,8,1830,1,2,1,1,3,17
201600042147,16,7,9,555,1,1,2,1,1,17
201600042148,16,7,10,1155,1,2,1,1,2,17
201600042149,16,7,11,10,5,2,1,1,1,17
201600042150,16,7,18,1900,1,2,1,1,3,17
201600042151,16,7,18,1930,1,2,1,1,6,17
201600042152,16,7,21,1405,1,2,1,1,3,17
201600042153,16,7,23,930,1,2,2,1,1,17
201600042154,16,7,29,940,1,2,2,1,3,17
201600042155,16,7,29,1945,1,2,1,1,2,17
201600042156,16,7,30,2035,2,2,1,1,6,17
201600042157,16,7,31,1645,1,2,6,1,7,17
201600042158,16,8,1,1725,1,2,1,1,2,17
201600042159,16,8,3,1315,1,2,1,1,3,17
201600042160,16,8,6,2025,2,2,3,1,3,17
201600042161,16,8,10,920,1,2,2,1,1,17
201600042162,16,8,10,950,1,2,3,7,3,17
201600042163,16,8,11,108,5,2,2,1,3,17
201600042164,16,8,16,2035,2,2,2,1,1,17
201600042165,16,8,30,1020,1,2,2,1,6,17
201600042166,16,9,6,1345,1,2,1,1,3,17
201600042167,16,9,6,1700,1,2,1,1,2,17
201600042168,16,9,7,715,1,2,1,1,1,17
201600042169,16,9,7,1130,1,2,1,1,2,17
201600042170,16,9,7,1715,1,2,1,1,6,17