Num_Acc,an,mois,jour,hrmn,lum,agg,int,atm,col,com
201600042171,16,9,10,1630,1,2,1,1,6,17
201600042172,16,9,13,855,1,2,1,1,3,17
201600042173,16,9,18,1530,1,2,2,1,5,17
201600042174,16,9,21,1535,1,2,2,1,6,17
201600042175,16,9,26,1115,1,2,2,1,4,17
201600042176,16,9,27,2235,5,2,1,1,6,17
201600042177,16,9,28,1250,1,2,1,1,1,17
201600042178,16,10,2,1700,1,2,1,1,3,17
201600042179,16,10,5,1930,1,2,2,1,3,17
201600042180,16,10,9,550,1,2,1,1,1,17
201600042181,16,10,10,845,1,2,1,1,4,17
201600042182,16,10,13,1100,1,2,1,1,6,17
201600042183,16,10,16,1930,5,2,1,1,3,17
201600042184,16,10,20,2135,5,2,2,1,2,17
201600042185,16,10,22,1930,2,2,2,1,1,17
201600042186,16,10,24,2115,5,2,1,1,1,17
201600042187,16,10,27,2035,5,2,1,1,2,17
201600042188,16,10,30,230,5,2,2,1,1,17
201600042189,16,11,10,1210,1,2,3,1,6,17
201600042190,16,11,10,1840,2,2,1,2,3,17
201600042191,16,11,13,800,1,2,2,1,5,17
201600042192,16,11,13,930,1,2,1,2,2,17
201600042193,16,11,16,1925,5,2,3,1,3,17
201600042194,16,11,18,1610,1,2,6,1,7,17
201600042195,16,11,25,1745,2,2,1,1,6,17
201600042196,16,11,26,1830,5,2,1,1,6,17
201600042197,16,11,30,900,1,2,1,1,2,17
201600042198,16,12,14,705,5,2,6,1,6,17
201600042199,16,12,16,1550,1,2,2,1,3,17
201600042200,16,12,17,1710,1,2,1,1,2,17
201600042201,16,12,25,1410,1,2,1,1,3,17
201600042202,16,12,30,1730,5,2,1,5,6,17
201600042203,16,1,5,1240,1,2,1,2,1,17
201600042204,16,12,31,1305,1,2,6,5,2,17
201600042205,16,1,5,915,1,2,2,2,3,69
201600042206,16,3,14,2338,3,2,2,1,6,18
201600042207,16,1,22,652,5,2,3,1,3,18
201600042208,16,1,28,1645,1,2,1,1,3,18
201600042209,16,2,2,1940,5,2,1,8,6,18
201600042210,16,2,3,1825,2,2,1,2,3,69
201600042211,16,2,12,815,1,2,1,2,1,18
201600042212,16,2,12,1540,1,2,1,8,3,69
201600042213,16,2,22,1845,5,2,1,2,6,18
201600042214,16,2,26,1850,5,2,3,1,6,18
201600042215,16,3,4,1155,1,2,4,1,6,18
201600042216,16,3,5,840,1,2,3,2,2,69
201600042217,16,3,13,900,1,2,3,1,2,18
201600042218,16,3,14,1525,1,2,4,1,6,18
201600042219,16,3,29,1345,1,2,2,1,3,18
201600042220,16,3,31,925,1,2,1,2,3,18
201600042221,16,4,11,1550,1,2,4,2,7,18
201600042222,16,4,13,1240,1,2,1,1,3,18
201600042223,16,4,20,925,1,2,1,1,2,18
201600042224,16,4,24,530,5,2,3,1,3,18
201600042225,16,5,4,730,1,2,1,1,3,69
201600042226,16,5,5,1040,1,2,2,1,3,69
201600042227,16,5,11,1310,1,2,1,2,3,18
201600042228,16,5,18,630,2,2,1,1,3,18
201600042229,16,5,19,2015,1,2,2,1,3,18
201600042230,16,5,20,820,1,2,3,1,6,18
201600042231,16,6,8,1805,1,2,1,1,6,18
201600042232,16,6,16,825,1,2,1,1,6,18
201600042233,16,6,28,1150,1,2,1,1,2,18
201600042234,16,7,1,1000,1,2,1,1,6,69
201600042235,16,7,3,1200,1,2,1,1,2,69
201600042236,16,7,6,800,1,2,1,1,3,69
201600042237,16,7,7,1735,1,2,4,1,3,69
201600042238,16,7,21,240,5,2,9,1,7,18
201600042239,16,8,5,1820,1,2,4,1,3,18
201600042240,16,8,10,755,1,2,1,1,1,18
201600042241,16,8,18,1310,1,2,1,2,7,18
201600042242,16,8,23,1130,1,2,1,1,2,18
201600042243,16,8,23,1935,1,2,1,1,6,18
201600042244,16,8,31,1155,1,2,9,1,3,69
201600042245,16,9,4,1945,2,2,1,1,6,69
201600042246,16,9,11,730,1,2,1,8,7,69
201600042247,16,9,19,1930,2,2,3,1,2,18
201600042248,16,9,21,310,5,2,3,1,3,18
201600042249,16,9,26,1830,1,2,1,1,3,69
201600042250,16,10,1,1415,1,2,1,1,3,18
201600042251,16,10,5,1640,1,2,1,1,3,69
201600042252,16,10,12,830,1,2,1,1,6,18
201600042253,16,10,14,1650,1,2,2,2,6,18
201600042254,16,10,16,1435,1,2,1,1,6,69
201600042255,16,10,17,800,1,2,1,8,3,18
201600042256,16,11,2,1420,1,2,2,1,5,69
201600042257,16,11,3,1005,1,2,1,1,3,18
201600042258,16,11,7,1015,1,2,1,2,3,69
201600042259,16,11,14,930,1,1,1,1,6,69
201600042260,16,11,21,1400,1,2,1,2,6,69
201600042261,16,12,5,1850,5,2,1,1,3,18
201600042262,16,12,8,1935,5,2,1,1,6,18
201600042263,16,12,15,1745,5,2,6,1,6,69
201600042264,16,12,26,1730,5,2,3,1,6,18
201600042265,16,12,30,1630,1,2,1,1,6,18
201600042266,16,1,4,955,1,2,3,1,6,79
201600042267,16,1,7,725,5,2,2,3,3,59
201600042268,16,1,7,2135,5,2,2,1,3,55
201600042269,16,1,9,505,3,1,3,1,6,53
201600042270,16,1,10,1950,5,2,3,2,6,19
201600042271,16,1,18,1140,1,2,5,1,2,79
201600042272,16,1,18,1820,5,2,2,1,6,79
201600042273,16,1,19,1945,5,1,1,1,2,79
201600042274,16,2,5,1815,5,2,3,2,6,55
201600042275,16,2,8,1850,5,2,6,9,1,79
201600042276,16,2,11,1000,1,2,3,1,2,19
201600042277,16,2,18,1525,1,1,1,2,6,55
201600042278,16,2,19,1705,1,2,2,1,3,59
201600042279,16,2,22,1940,5,2,2,2,3,79
201600042280,16,2,29,815,1,2,3,1,2,79
201600042281,16,3,1,1630,1,2,4,3,6,79
201600042282,16,3,2,1530,1,2,1,1,4,79
201600042283,16,3,6,905,1,2,1,1,6,79
201600042284,16,3,16,825,1,2,3,1,3,55
201600042285,16,3,17,1715,1,2,3,1,3,55
201600042286,16,3,22,800,1,2,3,1,3,19
201600042287,16,3,25,625,2,2,1,2,6,79
201600042288,16,3,25,1115,1,2,2,2,2,55
201600042289,16,4,4,1200,1,2,3,1,3,19
201600042290,16,4,5,755,1,2,3,1,1,53
201600042291,16,4,9,1750,1,2,4,2,1,55
201600042292,16,4,22,1745,1,2,1,1,2,55
201600042293,16,4,29,440,5,2,6,1,3,55
201600042294,16,5,1,1910,1,2,1,1,6,79
201600042295,16,5,12,1435,1,2,2,8,3,59
201600042296,16,5,14,1830,2,2,1,1,4,79
201600042297,16,5,18,1500,1,2,2,8,3,60
201600042298,16,5,19,845,1,2,2,2,3,55
201600042299,16,5,28,1830,1,2,1,1,6,60
201600042300,16,5,30,1215,1,2,1,2,2,19
201600042301,16,6,6,1850,1,2,1,1,2,60
201600042302,16,6,15,1240,1,2,1,1,1,60
201600042303,16,6,16,2245,5,2,2,1,3,79
201600042304,16,6,22,1400,1,1,1,1,3,19
201600042305,16,6,23,2020,1,2,1,1,3,19
201600042306,16,6,24,615,1,2,2,1,3,55
201600042307,16,6,29,1840,1,2,6,1,3,60
201600042308,16,7,4,1810,1,2,6,1,3,19
201600042309,16,7,10,1315,1,2,3,1,3,60
201600042310,16,7,10,2355,5,2,1,1,6,79
201600042311,16,7,15,1025,1,2,1,1,6,19
201600042312,16,7,28,1420,1,2,1,1,6,19
201600042313,16,8,3,2045,1,2,1,2,2,79
201600042314,16,8,9,1030,1,2,2,1,3,79
201600042315,16,8,11,2025,1,2,1,1,3,59
201600042316,16,8,16,800,1,2,1,1,2,60
201600042317,16,8,17,1830,1,2,1,7,3,55
201600042318,16,8,18,708,1,2,4,2,3,19
201600042319,16,8,21,1330,1,2,2,1,3,19
201600042320,16,8,26,805,1,2,6,7,6,79
201600042321,16,8,30,1945,1,1,2,1,3,79
201600042322,16,9,3,1510,1,2,1,1,7,79
201600042323,16,9,12,835,1,2,2,1,6,59
201600042324,16,9,16,935,1,2,1,1,3,60
201600042325,16,9,19,1750,1,2,1,1,6,55
201600042326,16,9,19,1815,1,2,9,1,3,55
201600042327,16,9,21,1000,1,2,1,1,3,53
201600042328,16,9,21,1710,1,2,1,1,3,60
201600042329,16,9,24,1135,1,2,2,1,3,79
201600042330,16,9,25,1900,1,2,2,1,3,79
201600042331,16,10,5,1900,2,2,1,1,4,19
201600042332,16,10,6,1845,1,2,1,1,3,79
201600042333,16,10,13,1645,1,2,2,2,3,79
201600042334,16,10,14,2035,3,2,1,3,6,79
201600042335,16,10,22,1000,1,2,3,5,3,60
201600042336,16,10,23,20,5,2,6,1,3,79
201600042337,16,10,22,1840,2,2,1,1,6,59
201600042338,16,10,23,1820,5,2,6,3,6,79
201600042339,16,10,28,1430,1,2,2,1,1,60
201600042340,16,10,29,2340,5,2,1,1,7,79
201600042341,16,11,4,1609,1,2,3,3,3,60
201600042342,16,11,7,725,2,2,1,4,6,79
201600042343,16,11,8,1425,1,2,9,2,4,79
201600042344,16,11,12,1255,1,2,1,8,2,19
201600042345,16,11,15,605,5,2,1,2,1,59
201600042346,16,11,15,1020,1,2,3,1,3,53
201600042347,16,11,15,1410,1,2,1,8,6,79
201600042348,16,11,15,1817,5,2,1,2,4,55
201600042349,16,11,17,800,1,2,3,8,3,79
201600042350,16,11,19,1535,1,2,1,8,6,79
201600042351,16,11,22,1545,1,2,1,8,6,59
201600042352,16,11,23,1755,2,2,1,9,6,79
201600042353,16,11,26,1826,5,2,8,1,6,55
201600042354,16,11,30,830,1,2,3,1,3,60
201600042355,16,12,5,740,2,2,1,1,6,79
201600042356,16,12,6,1650,3,2,1,1,3,55
201600042357,16,12,10,610,5,2,2,1,3,55
201600042358,16,12,14,2230,5,2,4,1,3,55
201600042359,16,12,16,1800,5,2,2,1,3,79
201600042360,16,12,18,1240,1,2,3,1,3,55
201600042361,16,12,22,1010,1,2,3,2,2,60
201600042362,16,12,22,1335,1,2,1,2,3,19
201600042363,16,12,23,105,5,2,2,9,3,59
201600042364,16,12,26,1300,1,1,5,2,3,60
201600042365,16,12,27,1105,1,2,2,7,6,53
201600042366,16,8,27,1915,1,2,2,1,6,22
201600042367,16,1,18,900,1,2,3,1,3,54
201600042368,16,4,28,1710,1,2,4,7,3,54
201600042369,16,2,11,1220,1,2,2,1,3,22
201600042370,16,8,31,1300,1,2,1,1,6,22
201600042371,16,4,15,2230,5,1,3,1,6,22
201600042372,16,9,10,1010,1,2,1,1,2,22
201600042373,16,9,11,1915,1,2,1,1,6,54
201600042374,16,1,18,2055,5,2,3,1,3,22
201600042375,16,7,13,1040,1,1,3,1,1,54
201600042376,16,9,14,735,1,2,3,1,3,54
201600042377,16,1,20,1925,3,2,1,1,6,22
201600042378,16,5,14,2000,2,2,2,1,2,22
201600042379,16,1,21,1300,1,2,3,1,6,22
201600042380,16,9,15,1210,1,2,3,1,3,54
201600042381,16,9,18,2100,5,1,1,1,6,22
201600042382,16,5,20,1400,1,2,1,1,2,22
201600042383,16,5,20,1440,1,2,3,1,3,22
201600042384,16,9,8,1830,1,2,3,1,3,22
201600042385,16,9,10,1530,1,2,3,1,7,54
201600042386,16,10,18,750,1,2,1,1,1,22
201600042387,16,1,27,2135,5,2,3,1,3,22
201600042388,16,9,22,1255,1,2,2,1,3,22
201600042389,16,1,29,1515,1,2,1,8,6,22
201600042390,16,9,24,830,1,2,1,1,7,54
201600042391,16,10,22,2200,5,2,5,1,3,22
201600042392,16,2,2,1935,4,2,3,2,3,54
201600042393,16,12,5,1850,5,2,1,1,6,22
201600042394,16,2,4,1630,1,2,2,2,3,54
201600042395,16,5,31,730,2,2,1,3,5,22
201600042396,16,6,1,1845,1,2,1,1,3,22
201600042397,16,6,2,850,1,2,9,2,2,54
201600042398,16,10,3,1415,1,2,1,1,6,54
201600042399,16,10,4,1800,1,2,3,1,3,54
201600042400,16,6,3,2150,2,1,1,1,3,22
201600042401,16,10,5,1140,1,2,2,1,3,54
201600042402,16,10,6,900,1,2,1,1,6,22
201600042403,16,6,5,1700,1,2,1,8,6,22
201600042404,16,2,10,1750,5,2,3,1,6,54
201600042405,16,10,6,1930,3,1,3,1,4,73
201600042406,16,6,9,1415,1,2,2,1,3,22
201600042407,16,2,15,1210,1,2,3,1,6,22
201600042408,16,10,12,1530,1,2,3,1,3,22
201600042409,16,10,12,1650,1,2,3,1,1,22
201600042410,16,6,11,2145,2,2,1,1,2,22
201600042411,16,6,12,315,5,2,2,1,1,22
201600042412,16,6,13,1647,1,2,1,1,6,22
201600042413,16,6,14,1055,1,2,4,2,3,22
201600042414,16,10,4,1800,1,2,1,1,4,54
201600042415,16,10,16,1320,1,2,1,1,6,22
201600042416,16,10,17,730,2,2,1,1,1,54
201600042417,16,10,19,1945,5,2,1,1,4,54
201600042418,16,2,22,2040,5,2,1,2,6,22
201600042419,16,6,22,1810,1,2,1,8,6,22
201600042420,16,6,20,1640,1,2,1,2,6,22
201600042421,16,2,26,1910,5,2,3,1,3,22
201600042422,16,10,29,350,5,2,1,1,2,54
201600042423,16,10,31,2215,5,2,3,1,4,22
201600042424,16,6,27,1210,1,2,1,1,6,54
201600042425,16,6,29,1615,1,2,2,1,6,22
201600042426,16,11,4,1600,1,2,1,2,6,22
201600042427,16,11,4,1840,5,2,7,3,6,22
201600042428,16,7,1,1925,1,2,3,1,3,54
201600042429,16,3,8,2240,5,2,3,1,3,22
201600042430,16,11,9,1220,1,2,4,2,3,54
201600042431,16,3,9,1555,1,2,2,8,6,54
201600042432,16,9,3,1810,1,2,1,1,1,22
201600042433,16,11,14,1920,5,2,3,8,3,22
201600042434,16,11,17,915,1,2,1,1,6,22
201600042435,16,11,17,1614,1,2,1,8,3,22
201600042436,16,3,15,845,1,2,1,1,2,22
201600042437,16,3,15,1740,1,2,1,1,2,22
201600042438,16,11,18,1350,1,2,1,1,6,22
201600042439,16,11,21,515,5,2,1,2,6,54
201600042440,16,3,18,2020,5,2,2,1,6,22
201600042441,16,7,14,2209,5,2,1,1,5,54
201600042442,16,3,22,1955,5,2,1,1,3,73
201600042443,16,11,28,1220,1,2,3,1,6,22
201600042444,16,11,30,710,5,2,1,1,6,22
201600042445,16,3,25,1905,5,2,1,1,3,22
201600042446,16,12,2,1220,1,2,1,1,6,22
201600042447,16,12,3,1250,1,2,1,1,6,22
201600042448,16,3,29,1810,1,2,3,2,6,22
201600042449,16,7,26,1615,1,2,2,1,4,22
201600042450,16,7,27,1710,1,2,2,1,3,22
201600042451,16,12,11,1209,1,2,1,1,6,22
201600042452,16,12,12,2130,5,2,1,2,6,54
201600042453,16,8,2,1012,1,2,3,2,3,54
201600042454,16,4,6,2035,5,2,5,2,3,22
201600042455,16,12,14,1230,1,2,3,1,3,22
201600042456,16,4,7,1925,1,2,3,2,6,22
201600042457,16,12,16,830,1,2,1,1,3,22
201600042458,16,12,17,2255,5,2,9,1,1,54
201600042459,16,4,9,1355,1,2,1,1,6,22
201600042460,16,12,18,1600,1,2,1,1,4,22
201600042461,16,12,28,2310,5,2,1,1,2,22
201600042462,16,8,8,1835,1,2,1,1,6,22
201600042463,16,8,9,40,5,2,3,1,3,22
201600042464,16,8,10,2225,5,2,3,1,3,22
201600042465,16,12,21,2345,5,2,5,2,3,54
201600042466,16,12,22,1230,1,2,3,2,3,22
201600042467,16,12,22,1810,5,2,1,2,6,22
201600042468,16,8,14,400,5,2,3,1,3,54
201600042469,16,8,14,645,1,2,1,1,1,54
201600042470,16,12,26,1530,1,2,1,1,6,22
201600042471,16,12,29,1250,1,2,1,1,2,22
201600042472,16,12,29,2100,5,2,1,5,6,22
201600042473,16,8,20,1900,1,2,2,1,5,54
201600042474,16,8,21,2130,5,2,1,1,3,22
201600042475,16,4,22,1715,1,2,1,2,6,54
201600042476,16,8,23,1700,1,2,3,1,3,22
201600042477,16,4,24,1355,1,2,3,1,1,54
201600042478,16,8,25,605,2,2,6,1,3,22
201600042479,16,4,26,1520,1,2,3,8,6,22
201600042480,16,9,21,1215,1,2,3,1,6,22
201600042481,16,1,3,1630,1,2,1,2,6,28
201600042482,16,1,3,1915,5,2,6,2,3,28
201600042483,16,1,4,700,2,2,2,1,2,28
201600042484,16,1,7,900,1,2,3,2,6,28
201600042485,16,1,14,1625,1,2,1,1,5,11
201600042486,16,1,14,1845,5,2,6,1,3,28
201600042487,16,1,14,135,5,2,3,1,6,28
201600042488,16,1,24,20,5,2,3,1,2,28
201600042489,16,1,25,815,1,2,3,1,6,28
201600042490,16,1,25,1235,1,2,6,1,5,11
201600042491,16,1,27,750,2,2,3,1,6,28
201600042492,16,1,31,1530,1,2,2,2,3,28
201600042493,16,1,31,115,5,2,2,2,3,28
201600042494,16,2,3,800,1,2,3,2,3,11
201600042495,16,2,3,1625,1,2,1,2,3,28
201600042496,16,2,5,1420,1,1,3,1,3,28
201600042497,16,2,6,1740,2,1,1,1,6,28
201600042498,16,2,9,1655,1,2,2,1,6,28
201600042499,16,2,9,1530,1,1,1,2,6,28
201600042500,16,2,10,2105,5,2,6,1,6,28
201600042501,16,2,12,1520,1,2,1,2,4,28
201600042502,16,2,12,2350,3,2,2,1,3,28
201600042503,16,2,15,1900,5,1,1,1,5,28
201600042504,16,2,16,1000,1,2,3,1,3,28
201600042505,16,2,18,1750,2,2,1,2,3,11
201600042506,16,2,19,1205,1,2,1,1,6,28
201600042507,16,2,20,1430,1,2,1,1,6,74
201600042508,16,2,23,805,1,2,2,1,3,28
201600042509,16,2,24,1710,1,2,1,1,2,28
201600042510,16,2,28,1630,1,2,1,1,6,28
201600042511,16,3,1,1855,1,2,2,2,3,28
201600042512,16,3,2,1230,1,2,1,1,2,28
201600042513,16,3,11,555,5,2,1,1,7,11
201600042514,16,3,11,1530,1,2,1,1,2,28
201600042515,16,3,22,820,1,2,1,1,3,28
201600042516,16,3,26,1255,1,2,2,1,2,28
201600042517,16,3,24,1820,1,2,3,1,3,28
201600042518,16,3,29,1820,1,1,1,2,2,28
201600042519,16,4,1,1000,1,2,6,1,3,28
201600042520,16,4,1,1730,1,2,1,1,3,11
201600042521,16,4,1,710,1,2,3,1,3,28
201600042522,16,4,5,1135,1,2,1,1,2,28
201600042523,16,4,6,1420,1,2,1,1,2,28
201600042524,16,4,7,615,5,2,4,1,6,28
201600042525,16,4,10,1139,1,2,6,1,2,28
201600042526,16,4,10,705,1,2,2,1,2,11
201600042527,16,4,13,1554,1,2,2,1,6,28
201600042528,16,4,12,1554,1,2,1,1,6,28
201600042529,16,4,14,740,1,2,1,1,6,28
201600042530,16,4,16,1240,1,2,1,1,2,28
201600042531,16,4,17,1615,1,2,1,1,6,28
201600042532,16,4,27,1430,1,2,3,2,4,28
201600042533,16,4,29,1811,1,2,1,1,3,11
201600042534,16,4,29,2015,1,2,1,1,3,28
201600042535,16,4,30,2245,3,2,1,1,7,28
201600042536,16,4,30,915,1,2,1,1,4,28
201600042537,16,5,2,1245,1,2,1,1,6,28
201600042538,16,5,4,1800,1,2,1,1,6,28
201600042539,16,5,4,905,1,2,1,1,6,28
201600042540,16,5,6,1640,1,2,1,1,2,28
201600042541,16,5,10,2100,2,2,3,1,6,28
201600042542,16,5,13,900,1,2,1,1,6,28
201600042543,16,5,19,1500,1,2,1,1,4,28
201600042544,16,5,24,1345,1,2,2,1,6,28
201600042545,16,5,3,1425,1,2,1,1,6,28
201600042546,16,5,26,840,1,2,1,1,6,28
201600042547,16,5,26,1000,1,2,3,1,3,28
201600042548,16,5,25,1725,1,2,1,1,2,28
201600042549,16,6,2,1100,1,2,3,2,6,11
201600042550,16,6,3,655,1,2,1,1,3,11
201600042551,16,6,4,1644,1,2,1,1,7,28
201600042552,16,6,7,1700,1,2,1,1,6,28
201600042553,16,6,8,805,1,2,1,1,6,28
201600042554,16,6,9,1425,1,2,1,1,3,28
201600042555,16,6,10,1810,1,2,3,1,3,28
201600042556,16,6,11,1655,1,2,1,1,3,28
201600042557,16,6,13,1055,1,2,3,1,3,28
201600042558,16,6,13,450,5,2,1,1,7,11
201600042559,16,6,14,1700,1,1,1,1,6,28
201600042560,16,6,14,1600,1,2,1,1,2,28
201600042561,16,6,15,115,5,2,1,1,7,11
201600042562,16,6,16,1930,1,2,1,1,6,28
201600042563,16,6,17,1545,1,2,1,2,6,28
201600042564,16,6,17,1845,1,2,1,3,6,11
201600042565,16,6,19,135,5,2,1,1,6,28
201600042566,16,6,23,2115,1,1,1,1,3,28
201600042567,16,6,16,1345,1,2,1,1,3,11
201600042568,16,6,24,1430,1,2,1,1,3,28
201600042569,16,6,24,1900,1,2,1,1,6,28
201600042570,16,6,25,1630,1,2,1,1,6,28
201600042571,16,7,1,2205,5,1,1,1,6,44
201600042572,16,7,2,1135,1,2,1,1,6,28
201600042573,16,7,1,1410,1,2,1,1,3,28
201600042574,16,7,7,1000,1,2,3,1,3,11
201600042575,16,7,8,1010,1,2,1,1,6,28
201600042576,16,7,14,1010,1,2,6,1,3,11
201600042577,16,7,13,1655,1,2,1,1,2,28
201600042578,16,7,10,1,5,2,2,1,2,28
201600042579,16,7,9,1830,1,2,1,1,7,11
201600042580,16,7,16,1700,1,2,3,1,3,28
201600042581,16,7,18,2015,1,2,1,1,6,28
201600042582,16,7,18,2040,1,2,1,1,6,28
201600042583,16,7,18,1945,1,2,1,1,6,28
201600042584,16,7,19,1900,2,2,1,1,6,28
201600042585,16,7,19,2200,2,2,3,1,3,28
201600042586,16,7,22,1930,1,2,1,1,6,28
201600042587,16,7,22,2230,1,2,3,1,2,28
201600042588,16,7,30,2230,4,2,1,1,7,28
201600042589,16,8,1,1924,1,2,1,1,6,11
201600042590,16,8,2,820,1,2,1,1,3,28
201600042591,16,7,29,1620,1,2,1,1,6,28
201600042592,16,8,5,2005,1,2,1,1,2,28
201600042593,16,8,6,1652,1,2,9,1,6,28
201600042594,16,8,8,1657,1,1,2,1,2,28
201600042595,16,8,11,1835,1,2,1,1,1,28
201600042596,16,8,13,1020,1,2,1,1,6,11
201600042597,16,8,12,1615,1,2,1,1,6,11
201600042598,16,8,22,1811,1,2,1,1,6,28
201600042599,16,8,23,1930,1,2,1,1,1,28
201600042600,16,8,23,1350,1,2,6,1,6,28
201600042601,16,8,24,2048,1,2,9,1,6,28
201600042602,16,8,27,1205,1,2,1,1,1,28
201600042603,16,8,28,1710,1,2,1,1,6,28
201600042604,16,8,31,1620,1,2,1,1,6,28
201600042605,16,8,31,1930,1,2,1,1,3,11
201600042606,16,8,31,1906,1,2,1,1,1,28
201600042607,16,9,3,1800,1,2,3,1,3,28
201600042608,16,9,5,1630,1,2,1,1,6,28
201600042609,16,9,5,1605,1,1,1,1,6,28
201600042610,16,9,5,2330,5,2,1,1,6,28
201600042611,16,9,7,915,1,2,1,1,3,28
201600042612,16,9,7,525,5,2,1,1,6,11
201600042613,16,9,10,1439,1,2,6,1,6,28
201600042614,16,9,12,1300,1,2,1,1,6,28
201600042615,16,9,16,2030,2,2,1,2,6,28
201600042616,16,9,19,1518,1,1,6,1,3,28
201600042617,16,9,21,2355,4,2,1,1,2,28
201600042618,16,9,22,1330,1,2,1,1,2,28
201600042619,16,9,20,1440,1,2,1,1,3,11
201600042620,16,9,27,1440,1,2,1,1,3,11
201600042621,16,9,27,1900,1,2,1,1,6,28
201600042622,16,9,28,1315,1,2,1,1,6,11
201600042623,16,9,29,1735,1,2,1,1,3,28
201600042624,16,10,2,1030,1,1,1,1,2,11
201600042625,16,10,3,845,1,2,1,1,3,11
201600042626,16,10,3,1200,1,2,4,1,4,28
201600042627,16,10,5,915,1,2,1,1,6,28
201600042628,16,10,5,1255,1,2,1,1,3,28
201600042629,16,10,6,900,1,1,1,1,4,11
201600042630,16,10,8,1945,2,2,1,1,6,28
201600042631,16,10,8,1335,1,2,1,1,4,28
201600042632,16,10,8,1915,1,2,1,1,4,28
201600042633,16,10,10,900,1,2,1,1,6,28
201600042634,16,10,10,1610,1,2,1,1,2,28
201600042635,16,10,10,2029,1,2,1,1,3,28
201600042636,16,10,11,1400,1,2,1,1,2,28
201600042637,16,10,14,1210,1,2,1,1,3,28
201600042638,16,10,18,1033,1,2,2,1,7,28
201600042639,16,10,20,1710,1,2,1,2,2,28
201600042640,16,10,22,1740,1,2,1,1,6,28
201600042641,16,10,22,1500,1,2,1,1,2,28
201600042642,16,10,24,800,2,2,1,2,6,28
201600042643,16,10,24,1610,1,2,1,2,2,28
201600042644,16,10,28,1600,1,2,1,1,6,28
201600042645,16,10,29,1440,1,1,6,1,3,28
201600042646,16,11,3,930,1,2,1,1,2,28
201600042647,16,11,3,820,1,2,1,1,2,28
201600042648,16,11,4,1420,1,2,1,3,3,28
201600042649,16,11,4,1645,1,2,1,3,6,28
201600042650,16,11,4,1830,5,2,1,3,6,28
201600042651,16,11,5,740,1,2,1,1,4,11
201600042652,16,11,7,915,1,1,1,1,6,28
201600042653,16,11,7,1600,1,2,1,1,6,11
201600042654,16,11,7,1745,5,2,1,1,6,28
201600042655,16,11,9,700,2,2,2,2,5,11
201600042656,16,11,10,715,2,2,1,1,2,28
201600042657,16,11,10,1845,4,1,1,2,6,28
201600042658,16,11,13,30,5,2,1,1,6,28
201600042659,16,11,13,1450,1,2,1,1,2,28
201600042660,16,11,14,1140,1,2,2,1,3,28
201600042661,16,11,14,1715,1,2,2,1,6,28
201600042662,16,11,19,1025,1,2,1,1,6,28
201600042663,16,11,25,1115,1,2,1,1,6,28
201600042664,16,11,27,530,5,2,1,1,7,11
201600042665,16,11,27,1615,1,1,1,1,3,28
201600042666,16,11,28,2155,3,2,1,1,2,28
201600042667,16,11,28,1800,5,2,1,1,2,28
201600042668,16,11,22,300,3,2,1,1,2,28
201600042669,16,11,29,715,1,2,1,1,3,28
201600042670,16,11,30,1600,1,2,3,1,3,11
201600042671,16,11,30,2055,5,2,3,1,3,11
201600042672,16,12,2,2140,5,1,1,1,2,28
201600042673,16,12,5,915,1,2,1,1,3,28
201600042674,16,12,6,1320,1,2,2,1,6,28
201600042675,16,12,9,1820,5,2,1,1,2,28
201600042676,16,12,14,810,1,2,1,1,3,28
201600042677,16,12,14,810,1,1,1,1,2,11
201600042678,16,12,13,920,1,2,1,2,2,28
201600042679,16,12,15,2325,5,2,1,1,7,11
201600042680,16,12,21,1910,5,2,1,1,6,28
201600042681,16,12,21,1240,1,2,1,1,3,11
201600042682,16,12,22,1700,2,2,1,2,1,28
201600042683,16,12,22,1855,5,2,1,2,6,28
201600042684,16,12,22,1907,5,2,1,2,6,11
201600042685,16,12,24,1100,1,2,1,1,6,28
201600042686,16,12,24,1310,1,1,1,1,7,28
201600042687,16,12,26,1820,1,2,1,1,3,28
201600042688,16,12,27,1300,1,2,1,1,6,11
201600042689,16,12,28,835,1,2,1,1,6,28
201600042690,16,12,28,930,1,1,1,1,6,28
201600042691,16,12,31,1400,1,2,2,1,3,28
201600042692,16,1,9,1630,1,2,2,1,6,33
201600042693,16,1,9,1700,1,2,2,1,2,33
201600042694,16,1,9,2255,5,2,2,3,3,33
201600042695,16,1,12,1845,5,2,1,8,1,33
201600042696,16,1,14,1700,2,2,2,8,6,33
201600042697,16,1,15,930,1,2,3,1,3,33
201600042698,16,1,17,1905,5,2,2,1,3,33
201600042699,16,1,18,930,1,2,2,1,3,33
201600042700,16,1,18,1310,1,2,4,1,6,33
201600042701,16,1,27,2140,5,2,1,1,6,33
201600042702,16,1,31,1300,1,2,1,2,6,33
201600042703,16,2,8,1,5,2,3,1,1,33
201600042704,16,2,9,1830,5,2,1,3,3,33
201600042705,16,3,1,1430,1,2,3,2,2,33
201600042706,16,3,9,930,1,2,2,2,3,33
201600042707,16,3,12,1835,1,2,3,1,3,33
201600042708,16,3,14,1130,1,2,1,1,3,33
201600042709,16,3,22,2220,5,2,2,1,3,33
201600042710,16,3,29,1240,1,2,1,1,3,33
201600042711,16,3,30,1120,1,2,2,2,3,33
201600042712,16,4,7,2140,5,2,6,1,3,33
201600042713,16,4,15,2230,5,2,1,8,2,33
201600042714,16,4,30,1615,1,2,2,2,6,33
201600042715,16,5,24,915,1,2,1,1,3,33
201600042716,16,5,28,1920,1,2,2,1,6,33
201600042717,16,5,30,1640,1,2,3,3,6,33