Num_Acc,an,mois,jour,hrmn,lum,agg,int,atm,col,com
201600042718,16,6,10,1815,1,2,1,1,3,33
201600042719,16,6,12,20,5,2,2,1,6,33
201600042720,16,6,12,545,2,2,1,2,6,33
201600042721,16,6,15,1330,1,2,9,1,6,33
201600042722,16,6,23,1215,1,2,1,1,3,33
201600042723,16,7,14,1400,1,2,2,1,6,33
201600042724,16,7,26,900,1,2,1,1,3,33
201600042725,16,7,28,1630,1,2,1,1,6,33
201600042726,16,8,25,1500,1,2,1,7,3,33
201600042727,16,9,5,1915,1,2,1,1,6,33
201600042728,16,9,8,745,1,2,1,1,6,33
201600042729,16,9,22,915,1,2,3,1,3,33
201600042730,16,9,22,940,1,2,1,1,6,33
201600042731,16,9,24,1100,1,2,2,1,1,33
201600042732,16,9,28,925,1,2,1,1,3,33
201600042733,16,10,3,1725,1,2,2,1,3,33
201600042734,16,10,6,1000,1,2,1,1,3,33
201600042735,16,10,6,1720,1,2,1,1,6,33
201600042736,16,10,7,510,5,2,1,1,6,33
201600042737,16,10,9,335,5,2,4,1,6,33
201600042738,16,10,10,1440,1,2,2,1,3,33
201600042739,16,10,26,830,2,2,1,8,6,33
201600042740,16,10,28,2345,5,2,2,1,3,33
201600042741,16,11,10,1200,1,2,1,2,2,33
201600042742,16,11,18,1030,1,2,1,1,6,33
201600042743,16,12,3,1130,1,2,2,1,3,33
201600042744,16,12,3,2235,5,2,2,1,3,33
201600042745,16,12,13,1630,2,2,2,1,6,33
201600042746,16,12,14,1615,1,2,1,1,2,33
201600042747,16,12,15,1705,5,2,1,1,6,33
201600042748,16,12,31,1835,5,2,2,1,6,33
201600042749,16,1,1,710,5,2,3,1,2,3
201600042750,16,1,2,1150,1,2,4,1,2,43
201600042751,16,1,2,2255,5,2,1,1,2,3
201600042752,16,1,3,130,5,2,1,1,6,43
201600042753,16,1,4,830,1,2,3,2,6,37
201600042754,16,1,9,10,5,2,1,5,1,37
201600042755,16,1,10,540,5,2,2,8,3,76
201600042756,16,1,12,1515,1,2,1,1,2,76
201600042757,16,1,14,900,1,2,4,2,6,76
201600042758,16,1,15,1750,5,2,3,1,6,16
201600042759,16,1,15,1840,5,2,1,1,3,43
201600042760,16,1,19,810,1,2,3,2,6,16
201600042761,16,1,19,1900,5,2,2,1,3,37
201600042762,16,1,19,1958,5,2,3,1,6,76
201600042763,16,1,21,910,1,2,1,4,7,76
201600042764,16,1,21,1030,1,2,2,1,6,76
201600042765,16,1,23,1645,1,2,3,1,6,76
201600042766,16,1,25,405,5,2,2,1,3,76
201600042767,16,1,26,100,5,2,1,1,3,76
201600042768,16,1,26,1415,1,2,3,1,3,76
201600042769,16,1,29,900,1,2,1,1,6,16
201600042770,16,1,30,2230,5,2,3,1,2,16
201600042771,16,2,2,930,1,2,3,1,6,76
201600042772,16,2,5,800,1,2,3,1,6,16
201600042773,16,2,6,1210,1,2,2,1,3,76
201600042774,16,2,10,1400,1,1,3,1,6,76
201600042775,16,2,11,2040,5,2,3,1,3,43
201600042776,16,2,11,2145,5,2,2,1,1,37
201600042777,16,2,12,1000,1,2,1,7,6,76
201600042778,16,2,14,100,5,2,2,2,2,76
201600042779,16,2,14,920,1,2,3,1,6,43
201600042780,16,2,15,1505,1,2,1,1,5,76
201600042781,16,2,16,800,1,2,2,1,6,76
201600042782,16,2,17,900,1,2,1,1,6,43
201600042783,16,2,20,1105,1,2,2,2,6,3
201600042784,16,2,20,1340,1,2,1,2,6,43
201600042785,16,2,20,1510,1,2,3,1,1,76
201600042786,16,2,21,625,5,2,2,2,3,3
201600042787,16,2,23,35,5,2,1,2,3,43
201600042788,16,2,25,900,1,2,2,1,6,3
201600042789,16,3,3,900,1,2,1,8,3,43
201600042790,16,2,27,2215,4,2,3,1,6,37
201600042791,16,3,3,1545,1,1,3,1,6,76
201600042792,16,3,4,215,5,2,1,3,3,3
201600042793,16,3,5,1130,1,2,1,1,6,3
201600042794,16,3,7,2100,5,2,2,2,3,76
201600042795,16,3,9,915,1,2,2,3,3,16
201600042796,16,3,11,900,1,2,1,1,2,43
201600042797,16,3,11,1015,1,2,3,1,7,3
201600042798,16,3,16,1500,1,2,3,1,6,37
201600042799,16,3,17,1600,1,2,1,1,1,37
201600042800,16,3,23,820,1,2,3,1,3,76
201600042801,16,3,23,1500,1,2,1,1,6,16
201600042802,16,3,25,1300,1,2,1,2,3,37
201600042803,16,4,3,230,5,2,1,8,3,76
201600042804,16,4,6,1830,1,2,1,3,6,76
201600042805,16,4,11,1825,1,1,1,1,3,3
201600042806,16,4,13,850,1,2,2,1,2,3
201600042807,16,4,13,800,1,2,3,1,3,16
201600042808,16,4,15,1435,1,2,1,2,3,43
201600042809,16,4,16,1930,2,2,8,1,3,76
201600042810,16,4,17,1620,1,1,1,1,2,43
201600042811,16,4,19,1520,1,2,3,1,6,16
201600042812,16,4,21,1425,1,2,3,1,3,3
201600042813,16,4,23,1630,1,2,1,1,4,43
201600042814,16,4,26,2130,5,2,2,2,5,76
201600042815,16,4,27,2330,5,2,2,1,3,76
201600042816,16,4,28,1300,1,2,1,1,6,76
201600042817,16,4,29,1745,1,2,1,1,3,43
201600042818,16,5,6,1910,1,2,3,1,3,16
201600042819,16,5,8,2120,5,2,1,1,2,76
201600042820,16,5,9,1738,1,2,3,1,1,76
201600042821,16,5,10,1100,1,2,3,1,1,3
201600042822,16,5,12,845,1,2,1,1,6,3
201600042823,16,5,15,715,1,2,1,1,3,43
201600042824,16,5,17,1030,1,2,3,1,6,16
201600042825,16,5,18,1735,1,2,3,3,3,16
201600042826,16,5,20,1145,1,2,3,1,6,16
201600042827,16,5,25,700,1,2,2,1,3,16
201600042828,16,5,25,745,1,2,1,1,3,16
201600042829,16,5,26,1054,1,2,2,1,3,76
201600042830,16,5,26,1730,1,2,2,1,3,16
201600042831,16,5,28,1700,1,2,2,2,3,76
201600042832,16,5,29,930,1,2,1,8,3,43
201600042833,16,6,1,1645,1,2,1,2,3,76
201600042834,16,6,5,1815,1,2,6,1,3,43
201600042835,16,6,6,1620,1,2,2,1,3,43
201600042836,16,6,7,1525,1,2,1,1,7,43
201600042837,16,6,10,2015,1,2,9,1,3,76
201600042838,16,6,11,1109,1,2,1,2,6,43
201600042839,16,6,13,22,5,2,1,2,6,76
201600042840,16,6,15,1450,1,2,1,1,6,76
201600042841,16,6,17,1620,1,2,2,1,2,76
201600042842,16,6,20,1525,1,2,1,3,7,3
201600042843,16,6,21,805,1,2,1,2,6,3
201600042844,16,6,21,800,1,2,1,2,1,3
201600042845,16,6,24,1405,1,2,1,1,1,43
201600042846,16,6,27,1210,1,2,3,2,3,76
201600042847,16,6,28,733,1,2,1,1,7,76
201600042848,16,6,29,840,1,2,3,1,1,3
201600042849,16,6,29,1000,1,2,2,1,1,76
201600042850,16,6,30,1430,1,2,1,1,7,37
201600042851,16,7,1,2055,1,2,1,2,6,43
201600042852,16,7,3,1830,1,2,1,2,7,43
201600042853,16,7,12,1511,1,2,3,1,3,76
201600042854,16,7,14,1445,1,2,2,1,3,76
201600042855,16,7,15,1530,1,2,1,1,6,43
201600042856,16,7,16,45,5,2,6,1,3,16
201600042857,16,7,21,725,1,2,1,1,3,16
201600042858,16,7,21,725,1,2,1,1,7,76
201600042859,16,7,22,1200,1,2,1,1,7,16
201600042860,16,7,25,1800,1,2,2,1,1,3
201600042861,16,7,25,1830,1,2,3,8,3,3
201600042862,16,7,28,815,1,2,1,2,2,43
201600042863,16,7,29,2230,5,2,1,1,2,76
201600042864,16,7,30,1223,1,2,1,1,6,3
201600042865,16,8,3,730,1,2,1,1,2,43
201600042866,16,8,4,1925,1,2,1,1,7,37
201600042867,16,8,5,1245,1,2,1,1,7,3
201600042868,16,8,10,1600,1,2,6,1,3,16
201600042869,16,8,19,1820,1,1,1,1,6,16
201600042870,16,8,23,1630,1,2,1,1,6,16
201600042871,16,8,24,845,1,2,1,1,1,76
201600042872,16,8,24,1640,1,2,1,1,6,76
201600042873,16,8,28,1545,1,2,1,1,2,76
201600042874,16,8,31,1355,1,2,2,1,3,76
201600042875,16,9,1,1015,1,2,1,1,6,76
201600042876,16,9,1,1635,1,2,1,1,7,16
201600042877,16,9,2,1723,1,2,2,1,3,3
201600042878,16,9,2,1756,1,2,3,1,7,76
201600042879,16,9,3,2100,5,2,1,1,6,37
201600042880,16,9,3,2140,5,2,1,1,1,43
201600042881,16,9,7,1620,1,2,2,1,3,76
201600042882,16,9,7,1650,1,2,1,1,6,76
201600042883,16,9,9,1800,1,2,2,1,3,37
201600042884,16,9,12,915,1,2,1,1,2,43
201600042885,16,9,13,1205,1,2,1,1,7,43
201600042886,16,9,16,925,1,2,1,1,3,3
201600042887,16,9,22,1745,1,2,2,1,7,43
201600042888,16,9,25,1920,1,2,1,1,6,76
201600042889,16,9,28,1455,1,2,3,1,3,43
201600042890,16,9,28,1610,1,2,1,1,7,76
201600042891,16,10,2,910,1,2,3,1,3,76
201600042892,16,10,3,1200,1,2,1,1,7,76
201600042893,16,10,4,1100,1,2,1,1,6,3
201600042894,16,10,6,1020,1,1,1,1,7,43
201600042895,16,10,6,1530,1,1,2,1,7,43
201600042896,16,10,7,2120,5,2,9,1,3,3
201600042897,16,10,7,2240,5,2,1,1,3,43
201600042898,16,10,13,1430,1,2,1,2,7,3
201600042899,16,10,14,1645,1,2,1,2,7,76
201600042900,16,10,14,1645,1,2,1,3,7,76
201600042901,16,10,15,1610,1,2,1,1,3,3
201600042902,16,10,17,930,1,2,1,2,6,76
201600042903,16,10,17,1420,1,2,1,1,7,76
201600042904,16,10,19,1300,1,2,1,1,2,3
201600042905,16,10,19,1410,1,2,1,1,7,43
201600042906,16,10,19,1410,1,2,1,1,7,76
201600042907,16,10,24,2000,3,2,1,1,7,16
201600042908,16,10,27,1000,1,2,1,1,7,43
201600042909,16,10,28,2020,5,2,2,1,3,16
201600042910,16,10,31,1400,1,2,1,1,6,43
201600042911,16,10,28,505,5,2,1,1,6,43
201600042912,16,11,2,1645,2,2,1,1,7,16
201600042913,16,11,4,920,1,2,1,2,6,76
201600042914,16,11,4,1650,1,2,1,3,6,43
201600042915,16,11,4,1740,5,2,4,3,6,76
201600042916,16,11,6,1555,1,2,1,1,6,76
201600042917,16,11,6,1555,1,2,1,1,6,76
201600042918,16,11,11,2320,5,2,2,1,3,37
201600042919,16,11,11,2320,5,2,1,1,2,16
201600042920,16,11,17,1310,1,2,1,1,7,3
201600042921,16,11,18,1705,2,2,1,1,6,76
201600042922,16,11,23,1900,5,2,3,2,3,3
201600042923,16,11,25,1710,5,2,1,1,3,3
201600042924,16,11,28,1715,2,2,1,1,7,16
201600042925,16,11,29,855,1,2,1,1,7,76
201600042926,16,11,29,1343,1,2,2,1,3,16
201600042927,16,11,30,1330,1,2,2,1,7,3
201600042928,16,12,1,134,5,2,1,1,2,76
201600042929,16,12,6,1200,1,2,1,1,3,16
201600042930,16,12,7,830,1,2,8,1,7,16
201600042931,16,12,7,835,1,2,4,1,1,76
201600042932,16,12,7,1530,1,2,3,1,7,37
201600042933,16,12,7,1600,1,2,1,1,6,3
201600042934,16,12,9,1005,1,2,7,1,7,3
201600042935,16,12,10,1610,1,1,1,5,6,76
201600042936,16,12,16,810,2,2,1,1,3,3
201600042937,16,12,16,1730,5,2,1,1,7,76
201600042938,16,12,17,108,5,2,2,1,3,16
201600042939,16,12,24,1915,5,2,1,1,6,3
201600042940,16,2,5,1950,5,2,1,1,6,37
201600042941,16,7,19,14,5,2,2,1,3,76
201600042942,16,9,8,2002,5,2,3,1,2,43
201600042943,16,4,7,10,5,2,1,1,7,43
201600042944,16,9,27,1604,1,2,1,1,6,76
201600042945,16,5,19,730,1,2,2,2,6,76
201600042946,16,5,11,1615,1,2,3,2,2,76
201600042947,16,5,21,2100,5,2,1,1,6,76
201600042948,16,12,11,300,5,2,6,2,3,43
201600042949,16,12,22,200,5,2,2,2,3,76
201600042950,16,1,3,1420,1,1,1,2,6,73
201600042951,16,1,4,1245,1,2,3,1,6,65
201600042952,16,1,10,2240,5,2,1,2,6,21
201600042953,16,1,11,1000,1,2,1,2,6,73
201600042954,16,1,20,1610,1,2,1,1,2,21
201600042955,16,1,20,1815,5,1,1,1,2,65
201600042956,16,1,21,1505,1,2,3,1,6,73
201600042957,16,1,24,2330,5,2,2,1,6,54
201600042958,16,1,26,540,5,2,1,1,3,21
201600042959,16,1,26,1840,5,2,3,1,6,65
201600042960,16,1,27,800,2,2,3,3,6,34
201600042961,16,1,28,1545,1,2,1,1,6,21
201600042962,16,2,7,1400,1,2,3,1,3,34
201600042963,16,2,8,1340,1,2,1,3,6,21
201600042964,16,2,9,1045,1,2,3,2,3,65
201600042965,16,2,13,610,5,1,1,2,7,44
201600042966,16,2,14,1730,2,2,1,1,6,73
201600042967,16,2,14,1850,5,2,1,1,3,38
201600042968,16,2,15,950,1,2,1,1,6,21
201600042969,16,2,16,1515,1,2,3,1,3,73
201600042970,16,2,18,1000,1,2,1,1,3,21
201600042971,16,2,18,2310,5,2,1,1,6,21
201600042972,16,2,20,2000,5,2,2,1,3,73
201600042973,16,3,1,620,5,2,2,1,3,73
201600042974,16,3,3,1200,1,2,3,1,3,73
201600042975,16,3,4,650,5,2,4,3,6,65
201600042976,16,3,5,700,1,2,6,2,6,38
201600042977,16,3,5,1630,1,2,3,1,6,38
201600042978,16,3,6,1800,5,2,1,1,3,73
201600042979,16,3,7,2015,5,2,3,1,3,73
201600042980,16,3,8,805,1,2,2,1,6,34
201600042981,16,3,8,1215,1,1,2,1,3,21
201600042982,16,3,8,1520,1,2,1,1,6,73
201600042983,16,3,10,1250,1,2,1,1,6,65
201600042984,16,3,11,750,1,2,3,1,2,38
201600042985,16,3,11,1130,1,2,3,1,3,34
201600042986,16,3,11,1615,1,2,1,1,6,38
201600042987,16,3,13,10,5,2,1,1,6,21
201600042988,16,3,15,1300,1,2,1,1,3,73
201600042989,16,3,19,1220,1,1,2,1,3,65
201600042990,16,3,22,700,1,2,1,1,3,73
201600042991,16,3,23,920,1,2,3,1,6,21
201600042992,16,3,23,1610,1,2,1,1,6,73
201600042993,16,3,24,1530,1,2,3,1,1,73
201600042994,16,3,25,1335,1,2,3,2,2,65
201600042995,16,3,25,2200,5,2,1,1,3,34
201600042996,16,3,28,1250,1,2,6,2,3,34
201600042997,16,3,30,1315,1,2,6,2,2,21
201600042998,16,4,1,940,1,1,1,1,3,73
201600042999,16,4,4,10,5,1,1,1,6,65
201600043000,16,4,7,855,1,2,3,1,3,65
201600043001,16,4,11,1215,1,2,2,2,2,73
201600043002,16,4,12,810,1,1,1,1,6,21
201600043003,16,4,16,1140,1,2,3,1,2,21
201600043004,16,4,16,1900,1,2,2,1,6,34
201600043005,16,4,27,1625,1,2,1,1,3,38
201600043006,16,4,28,2200,5,2,1,1,6,38
201600043007,16,5,1,2130,2,2,3,1,4,73
201600043008,16,5,2,710,1,2,2,1,6,21
201600043009,16,5,3,845,1,2,1,1,6,65
201600043010,16,5,4,1345,1,2,1,1,3,73
201600043011,16,5,5,2350,5,2,2,1,6,34
201600043012,16,5,9,430,2,1,1,2,1,65
201600043013,16,5,12,1115,1,2,2,8,6,73
201600043014,16,5,12,2100,3,2,2,2,3,38
201600043015,16,5,15,2230,5,1,3,1,3,34
201600043016,16,5,17,1815,1,2,2,1,3,65
201600043017,16,5,17,2210,5,2,1,1,7,38
201600043018,16,11,4,1200,1,2,1,1,6,38
201600043019,16,5,19,1045,1,2,1,2,3,81
201600043020,16,5,22,1930,1,1,1,2,6,73
201600043021,16,5,25,50,5,1,1,1,4,65
201600043022,16,5,26,1545,1,2,2,1,3,73
201600043023,16,5,30,815,1,2,1,2,2,21
201600043024,16,5,31,1000,1,2,1,3,3,38
201600043025,16,5,31,1240,1,1,3,3,1,65
201600043026,16,5,31,1730,1,2,3,2,6,73
201600043027,16,6,2,1710,1,2,1,2,3,73
201600043028,16,6,2,1840,1,2,1,2,3,34
201600043029,16,6,3,530,2,2,2,2,6,65
201600043030,16,6,3,930,1,1,1,8,6,65
201600043031,16,6,4,2110,1,2,1,1,6,21
201600043032,16,6,6,1650,1,2,1,1,6,34
201600043033,16,6,3,1930,1,1,1,1,4,65
201600043034,16,6,9,800,1,2,1,1,6,34
201600043035,16,6,9,1300,1,1,1,1,2,73
201600043036,16,6,9,1500,1,2,6,1,3,65
201600043037,16,6,9,1550,1,2,1,1,5,73
201600043038,16,6,10,1200,1,2,2,1,3,38
201600043039,16,6,10,1745,1,1,3,1,4,65
201600043040,16,6,12,1230,1,2,1,2,2,73
201600043041,16,6,14,1250,1,2,1,1,3,65
201600043042,16,6,14,1525,1,2,1,1,6,21
201600043043,16,6,15,930,1,2,2,1,1,38
201600043044,16,6,15,1125,1,1,6,1,3,65
201600043045,16,6,15,1930,1,1,1,1,4,73
201600043046,16,6,16,900,1,2,1,1,2,38
201600043047,16,6,16,1900,1,2,1,1,5,73
201600043048,16,6,21,1730,1,2,1,1,1,73
201600043049,16,6,22,250,5,2,1,2,3,73
201600043050,16,6,22,1440,1,2,2,1,5,34
201600043051,16,6,22,1510,1,2,1,8,6,21
201600043052,16,6,22,2200,2,2,1,1,1,38
201600043053,16,6,24,1310,1,2,9,1,2,21
201600043054,16,6,25,845,1,2,2,1,6,38
201600043055,16,6,25,1840,1,2,1,1,6,38
201600043056,16,6,28,530,2,2,1,1,2,73
201600043057,16,6,29,1400,1,2,1,1,3,73
201600043058,16,6,30,10,5,2,1,1,6,73
201600043059,16,7,1,1145,1,1,9,1,6,73
201600043060,16,7,2,1025,1,2,1,1,3,38
201600043061,16,7,4,1520,1,2,1,1,2,21
201600043062,16,7,5,1700,1,2,1,1,2,73
201600043063,16,7,5,1720,1,2,2,1,2,38
201600043064,16,7,5,1840,1,1,1,1,3,73
201600043065,16,7,8,2340,5,1,1,1,3,73
201600043066,16,7,10,2120,1,2,1,1,6,38
201600043067,16,7,11,35,5,2,1,1,7,21
201600043068,16,7,11,1510,1,2,1,1,1,38
201600043069,16,7,11,1915,1,2,1,1,6,34
201600043070,16,7,15,545,2,2,1,1,3,65
201600043071,16,7,15,1000,1,2,3,1,6,65
201600043072,16,7,15,1910,1,2,1,1,3,38
201600043073,16,7,16,1315,1,2,2,1,3,73
201600043074,16,7,17,200,5,2,1,1,3,38
201600043075,16,7,17,1830,1,1,1,1,2,21
201600043076,16,7,19,835,1,2,2,1,3,34
201600043077,16,7,20,1900,1,2,1,1,6,34
201600043078,16,7,21,335,5,2,6,1,3,21
201600043079,16,7,21,950,1,2,1,1,1,21
201600043080,16,7,23,620,1,2,1,1,6,38
201600043081,16,7,23,1000,1,1,1,1,2,73
201600043082,16,7,25,2000,1,1,1,1,2,73
201600043083,16,7,30,1320,1,1,1,1,7,21
201600043084,16,8,1,1300,1,2,1,1,2,73
201600043085,16,8,1,1330,1,2,1,1,3,54
201600043086,16,8,3,1630,1,2,1,1,2,38
201600043087,16,8,4,150,3,2,1,1,3,73
201600043088,16,8,6,900,1,2,1,1,3,73
201600043089,16,8,8,1230,1,2,1,1,3,38
201600043090,16,8,11,1715,1,2,1,1,6,34
201600043091,16,8,20,30,5,2,1,1,6,73
201600043092,16,8,20,1220,1,2,1,1,2,38
201600043093,16,8,21,1300,1,2,1,2,6,38
201600043094,16,8,29,1118,1,2,3,1,6,34
201600043095,16,8,29,1940,1,2,1,1,6,34
201600043096,16,8,31,1325,1,1,9,1,3,21
201600043097,16,9,2,1330,1,2,1,1,3,34
201600043098,16,9,3,1600,1,2,1,1,3,21
201600043099,16,9,5,1320,1,2,6,2,7,38
201600043100,16,9,5,1540,1,2,3,2,1,21
201600043101,16,9,6,1615,1,2,1,8,1,73
201600043102,16,9,7,1725,1,2,1,1,6,38
201600043103,16,9,8,730,1,2,1,1,2,65
201600043104,16,9,9,845,1,2,2,1,3,21
201600043105,16,9,12,1845,1,2,1,1,2,65
201600043106,16,9,13,1430,1,2,9,1,1,21
201600043107,16,9,14,1445,1,2,1,1,1,73
201600043108,16,9,14,2215,5,2,1,1,6,73
201600043109,16,9,16,830,1,2,7,1,6,34
201600043110,16,9,16,1655,1,2,1,2,7,38
201600043111,16,9,17,845,1,2,2,9,2,38
201600043112,16,9,25,1330,1,2,1,2,2,73
201600043113,16,9,28,1000,1,2,1,1,2,38
201600043114,16,9,28,1040,1,2,1,1,7,21
201600043115,16,9,28,1400,1,2,1,1,2,65
201600043116,16,9,29,1330,1,2,1,1,2,21
201600043117,16,10,3,1755,1,2,8,1,6,73
201600043118,16,10,5,1335,1,2,1,1,1,34
201600043119,16,10,10,940,1,2,1,1,6,73
201600043120,16,10,15,545,5,1,1,8,6,65
201600043121,16,10,15,2125,3,2,9,1,3,34
201600043122,16,10,16,115,5,1,2,1,2,73
201600043123,16,10,16,1905,2,2,1,1,7,73
201600043124,16,10,18,750,5,2,1,1,1,73
201600043125,16,10,19,1400,1,2,1,1,3,73
201600043126,16,10,20,2030,5,2,3,1,3,34
201600043127,16,10,21,1705,1,2,1,2,6,65
201600043128,16,10,26,1321,1,1,1,1,6,34
201600043129,16,10,26,1840,5,2,1,1,3,34
201600043130,16,10,27,315,5,2,2,1,3,65
201600043131,16,10,28,740,2,2,9,1,7,34
201600043132,16,10,28,900,1,2,1,1,2,73
201600043133,16,10,28,1500,1,1,2,1,3,73
201600043134,16,10,30,1855,5,2,1,1,6,38
201600043135,16,11,2,1220,1,2,1,1,3,73
201600043136,16,11,2,1450,1,1,1,1,3,38
201600043137,16,11,2,1655,1,2,1,1,3,34
201600043138,16,11,3,1305,1,2,1,1,1,73
201600043139,16,11,3,1500,1,2,1,1,6,38
201600043140,16,11,4,1730,2,2,1,2,6,38
201600043141,16,11,6,1120,1,2,9,1,1,73
201600043142,16,11,6,1200,1,2,1,1,2,73
201600043143,16,11,7,945,1,2,1,2,6,34
201600043144,16,11,7,1300,1,2,1,2,3,38
201600043145,16,11,8,825,1,2,1,1,6,65
201600043146,16,11,10,1835,5,2,3,3,6,38
201600043147,16,11,11,700,5,2,1,1,6,73
201600043148,16,11,11,2300,5,2,1,9,2,73
201600043149,16,11,12,2350,5,2,2,2,3,34
201600043150,16,11,13,1250,1,2,1,2,3,73
201600043151,16,11,14,730,2,2,2,9,1,73
201600043152,16,11,22,820,1,2,1,1,3,73
201600043153,16,11,23,227,5,2,1,2,6,21
201600043154,16,11,23,500,4,1,1,9,7,73
201600043155,16,11,23,810,1,2,1,2,6,73
201600043156,16,11,24,1815,5,2,2,1,6,38
201600043157,16,11,26,550,5,2,6,2,6,21
201600043158,16,11,30,815,2,2,2,1,6,73
201600043159,16,11,30,1020,1,2,6,1,6,21
201600043160,16,11,30,1805,5,2,8,1,6,38
201600043161,16,12,2,845,1,1,1,1,3,34
201600043162,16,12,2,2010,5,2,3,1,2,38
201600043163,16,12,3,1010,1,2,8,1,6,38
201600043164,16,12,3,1410,1,2,1,1,2,73
201600043165,16,12,4,1735,5,2,1,1,2,65
201600043166,16,12,6,945,1,1,3,1,5,73
201600043167,16,12,11,540,5,1,1,8,1,21
201600043168,16,12,12,1510,1,2,3,1,3,34
201600043169,16,12,12,1830,5,2,1,2,6,73
201600043170,16,12,15,115,5,2,1,1,6,73
201600043171,16,12,19,815,2,2,1,1,6,21
201600043172,16,12,20,945,1,2,3,1,3,65
201600043173,16,12,20,1845,5,2,1,1,4,73
201600043174,16,12,23,1900,5,2,3,1,6,21
201600043175,16,1,6,1345,1,2,1,1,2,41
201600043176,16,3,21,1337,1,2,4,1,7,41
201600043177,16,8,17,1115,1,2,1,1,6,41
201600043178,16,1,14,750,5,2,1,3,6,41
201600043179,16,8,21,1615,1,1,1,1,4,41
201600043180,16,1,17,1910,5,2,2,1,3,41
201600043181,16,6,17,1855,1,2,1,8,1,41
201600043182,16,6,27,1955,1,2,9,1,6,41
201600043183,16,1,21,1620,1,2,1,1,2,41
201600043184,16,9,5,910,1,2,3,2,3,41
201600043185,16,10,13,805,2,2,1,1,6,41
201600043186,16,9,10,2035,5,2,9,1,3,41
201600043187,16,9,11,1715,1,2,1,1,3,41
201600043188,16,9,12,1025,1,2,1,1,6,41
201600043189,16,9,12,1010,1,2,1,1,1,41
201600043190,16,9,21,1055,1,2,1,1,6,41
201600043191,16,2,3,1815,2,2,3,2,3,41
201600043192,16,9,13,900,1,2,3,1,3,41
201600043193,16,3,15,1420,1,2,2,1,2,41
201600043194,16,2,11,2000,5,2,2,1,3,41
201600043195,16,2,12,1215,1,2,3,2,3,41
201600043196,16,9,21,2015,5,2,1,1,1,41
201600043197,16,2,15,1110,1,2,1,1,2,41
201600043198,16,9,24,425,5,2,1,1,6,41
201600043199,16,2,17,930,1,2,3,1,3,41
201600043200,16,2,19,835,1,2,6,1,3,41
201600043201,16,2,23,745,2,2,3,2,6,41
201600043202,16,2,24,1140,1,2,2,1,3,41
201600043203,16,4,20,1040,1,2,1,1,1,41
201600043204,16,10,6,2025,5,2,1,1,6,41
201600043205,16,10,7,1755,1,2,1,1,6,41
201600043206,16,10,9,715,2,2,1,1,6,41
201600043207,16,3,1,2020,5,2,3,2,2,41
201600043208,16,3,2,620,5,2,3,2,6,41
201600043209,16,10,10,815,1,2,1,1,3,41
201600043210,16,10,11,1315,1,2,1,1,1,41
201600043211,16,3,6,830,1,2,6,1,6,41
201600043212,16,5,21,1245,1,2,1,1,1,41
201600043213,16,3,12,1510,1,2,4,1,1,41
201600043214,16,10,20,2005,5,2,3,8,3,41
201600043215,16,3,14,1725,1,2,1,1,3,41
201600043216,16,10,22,1320,1,2,1,1,6,41
201600043217,16,3,15,2130,5,2,1,1,6,41
201600043218,16,10,23,1720,1,2,2,3,3,41
201600043219,16,10,23,2330,3,2,1,2,7,41
201600043220,16,10,25,1500,1,2,3,1,6,41
201600043221,16,10,25,2150,5,2,1,1,3,41
201600043222,16,3,19,608,5,2,2,8,3,41
201600043223,16,10,27,1305,1,2,1,1,7,41
201600043224,16,10,28,940,1,2,1,1,3,41
201600043225,16,10,28,1020,1,2,9,1,6,41
201600043226,16,11,3,850,1,2,1,1,3,41
201600043227,16,11,3,840,1,2,1,1,3,41
201600043228,16,11,3,1815,5,2,1,1,6,41
201600043229,16,11,9,1645,2,2,1,2,2,41
201600043230,16,4,3,15,5,2,3,2,6,41
201600043231,16,11,14,1455,1,2,1,1,6,41
201600043232,16,11,17,2130,5,2,1,2,6,41
201600043233,16,4,8,1405,1,2,2,1,3,41
201600043234,16,11,18,1140,1,2,9,1,3,41
201600043235,16,11,18,1620,1,2,1,1,6,41
201600043236,16,4,11,1740,1,2,3,2,3,41
201600043237,16,11,23,2025,5,2,2,1,3,41
201600043238,16,11,24,1920,5,2,1,1,3,41
201600043239,16,4,15,1650,1,2,2,8,6,41
201600043240,16,8,23,2238,5,2,3,1,4,41
201600043241,16,12,2,2320,5,2,1,1,6,41
201600043242,16,8,26,28,5,2,1,1,1,41
201600043243,16,12,4,2105,4,1,1,1,2,41
201600043244,16,12,5,1000,1,2,3,1,3,41
201600043245,16,4,27,25,5,2,3,1,6,41
201600043246,16,4,27,2115,5,2,2,1,7,41
201600043247,16,5,1,2145,5,2,1,1,3,41
201600043248,16,12,14,830,1,2,1,1,1,41
201600043249,16,12,14,915,1,2,1,1,3,41
201600043250,16,9,15,1315,1,2,2,2,6,41
201600043251,16,12,18,600,3,2,1,1,6,41
201600043252,16,9,24,2355,5,2,1,1,2,41
201600043253,16,5,11,1930,1,2,3,1,1,41
201600043254,16,5,12,1950,2,2,2,2,6,41
201600043255,16,12,27,2100,5,2,1,1,6,41
201600043256,16,5,20,2000,2,2,2,1,6,41
201600043257,16,5,21,1000,1,2,6,1,3,41
201600043258,16,5,22,1610,1,2,3,2,3,41
201600043259,16,5,22,1715,1,2,1,2,3,41
201600043260,16,5,23,1300,1,2,2,2,6,41
201600043261,16,5,26,1915,1,2,2,1,3,41
201600043262,16,5,27,1228,1,2,2,1,6,41
201600043263,16,6,2,1630,1,2,1,2,6,41
201600043264,16,6,7,1030,1,2,1,1,7,41
201600043265,16,6,9,735,1,2,1,1,6,41
201600043266,16,6,10,1240,1,2,1,1,2,41