Num_Acc,an,mois,jour,hrmn,lum,agg,int,atm,col,com
201600043267,16,6,30,110,5,2,1,1,7,41
201600043268,16,7,1,2200,5,2,1,2,6,41
201600043269,16,7,2,1035,1,2,9,1,6,41
201600043270,16,7,5,1600,1,2,1,1,6,41
201600043271,16,7,10,2050,1,2,1,1,6,41
201600043272,16,7,14,1625,1,2,1,1,6,41
201600043273,16,7,27,725,1,2,1,1,7,41
201600043274,16,7,26,1000,1,2,1,1,6,41
201600043275,16,7,29,1815,1,2,1,1,6,41
201600043276,16,8,3,1010,1,2,1,1,3,41
201600043277,16,2,19,1820,5,2,1,1,2,46
201600043278,16,1,4,840,1,2,3,1,2,46
201600043279,16,2,3,1930,5,2,3,2,2,46
201600043280,16,10,21,1350,1,2,1,2,1,46
201600043281,16,10,24,1555,1,2,1,1,3,46
201600043282,16,10,25,950,1,2,2,2,3,46
201600043283,16,3,4,1650,1,2,2,1,3,46
201600043284,16,2,23,1950,1,2,1,1,2,46
201600043285,16,11,3,840,1,2,2,1,2,46
201600043286,16,11,3,1100,1,2,3,1,3,46
201600043287,16,3,25,1725,1,2,1,1,2,46
201600043288,16,11,8,1240,1,2,2,1,3,46
201600043289,16,6,3,945,1,2,1,1,3,46
201600043290,16,11,10,1935,5,2,1,3,6,46
201600043291,16,11,14,830,1,2,1,1,6,46
201600043292,16,2,27,1500,1,2,4,1,3,46
201600043293,16,5,4,1635,1,2,2,1,3,46
201600043294,16,11,20,1830,2,2,4,2,6,46
201600043295,16,11,21,855,1,2,6,2,6,46
201600043296,16,11,21,1155,1,2,3,2,3,46
201600043297,16,3,16,950,1,2,2,1,2,46
201600043298,16,11,24,700,5,2,4,1,6,46
201600043299,16,2,27,550,5,2,1,1,6,46
201600043300,16,5,4,1355,1,2,2,1,3,46
201600043301,16,11,27,1855,5,2,1,1,3,46
201600043302,16,11,28,910,1,2,1,1,2,46
201600043303,16,11,30,1550,1,2,2,1,3,46
201600043304,16,1,12,1900,5,2,1,1,6,46
201600043305,16,12,1,1910,5,2,3,1,3,46
201600043306,16,12,4,1430,1,2,1,1,6,46
201600043307,16,5,26,1800,1,2,2,1,6,46
201600043308,16,12,5,725,5,2,1,1,3,46
201600043309,16,5,28,1415,1,2,1,2,6,46
201600043310,16,12,7,1650,1,2,1,1,6,46
201600043311,16,12,8,815,1,2,5,1,3,46
201600043312,16,6,5,1500,1,2,1,2,6,46
201600043313,16,6,12,1920,1,2,1,1,7,46
201600043314,16,12,13,1955,5,2,1,1,3,46
201600043315,16,12,14,150,5,2,3,1,3,46
201600043316,16,12,19,1755,5,2,4,1,3,46
201600043317,16,12,21,1930,5,2,2,2,3,46
201600043318,16,12,29,1630,1,2,1,1,7,46
201600043319,16,4,28,1220,1,2,3,1,6,46
201600043320,16,8,20,2155,1,2,1,1,1,46
201600043321,16,1,21,805,1,2,3,1,6,46
201600043322,16,4,28,1820,1,2,3,1,1,46
201600043323,16,9,25,1915,1,2,1,1,2,46
201600043324,16,3,24,1800,1,2,2,1,2,46
201600043325,16,9,7,2150,2,2,2,1,3,46
201600043326,16,12,12,1810,5,2,1,2,6,46
201600043327,16,1,28,845,1,2,2,2,6,46
201600043328,16,1,7,1820,5,2,3,1,3,46
201600043329,16,2,1,745,5,2,3,2,3,46
201600043330,16,6,8,1540,1,2,2,1,3,46
201600043331,16,3,7,1850,2,2,1,2,3,46
201600043332,16,6,10,2125,2,2,1,1,2,46
201600043333,16,6,17,1900,1,2,3,2,3,46
201600043334,16,6,18,1430,1,2,1,1,2,46
201600043335,16,5,13,1805,1,2,1,2,3,46
201600043336,16,6,20,1915,1,2,1,3,6,46
201600043337,16,6,21,1600,1,2,1,1,6,46
201600043338,16,6,21,1815,1,2,1,1,6,46
201600043339,16,6,23,1825,1,2,3,1,3,46
201600043340,16,6,29,1350,1,2,1,1,6,46
201600043341,16,5,17,1400,1,2,3,1,3,46
201600043342,16,7,4,945,1,2,1,1,1,46
201600043343,16,7,8,2140,1,2,3,1,6,46
201600043344,16,7,10,2130,1,2,3,1,3,46
201600043345,16,7,14,1415,1,2,2,1,3,46
201600043346,16,2,8,1810,5,2,1,3,6,46
201600043347,16,7,16,10,5,2,1,1,6,46
201600043348,16,5,18,1650,1,2,1,2,7,46
201600043349,16,3,31,620,2,2,1,2,2,46
201600043350,16,5,20,905,1,2,3,2,6,46
201600043351,16,5,4,1710,1,2,3,1,3,46
201600043352,16,5,20,1855,1,2,3,1,3,46
201600043353,16,7,26,1940,1,2,2,1,5,46
201600043354,16,8,11,1920,1,2,3,1,3,46
201600043355,16,2,11,710,1,2,2,1,3,46
201600043356,16,4,1,1805,1,2,3,1,3,46
201600043357,16,2,13,1700,1,2,1,2,3,46
201600043358,16,8,24,1350,1,2,1,1,4,46
201600043359,16,8,25,850,1,2,3,1,3,46
201600043360,16,8,28,1405,1,2,1,1,7,46
201600043361,16,8,28,1840,1,2,3,1,3,46
201600043362,16,5,26,900,1,2,3,1,3,46
201600043363,16,8,31,2110,5,2,2,1,6,46
201600043364,16,5,27,1350,1,2,1,1,2,46
201600043365,16,9,5,1500,1,2,6,2,3,46
201600043366,16,9,6,1115,1,2,1,1,3,46
201600043367,16,9,6,1700,1,2,1,1,2,46
201600043368,16,9,27,1745,1,2,1,1,2,46
201600043369,16,5,30,1100,1,2,1,2,3,46
201600043370,16,9,11,2230,5,2,1,1,6,46
201600043371,16,9,12,805,1,2,1,1,6,46
201600043372,16,9,16,2000,5,2,1,2,3,46
201600043373,16,10,5,1035,1,2,1,1,3,46
201600043374,16,9,30,845,1,2,1,8,6,46
201600043375,16,10,6,1410,1,2,3,1,3,46
201600043376,16,4,2,1230,1,2,1,1,3,42
201600043377,16,1,5,800,2,2,2,2,3,15
201600043378,16,1,9,2335,5,2,2,3,3,52
201600043379,16,1,11,1500,1,2,1,1,3,15
201600043380,16,5,28,1210,1,2,3,1,3,58
201600043381,16,1,12,2000,5,2,1,2,4,52
201600043382,16,7,28,915,1,2,1,1,2,58
201600043383,16,7,30,1330,1,2,2,1,3,42
201600043384,16,1,21,800,1,2,3,8,6,58
201600043385,16,1,21,1655,2,2,3,2,1,52
201600043386,16,8,11,1400,1,2,1,1,2,58
201600043387,16,1,27,600,5,2,2,1,6,58
201600043388,16,3,2,1640,1,2,2,3,6,42
201600043389,16,1,27,1700,1,2,1,2,6,52
201600043390,16,8,9,1545,1,2,1,1,3,58
201600043391,16,10,6,1815,1,2,1,1,3,42
201600043392,16,10,10,1850,5,2,1,1,3,15
201600043393,16,1,30,620,3,2,3,8,2,58
201600043394,16,1,30,1710,1,2,1,1,5,15
201600043395,16,8,13,1435,1,2,2,1,3,58
201600043396,16,3,17,1545,1,2,6,1,2,15
201600043397,16,8,15,1205,1,2,2,1,3,52
201600043398,16,2,2,1800,1,2,1,2,3,42
201600043399,16,8,15,1530,1,2,6,1,3,58
201600043400,16,2,4,2120,5,2,2,1,6,58
201600043401,16,12,17,1130,1,2,1,1,2,58
201600043402,16,8,23,850,1,2,6,7,6,52
201600043403,16,2,10,1725,1,2,1,1,6,58
201600043404,16,8,29,1900,1,2,1,1,1,58
201600043405,16,9,2,950,1,2,3,1,6,15
201600043406,16,9,5,2210,5,2,2,2,3,52
201600043407,16,2,24,750,1,2,1,1,1,58
201600043408,16,9,7,1940,1,2,1,1,2,52
201600043409,16,9,7,2000,2,2,1,1,6,52
201600043410,16,5,11,2130,5,2,3,1,3,52
201600043411,16,9,10,1845,1,2,1,1,6,58
201600043412,16,5,20,40,5,2,2,1,3,42
201600043413,16,9,12,1325,1,2,1,1,2,15
201600043414,16,3,4,845,1,1,3,2,3,15
201600043415,16,9,14,1915,1,2,1,1,6,52
201600043416,16,9,16,1745,1,2,1,1,6,42
201600043417,16,3,8,1615,1,2,5,1,3,58
201600043418,16,9,21,1310,1,2,1,1,3,58
201600043419,16,3,11,1705,1,2,3,1,6,52
201600043420,16,9,22,1427,1,2,1,1,6,58
201600043421,16,3,12,1610,1,2,3,1,1,52
201600043422,16,9,23,1645,1,2,1,1,3,52
201600043423,16,3,17,1815,1,2,2,1,2,42
201600043424,16,3,18,740,1,2,2,1,6,52
201600043425,16,9,30,830,1,2,1,1,3,52
201600043426,16,9,30,1420,1,2,1,1,2,52
201600043427,16,10,4,1000,1,2,1,1,6,42
201600043428,16,10,4,1250,1,2,2,1,3,58
201600043429,16,3,23,1430,1,2,3,1,2,58
201600043430,16,10,8,1420,1,2,1,1,2,52
201600043431,16,7,21,320,5,2,1,1,6,58
201600043432,16,10,10,800,1,2,1,1,3,42
201600043433,16,10,10,855,1,2,3,1,3,58
201600043434,16,3,30,1745,1,2,1,2,4,42
201600043435,16,10,12,946,1,2,2,1,1,15
201600043436,16,10,12,1350,1,2,2,1,6,15
201600043437,16,10,12,1420,1,1,3,1,6,52
201600043438,16,7,30,120,4,2,1,1,6,52
201600043439,16,10,12,2000,5,2,1,1,5,58
201600043440,16,10,12,2000,5,2,1,1,6,58
201600043441,16,10,13,1240,1,2,9,1,6,58
201600043442,16,4,1,2205,5,2,3,1,3,52
201600043443,16,10,16,915,1,2,1,1,6,52
201600043444,16,10,16,1545,1,2,1,1,6,15
201600043445,16,8,20,505,5,2,1,1,6,58
201600043446,16,9,25,2230,3,2,2,1,3,42
201600043447,16,4,9,1200,1,2,1,1,3,42
201600043448,16,10,22,2030,5,2,5,1,3,58
201600043449,16,10,23,1603,1,2,1,3,2,52
201600043450,16,4,15,1750,1,2,3,1,3,42
201600043451,16,4,19,1645,1,2,2,1,3,58
201600043452,16,4,19,1745,1,2,4,1,6,42
201600043453,16,5,5,835,1,2,1,1,3,58
201600043454,16,5,6,850,1,2,1,1,6,42
201600043455,16,11,16,2030,4,2,1,1,6,42
201600043456,16,5,17,1410,1,2,1,1,3,58
201600043457,16,5,18,1216,1,2,3,1,6,52
201600043458,16,5,19,1210,1,2,2,2,6,42
201600043459,16,12,3,2100,5,2,3,1,3,52
201600043460,16,5,23,1745,1,2,3,2,1,52
201600043461,16,5,24,1735,1,2,3,1,2,42
201600043462,16,5,25,1620,1,2,3,1,6,52
201600043463,16,12,9,300,5,2,1,1,4,42
201600043464,16,12,9,1155,1,2,2,1,3,42
201600043465,16,12,10,630,5,2,1,1,1,15
201600043466,16,12,14,1825,5,2,3,1,6,58
201600043467,16,12,15,715,5,2,6,1,1,15
201600043468,16,5,31,1450,1,2,1,2,3,52
201600043469,16,6,1,930,1,2,1,1,3,15
201600043470,16,12,17,2300,5,2,1,1,2,58
201600043471,16,6,3,2050,2,2,1,1,6,42
201600043472,16,12,22,835,2,2,2,2,6,52
201600043473,16,12,22,2240,5,2,3,1,1,42
201600043474,16,12,25,220,5,2,2,1,3,52
201600043475,16,6,10,845,1,2,1,1,6,58
201600043476,16,12,30,1630,2,2,2,5,3,15
201600043477,16,6,18,1200,1,2,1,1,6,58
201600043478,16,6,20,1055,1,2,2,2,6,15
201600043479,16,6,21,810,1,2,3,2,3,52
201600043480,16,6,22,1830,1,2,1,8,6,42
201600043481,16,6,23,1820,1,2,1,1,6,58
201600043482,16,7,1,1145,1,2,1,1,3,52
201600043483,16,7,3,1030,1,2,1,1,3,42
201600043484,16,7,4,900,1,2,1,1,2,42
201600043485,16,7,6,1520,1,2,1,1,3,42
201600043486,16,7,8,945,1,2,3,1,2,58
201600043487,16,7,12,1030,1,2,3,1,3,42
201600043488,16,11,7,1030,1,2,2,2,3,52
201600043489,16,11,8,1800,5,2,1,1,3,52
201600043490,16,11,18,1100,1,2,1,1,6,42
201600043491,16,11,23,800,1,2,9,8,6,15
201600043492,16,11,23,1300,1,2,3,8,3,58
201600043493,16,11,24,2035,5,2,1,1,3,42
201600043494,16,11,29,1915,5,2,5,1,6,52
201600043495,16,11,24,1000,1,2,1,8,2,52
201600043496,16,1,7,710,5,2,1,2,6,68
201600043497,16,1,15,805,1,2,6,1,6,68
201600043498,16,1,15,1810,5,2,3,1,3,68
201600043499,16,1,15,1950,5,2,3,1,3,68
201600043500,16,1,17,1825,5,2,2,1,3,68
201600043501,16,1,19,1505,1,2,2,1,3,68
201600043502,16,1,27,1210,1,2,2,1,6,68
201600043503,16,1,30,1732,5,2,4,1,6,68
201600043504,16,2,2,1020,1,2,2,1,3,68
201600043505,16,2,2,1705,1,2,2,2,2,68
201600043506,16,2,5,845,1,2,2,1,6,68
201600043507,16,2,8,1710,5,2,3,2,6,68
201600043508,16,2,12,1330,1,2,2,2,6,68
201600043509,16,2,15,920,1,2,1,1,3,68
201600043510,16,2,16,905,1,2,2,1,3,68
201600043511,16,2,16,1305,1,2,3,1,3,68
201600043512,16,3,3,1440,1,2,2,1,6,68
201600043513,16,3,12,1600,1,2,2,1,3,68
201600043514,16,1,2,1820,5,2,2,2,6,68
201600043515,16,3,14,850,1,2,2,1,2,68
201600043516,16,3,18,1000,1,2,3,1,2,68
201600043517,16,3,18,1105,1,2,2,1,3,68
201600043518,16,3,22,1740,1,2,4,1,3,68
201600043519,16,3,23,1740,1,2,3,1,1,68
201600043520,16,3,24,1735,1,2,2,1,2,68
201600043521,16,3,30,945,1,2,1,2,4,68
201600043522,16,4,5,1010,1,2,5,1,6,68
201600043523,16,4,5,1550,1,2,2,1,6,68
201600043524,16,4,6,1740,1,2,1,1,2,68
201600043525,16,4,14,1100,1,2,2,1,3,68
201600043526,16,4,15,1725,1,2,2,1,6,68
201600043527,16,4,22,1140,1,2,2,1,3,68
201600043528,16,5,6,1230,1,2,3,1,1,68
201600043529,16,5,8,440,5,2,2,1,6,68
201600043530,16,5,7,1144,1,2,3,1,3,68
201600043531,16,5,9,1426,1,2,1,1,1,68
201600043532,16,5,26,1740,1,2,2,1,3,68
201600043533,16,5,31,1305,1,2,1,2,3,68
201600043534,16,5,31,1600,1,2,3,3,6,68
201600043535,16,6,7,1610,1,2,2,1,3,68
201600043536,16,6,10,1325,1,2,1,1,6,68
201600043537,16,6,10,1700,1,2,1,1,3,68
201600043538,16,6,23,1940,1,2,1,1,3,68
201600043539,16,6,24,1620,1,2,1,1,3,68
201600043540,16,7,4,1650,1,2,2,1,3,68
201600043541,16,7,6,1350,1,2,2,1,3,68
201600043542,16,7,9,2230,2,2,1,1,6,68
201600043543,16,7,8,1900,1,2,1,1,6,68
201600043544,16,7,15,2000,1,2,2,1,3,68
201600043545,16,7,17,1400,1,2,3,1,3,68
201600043546,16,7,17,2050,1,2,1,1,6,68
201600043547,16,7,18,1330,1,2,2,1,3,68
201600043548,16,7,21,805,1,2,2,1,3,68
201600043549,16,7,29,1735,1,2,2,1,6,68
201600043550,16,8,1,1550,1,2,1,1,6,68
201600043551,16,8,4,1320,1,2,1,8,2,68
201600043552,16,8,11,2135,5,2,1,1,6,68
201600043553,16,8,17,1705,1,2,1,1,6,68
201600043554,16,9,1,852,1,2,1,7,3,68
201600043555,16,9,1,2000,1,2,2,1,3,68
201600043556,16,9,2,825,1,2,1,1,3,68
201600043557,16,9,5,1245,1,2,2,2,3,68
201600043558,16,9,7,1130,1,2,1,1,6,68
201600043559,16,9,12,1015,1,2,2,1,3,68
201600043560,16,9,12,1810,1,2,1,1,2,68
201600043561,16,9,14,1320,1,2,1,1,3,68
201600043562,16,9,19,2140,5,2,2,1,3,68
201600043563,16,9,20,1820,1,2,1,1,6,68
201600043564,16,9,22,745,1,2,2,1,3,68
201600043565,16,9,22,1655,1,2,2,1,3,68
201600043566,16,9,25,1410,1,2,1,1,1,68
201600043567,16,9,26,2210,5,2,1,1,3,68
201600043568,16,9,28,1305,1,2,1,1,6,68
201600043569,16,9,30,1800,1,2,9,2,6,68
201600043570,16,10,5,1355,1,2,2,1,3,68
201600043571,16,10,9,1930,5,2,1,1,3,68
201600043572,16,10,14,1840,5,2,1,3,6,68
201600043573,16,10,15,740,2,2,1,1,3,68
201600043574,16,10,21,955,1,2,2,2,3,68
201600043575,16,11,4,1740,5,2,1,3,3,68
201600043576,16,11,7,735,5,2,2,4,3,68
201600043577,16,11,8,820,1,2,1,1,3,68
201600043578,16,11,9,825,1,2,1,2,6,68
201600043579,16,11,9,1200,1,2,2,2,3,68
201600043580,16,11,11,1250,1,2,1,1,6,68
201600043581,16,11,18,2040,5,2,1,1,3,68
201600043582,16,11,21,1300,1,2,3,2,3,68
201600043583,16,12,1,2305,5,2,1,1,2,68
201600043584,16,12,4,1015,1,2,1,1,6,68
201600043585,16,12,5,1730,5,2,1,1,6,68
201600043586,16,12,6,1720,5,2,1,1,3,68
201600043587,16,12,7,1145,1,2,2,7,3,68
201600043588,16,12,9,1740,5,2,3,1,3,68
201600043589,16,12,12,720,5,2,1,8,6,68
201600043590,16,12,11,2305,5,2,2,1,3,68
201600043591,16,12,13,1715,5,2,1,1,6,68
201600043592,16,12,14,1720,5,2,2,1,3,68
201600043593,16,12,20,1850,5,2,1,1,6,68
201600043594,16,12,26,1115,1,2,2,2,3,68
201600043595,16,12,28,1030,1,2,1,1,3,68
201600043596,16,1,14,845,2,2,1,2,3,68
201600043597,16,3,10,1920,5,2,2,2,3,68
201600043598,16,3,15,600,5,2,2,1,3,68
201600043599,16,3,21,2215,5,2,2,1,3,68
201600043600,16,3,23,2010,5,2,3,1,1,68
201600043601,16,3,30,1315,1,2,1,2,2,68
201600043602,16,4,4,1740,1,2,3,1,2,68
201600043603,16,4,26,1825,1,2,1,1,6,68
201600043604,16,6,17,1830,1,2,1,8,1,68
201600043605,16,7,12,20,5,2,1,1,6,68
201600043606,16,8,12,55,5,2,6,1,6,68
201600043607,16,9,16,2040,5,2,1,2,2,68
201600043608,16,9,22,2130,5,2,1,1,6,68
201600043609,16,10,22,1345,1,2,9,1,6,68
201600043610,16,10,23,1615,1,2,1,3,6,68
201600043611,16,10,28,1635,1,2,1,1,6,68
201600043612,16,11,12,1740,5,2,1,1,6,68
201600043613,16,12,4,1735,2,2,2,1,3,68
201600043614,16,12,6,10,5,2,1,1,3,68
201600043615,16,12,12,135,5,2,2,1,3,68
201600043616,16,1,1,350,5,2,1,1,6,78
201600043617,16,1,2,1550,1,2,2,2,3,78
201600043618,16,1,7,835,1,2,2,2,6,77
201600043619,16,1,7,1710,1,2,1,8,6,77
201600043620,16,1,8,1550,1,2,1,1,6,74
201600043621,16,1,12,1610,1,2,2,1,3,74
201600043622,16,1,17,710,5,2,1,1,1,78
201600043623,16,9,3,1340,1,2,1,1,6,77
201600043624,16,1,18,730,5,2,1,8,1,74
201600043625,16,7,6,1840,1,2,2,1,3,78
201600043626,16,7,13,910,1,2,1,1,6,78
201600043627,16,1,19,1755,5,2,1,1,5,74
201600043628,16,1,19,2055,5,2,1,1,3,78
201600043629,16,9,2,1850,1,2,1,1,6,77
201600043630,16,1,28,815,1,2,4,2,3,77
201600043631,16,1,28,1810,5,2,2,1,6,78
201600043632,16,1,29,2215,5,2,2,2,3,78
201600043633,16,1,30,2035,5,2,1,2,2,78
201600043634,16,12,16,700,2,2,1,1,5,77
201600043635,16,2,3,1845,5,2,3,8,6,77
201600043636,16,2,6,1640,1,2,1,1,3,78
201600043637,16,2,10,1245,1,2,1,1,3,78
201600043638,16,2,11,1915,5,2,1,2,7,78
201600043639,16,2,13,1,5,2,1,2,6,78
201600043640,16,2,15,745,1,2,6,1,7,78
201600043641,16,2,20,2000,5,2,1,1,6,78
201600043642,16,2,22,1035,1,2,2,1,2,74
201600043643,16,2,24,1307,1,2,1,1,6,74
201600043644,16,2,24,1815,5,2,1,2,4,78
201600043645,16,2,26,1750,2,2,1,1,3,74
201600043646,16,3,9,845,1,2,2,3,6,74
201600043647,16,3,11,1620,1,2,3,1,6,74
201600043648,16,3,13,510,5,2,3,1,2,78
201600043649,16,3,16,715,1,2,1,1,2,78
201600043650,16,3,17,1850,2,2,1,1,6,78
201600043651,16,3,23,2030,5,2,1,1,6,78
201600043652,16,3,24,1150,1,2,1,1,5,78
201600043653,16,3,28,1135,1,2,3,1,2,74
201600043654,16,3,28,2015,5,2,2,1,3,74
201600043655,16,3,31,1200,1,2,1,3,2,77
201600043656,16,4,1,2345,5,2,1,1,4,78
201600043657,16,4,2,2300,3,2,1,2,3,78
201600043658,16,4,3,1615,1,2,1,1,3,78
201600043659,16,4,7,1910,1,2,1,2,6,78
201600043660,16,4,8,1630,1,2,1,1,6,77
201600043661,16,4,9,1425,1,2,1,2,1,74
201600043662,16,4,25,650,2,2,3,2,3,78
201600043663,16,4,11,1500,1,2,1,1,6,74
201600043664,16,4,10,1205,1,2,3,1,6,74
201600043665,16,4,15,920,1,2,1,1,3,74
201600043666,16,4,19,1245,1,2,3,1,1,77
201600043667,16,4,20,1900,1,2,1,1,7,77
201600043668,16,4,24,1655,1,2,1,2,2,74
201600043669,16,4,25,920,1,2,2,1,3,77
201600043670,16,4,25,1830,1,2,1,2,5,74
201600043671,16,4,27,1900,1,2,2,2,3,1
201600043672,16,4,30,1540,1,2,1,2,3,78
201600043673,16,5,2,740,1,2,6,1,6,74
201600043674,16,5,2,1800,1,2,1,1,2,78
201600043675,16,5,4,1815,1,2,2,1,2,78
201600043676,16,5,8,845,1,2,1,1,3,77
201600043677,16,5,9,1630,1,2,2,1,6,77
201600043678,16,5,10,1210,1,2,3,2,7,1
201600043679,16,5,14,1330,1,2,2,1,6,77
201600043680,16,5,13,2318,5,2,3,1,6,78
201600043681,16,5,16,655,1,2,3,1,3,78
201600043682,16,5,24,850,1,2,3,1,3,74
201600043683,16,5,27,2135,5,2,1,1,6,78
201600043684,16,6,5,1950,1,2,3,1,6,78
201600043685,16,6,9,1930,1,2,1,1,6,78
201600043686,16,6,10,1345,1,2,2,1,1,78
201600043687,16,6,12,1040,1,2,1,1,6,78
201600043688,16,6,12,1950,1,2,3,3,4,78
201600043689,16,6,16,35,5,2,3,1,6,78
201600043690,16,6,16,810,1,2,3,1,2,78
201600043691,16,6,29,345,5,2,3,1,3,78
201600043692,16,6,16,1920,1,2,4,1,3,78
201600043693,16,6,17,835,1,2,2,1,2,78
201600043694,16,6,19,2120,1,2,1,1,7,1
201600043695,16,6,19,2318,5,2,3,1,3,78
201600043696,16,6,20,2200,5,2,1,2,3,78
201600043697,16,6,24,820,1,2,3,1,3,78
201600043698,16,6,24,1820,1,2,1,1,3,78
201600043699,16,6,26,1905,1,2,1,1,2,74
201600043700,16,6,27,1830,1,2,1,1,6,78
201600043701,16,6,20,2245,5,2,3,2,3,78
201600043702,16,7,4,523,2,2,9,1,7,74
201600043703,16,7,4,1725,1,2,1,1,3,74
201600043704,16,7,23,9,5,2,2,1,3,74
201600043705,16,7,5,1715,1,2,3,1,6,78
201600043706,16,7,5,2105,1,2,3,1,3,78
201600043707,16,7,7,1515,1,2,1,7,6,78
201600043708,16,7,9,745,1,2,1,1,6,78
201600043709,16,7,9,1450,1,2,1,1,6,78
201600043710,16,7,12,135,5,2,2,1,3,74
201600043711,16,7,12,1755,1,2,1,8,6,78
201600043712,16,7,16,925,1,2,1,1,2,77
201600043713,16,7,17,2140,2,2,1,1,6,78
201600043714,16,7,22,2230,5,2,1,1,6,74
201600043715,16,7,23,105,5,2,1,1,6,78
201600043716,16,7,23,1130,1,2,2,7,6,78
201600043717,16,7,28,2040,1,2,1,1,3,78
201600043718,16,7,29,1000,1,2,1,1,7,77
201600043719,16,7,29,1740,1,2,1,1,6,78
201600043720,16,7,29,1910,1,2,4,1,6,78
201600043721,16,8,2,820,1,2,1,2,3,74
201600043722,16,8,2,1640,1,2,1,1,6,74
201600043723,16,8,6,1200,1,2,3,1,3,78
201600043724,16,8,10,1440,1,2,4,1,2,78
201600043725,16,8,12,1840,1,2,1,1,4,74
201600043726,16,11,24,735,1,2,2,1,6,77
201600043727,16,8,13,1220,1,2,1,1,6,78
201600043728,16,8,15,210,5,2,1,1,2,78
201600043729,16,4,9,705,2,2,2,1,3,78
201600043730,16,8,20,2240,5,2,1,1,2,78
201600043731,16,8,20,2230,5,2,1,1,2,78
201600043732,16,8,24,505,5,2,1,1,1,78
201600043733,16,8,25,1700,1,2,4,1,1,78
201600043734,16,8,24,815,1,2,1,1,3,78
201600043735,16,9,3,1810,1,2,3,7,3,78
201600043736,16,9,4,1820,1,2,2,1,3,78
201600043737,16,9,5,720,2,2,1,2,6,74
201600043738,16,9,7,1725,1,2,1,1,5,78
201600043739,16,9,10,2113,5,2,3,1,1,1
201600043740,16,9,13,1935,2,2,1,1,3,77
201600043741,16,9,14,800,1,2,2,1,3,74
201600043742,16,10,1,1035,1,2,1,1,6,78
201600043743,16,12,26,1745,5,2,1,1,1,78
201600043744,16,9,22,1610,1,2,3,1,3,78
201600043745,16,9,23,745,1,2,1,1,6,1
201600043746,16,9,27,1800,1,2,3,1,3,78
201600043747,16,9,29,1245,1,2,1,1,3,74
201600043748,16,11,5,1000,1,2,1,8,6,74
201600043749,16,10,6,2030,5,2,3,1,6,78
201600043750,16,10,8,1900,1,2,2,1,3,78
201600043751,16,10,10,1430,1,2,3,1,2,74
201600043752,16,10,14,2111,5,2,1,3,2,78
201600043753,16,10,15,1630,1,2,3,1,1,78
201600043754,16,10,16,2240,5,2,3,1,2,78
201600043755,16,10,17,1820,2,2,1,1,7,78
201600043756,16,10,17,735,2,2,1,8,3,74
201600043757,16,10,22,2040,5,2,1,1,6,74
201600043758,16,10,23,345,5,2,1,1,6,78
201600043759,16,10,23,2115,5,2,2,2,4,78
201600043760,16,10,28,1725,1,2,1,1,6,78
201600043761,16,10,30,620,5,2,1,1,6,78
201600043762,16,11,7,1730,5,2,1,2,2,78
201600043763,16,11,9,905,1,2,1,2,3,78
201600043764,16,11,10,825,1,2,1,1,6,74
201600043765,16,11,12,545,5,2,1,1,6,78
201600043766,16,11,12,615,5,2,2,1,3,77
201600043767,16,11,17,2000,5,2,2,2,2,78
201600043768,16,11,22,1630,1,2,1,1,6,78
201600043769,16,11,23,1410,1,2,1,9,2,77
201600043770,16,11,23,1725,5,2,3,2,3,77
201600043771,16,11,25,2305,5,2,9,1,6,78
201600043772,16,11,28,945,2,2,1,1,6,78
201600043773,16,11,30,2015,5,2,3,1,3,78
201600043774,16,12,1,1520,1,2,1,1,7,77
201600043775,16,12,1,1720,1,2,1,1,2,74
201600043776,16,12,2,1235,1,2,1,8,7,74
201600043777,16,12,3,2220,5,2,1,1,6,77
201600043778,16,12,6,1900,3,2,1,1,6,78
201600043779,16,12,6,2100,5,2,1,1,7,77
201600043780,16,12,7,2355,5,2,1,1,5,74
201600043781,16,12,8,1605,1,2,1,1,4,78
201600043782,16,12,12,930,1,2,1,5,3,74
201600043783,16,5,27,850,1,2,1,1,6,1
201600043784,16,12,14,1035,1,2,1,1,6,78
201600043785,16,12,16,1810,5,2,3,1,2,74
201600043786,16,12,21,1715,2,2,2,1,7,78
201600043787,16,12,25,1730,2,2,1,1,7,78
201600043788,16,9,25,525,5,2,1,1,1,77
201600043789,16,12,27,1410,1,2,1,1,1,74
201600043790,16,12,30,1005,1,2,4,5,6,78
201600043791,16,1,3,10,5,2,3,1,3,67
201600043792,16,1,10,1945,5,2,1,8,6,67
201600043793,16,1,11,1630,1,2,2,1,6,80
201600043794,16,1,20,745,2,2,3,1,1,67
201600043795,16,1,21,720,5,2,3,9,3,67
201600043796,16,2,4,1005,1,2,1,2,3,67
201600043797,16,1,28,830,1,2,4,1,7,80
201600043798,16,2,2,1421,1,2,1,2,6,80
201600043799,16,2,16,1730,1,2,4,1,3,80
201600043800,16,2,12,1605,1,2,1,2,6,67
201600043801,16,2,25,2150,5,2,2,1,3,80
201600043802,16,3,4,1120,1,2,2,2,6,80
201600043803,16,3,5,2315,5,2,1,1,2,67
201600043804,16,3,7,320,5,2,2,1,6,67
201600043805,16,3,9,1815,1,2,2,2,6,80
201600043806,16,3,14,1625,1,2,2,1,6,80
201600043807,16,3,16,30,5,2,2,1,3,67
201600043808,16,3,31,905,1,2,3,3,7,67
201600043809,16,4,1,1615,1,2,1,1,2,67
201600043810,16,4,2,2355,5,2,3,3,6,80
201600043811,16,4,5,1730,1,2,1,1,2,67
201600043812,16,4,19,1805,1,2,2,1,6,67
201600043813,16,4,25,1320,1,2,2,8,6,80
201600043814,16,5,15,2143,5,2,3,1,6,80
201600043815,16,5,23,1130,1,2,4,3,6,67