Num_Acc,an,mois,jour,hrmn,lum,agg,int,atm,col,com
201600043816,16,6,7,925,1,2,1,1,2,80
201600043817,16,6,15,2310,5,1,1,1,6,67
201600043818,16,6,18,1245,1,2,3,1,6,80
201600043819,16,6,24,1250,1,2,9,1,6,80
201600043820,16,6,27,800,1,2,1,1,6,67
201600043821,16,6,10,2015,1,2,1,1,6,80
201600043822,16,7,12,1530,1,2,1,1,5,67
201600043823,16,7,10,1400,1,2,2,1,6,80
201600043824,16,7,6,1745,1,2,1,1,6,80
201600043825,16,6,18,1245,1,2,1,1,6,80
201600043826,16,8,24,1145,1,2,1,1,3,80
201600043827,16,8,10,915,1,2,1,1,6,67
201600043828,16,8,18,1940,1,2,1,1,5,80
201600043829,16,8,13,1700,1,2,1,1,6,67
201600043830,16,7,17,1100,1,2,2,1,6,80
201600043831,16,9,5,920,1,2,1,2,7,80
201600043832,16,9,8,1853,1,2,3,1,6,80
201600043833,16,9,8,1230,1,2,1,1,2,80
201600043834,16,9,12,900,1,2,2,1,3,67
201600043835,16,9,16,2130,5,2,3,2,7,80
201600043836,16,9,16,1040,1,2,2,2,6,67
201600043837,16,9,27,850,1,2,1,1,6,80
201600043838,16,9,24,1615,1,2,1,1,6,80
201600043839,16,9,9,1120,1,2,1,1,6,67
201600043840,16,10,6,1615,1,2,1,1,6,80
201600043841,16,10,8,1150,1,2,1,1,5,80
201600043842,16,10,14,2305,5,2,1,2,3,80
201600043843,16,10,17,800,1,2,2,1,6,67
201600043844,16,10,18,1910,2,2,1,1,6,80
201600043845,16,10,30,1115,1,2,3,1,6,67
201600043846,16,11,3,215,5,2,1,1,6,67
201600043847,16,11,7,15,5,2,2,1,3,67
201600043848,16,11,5,1420,1,2,2,1,6,80
201600043849,16,11,20,500,5,2,1,1,6,80
201600043850,16,11,6,1200,1,2,2,1,6,80
201600043851,16,11,30,850,1,2,3,1,3,67
201600043852,16,11,22,820,1,2,1,1,6,80
201600043853,16,12,4,2210,5,2,1,1,6,80
201600043854,16,12,7,1835,5,2,1,1,6,67
201600043855,16,12,12,2250,5,2,1,1,2,67
201600043856,16,12,11,1315,1,2,3,1,6,67
201600043857,16,11,29,1840,5,2,1,1,6,80
201600043858,16,1,4,1915,2,2,2,1,3,81
201600043859,16,1,9,1440,1,2,3,1,2,81
201600043860,16,1,11,1900,5,2,1,1,2,81
201600043861,16,1,16,1900,5,2,3,1,6,81
201600043862,16,1,9,940,1,2,3,1,3,81
201600043863,16,1,23,1200,1,2,6,2,3,81
201600043864,16,1,26,730,5,2,2,1,2,81
201600043865,16,1,30,1230,1,2,2,3,3,81
201600043866,16,1,31,630,4,1,1,1,2,81
201600043867,16,2,1,755,1,2,3,1,3,81
201600043868,16,2,1,1215,1,2,3,1,2,81
201600043869,16,2,2,1805,5,2,2,2,3,81
201600043870,16,2,4,950,1,2,2,2,3,81
201600043871,16,2,4,1520,1,2,5,9,3,81
201600043872,16,2,15,1725,1,2,1,1,1,81
201600043873,16,2,17,630,5,2,2,1,6,81
201600043874,16,2,17,1435,1,2,2,1,3,81
201600043875,16,2,20,620,5,2,1,2,6,81
201600043876,16,2,22,2000,5,2,2,2,3,81
201600043877,16,2,29,1035,1,2,1,1,6,81
201600043878,16,3,1,1830,5,2,3,3,6,81
201600043879,16,3,3,1310,1,2,1,1,3,81
201600043880,16,3,3,2045,5,2,2,1,3,81
201600043881,16,3,4,650,5,2,1,3,2,81
201600043882,16,3,6,650,2,2,1,2,6,81
201600043883,16,3,6,700,2,2,1,2,7,81
201600043884,16,3,16,1205,1,2,2,1,3,81
201600043885,16,3,16,1715,1,2,2,1,6,81
201600043886,16,3,18,20,5,2,1,1,7,81
201600043887,16,3,18,1830,1,2,2,1,3,81
201600043888,16,3,25,810,2,2,2,2,6,81
201600043889,16,3,29,630,5,2,2,1,1,81
201600043890,16,4,7,1100,1,2,1,1,6,81
201600043891,16,4,7,2330,5,2,3,1,2,81
201600043892,16,4,8,1550,1,2,2,1,6,81
201600043893,16,4,11,1635,1,2,1,1,6,81
201600043894,16,4,13,1715,1,2,3,8,6,81
201600043895,16,4,14,1225,1,2,3,1,4,81
201600043896,16,4,16,1640,1,2,3,1,3,81
201600043897,16,4,17,1240,1,2,4,2,6,81
201600043898,16,4,23,1540,1,2,1,8,6,81
201600043899,16,4,27,2230,5,2,3,1,1,81
201600043900,16,4,28,2020,2,2,1,1,7,81
201600043901,16,4,29,105,5,2,1,1,2,81
201600043902,16,4,30,1835,1,2,1,1,2,81
201600043903,16,5,3,830,1,2,1,1,6,81
201600043904,16,5,7,2130,5,2,3,1,3,81
201600043905,16,5,11,1715,1,2,3,8,2,81
201600043906,16,5,13,510,5,2,1,2,6,81
201600043907,16,5,15,1850,1,2,2,1,3,81
201600043908,16,5,20,1630,1,2,3,1,6,81
201600043909,16,5,23,40,5,2,3,2,3,81
201600043910,16,5,23,35,5,2,2,2,3,81
201600043911,16,5,28,1115,1,2,3,1,3,81
201600043912,16,5,31,1210,1,2,1,2,6,81
201600043913,16,6,1,1225,1,2,2,1,6,81
201600043914,16,6,6,1115,1,2,1,1,6,81
201600043915,16,6,6,1730,1,2,3,1,6,81
201600043916,16,6,6,1850,1,2,3,1,3,81
201600043917,16,6,10,1210,1,2,1,1,6,81
201600043918,16,6,12,1835,1,2,1,2,6,81
201600043919,16,6,18,1455,1,2,1,2,6,81
201600043920,16,6,20,2150,1,2,1,1,6,81
201600043921,16,6,22,1750,1,2,1,2,1,81
201600043922,16,6,23,1625,1,2,3,1,3,81
201600043923,16,6,24,1710,1,2,1,1,3,81
201600043924,16,6,24,2230,5,2,2,1,7,81
201600043925,16,6,25,1600,1,2,2,1,1,81
201600043926,16,6,25,2350,5,2,1,1,6,81
201600043927,16,6,26,10,5,2,2,1,5,81
201600043928,16,6,30,850,1,2,3,1,3,81
201600043929,16,6,30,1550,1,2,9,8,3,81
201600043930,16,7,1,1655,1,2,1,1,1,81
201600043931,16,7,4,1840,1,2,1,1,6,81
201600043932,16,7,6,2130,2,2,1,1,6,81
201600043933,16,7,7,810,1,1,1,1,5,81
201600043934,16,7,14,30,5,2,3,1,3,81
201600043935,16,7,19,1815,1,2,1,1,6,81
201600043936,16,7,21,2050,5,2,1,1,5,81
201600043937,16,7,29,1900,1,2,1,1,3,81
201600043938,16,8,4,1730,1,2,1,1,6,81
201600043939,16,8,18,1145,1,2,3,2,3,81
201600043940,16,8,18,1430,1,2,1,3,5,81
201600043941,16,8,25,605,2,2,1,1,6,81
201600043942,16,8,27,2045,2,2,1,1,6,81
201600043943,16,8,28,1730,1,2,1,1,6,81
201600043944,16,8,30,1930,1,1,2,1,6,81
201600043945,16,8,27,725,1,2,1,1,6,81
201600043946,16,8,31,1535,1,2,1,1,6,81
201600043947,16,9,9,455,3,2,1,1,3,81
201600043948,16,9,13,1630,1,2,2,1,3,81
201600043949,16,9,15,1600,1,2,2,8,3,81
201600043950,16,9,19,1625,1,2,2,1,6,81
201600043951,16,9,21,1210,1,2,2,1,3,81
201600043952,16,9,25,300,5,2,3,1,3,81
201600043953,16,9,25,450,5,2,1,1,6,81
201600043954,16,9,26,5,5,2,2,1,3,81
201600043955,16,10,1,1325,1,2,3,1,3,81
201600043956,16,10,1,2010,5,2,1,1,3,81
201600043957,16,10,4,1610,1,2,1,1,6,81
201600043958,16,10,4,1830,1,2,4,1,3,81
201600043959,16,10,5,1640,1,2,1,1,3,81
201600043960,16,10,5,2045,5,2,2,1,1,81
201600043961,16,10,6,1130,1,2,9,1,3,81
201600043962,16,10,6,1500,1,2,2,1,3,81
201600043963,16,10,7,1210,1,2,2,1,1,81
201600043964,16,10,7,1335,1,2,3,1,3,81
201600043965,16,10,10,1600,1,2,2,1,6,81
201600043966,16,10,10,1705,1,2,3,2,3,81
201600043967,16,10,12,1540,1,2,1,1,6,81
201600043968,16,10,16,2030,5,2,1,1,1,81
201600043969,16,10,21,1220,1,2,1,1,6,81
201600043970,16,11,2,1340,1,2,1,1,6,81
201600043971,16,11,3,840,1,2,1,1,6,81
201600043972,16,11,4,1240,1,1,1,2,7,81
201600043973,16,11,7,1325,1,1,1,2,2,81
201600043974,16,11,7,1535,1,2,1,2,3,81
201600043975,16,11,7,2355,5,2,2,1,6,81
201600043976,16,11,8,910,1,2,1,1,6,81
201600043977,16,11,10,850,1,2,2,2,6,81
201600043978,16,11,10,1915,5,2,1,3,6,81
201600043979,16,11,11,1225,1,2,1,1,6,81
201600043980,16,11,12,2230,5,2,2,3,3,81
201600043981,16,11,19,920,1,1,1,1,6,81
201600043982,16,11,23,1115,1,2,1,1,6,81
201600043983,16,11,25,1315,1,2,1,1,6,81
201600043984,16,11,25,2155,5,2,3,1,3,81
201600043985,16,12,1,820,1,2,3,1,3,81
201600043986,16,12,1,1155,1,2,2,1,3,81
201600043987,16,12,3,100,5,2,1,1,4,81
201600043988,16,12,12,1025,1,2,1,1,3,81
201600043989,16,12,12,1700,5,2,4,2,6,81
201600043990,16,12,13,150,5,2,2,2,3,81
201600043991,16,12,15,1540,1,2,1,1,1,81
201600043992,16,12,22,725,2,2,2,2,6,81
201600043993,16,12,25,1845,2,2,1,1,6,81
201600043994,16,12,28,1800,2,2,6,1,3,81
201600043995,16,12,31,1915,3,2,2,5,1,81
201600043996,16,1,2,130,5,2,3,2,3,18
201600043997,16,1,2,1825,3,2,3,2,6,18
201600043998,16,1,5,1825,2,2,3,1,3,18
201600043999,16,1,9,1600,1,1,1,1,2,176
201600044000,16,1,14,725,5,2,1,1,3,18
201600044001,16,1,15,639,5,2,1,1,4,18
201600044002,16,1,16,33,5,2,1,1,6,18
201600044003,16,1,19,2015,5,2,1,1,6,176
201600044004,16,1,18,805,2,2,1,1,6,18
201600044005,16,1,25,1225,1,2,3,1,3,18
201600044006,16,1,25,815,2,2,1,1,6,18
201600044007,16,1,28,705,5,2,1,2,3,63
201600044008,16,1,28,910,1,2,1,1,6,18
201600044009,16,2,4,2040,5,2,2,1,3,18
201600044010,16,2,10,1225,1,2,1,1,6,18
201600044011,16,2,11,1125,1,2,1,1,6,176
201600044012,16,2,9,2002,5,2,1,1,6,63
201600044013,16,2,19,1605,1,1,1,1,3,18
201600044014,16,2,25,930,1,2,4,1,2,63
201600044015,16,3,1,1600,1,2,1,2,6,18
201600044016,16,2,28,1500,1,2,1,1,4,18
201600044017,16,3,5,20,5,2,1,2,6,18
201600044018,16,3,8,1150,1,2,1,1,3,63
201600044019,16,3,13,1815,1,2,2,1,3,18
201600044020,16,3,18,2235,3,2,2,1,3,18
201600044021,16,4,1,1825,1,2,1,1,6,18
201600044022,16,4,12,1300,1,2,6,1,4,176
201600044023,16,4,19,1200,1,2,1,1,6,18
201600044024,16,4,30,1620,1,2,3,1,3,18
201600044025,16,5,2,1315,1,2,2,1,3,18
201600044026,16,5,10,2220,5,2,2,8,3,18
201600044027,16,5,13,1510,1,2,4,1,3,18
201600044028,16,5,17,1820,1,2,1,1,6,257
201600044029,16,5,22,2015,1,2,3,1,5,18
201600044030,16,5,20,1800,1,2,3,2,3,63
201600044031,16,5,24,1325,1,2,1,1,2,63
201600044032,16,5,23,1205,1,2,1,8,1,18
201600044033,16,6,5,620,1,2,2,2,3,18
201600044034,16,6,7,1505,1,2,3,1,3,18
201600044035,16,6,5,2350,5,2,4,1,3,176
201600044036,16,6,19,2055,1,2,1,1,2,18
201600044037,16,6,16,1015,1,2,2,1,4,176
201600044038,16,6,26,1925,1,2,1,1,1,18
201600044039,16,6,28,1255,1,2,2,1,4,18
201600044040,16,6,30,1414,1,2,1,1,4,18
201600044041,16,6,28,1755,1,2,1,1,2,176
201600044042,16,7,1,2030,1,2,1,1,3,18
201600044043,16,6,24,1900,1,2,2,1,3,18
201600044044,16,7,7,705,1,2,2,1,3,18
201600044045,16,7,9,1015,1,2,2,1,3,18
201600044046,16,7,6,1050,1,2,1,1,3,63
201600044047,16,7,12,1600,1,2,1,1,6,63
201600044048,16,7,20,2340,5,1,1,1,3,18
201600044049,16,7,22,1105,1,2,1,1,2,176
201600044050,16,7,24,1705,1,2,1,1,6,18
201600044051,16,8,6,735,2,2,2,1,6,18
201600044052,16,7,29,1340,1,2,2,1,6,18
201600044053,16,8,21,100,5,1,1,1,2,18
201600044054,16,8,26,1055,1,2,1,1,2,63
201600044055,16,8,20,1335,1,1,1,1,2,18
201600044056,16,9,2,1715,1,2,1,1,6,18
201600044057,16,9,2,2210,5,2,3,1,3,18
201600044058,16,9,5,1230,1,2,1,3,4,18
201600044059,16,9,19,900,1,2,2,2,6,18
201600044060,16,9,13,1715,1,2,2,1,6,18
201600044061,16,9,21,1400,1,2,4,1,3,18
201600044062,16,9,24,104,5,2,2,1,3,18
201600044063,16,9,20,1015,1,2,3,1,3,63
201600044064,16,9,25,450,5,2,3,1,6,63
201600044065,16,9,24,1405,1,2,1,1,3,176
201600044066,16,9,24,1945,5,2,4,1,3,18
201600044067,16,10,3,2135,5,2,1,1,3,176
201600044068,16,9,22,720,1,2,3,1,3,18
201600044069,16,10,3,1135,1,2,3,1,3,18
201600044070,16,9,27,1418,1,2,6,1,2,176
201600044071,16,10,4,2000,5,2,1,1,3,18
201600044072,16,10,6,2030,5,2,1,1,6,63
201600044073,16,10,7,1355,1,2,6,1,6,176
201600044074,16,10,1,2350,5,2,2,1,3,18
201600044075,16,10,10,735,2,2,2,1,1,18
201600044076,16,10,14,1700,1,2,1,2,6,18
201600044077,16,10,8,845,2,2,3,1,3,18
201600044078,16,10,17,1119,1,2,1,1,3,176
201600044079,16,10,12,917,1,2,2,1,3,18
201600044080,16,10,23,2030,5,2,1,2,2,176
201600044081,16,10,24,920,1,2,2,2,5,18
201600044082,16,10,23,1900,5,2,1,2,6,18
201600044083,16,10,26,1449,1,2,2,1,3,18
201600044084,16,11,2,1855,5,2,1,1,2,63
201600044085,16,10,26,820,1,2,1,1,5,18
201600044086,16,11,4,1500,1,2,2,1,3,18
201600044087,16,11,7,1720,2,2,1,2,6,18
201600044088,16,11,10,1850,5,2,4,3,6,18
201600044089,16,11,12,1821,5,2,1,2,6,18
201600044090,16,11,3,2115,4,2,2,1,3,63
201600044091,16,11,15,755,1,2,1,2,3,176
201600044092,16,11,16,1700,2,2,2,1,3,63
201600044093,16,11,20,720,5,2,2,2,3,63
201600044094,16,11,17,1749,2,2,1,1,3,257
201600044095,16,11,10,1945,5,2,1,2,6,18
201600044096,16,11,17,1330,1,2,3,1,3,18
201600044097,16,11,29,351,5,2,1,1,5,18
201600044098,16,11,29,1935,5,2,1,1,1,63
201600044099,16,11,20,1845,5,2,2,1,6,63
201600044100,16,12,2,1825,5,2,2,1,6,176
201600044101,16,12,4,1510,1,2,3,1,3,63
201600044102,16,12,11,1820,5,2,3,1,3,63
201600044103,16,12,11,1645,1,2,1,1,6,18
201600044104,16,12,16,1915,5,2,7,1,2,18
201600044105,16,12,19,1732,1,2,1,1,2,18
201600044106,16,12,18,1830,5,2,1,2,6,63
201600044107,16,12,21,1534,1,2,1,1,6,18
201600044108,16,12,24,55,5,2,2,2,3,18
201600044109,16,12,16,1705,2,2,3,1,3,176
201600044110,16,12,29,815,2,2,2,1,6,63
201600044111,16,1,21,110,3,1,2,9,2,218
201600044112,16,1,31,1120,1,2,1,1,6,476
201600044113,16,1,31,1555,1,2,1,2,1,488
201600044114,16,2,13,2040,5,2,1,2,2,127
201600044115,16,4,13,2204,5,2,1,1,1,323
201600044116,16,4,18,840,1,2,1,1,3,127
201600044117,16,4,26,2105,2,2,1,2,6,218
201600044118,16,5,8,200,5,2,1,1,2,450
201600044119,16,5,21,1710,1,2,3,1,3,306
201600044120,16,5,15,2240,5,2,1,1,6,488
201600044121,16,5,29,1930,1,2,1,1,5,127
201600044122,16,6,14,1745,1,2,1,1,3,127
201600044123,16,6,18,1842,1,2,1,1,5,500
201600044124,16,7,4,1825,1,2,1,1,6,218
201600044125,16,7,14,307,5,2,3,1,3,510
201600044126,16,7,12,1820,1,2,1,1,3,637
201600044127,16,7,23,1805,1,2,1,1,6,306
201600044128,16,8,10,1715,1,2,1,1,3,306
201600044129,16,8,17,1725,1,2,1,1,6,476
201600044130,16,8,18,1940,1,2,1,1,3,500
201600044131,16,8,22,1747,1,2,3,1,3,500
201600044132,16,8,24,1525,1,2,1,1,3,127
201600044133,16,9,7,220,3,2,1,5,6,127
201600044134,16,9,29,1045,1,2,2,1,3,127
201600044135,16,9,27,820,1,2,1,1,6,500
201600044136,16,9,25,1825,1,2,1,1,1,488
201600044137,16,10,21,225,3,1,1,2,6,127
201600044138,16,11,2,1755,4,1,1,1,3,488
201600044139,16,11,10,1650,2,2,1,2,6,127
201600044140,16,11,16,2310,5,2,1,2,6,218
201600044141,16,11,19,2230,5,2,1,1,3,572
201600044142,16,11,20,1820,5,2,2,3,6,127
201600044143,16,11,14,1650,2,2,1,1,3,218
201600044144,16,11,21,1750,2,2,1,1,1,306
201600044145,16,12,7,1445,1,2,1,1,6,127
201600044146,16,12,8,2035,5,1,1,1,1,306
201600044147,16,12,9,1035,1,1,1,1,6,476
201600044148,16,12,11,1000,1,1,1,1,3,510
201600044149,16,3,29,20,5,2,1,1,6,323
201600044150,16,1,2,1935,5,2,3,2,3,427
201600044151,16,1,8,1435,1,1,1,1,2,288
201600044152,16,1,16,100,5,2,3,1,1,197
201600044153,16,1,26,800,2,2,1,1,6,197
201600044154,16,1,26,2320,5,2,1,1,6,427
201600044155,16,2,26,2000,5,2,1,1,3,288
201600044156,16,1,8,805,1,2,1,1,6,598
201600044157,16,12,27,1210,1,2,1,1,6,197
201600044158,16,1,30,1830,5,2,1,1,3,598
201600044159,16,2,2,1500,1,2,1,3,3,428
201600044160,16,2,4,1615,1,2,2,2,6,210
201600044161,16,2,11,855,1,2,2,1,3,428
201600044162,16,2,11,1800,2,2,1,1,2,428
201600044163,16,2,14,602,5,2,3,1,6,555
201600044164,16,2,12,1248,1,2,2,2,3,428
201600044165,16,2,20,1955,5,2,1,1,6,428
201600044166,16,2,21,1450,1,2,1,1,2,555
201600044167,16,2,27,1130,1,1,1,1,1,14
201600044168,16,2,29,1443,1,2,1,1,2,428
201600044169,16,3,1,1540,1,2,1,2,2,598
201600044170,16,2,9,1115,1,2,1,1,6,598
201600044171,16,3,13,1845,1,2,1,1,2,428
201600044172,16,3,9,1930,5,2,3,1,3,369
201600044173,16,3,18,1430,1,2,1,1,1,210
201600044174,16,3,8,855,1,2,1,1,2,197
201600044175,16,3,25,1653,1,2,1,1,6,427
201600044176,16,3,27,1635,1,2,2,8,3,427
201600044177,16,3,30,1515,1,2,1,2,6,210
201600044178,16,3,31,1810,1,2,1,3,2,598
201600044179,16,4,5,1720,1,2,1,7,1,428
201600044180,16,4,11,1730,1,2,1,2,2,428
201600044181,16,4,18,1140,1,2,1,1,2,428
201600044182,16,4,24,1640,1,2,3,1,6,197
201600044183,16,4,29,735,1,2,1,1,4,288
201600044184,16,5,8,522,5,2,2,1,3,210
201600044185,16,5,9,1100,1,2,3,1,3,598
201600044186,16,5,14,1315,1,2,1,1,3,598
201600044187,16,5,20,1110,1,2,1,1,6,598
201600044188,16,5,24,1930,1,2,2,1,2,210
201600044189,16,5,30,805,1,2,1,2,2,197
201600044190,16,5,31,1120,1,2,1,3,3,428
201600044191,16,5,30,1940,1,2,1,1,3,288
201600044192,16,6,4,258,5,2,1,1,6,288
201600044193,16,6,18,1655,1,2,1,1,2,598
201600044194,16,6,19,2020,1,2,1,1,5,428
201600044195,16,6,23,1630,1,2,1,1,6,288
201600044196,16,7,3,1755,1,2,6,2,7,555
201600044197,16,7,8,110,5,2,1,1,6,598
201600044198,16,7,9,1230,1,2,1,1,4,427
201600044199,16,7,10,1619,1,2,1,1,6,427
201600044200,16,7,15,1115,1,2,3,1,3,427
201600044201,16,7,20,1040,1,2,1,1,3,197
201600044202,16,7,24,945,1,2,2,1,2,197
201600044203,16,5,21,1200,1,2,1,1,6,210
201600044204,16,8,31,1055,1,2,1,1,2,428
201600044205,16,9,6,15,5,2,2,8,1,427
201600044206,16,9,6,940,1,2,7,2,6,197
201600044207,16,9,6,830,1,2,2,8,3,555
201600044208,16,9,7,1655,1,2,1,1,1,427
201600044209,16,9,15,1730,1,2,1,1,2,427
201600044210,16,9,21,1915,1,2,1,1,6,555
201600044211,16,9,24,1510,1,2,1,1,1,428
201600044212,16,9,26,1830,1,2,1,1,6,197
201600044213,16,9,27,1510,1,2,3,1,3,210
201600044214,16,9,30,1200,1,2,1,1,1,428
201600044215,16,10,3,1500,1,2,1,1,6,197
201600044216,16,10,4,820,1,2,1,1,6,598
201600044217,16,10,5,1705,1,2,1,1,6,197
201600044218,16,10,1,1905,1,2,1,1,2,427
201600044219,16,10,10,1750,1,2,3,8,3,555
201600044220,16,10,11,33,5,2,2,1,3,427
201600044221,16,10,15,2130,3,2,3,1,6,427
201600044222,16,10,17,910,1,2,1,2,3,598
201600044223,16,10,19,1340,1,2,1,1,6,598
201600044224,16,10,22,1320,1,2,1,1,3,598
201600044225,16,10,24,1405,1,2,3,2,5,428
201600044226,16,10,31,1810,5,2,1,1,2,598
201600044227,16,11,2,1300,1,2,1,1,6,427
201600044228,16,11,2,1705,1,2,1,1,6,197
201600044229,16,11,3,905,1,2,3,1,6,598
201600044230,16,11,6,1250,1,2,1,1,2,428
201600044231,16,11,17,1830,2,2,2,1,3,428
201600044232,16,11,21,1800,5,2,1,1,1,555
201600044233,16,11,23,1030,1,2,1,1,2,598
201600044234,16,11,19,1500,1,2,1,1,2,197
201600044235,16,11,30,1235,1,2,1,1,2,197
201600044236,16,12,5,540,5,2,3,1,3,428
201600044237,16,12,7,1740,5,2,1,1,6,555
201600044238,16,12,9,2300,5,2,1,1,2,555
201600044239,16,12,12,1705,2,2,1,2,6,555
201600044240,16,12,14,1105,1,2,1,1,3,427
201600044241,16,12,15,915,1,2,1,1,3,210
201600044242,16,12,15,1815,5,2,3,1,6,197
201600044243,16,12,17,1705,5,2,1,5,1,598
201600044244,16,12,29,20,5,2,3,1,3,598
201600044245,16,12,29,720,2,2,1,1,3,427
201600044246,16,12,26,20,5,2,1,1,3,598
201600044247,16,12,28,1750,5,2,1,1,6,555
201600044248,16,1,2,1830,5,2,1,2,2,252
201600044249,16,1,6,815,2,2,1,2,6,219
201600044250,16,1,6,830,1,2,1,1,2,582
201600044251,16,1,6,1610,1,2,1,8,6,582
201600044252,16,1,7,825,2,2,1,3,6,219
201600044253,16,1,14,1130,1,2,1,1,6,219
201600044254,16,1,15,845,1,2,1,1,3,582
201600044255,16,1,15,805,2,2,1,8,6,60
201600044256,16,1,14,1925,5,2,1,1,6,563
201600044257,16,1,9,1735,1,1,1,1,1,60
201600044258,16,1,19,1855,5,2,1,1,6,51
201600044259,16,1,21,1625,1,2,1,1,6,203
201600044260,16,1,15,2020,5,2,1,1,3,607
201600044261,16,1,5,1724,5,2,1,1,3,51
201600044262,16,1,26,827,1,2,1,2,2,219
201600044263,16,1,28,930,1,2,1,1,2,203
201600044264,16,1,29,1900,5,2,1,2,3,51
201600044265,16,1,30,1837,5,2,1,1,2,252
201600044266,16,1,31,1555,1,2,1,2,4,607
201600044267,16,2,3,1730,1,2,3,2,6,252
201600044268,16,2,4,705,5,2,3,1,1,219
201600044269,16,2,4,845,1,2,1,1,6,426
201600044270,16,2,6,1615,1,2,1,1,6,574
201600044271,16,2,13,1230,1,2,1,8,6,203
201600044272,16,2,14,1230,1,2,6,1,3,607
201600044273,16,2,15,610,5,2,2,1,3,51
201600044274,16,2,15,1805,5,2,1,2,6,607
201600044275,16,2,17,2100,5,2,1,1,4,203
201600044276,16,2,18,2025,5,2,2,8,3,607
201600044277,16,2,25,2045,5,2,4,1,6,582
201600044278,16,2,26,1825,2,2,1,1,6,252
201600044279,16,2,29,1800,1,2,2,1,3,252
201600044280,16,3,3,1110,1,2,2,1,2,607
201600044281,16,3,14,1130,1,2,1,1,1,607
201600044282,16,3,14,1205,1,2,1,1,6,574
201600044283,16,3,17,1535,1,2,3,1,3,219
201600044284,16,3,19,1040,1,2,2,1,5,574
201600044285,16,3,23,1300,1,2,1,1,3,491
201600044286,16,3,29,1650,1,2,2,1,5,252
201600044287,16,3,31,2240,5,2,1,8,6,607
201600044288,16,4,1,703,1,2,1,1,6,210
201600044289,16,4,1,750,2,2,1,1,4,203
201600044290,16,4,4,815,1,2,1,1,3,607
201600044291,16,4,7,1645,1,2,1,1,1,203
201600044292,16,4,14,2030,2,2,1,3,3,491
201600044293,16,4,16,1050,1,2,3,1,3,203
201600044294,16,4,19,1905,1,2,1,1,2,203
201600044295,16,4,21,1530,1,2,3,1,1,203
201600044296,16,4,24,1910,1,2,2,1,3,203
201600044297,16,4,29,1145,1,2,1,1,2,252
201600044298,16,5,1,1630,1,2,1,1,3,60
201600044299,16,5,12,1320,1,2,1,1,3,582
201600044300,16,5,16,1215,1,2,3,1,6,252
201600044301,16,5,19,820,1,2,1,2,1,203
201600044302,16,5,23,1018,1,2,1,3,6,424
201600044303,16,5,25,1525,1,2,6,1,3,219
201600044304,16,5,26,1700,1,2,1,1,4,219
201600044305,16,5,27,1000,1,2,1,1,3,219
201600044306,16,5,27,845,1,2,6,1,3,219
201600044307,16,5,27,1610,1,2,1,1,6,252
201600044308,16,5,27,1740,1,2,3,1,3,219
201600044309,16,5,27,1900,1,2,6,1,3,252
201600044310,16,6,4,2315,5,2,1,2,3,252
201600044311,16,6,7,1020,1,2,1,1,1,582
201600044312,16,6,7,1415,1,2,1,1,2,607
201600044313,16,6,7,1820,1,2,1,1,6,252
201600044314,16,6,8,900,1,2,1,1,3,607
201600044315,16,6,8,1400,1,2,1,1,3,252
201600044316,16,6,10,1135,1,2,1,1,2,424
201600044317,16,6,13,1830,1,2,1,1,2,426
201600044318,16,6,20,945,1,2,1,3,6,219
201600044319,16,6,23,930,1,2,2,1,2,491
201600044320,16,6,26,1420,1,2,1,1,6,219
201600044321,16,7,6,1820,1,2,1,1,6,607
201600044322,16,7,6,1812,1,2,1,1,6,424
201600044323,16,7,18,1930,1,2,2,1,3,607
201600044324,16,7,20,1900,1,2,1,1,6,252
201600044325,16,7,25,1410,1,2,1,1,2,219
201600044326,16,6,27,1715,1,2,1,1,3,426
201600044327,16,7,28,1800,1,2,1,1,3,219
201600044328,16,8,1,2000,1,2,1,1,3,252
201600044329,16,8,2,700,1,2,1,2,3,491
201600044330,16,7,25,1530,1,1,1,1,6,252
201600044331,16,8,15,205,5,2,1,1,6,219
201600044332,16,8,16,1940,1,2,3,1,3,607
201600044333,16,8,18,1755,1,2,1,1,6,574
201600044334,16,8,22,1730,1,2,1,1,6,252
201600044335,16,8,27,2310,5,1,2,1,6,219
201600044336,16,9,5,1715,1,2,1,2,6,219
201600044337,16,9,6,1930,1,2,1,1,1,582
201600044338,16,9,12,1905,1,2,1,1,6,582
201600044339,16,9,17,1725,1,2,2,1,6,607
201600044340,16,9,20,1200,1,2,1,1,6,426
201600044341,16,9,24,1005,1,2,1,1,1,582
201600044342,16,9,24,1125,1,2,1,1,2,219
201600044343,16,9,28,2245,5,2,1,1,4,203
201600044344,16,9,30,650,5,2,1,1,2,424
201600044345,16,10,1,1105,1,2,1,1,3,203
201600044346,16,9,19,2010,5,2,6,1,6,607
201600044347,16,10,2,1600,1,2,1,1,4,252
201600044348,16,10,4,1530,1,2,1,1,1,607
201600044349,16,10,4,1620,1,2,1,1,3,51
201600044350,16,10,5,1645,1,2,1,1,2,203
201600044351,16,10,12,810,1,2,6,1,3,219
201600044352,16,10,19,1640,1,2,2,2,3,607
201600044353,16,10,23,2110,5,2,2,2,6,607
201600044354,16,10,23,1945,5,2,2,3,3,219
201600044355,16,11,2,1815,5,2,1,1,4,203
201600044356,16,11,2,1715,2,2,1,1,1,51
201600044357,16,11,5,1925,3,1,1,8,6,574