Num_Acc,an,mois,jour,hrmn,lum,agg,int,atm,col,com
201600045448,16,2,21,900,1,1,1,1,6,66
201600045449,16,2,22,1840,3,1,1,2,6,36
201600045450,16,2,22,2130,3,1,1,1,6,53
201600045451,16,2,22,1940,3,1,1,2,6,5
201600045452,16,2,23,1400,1,1,1,1,4,678
201600045453,16,2,24,630,3,1,1,1,6,10
201600045454,16,2,24,1220,1,1,1,1,2,7
201600045455,16,2,20,1200,1,1,1,1,6,78
201600045456,16,2,25,1520,1,1,1,1,3,10
201600045457,16,2,26,810,1,1,1,1,3,53
201600045458,16,2,26,1510,1,1,1,1,5,27
201600045459,16,2,26,1730,1,1,1,1,1,10
201600045460,16,2,27,1845,1,1,1,1,6,27
201600045461,16,2,27,1915,3,1,1,1,5,10
201600045462,16,2,28,945,1,1,1,1,6,5
201600045463,16,2,28,1230,1,1,1,1,2,241
201600045464,16,2,28,2320,3,1,1,1,7,5
201600045465,16,2,29,2110,3,1,1,1,5,394
201600045466,16,3,1,705,2,1,1,1,5,572
201600045467,16,3,1,820,1,1,1,1,7,66
201600045468,16,3,1,900,1,1,1,1,4,78
201600045469,16,2,29,1630,1,1,1,1,6,78
201600045470,16,3,1,1945,1,1,1,2,6,394
201600045471,16,2,29,2010,3,1,1,1,6,63
201600045472,16,3,2,745,2,1,1,2,6,675
201600045473,16,3,2,850,1,1,1,1,3,582
201600045474,16,3,2,1745,1,1,1,2,2,6
201600045475,16,2,13,1015,1,1,1,1,7,27
201600045476,16,3,1,1955,3,1,1,1,2,582
201600045477,16,3,2,920,1,1,1,2,4,5
201600045478,16,3,3,915,1,1,1,2,5,351
201600045479,16,3,3,2030,3,1,1,1,3,66
201600045480,16,3,4,720,1,1,1,3,3,66
201600045481,16,3,4,1700,1,1,1,1,4,48
201600045482,16,3,4,2140,3,1,1,2,7,36
201600045483,16,3,6,210,5,1,1,1,2,527
201600045484,16,3,4,1950,3,1,1,2,6,78
201600045485,16,3,6,940,1,1,1,1,7,5
201600045486,16,3,6,1745,1,1,1,1,6,241
201600045487,16,3,7,540,2,1,1,1,6,394
201600045488,16,3,7,630,2,1,1,1,4,73
201600045489,16,3,7,1510,1,1,1,1,6,241
201600045490,16,1,13,1415,1,1,1,1,5,66
201600045491,16,3,9,205,4,1,1,1,6,61
201600045492,16,3,8,845,1,1,1,1,4,64
201600045493,16,3,9,2150,4,1,1,1,6,66
201600045494,16,3,10,325,4,1,1,1,2,18
201600045495,16,3,9,1845,3,1,1,1,3,66
201600045496,16,3,10,700,1,1,1,1,4,27
201600045497,16,3,10,1500,1,1,1,1,6,78
201600045498,16,3,10,1140,1,1,1,1,4,500
201600045499,16,1,20,2050,3,1,1,1,6,252
201600045500,16,3,11,1320,1,1,1,1,6,394
201600045501,16,3,11,2030,5,1,1,1,2,7
201600045502,16,3,11,2140,3,1,1,1,4,53
201600045503,16,2,14,1130,1,1,1,1,6,277
201600045504,16,1,3,850,3,1,1,1,1,27
201600045505,16,1,27,840,1,1,1,2,2,66
201600045506,16,1,31,150,3,1,1,1,2,582
201600045507,16,1,1,320,3,1,1,1,6,61
201600045508,16,3,13,140,3,1,1,1,6,500
201600045509,16,1,25,1545,1,1,1,1,6,13
201600045510,16,1,18,1840,1,1,1,1,6,5
201600045511,16,3,12,2010,3,1,1,1,7,78
201600045512,16,3,13,1805,1,1,1,1,2,36
201600045513,16,3,12,1410,1,1,1,1,4,18
201600045514,16,3,13,2345,3,1,1,1,4,10
201600045515,16,3,13,2153,3,1,1,1,7,73
201600045516,16,3,14,900,1,1,1,1,2,527
201600045517,16,3,13,1700,1,1,1,1,4,5
201600045518,16,3,15,2100,3,1,1,1,3,64
201600045519,16,3,16,1845,1,1,1,1,6,6
201600045520,16,3,17,715,1,1,1,1,2,277
201600045521,16,3,17,650,1,1,1,1,2,5
201600045522,16,3,17,815,1,1,1,1,4,394
201600045523,16,3,17,1310,1,1,1,1,4,8
201600045524,16,3,12,1400,1,1,1,1,3,64
201600045525,16,3,18,2055,3,1,1,1,2,582
201600045526,16,3,9,900,1,1,1,3,3,5
201600045527,16,3,19,2205,3,1,1,1,6,678
201600045528,16,3,20,2235,3,1,1,1,2,277
201600045529,16,3,20,2200,3,1,1,1,7,27
201600045530,16,3,21,810,1,1,1,1,5,500
201600045531,16,3,22,945,1,1,1,1,2,5
201600045532,16,3,22,1610,1,1,1,1,6,66
201600045533,16,3,23,100,3,1,1,1,3,252
201600045534,16,3,23,1000,1,1,1,1,2,36
201600045535,16,3,22,730,2,1,1,1,3,252
201600045536,16,3,23,915,1,1,1,1,4,582
201600045537,16,3,21,815,1,1,1,1,2,500
201600045538,16,1,16,510,5,1,1,1,2,8
201600045539,16,3,25,1150,1,1,1,1,6,53
201600045540,16,3,26,330,3,1,1,1,6,527
201600045541,16,3,26,420,3,1,1,1,6,28
201600045542,16,3,25,1325,1,1,1,2,6,53
201600045543,16,3,25,1610,1,1,1,1,4,78
201600045544,16,3,25,1610,1,1,1,1,3,53
201600045545,16,3,27,815,2,1,1,1,6,36
201600045546,16,3,28,1215,1,1,1,8,6,5
201600045547,16,3,28,1830,1,1,1,3,7,572
201600045548,16,3,28,2000,2,1,1,3,3,78
201600045549,16,3,28,1120,1,1,1,2,7,27
201600045550,16,3,29,500,3,1,1,1,2,1
201600045551,16,3,28,1250,1,1,1,2,4,5
201600045552,16,3,23,900,1,1,1,1,4,500
201600045553,16,3,29,1725,1,1,1,1,3,6
201600045554,16,3,29,1830,1,1,1,1,4,27
201600045555,16,3,30,725,1,1,1,2,3,27
201600045556,16,3,30,840,1,1,1,1,4,5
201600045557,16,3,27,1015,1,1,1,1,4,582
201600045558,16,3,30,1745,1,1,1,2,3,6
201600045559,16,3,30,1939,1,1,1,2,3,10
201600045560,16,3,30,1400,1,1,1,2,4,66
201600045561,16,3,30,2000,3,1,1,1,2,491
201600045562,16,3,31,2330,3,1,1,1,5,527
201600045563,16,4,1,245,3,1,1,1,6,582
201600045564,16,3,29,1240,1,1,1,1,1,64
201600045565,16,4,1,1300,1,1,1,1,3,1
201600045566,16,4,1,1435,1,1,1,1,1,66
201600045567,16,4,3,400,3,1,1,2,2,64
201600045568,16,4,3,720,2,1,1,2,6,394
201600045569,16,4,3,805,1,1,1,1,3,1
201600045570,16,4,3,900,1,1,1,1,6,36
201600045571,16,4,4,730,1,1,1,8,7,582
201600045572,16,4,4,830,1,1,1,8,6,78
201600045573,16,4,4,1600,1,1,1,1,6,13
201600045574,16,4,5,800,1,1,1,1,7,424
201600045575,16,4,6,930,1,1,1,1,2,5
201600045576,16,4,6,830,1,1,1,1,3,10
201600045577,16,4,5,940,1,1,1,1,2,36
201600045578,16,4,6,830,1,1,1,1,3,18
201600045579,16,4,6,1215,1,1,1,1,4,66
201600045580,16,4,6,2115,3,1,1,1,5,612
201600045581,16,4,6,1930,1,1,1,2,2,27
201600045582,16,4,6,1905,1,1,1,2,4,18
201600045583,16,4,7,845,1,1,1,1,3,582
201600045584,16,4,7,1500,1,1,1,2,4,73
201600045585,16,4,7,1646,1,1,1,2,4,5
201600045586,16,3,31,1940,1,1,1,1,6,256
201600045587,16,3,31,2030,3,1,1,2,6,256
201600045588,16,4,7,655,1,1,1,1,3,10
201600045589,16,4,8,625,3,1,1,1,2,572
201600045590,16,4,8,1015,1,1,1,1,3,48
201600045591,16,4,8,1600,1,1,1,1,2,678
201600045592,16,4,8,1605,1,1,1,1,6,563
201600045593,16,4,9,345,4,1,1,1,2,53
201600045594,16,4,9,2245,3,1,1,1,6,5
201600045595,16,4,10,810,1,1,1,1,2,78
201600045596,16,4,11,1230,1,1,1,2,6,36
201600045597,16,4,11,1100,1,1,1,2,6,27
201600045598,16,4,11,1520,1,1,1,1,6,7
201600045599,16,4,12,1238,1,1,1,1,6,5
201600045600,16,4,8,900,1,1,1,1,2,612
201600045601,16,4,11,1600,1,1,1,2,2,6
201600045602,16,4,13,930,1,1,1,2,4,7
201600045603,16,4,13,2000,1,1,1,1,1,6
201600045604,16,4,13,1340,1,1,1,1,2,7
201600045605,16,4,14,1830,1,1,1,2,6,36
201600045606,16,4,15,835,1,1,1,1,7,582
201600045607,16,4,15,1735,1,1,1,1,4,572
201600045608,16,4,15,1830,1,1,1,1,4,36
201600045609,16,4,15,2255,3,1,1,1,3,1
201600045610,16,4,16,130,3,1,1,1,4,604
201600045611,16,4,16,2048,3,1,1,1,3,5
201600045612,16,4,16,1600,1,1,1,1,5,78
201600045613,16,4,12,1835,1,1,1,1,7,66
201600045614,16,4,11,1830,1,1,1,2,4,27
201600045615,16,4,17,2345,3,1,1,1,2,252
201600045616,16,4,18,1230,1,1,1,1,2,5
201600045617,16,4,18,1710,1,1,1,1,6,39
201600045618,16,4,18,1800,1,1,1,1,4,572
201600045619,16,4,18,1900,1,1,1,1,2,18
201600045620,16,4,19,1500,1,1,1,1,6,6
201600045621,16,4,19,1700,1,1,1,1,4,5
201600045622,16,4,7,1100,1,1,1,1,3,277
201600045623,16,4,7,1020,1,1,1,1,3,18
201600045624,16,4,18,1410,1,1,1,1,3,7
201600045625,16,4,20,715,1,1,1,1,4,48
201600045626,16,4,18,2050,2,1,1,1,2,66
201600045627,16,4,20,1800,1,1,1,1,3,563
201600045628,16,4,21,1640,1,1,1,1,6,78
201600045629,16,4,21,1950,2,1,1,1,5,582
201600045630,16,4,22,45,3,1,1,1,5,64
201600045631,16,4,2,1445,1,1,1,1,2,572
201600045632,16,4,22,1500,1,1,1,1,2,66
201600045633,16,4,22,1820,1,1,1,1,6,252
201600045634,16,4,22,1805,1,1,1,1,7,631
201600045635,16,4,22,2120,3,1,1,1,3,10
201600045636,16,4,22,330,3,1,1,1,6,218
201600045637,16,4,24,1700,1,1,1,2,2,53
201600045638,16,4,24,1915,1,1,1,1,2,27
201600045639,16,4,25,2030,1,1,1,1,3,351
201600045640,16,4,26,1430,1,1,1,1,6,66
201600045641,16,4,26,2015,1,1,1,2,6,582
201600045642,16,4,27,1000,1,1,1,1,6,582
201600045643,16,4,27,1015,1,1,1,1,3,48
201600045644,16,4,27,1640,1,1,1,1,4,10
201600045645,16,4,27,1700,1,1,1,1,3,53
201600045646,16,4,28,530,2,1,1,1,2,28
201600045647,16,4,27,1230,1,1,1,1,4,678
201600045648,16,4,28,940,1,1,1,1,7,494
201600045649,16,4,28,1815,1,1,1,1,3,256
201600045650,16,4,28,1915,1,1,1,1,5,36
201600045651,16,4,28,2350,3,1,1,1,7,631
201600045652,16,4,26,900,1,1,1,2,2,66
201600045653,16,4,26,1255,1,1,1,1,7,36
201600045654,16,4,30,440,3,1,1,3,3,10
201600045655,16,4,30,630,2,1,1,2,7,612
201600045656,16,4,26,830,1,1,1,1,4,241
201600045657,16,5,1,2305,3,1,1,1,3,27
201600045658,16,5,2,5,3,1,1,1,2,277
201600045659,16,5,2,1735,1,1,1,1,4,66
201600045660,16,5,2,1810,1,1,1,1,4,53
201600045661,16,5,3,1500,1,1,1,1,6,36
201600045662,16,5,3,1000,1,1,1,1,5,27
201600045663,16,5,3,1950,1,1,1,1,4,203
201600045664,16,5,4,1430,1,1,1,1,6,5
201600045665,16,5,4,1521,1,1,1,1,5,30
201600045666,16,5,4,1440,1,1,1,1,3,675
201600045667,16,5,4,1742,1,1,1,1,2,631
201600045668,16,5,6,1005,1,1,1,1,3,66
201600045669,16,5,4,1815,1,1,1,1,4,42
201600045670,16,5,7,215,3,1,1,1,6,66
201600045671,16,5,6,1330,1,1,1,1,4,66
201600045672,16,5,6,1700,1,1,1,1,2,5
201600045673,16,5,7,1945,1,1,1,1,4,78
201600045674,16,5,7,1500,1,1,1,1,4,63
201600045675,16,5,8,2145,3,1,1,1,6,13
201600045676,16,5,8,2005,1,1,1,1,7,18
201600045677,16,5,9,930,1,1,1,1,4,78
201600045678,16,5,10,500,3,1,1,8,2,66
201600045679,16,5,10,730,1,1,1,1,3,10
201600045680,16,5,10,1115,1,1,1,1,3,64
201600045681,16,5,7,2320,3,1,1,1,2,277
201600045682,16,5,11,150,3,1,1,2,6,582
201600045683,16,5,3,1915,1,1,1,1,4,6
201600045684,16,5,11,1118,1,1,1,1,6,572
201600045685,16,5,11,2255,3,1,1,1,5,572
201600045686,16,5,12,840,1,1,1,1,4,29
201600045687,16,5,12,645,1,1,1,1,3,252
201600045688,16,5,12,800,1,1,1,1,1,66
201600045689,16,5,5,1400,1,1,1,1,4,36
201600045690,16,5,1,900,1,1,1,1,6,365
201600045691,16,5,13,5,3,1,1,1,6,27
201600045692,16,5,11,1940,1,1,1,1,3,8
201600045693,16,5,11,1800,1,1,1,2,6,682
201600045694,16,5,11,1600,1,1,1,2,2,63
201600045695,16,5,1,700,2,1,1,1,7,36
201600045696,16,5,11,1330,1,1,1,2,2,53
201600045697,16,4,30,1630,1,1,1,2,2,176
201600045698,16,5,13,1830,1,1,1,1,5,48
201600045699,16,5,2,645,2,1,1,1,3,582
201600045700,16,5,14,1525,1,1,1,1,7,5
201600045701,16,5,15,40,3,1,1,1,4,64
201600045702,16,5,14,2045,1,1,1,1,3,488
201600045703,16,5,15,1440,1,1,1,1,6,351
201600045704,16,5,15,1455,1,1,1,1,2,7
201600045705,16,5,15,1715,1,1,1,1,3,572
201600045706,16,5,15,1940,1,1,1,1,1,64
201600045707,16,5,15,125,3,1,1,1,1,13
201600045708,16,5,16,1500,1,1,1,1,3,78
201600045709,16,5,16,1820,1,1,1,1,4,36
201600045710,16,5,17,840,1,1,1,1,6,607
201600045711,16,5,17,1500,1,1,1,1,2,563
201600045712,16,5,14,550,2,1,1,1,2,66
201600045713,16,5,14,1130,1,1,1,1,5,7
201600045714,16,5,4,900,1,1,1,1,5,5
201600045715,16,5,18,1020,1,1,1,1,7,78
201600045716,16,4,29,1805,1,1,1,1,5,66
201600045717,16,5,11,1515,1,1,1,1,2,63
201600045718,16,5,19,1900,1,1,1,1,6,151
201600045719,16,5,19,745,1,1,1,2,5,66
201600045720,16,5,19,1610,1,1,1,1,4,66
201600045721,16,5,20,2030,1,1,1,1,6,73
201600045722,16,5,22,630,1,1,1,8,2,66
201600045723,16,5,22,710,1,1,1,1,6,582
201600045724,16,5,22,945,1,1,1,2,7,5
201600045725,16,5,22,1320,1,1,1,2,7,491
201600045726,16,5,22,1340,1,1,1,3,6,64
201600045727,16,5,11,747,1,1,1,1,6,252
201600045728,16,5,22,1600,1,1,1,3,6,527
201600045729,16,5,22,1800,1,1,1,2,6,527
201600045730,16,5,22,2130,3,1,1,2,6,64
201600045731,16,5,22,345,3,1,1,3,6,527
201600045732,16,5,23,130,3,1,1,2,2,6
201600045733,16,5,23,710,1,1,1,3,5,252
201600045734,16,5,23,1200,1,1,1,2,6,491
201600045735,16,5,23,1250,1,1,1,2,6,582
201600045736,16,5,23,1330,1,1,1,2,2,6
201600045737,16,5,23,1400,1,1,1,2,7,27
201600045738,16,5,23,1350,1,1,1,2,3,78
201600045739,16,5,23,1905,1,1,1,1,3,395
201600045740,16,5,24,830,1,1,1,1,4,582
201600045741,16,5,23,2050,1,1,1,1,6,64
201600045742,16,5,19,1135,1,1,1,1,3,8
201600045743,16,5,23,1908,1,1,1,2,6,78
201600045744,16,5,23,1800,1,1,1,2,5,527
201600045745,16,5,23,1640,1,1,1,2,2,64
201600045746,16,5,23,1830,1,1,1,1,5,66
201600045747,16,5,18,2000,1,1,1,1,6,10
201600045748,16,5,18,1600,1,1,1,3,4,527
201600045749,16,5,18,1900,1,1,1,2,4,53
201600045750,16,5,25,650,1,1,1,1,4,7
201600045751,16,5,25,1000,1,1,1,1,2,582
201600045752,16,5,22,1240,1,1,1,1,3,27
201600045753,16,5,20,945,1,1,1,1,2,675
201600045754,16,5,26,1930,1,1,1,1,6,572
201600045755,16,2,27,1744,1,1,1,1,3,78
201600045756,16,5,27,1415,1,1,1,1,5,491
201600045757,16,5,27,1640,1,1,1,1,5,500
201600045758,16,5,28,430,3,1,1,1,7,582
201600045759,16,5,28,1110,1,1,1,1,2,351
201600045760,16,5,28,1500,1,1,1,3,6,18
201600045761,16,5,28,1600,1,1,1,2,2,53
201600045762,16,5,28,1815,1,1,1,2,4,78
201600045763,16,5,28,430,3,1,1,8,4,424
201600045764,16,5,29,210,5,1,1,1,6,8
201600045765,16,5,29,30,5,1,1,1,2,66
201600045766,16,5,28,2030,1,1,1,2,5,582
201600045767,16,5,29,1100,1,1,1,1,6,27
201600045768,16,5,30,840,1,1,1,3,6,582
201600045769,16,5,30,1130,1,1,1,3,6,18
201600045770,16,5,30,2120,3,1,1,2,7,27
201600045771,16,5,30,2355,3,1,1,2,2,252
201600045772,16,5,30,2320,3,1,1,3,3,582
201600045773,16,5,31,550,2,1,1,3,6,27
201600045774,16,5,2,920,1,1,1,1,4,8
201600045775,16,5,24,1650,1,1,1,1,2,7
201600045776,16,5,29,1905,1,1,1,1,4,63
201600045777,16,5,31,2200,3,1,1,2,7,277
201600045778,16,5,31,2140,3,1,1,2,6,27
201600045779,16,5,31,2315,3,1,1,2,6,66
201600045780,16,5,11,1915,1,1,1,1,7,36
201600045781,16,5,31,1830,1,1,1,2,3,582
201600045782,16,5,31,2040,1,1,1,2,7,64
201600045783,16,6,1,1415,1,1,1,1,7,612
201600045784,16,6,1,50,3,1,1,2,6,607
201600045785,16,6,1,1800,1,1,1,3,5,612
201600045786,16,6,1,1900,1,1,1,2,2,63
201600045787,16,6,2,1635,1,1,1,1,1,78
201600045788,16,6,2,1700,1,1,1,2,5,10
201600045789,16,6,3,915,1,1,1,1,3,18
201600045790,16,6,3,1015,1,1,1,2,1,66
201600045791,16,4,30,600,2,1,1,1,6,5
201600045792,16,6,3,1515,1,1,1,1,6,394
201600045793,16,6,3,1715,1,1,1,1,2,572
201600045794,16,6,3,1450,1,1,1,1,2,63
201600045795,16,6,3,2230,3,1,1,1,4,53
201600045796,16,6,3,1945,1,1,1,1,7,78
201600045797,16,6,4,1045,1,1,1,1,2,5
201600045798,16,4,24,2045,1,1,1,1,6,582
201600045799,16,3,9,930,1,1,1,1,3,36
201600045800,16,6,1,840,1,1,1,2,5,252
201600045801,16,6,5,300,3,1,1,2,6,27
201600045802,16,6,5,855,1,1,1,2,6,582
201600045803,16,6,5,645,1,1,1,2,6,27
201600045804,16,6,5,655,1,1,1,2,1,27
201600045805,16,6,5,1100,1,1,1,1,1,27
201600045806,16,6,1,545,1,1,1,3,5,277
201600045807,16,6,5,1155,1,1,1,1,1,48
201600045808,16,6,1,1015,1,1,1,1,6,18
201600045809,16,6,5,1720,1,1,1,1,4,63
201600045810,16,6,5,2310,3,1,1,1,2,277
201600045811,16,6,5,2110,2,1,1,1,6,582
201600045812,16,6,6,840,1,1,1,5,6,5
201600045813,16,6,5,2010,1,1,1,1,2,154
201600045814,16,6,6,1635,1,1,1,1,3,78
201600045815,16,6,6,1750,1,1,1,1,2,219
201600045816,16,6,6,1900,1,1,1,1,3,53
201600045817,16,6,6,1940,1,1,1,1,3,256
201600045818,16,6,6,1002,1,1,1,1,7,138
201600045819,16,6,7,1430,1,1,1,1,2,78
201600045820,16,6,7,1430,1,1,1,1,1,36
201600045821,16,6,7,1450,1,1,1,1,3,53
201600045822,16,6,6,1855,1,1,1,1,3,394
201600045823,16,6,7,2020,1,1,1,1,3,6
201600045824,16,6,8,855,1,1,1,1,3,277
201600045825,16,6,8,910,1,1,1,1,2,365
201600045826,16,6,8,1445,1,1,1,1,4,572
201600045827,16,6,8,1750,1,1,1,1,6,212
201600045828,16,6,8,1930,1,1,1,1,3,66
201600045829,16,6,8,830,1,1,1,1,4,607
201600045830,16,6,9,1825,1,1,1,1,2,36
201600045831,16,6,9,1810,1,1,1,1,2,5
201600045832,16,3,9,1030,1,1,1,2,6,582
201600045833,16,6,10,1430,1,1,1,1,7,78
201600045834,16,6,10,2030,1,1,1,1,2,10
201600045835,16,6,10,1830,1,1,1,1,4,572
201600045836,16,9,5,1625,1,1,1,2,6,572
201600045837,16,6,12,300,3,1,1,1,4,488
201600045838,16,6,12,1500,1,1,1,2,3,5
201600045839,16,6,12,2140,2,1,1,8,6,66
201600045840,16,6,12,2310,3,1,1,2,6,27
201600045841,16,6,12,1025,1,1,1,1,6,10
201600045842,16,6,12,808,1,1,1,1,6,527
201600045843,16,6,13,500,2,1,1,1,6,607
201600045844,16,6,10,2000,1,1,1,1,4,18
201600045845,16,6,12,2000,1,1,1,2,7,36
201600045846,16,6,12,1900,1,1,1,2,6,18
201600045847,16,6,13,1430,1,1,1,1,7,8
201600045848,16,6,12,1915,1,1,1,2,6,572
201600045849,16,6,12,2120,1,1,1,1,6,256
201600045850,16,6,14,10,3,1,1,1,7,53
201600045851,16,6,14,1515,1,1,1,1,4,277
201600045852,16,6,14,1830,1,1,1,1,2,53
201600045853,16,6,14,1930,1,1,1,1,2,78
201600045854,16,6,14,2120,3,1,1,8,2,27
201600045855,16,6,15,515,3,1,1,2,6,10
201600045856,16,6,15,740,1,1,1,2,3,5
201600045857,16,6,15,745,1,1,1,3,6,582
201600045858,16,6,15,1810,1,1,1,1,5,64
201600045859,16,6,15,1930,1,1,1,1,3,64
201600045860,16,6,16,750,1,1,1,8,7,36
201600045861,16,6,16,920,1,1,1,8,6,395
201600045862,16,6,17,25,3,1,1,1,2,252
201600045863,16,6,17,830,1,1,1,1,3,582
201600045864,16,6,16,930,1,1,1,1,5,582
201600045865,16,6,18,320,3,1,1,1,6,394
201600045866,16,6,17,1340,1,1,1,2,3,66
201600045867,16,6,17,1459,1,1,1,2,2,582
201600045868,16,6,16,1430,1,1,1,1,6,5
201600045869,16,6,17,1800,1,1,1,1,2,277
201600045870,16,6,15,1230,1,1,1,1,4,66
201600045871,16,6,15,930,1,1,1,8,3,582
201600045872,16,6,17,1710,1,1,1,1,5,48
201600045873,16,6,19,807,1,1,1,1,6,306
201600045874,16,6,19,600,1,1,1,1,6,13
201600045875,16,6,18,2330,3,1,1,1,6,219
201600045876,16,6,18,2020,1,1,1,1,7,27
201600045877,16,6,20,815,1,1,1,2,4,18
201600045878,16,6,20,1410,1,1,1,2,4,53
201600045879,16,6,20,2220,3,1,1,2,7,527
201600045880,16,6,20,2230,4,1,1,2,3,78
201600045881,16,6,18,400,3,1,1,1,6,488
201600045882,16,6,21,800,1,1,1,2,7,61
201600045883,16,6,20,1820,1,1,1,2,3,277
201600045884,16,6,20,1948,1,1,1,2,6,27
201600045885,16,6,21,1600,1,1,1,2,6,394
201600045886,16,6,21,1834,1,1,1,2,2,607
201600045887,16,6,21,1605,1,1,1,2,7,13
201600045888,16,6,22,655,4,1,1,1,5,219
201600045889,16,6,23,805,1,1,1,1,1,66
201600045890,16,6,4,1810,1,1,1,1,2,66
201600045891,16,6,17,1545,1,1,1,2,5,66
201600045892,16,6,6,845,1,1,1,5,4,36
201600045893,16,6,24,1105,1,1,1,1,6,64
201600045894,16,6,20,910,1,1,1,1,7,64
201600045895,16,6,24,2220,3,1,1,1,7,53
201600045896,16,6,13,745,1,1,1,1,4,582
201600045897,16,6,24,1100,1,1,1,1,7,66
201600045898,16,6,25,835,1,1,1,1,6,5
201600045899,16,6,25,1630,1,1,1,1,2,73
201600045900,16,6,24,1950,1,1,1,1,3,66
201600045901,16,6,26,845,1,1,1,1,7,151
201600045902,16,6,26,1820,1,1,1,1,2,8
201600045903,16,6,26,409,3,1,1,1,6,78
201600045904,16,6,27,30,5,1,1,1,2,27
201600045905,16,6,27,1310,1,1,1,2,5,572
201600045906,16,6,23,1230,1,1,1,1,6,36
201600045907,16,6,26,1830,1,1,1,1,5,18
201600045908,16,6,27,1602,1,1,1,1,2,13
201600045909,16,6,27,1410,1,1,1,2,3,527
201600045910,16,6,27,1640,1,1,1,1,2,365
201600045911,16,6,27,2040,1,1,1,1,2,675
201600045912,16,6,28,2230,3,1,1,1,3,394
201600045913,16,6,29,150,3,1,1,1,2,7
201600045914,16,6,29,850,1,1,1,1,5,5
201600045915,16,5,3,1830,1,1,1,1,4,78
201600045916,16,6,29,1000,1,1,1,1,3,63
201600045917,16,6,29,1040,1,1,1,1,6,527
201600045918,16,6,29,630,5,1,1,1,2,607
201600045919,16,6,30,1310,1,1,1,1,7,36
201600045920,16,6,30,1630,1,1,1,2,6,306
201600045921,16,6,30,1740,1,1,1,1,4,66
201600045922,16,6,28,1945,1,1,1,1,3,53
201600045923,16,6,28,1630,1,1,1,1,2,53
201600045924,16,7,1,800,1,1,1,1,3,28
201600045925,16,7,1,1645,1,1,1,1,2,78
201600045926,16,7,1,1650,1,1,1,1,4,607
201600045927,16,7,1,1800,1,1,1,1,7,36
201600045928,16,7,1,1810,1,1,1,1,6,27
201600045929,16,7,1,1500,1,1,1,1,3,48
201600045930,16,7,2,2110,2,1,1,1,6,527
201600045931,16,7,3,410,3,1,1,1,6,306
201600045932,16,7,2,1300,1,1,1,1,3,500
201600045933,16,7,3,1800,1,1,1,2,6,18
201600045934,16,7,3,1900,1,1,1,1,1,63
201600045935,16,7,3,2115,2,1,1,3,6,582
201600045936,16,7,4,235,3,1,1,1,7,36
201600045937,16,7,4,50,3,1,1,1,6,394
201600045938,16,7,3,1615,1,1,1,1,4,66
201600045939,16,7,3,2100,2,1,1,2,6,252
201600045940,16,7,3,2020,1,1,1,1,6,351
201600045941,16,7,4,815,1,1,1,1,2,527
201600045942,16,5,5,1615,1,1,1,1,4,66
201600045943,16,4,30,1322,1,1,1,1,2,5
201600045944,16,5,2,545,5,1,1,1,2,8
201600045945,16,5,12,1930,1,1,1,1,3,53
201600045946,16,7,1,1100,1,1,1,1,4,5
201600045947,16,7,4,2200,2,1,1,1,6,252
201600045948,16,7,5,230,3,1,1,1,6,8
201600045949,16,7,5,430,4,1,1,1,5,277
201600045950,16,5,23,955,1,1,1,2,4,18
201600045951,16,7,5,2100,1,1,1,1,4,78
201600045952,16,7,4,1500,1,1,1,1,4,10
201600045953,16,7,6,1450,1,1,1,1,6,7
201600045954,16,7,6,1740,1,1,1,1,2,78
201600045955,16,7,7,210,3,1,1,1,6,78
201600045956,16,7,7,1535,1,1,1,1,7,63
201600045957,16,7,7,1720,1,1,1,1,3,66
201600045958,16,7,7,1630,1,1,1,1,6,10
201600045959,16,7,8,600,1,1,1,1,6,241
201600045960,16,7,9,315,3,1,1,1,2,582
201600045961,16,7,9,100,3,1,1,1,5,27
201600045962,16,7,9,200,3,1,1,1,4,306
201600045963,16,7,9,630,1,1,1,1,2,29
201600045964,16,7,10,40,3,1,1,1,2,64
201600045965,16,7,8,1445,1,1,1,1,4,27
201600045966,16,7,9,1940,1,1,1,1,3,18
201600045967,16,7,10,720,1,1,1,1,6,60
201600045968,16,7,10,1935,1,1,1,1,4,42
201600045969,16,7,8,130,3,1,1,1,5,78
201600045970,16,7,11,2135,1,1,1,1,4,18
201600045971,16,6,19,1005,1,1,1,1,6,500
201600045972,16,7,10,1830,1,1,1,1,4,18
201600045973,16,7,7,1240,1,1,1,1,5,48
201600045974,16,7,12,845,1,1,1,1,6,5
201600045975,16,7,12,1945,1,1,1,1,6,1
201600045976,16,7,11,1510,1,1,1,1,6,151
201600045977,16,7,13,2200,1,1,1,1,3,78
201600045978,16,7,16,10,3,1,1,1,2,394
201600045979,16,7,18,120,3,1,1,1,2,18
201600045980,16,7,18,210,3,1,1,1,6,53
201600045981,16,7,18,900,1,1,1,1,2,27
201600045982,16,7,18,1610,1,1,1,1,4,36
201600045983,16,7,18,1510,1,1,1,1,3,10
201600045984,16,7,18,1000,1,1,1,1,2,212
201600045985,16,7,18,1050,1,1,1,1,3,494
201600045986,16,7,18,2010,1,1,1,1,6,36
201600045987,16,7,19,1600,1,1,1,1,3,5
201600045988,16,7,20,1710,1,1,1,1,5,36
201600045989,16,7,21,220,3,1,1,1,6,5
201600045990,16,7,20,1120,1,1,1,1,2,5
201600045991,16,7,20,830,1,1,1,1,7,582
201600045992,16,7,21,1448,1,1,1,1,5,36
201600045993,16,7,21,1710,1,1,1,1,6,36
201600045994,16,7,21,1810,1,1,1,1,2,572
201600045995,16,7,21,2200,3,1,1,1,7,5
201600045996,16,7,22,300,3,1,1,1,6,27
201600045997,16,7,23,1120,1,1,1,1,7,5
201600045998,16,7,22,1855,1,1,1,1,2,6