Num_Acc,an,mois,jour,hrmn,lum,agg,int,atm,col,com
201600045999,16,7,23,1440,1,1,1,1,2,555
201600046000,16,7,24,215,3,1,1,1,4,8
201600046001,16,7,24,320,3,1,1,1,6,36
201600046002,16,7,24,2010,1,1,1,1,4,8
201600046003,16,7,25,100,3,1,1,1,6,563
201600046004,16,7,25,320,4,1,1,1,2,527
201600046005,16,7,25,1530,1,1,1,1,2,5
201600046006,16,7,25,1600,1,1,1,1,2,27
201600046007,16,7,25,1715,1,1,1,1,6,18
201600046008,16,7,25,2015,2,1,1,1,6,256
201600046009,16,7,26,1405,1,1,1,1,6,6
201600046010,16,7,27,815,1,1,1,1,3,7
201600046011,16,7,27,1905,1,1,1,1,6,5
201600046012,16,7,28,710,1,1,1,1,6,36
201600046013,16,7,28,910,1,1,1,1,3,18
201600046014,16,7,28,1010,1,1,1,2,2,28
201600046015,16,7,29,500,3,1,1,1,6,572
201600046016,16,7,29,859,1,1,1,1,2,682
201600046017,16,7,29,920,1,1,1,2,6,8
201600046018,16,7,29,1000,1,1,1,2,4,53
201600046019,16,7,29,1545,1,1,1,1,6,48
201600046020,16,7,29,1805,1,1,1,1,6,27
201600046021,16,7,30,615,3,1,1,1,6,572
201600046022,16,7,25,1220,1,1,1,1,2,63
201600046023,16,7,23,1445,1,1,1,1,2,252
201600046024,16,7,30,1740,1,1,1,1,2,66
201600046025,16,7,30,1920,1,1,1,1,5,66
201600046026,16,7,31,1430,1,1,1,1,2,64
201600046027,16,7,31,1845,1,1,1,1,2,488
201600046028,16,7,31,355,3,1,1,1,3,641
201600046029,16,7,31,2240,3,1,1,1,4,5
201600046030,16,8,1,845,1,1,1,1,2,212
201600046031,16,8,1,1725,1,1,1,1,3,36
201600046032,16,8,2,850,1,1,1,1,6,582
201600046033,16,8,2,1000,1,1,1,2,2,53
201600046034,16,8,2,1430,1,1,1,2,6,39
201600046035,16,8,2,1900,1,1,1,1,1,66
201600046036,16,8,3,850,1,1,1,8,6,27
201600046037,16,8,3,845,1,1,1,1,1,78
201600046038,16,8,3,735,1,1,1,2,3,572
201600046039,16,8,3,1359,1,1,1,1,3,277
201600046040,16,8,3,2155,3,1,1,1,5,252
201600046041,16,8,3,2240,3,1,1,2,1,64
201600046042,16,8,4,1210,1,1,1,2,2,582
201600046043,16,7,23,1415,1,1,1,1,2,39
201600046044,16,8,6,20,4,1,1,1,2,53
201600046045,16,8,5,2310,3,1,1,1,4,10
201600046046,16,8,2,1210,1,1,1,1,2,527
201600046047,16,8,7,530,5,1,1,1,2,66
201600046048,16,8,4,1255,1,1,1,1,6,18
201600046049,16,8,8,815,1,1,1,1,4,277
201600046050,16,8,9,1130,1,1,1,1,6,64
201600046051,16,8,4,1815,1,1,1,1,2,29
201600046052,16,8,6,1010,1,1,1,1,2,27
201600046053,16,8,9,2320,3,1,1,1,2,18
201600046054,16,8,10,1130,1,1,1,1,6,78
201600046055,16,8,9,1340,1,1,1,1,5,7
201600046056,16,8,9,1416,1,1,1,1,3,53
201600046057,16,8,11,530,3,1,1,1,6,424
201600046058,16,8,11,745,1,1,1,1,5,678
201600046059,16,8,11,1630,1,1,1,1,6,28
201600046060,16,8,12,440,3,1,1,1,2,66
201600046061,16,8,11,630,2,1,1,1,6,527
201600046062,16,8,12,1900,1,1,1,1,3,365
201600046063,16,8,12,1745,1,1,1,1,4,13
201600046064,16,8,13,700,1,1,1,1,2,572
201600046065,16,8,13,505,3,1,1,1,6,5
201600046066,16,8,14,2030,1,1,1,1,6,252
201600046067,16,8,9,1740,1,1,1,1,3,53
201600046068,16,8,16,2134,2,1,1,1,2,5
201600046069,16,8,15,10,3,1,1,1,5,306
201600046070,16,8,17,1930,1,1,1,1,6,527
201600046071,16,8,18,1730,1,1,1,2,6,18
201600046072,16,8,19,1420,1,1,1,1,4,500
201600046073,16,8,20,2100,3,1,1,1,3,27
201600046074,16,8,21,100,3,1,1,2,2,5
201600046075,16,8,21,1300,1,1,1,1,7,27
201600046076,16,8,22,1615,1,1,1,2,2,78
201600046077,16,8,22,30,3,1,1,1,2,572
201600046078,16,8,22,935,1,1,1,1,4,8
201600046079,16,8,22,1030,1,1,1,1,5,66
201600046080,16,8,23,1400,1,1,1,1,3,64
201600046081,16,8,22,1913,1,1,1,1,3,582
201600046082,16,8,24,1930,1,1,1,1,4,36
201600046083,16,8,25,700,2,1,1,1,6,53
201600046084,16,8,25,820,1,1,1,1,7,13
201600046085,16,8,26,810,1,1,1,1,6,572
201600046086,16,8,22,2200,3,1,1,1,6,5
201600046087,16,8,28,740,1,1,1,1,7,424
201600046088,16,8,28,2215,3,1,1,1,3,27
201600046089,16,8,29,1900,1,1,1,1,4,78
201600046090,16,8,30,230,3,1,1,1,6,66
201600046091,16,8,29,1030,1,1,1,2,6,18
201600046092,16,8,24,1030,1,1,1,1,6,252
201600046093,16,8,29,2000,1,1,1,1,4,6
201600046094,16,8,29,1535,1,1,1,1,2,678
201600046095,16,8,31,105,4,1,1,1,6,277
201600046096,16,8,31,625,2,1,1,1,3,277
201600046097,16,9,1,330,4,1,1,1,7,78
201600046098,16,9,1,2015,1,1,1,1,3,64
201600046099,16,9,3,1145,1,1,1,1,2,66
201600046100,16,9,3,2130,5,1,1,1,4,66
201600046101,16,9,3,1350,1,1,1,1,4,18
201600046102,16,9,4,1435,1,1,1,1,3,582
201600046103,16,9,4,2115,3,1,1,1,4,13
201600046104,16,9,5,910,1,1,1,2,5,64
201600046105,16,9,5,1330,1,1,1,2,2,78
201600046106,16,9,4,1715,1,1,1,2,6,582
201600046107,16,9,5,1710,1,1,1,2,6,394
201600046108,16,9,5,2300,3,1,1,2,6,5
201600046109,16,9,5,2245,3,1,1,3,6,277
201600046110,16,9,5,2030,3,1,1,2,4,36
201600046111,16,9,5,1755,1,1,1,2,6,394
201600046112,16,9,5,1920,1,1,1,2,7,36
201600046113,16,9,7,900,1,1,1,1,2,500
201600046114,16,9,7,1400,1,1,1,1,5,53
201600046115,16,9,7,1415,1,1,1,1,2,27
201600046116,16,8,31,2020,2,1,1,1,5,63
201600046117,16,9,8,940,1,1,1,1,4,154
201600046118,16,9,4,1255,1,1,1,1,4,64
201600046119,16,9,9,125,3,1,1,1,6,252
201600046120,16,9,9,635,3,1,1,1,2,582
201600046121,16,9,9,1345,1,1,1,1,4,66
201600046122,16,9,5,1115,1,1,1,2,6,252
201600046123,16,9,9,1730,1,1,1,1,2,6
201600046124,16,9,9,1820,1,1,1,1,3,10
201600046125,16,9,10,1400,1,1,1,1,4,5
201600046126,16,9,10,345,5,1,1,1,6,63
201600046127,16,9,10,2140,3,1,1,1,2,351
201600046128,16,9,10,2140,4,1,1,1,6,36
201600046129,16,9,11,520,3,1,1,2,6,252
201600046130,16,9,11,730,1,1,1,2,6,612
201600046131,16,9,9,2040,4,1,1,1,4,36
201600046132,16,9,2,1615,1,1,1,1,2,5
201600046133,16,9,2,1500,1,1,1,1,4,5
201600046134,16,9,11,1700,1,1,1,1,2,7
201600046135,16,9,11,455,3,1,1,2,4,48
201600046136,16,9,12,1115,1,1,1,1,3,10
201600046137,16,9,12,925,1,1,1,1,3,36
201600046138,16,9,14,955,1,1,1,1,2,27
201600046139,16,9,13,1655,1,1,1,1,1,1
201600046140,16,9,14,1200,1,1,1,1,7,27
201600046141,16,9,15,925,1,1,1,2,7,8
201600046142,16,9,15,830,1,1,1,1,7,48
201600046143,16,9,15,930,1,1,1,2,6,572
201600046144,16,9,15,755,3,1,1,2,6,394
201600046145,16,9,15,1150,1,1,1,2,7,78
201600046146,16,9,15,1235,1,1,1,1,7,27
201600046147,16,9,9,1900,1,1,1,1,3,27
201600046148,16,7,28,1830,1,1,1,1,4,27
201600046149,16,9,16,1415,1,1,1,1,1,6
201600046150,16,9,16,1725,1,1,1,1,2,678
201600046151,16,9,16,1515,1,1,1,1,6,27
201600046152,16,9,14,1855,1,1,1,1,3,36
201600046153,16,9,5,842,1,1,1,2,6,36
201600046154,16,9,9,1915,1,1,1,1,2,53
201600046155,16,9,16,1650,1,1,1,1,2,580
201600046156,16,9,16,2030,4,1,1,2,7,252
201600046157,16,9,18,45,5,1,1,1,2,66
201600046158,16,9,16,2040,5,1,1,2,2,66
201600046159,16,9,17,2040,3,1,1,1,4,36
201600046160,16,9,19,920,1,1,1,2,4,500
201600046161,16,9,19,945,1,1,1,2,2,36
201600046162,16,6,2,900,1,1,1,2,2,78
201600046163,16,9,19,1405,1,1,1,1,5,66
201600046164,16,9,16,1120,1,1,1,2,3,6
201600046165,16,9,17,1245,1,1,1,2,2,572
201600046166,16,9,20,1245,1,1,1,1,2,66
201600046167,16,9,20,1540,1,1,1,1,2,66
201600046168,16,9,21,1700,1,1,1,1,2,63
201600046169,16,9,5,1110,1,1,1,2,3,18
201600046170,16,8,30,1040,1,1,1,1,6,7
201600046171,16,9,16,1145,1,1,1,1,5,10
201600046172,16,9,22,1430,1,1,1,1,2,36
201600046173,16,9,19,900,1,1,1,1,4,641
201600046174,16,9,21,1345,1,1,1,1,4,36
201600046175,16,9,23,1630,1,1,1,1,3,78
201600046176,16,9,23,1630,1,1,1,1,3,53
201600046177,16,9,23,1500,1,1,1,1,4,8
201600046178,16,9,24,1545,1,1,1,1,3,1
201600046179,16,9,24,2030,3,1,1,1,2,10
201600046180,16,9,25,1930,5,1,1,1,4,7
201600046181,16,9,26,830,1,1,1,1,6,582
201600046182,16,9,26,820,1,1,1,1,5,582
201600046183,16,1,3,1150,1,1,1,2,6,394
201600046184,16,7,28,1900,1,1,1,1,6,27
201600046185,16,9,5,1100,1,1,1,2,6,66
201600046186,16,9,26,2320,3,1,1,1,6,607
201600046187,16,9,27,830,1,1,1,1,4,66
201600046188,16,9,27,930,1,1,1,1,3,18
201600046189,16,9,27,1130,1,1,1,1,5,13
201600046190,16,9,22,1210,1,1,1,1,6,60
201600046191,16,9,23,807,1,1,1,1,2,36
201600046192,16,9,26,2050,3,1,1,1,3,7
201600046193,16,9,28,540,3,1,1,1,6,64
201600046194,16,9,28,730,1,1,1,1,6,678
201600046195,16,9,22,830,1,1,1,1,4,27
201600046196,16,9,28,1815,1,1,1,1,2,572
201600046197,16,9,28,2150,3,1,1,1,6,6
201600046198,16,9,29,1655,1,1,1,1,4,10
201600046199,16,9,30,1830,1,1,1,1,2,66
201600046200,16,9,30,1830,1,1,1,2,3,488
201600046201,16,9,30,2000,1,1,1,2,3,6
201600046202,16,9,1,10,3,1,1,2,2,78
201600046203,16,10,1,310,3,1,1,2,2,252
201600046204,16,10,1,715,2,1,1,2,7,78
201600046205,16,9,20,1735,1,1,1,1,3,8
201600046206,16,10,1,930,1,1,1,1,6,218
201600046207,16,10,1,1615,1,1,1,1,6,27
201600046208,16,10,2,530,3,1,1,1,4,36
201600046209,16,9,29,815,1,1,1,1,3,5
201600046210,16,10,3,430,3,1,1,1,6,365
201600046211,16,10,3,850,1,1,1,1,2,212
201600046212,16,10,3,1030,1,1,1,1,2,18
201600046213,16,10,3,1720,1,1,1,1,2,27
201600046214,16,10,3,1710,1,1,1,1,4,678
201600046215,16,10,2,1845,1,1,1,1,3,252
201600046216,16,10,2,1930,3,1,1,1,5,10
201600046217,16,10,1,1245,1,1,1,1,5,5
201600046218,16,10,4,1430,1,1,1,1,2,351
201600046219,16,10,4,1755,1,1,1,1,3,10
201600046220,16,9,29,900,1,1,1,1,6,612
201600046221,16,10,4,940,1,1,1,1,2,5
201600046222,16,8,24,1030,1,1,1,1,2,252
201600046223,16,10,4,1205,1,1,1,1,2,10
201600046224,16,10,5,1810,1,1,1,1,2,53
201600046225,16,10,5,1540,1,1,1,1,2,66
201600046226,16,10,6,130,3,1,1,1,7,13
201600046227,16,8,13,920,1,1,1,1,7,27
201600046228,16,10,6,840,1,1,1,1,3,66
201600046229,16,10,6,915,1,1,1,1,2,5
201600046230,16,10,7,810,2,1,1,1,3,5
201600046231,16,10,7,855,1,1,1,1,2,36
201600046232,16,10,7,1405,1,1,1,1,1,66
201600046233,16,10,7,2145,3,1,1,1,2,582
201600046234,16,10,9,25,3,1,1,1,6,424
201600046235,16,10,9,930,1,1,1,1,7,42
201600046236,16,10,9,410,3,1,1,1,2,5
201600046237,16,10,10,705,1,1,1,1,3,10
201600046238,16,10,7,1225,1,1,1,1,6,256
201600046239,16,10,10,1700,1,1,1,2,3,66
201600046240,16,10,10,730,1,1,1,1,2,582
201600046241,16,10,10,1120,1,1,1,1,2,8
201600046242,16,10,9,2010,2,1,1,1,4,66
201600046243,16,10,10,840,1,1,1,1,3,5
201600046244,16,10,5,800,1,1,1,2,4,203
201600046245,16,10,10,520,3,1,1,1,6,78
201600046246,16,10,10,930,1,1,1,1,4,66
201600046247,16,10,11,930,1,1,1,1,2,365
201600046248,16,10,6,935,1,1,1,1,3,78
201600046249,16,10,6,1045,1,1,1,1,4,277
201600046250,16,10,11,1655,1,1,1,1,3,5
201600046251,16,10,11,2145,3,1,1,1,3,6
201600046252,16,10,13,1545,1,1,1,1,5,527
201600046253,16,10,13,1600,1,1,1,2,3,424
201600046254,16,10,13,1730,1,1,1,2,6,582
201600046255,16,10,13,1740,1,1,1,2,3,527
201600046256,16,10,13,1720,1,1,1,1,6,5
201600046257,16,10,14,945,1,1,1,1,6,5
201600046258,16,10,9,1415,1,1,1,1,2,53
201600046259,16,10,9,1350,1,1,1,1,6,7
201600046260,16,10,15,2145,3,1,1,1,2,36
201600046261,16,10,15,415,3,1,1,2,2,78
201600046262,16,10,15,2030,3,1,1,1,4,64
201600046263,16,10,16,715,1,1,1,1,3,10
201600046264,16,10,15,1600,1,1,1,1,2,176
201600046265,16,10,16,550,5,1,1,1,6,29
201600046266,16,10,17,800,3,1,1,2,6,18
201600046267,16,10,13,900,1,1,1,1,2,678
201600046268,16,10,17,1700,1,1,1,1,2,256
201600046269,16,10,17,1900,3,1,1,1,6,66
201600046270,16,10,18,945,1,1,1,1,4,78
201600046271,16,10,18,1730,3,1,1,2,2,73
201600046272,16,10,18,1810,1,1,1,2,6,28
201600046273,16,10,18,1915,3,1,1,2,2,580
201600046274,16,10,18,1015,1,1,1,1,2,277
201600046275,16,10,19,900,1,1,1,1,3,66
201600046276,16,10,6,2040,3,1,1,1,6,277
201600046277,16,10,19,1635,1,1,1,2,2,5
201600046278,16,10,19,1620,1,1,1,3,4,36
201600046279,16,10,19,1705,1,1,1,1,2,582
201600046280,16,10,19,1900,4,1,1,2,7,78
201600046281,16,10,20,250,3,1,1,1,2,306
201600046282,16,10,20,800,2,1,1,1,2,5
201600046283,16,10,15,1225,1,1,1,1,2,5
201600046284,16,10,20,845,1,1,1,2,2,66
201600046285,16,10,20,730,2,1,1,1,7,10
201600046286,16,10,20,540,3,1,1,8,3,8
201600046287,16,10,20,1150,1,1,1,2,2,63
201600046288,16,10,20,1345,1,1,1,2,6,66
201600046289,16,10,15,1645,1,1,1,1,2,582
201600046290,16,10,20,1600,1,1,1,1,3,78
201600046291,16,10,20,1630,1,1,1,2,2,218
201600046292,16,10,17,2115,3,1,1,1,4,63
201600046293,16,10,21,400,3,1,1,1,6,491
201600046294,16,10,21,1130,1,1,1,1,3,10
201600046295,16,10,16,601,3,1,1,1,6,277
201600046296,16,10,16,845,1,1,1,1,2,421
201600046297,16,10,17,850,1,1,1,2,2,394
201600046298,16,10,16,900,1,1,1,1,6,563
201600046299,16,10,19,945,1,1,1,1,2,582
201600046300,16,10,22,1600,1,1,1,1,4,53
201600046301,16,10,23,1700,1,1,1,2,2,5
201600046302,16,10,23,1540,1,1,1,1,4,13
201600046303,16,10,24,840,2,1,1,2,2,252
201600046304,16,10,24,1230,1,1,1,2,6,27
201600046305,16,10,25,740,3,1,1,1,2,582
201600046306,16,10,24,1230,1,1,1,2,6,252
201600046307,16,10,24,2020,3,1,1,8,3,5
201600046308,16,10,25,1300,1,1,1,1,7,7
201600046309,16,10,21,1235,1,1,1,1,2,39
201600046310,16,10,25,2220,3,1,1,1,2,18
201600046311,16,10,21,2000,1,1,1,1,5,63
201600046312,16,10,23,2340,4,1,1,2,6,64
201600046313,16,10,27,800,2,1,1,1,2,582
201600046314,16,10,27,820,1,1,1,1,3,582
201600046315,16,10,27,1200,1,1,1,1,4,66
201600046316,16,10,26,2005,1,1,1,1,3,36
201600046317,16,10,27,1500,1,1,1,1,2,5
201600046318,16,10,21,1340,1,1,1,1,4,66
201600046319,16,10,27,1815,1,1,1,1,6,5
201600046320,16,10,27,1835,1,1,1,1,2,48
201600046321,16,10,27,1940,1,1,1,1,2,48
201600046322,16,10,22,2130,3,1,1,1,6,394
201600046323,16,10,28,825,2,1,1,1,4,66
201600046324,16,10,29,30,4,1,1,1,6,66
201600046325,16,10,29,2225,3,1,1,1,3,500
201600046326,16,10,28,2045,3,1,1,1,4,53
201600046327,16,10,30,610,3,1,1,1,6,527
201600046328,16,10,31,805,1,1,1,1,2,218
201600046329,16,10,31,1345,1,1,1,1,6,7
201600046330,16,10,30,2015,3,1,1,1,6,572
201600046331,16,10,31,2055,3,1,1,1,4,5
201600046332,16,10,31,2330,3,1,1,1,5,36
201600046333,16,10,17,545,2,1,1,1,2,64
201600046334,16,10,17,820,1,1,1,1,6,27
201600046335,16,10,17,1030,1,1,1,1,6,66
201600046336,16,11,3,100,3,1,1,1,2,36
201600046337,16,11,2,1810,1,1,1,1,4,488
201600046338,16,11,2,2050,3,1,1,1,5,572
201600046339,16,11,2,1735,2,1,1,1,3,53
201600046340,16,11,3,940,1,1,1,1,6,18
201600046341,16,11,3,1320,1,1,1,1,3,10
201600046342,16,11,4,1700,2,1,1,3,6,64
201600046343,16,11,4,2053,3,1,1,3,6,582
201600046344,16,11,5,550,1,1,1,1,7,27
201600046345,16,11,5,830,3,1,1,2,2,78
201600046346,16,11,5,805,1,1,1,2,6,572
201600046347,16,11,5,745,2,1,1,2,6,582
201600046348,16,11,3,1640,1,1,1,1,3,252
201600046349,16,11,5,810,1,1,1,8,2,252
201600046350,16,11,5,1030,1,1,1,1,6,53
201600046351,16,11,5,1110,1,1,1,1,6,64
201600046352,16,11,2,1230,1,1,1,1,7,66
201600046353,16,11,6,2310,3,1,1,1,2,27
201600046354,16,11,7,900,1,1,1,2,6,6
201600046355,16,9,8,900,1,1,1,1,2,218
201600046356,16,11,8,1100,1,1,1,1,4,66
201600046357,16,11,7,1600,1,1,1,2,4,678
201600046358,16,11,7,1420,1,1,1,2,1,36
201600046359,16,11,9,830,1,1,1,3,2,66
201600046360,16,11,9,2240,3,1,1,2,6,28
201600046361,16,11,9,2345,3,1,1,2,3,53
201600046362,16,11,9,1230,1,1,1,2,6,27
201600046363,16,11,10,640,3,1,1,2,4,582
201600046364,16,11,10,600,3,1,1,1,5,252
201600046365,16,11,3,1230,1,1,1,1,6,66
201600046366,16,11,10,1540,1,1,1,1,2,63
201600046367,16,11,9,1810,3,1,1,1,3,10
201600046368,16,11,10,1915,4,1,1,2,3,500
201600046369,16,11,10,2230,3,1,1,2,6,277
201600046370,16,11,10,1830,2,1,1,1,2,8
201600046371,16,11,11,600,3,1,1,8,2,582
201600046372,16,11,11,1025,1,1,1,8,6,36
201600046373,16,11,11,2350,3,1,1,1,2,66
201600046374,16,11,11,2145,3,1,1,1,2,73
201600046375,16,11,10,1740,3,1,1,1,3,8
201600046376,16,11,11,505,3,1,1,2,4,582
201600046377,16,11,12,740,5,1,1,5,2,612
201600046378,16,11,12,1540,1,1,1,2,2,607
201600046379,16,11,12,1900,3,1,1,2,6,18
201600046380,16,11,12,2345,4,1,1,2,2,5
201600046381,16,11,13,330,3,1,1,2,6,394
201600046382,16,11,13,400,4,1,1,2,6,27
201600046383,16,11,13,350,3,1,1,2,2,572
201600046384,16,11,12,2050,3,1,1,2,2,582
201600046385,16,11,13,945,1,1,1,2,6,582
201600046386,16,11,13,820,1,1,1,2,6,36
201600046387,16,11,13,1100,1,1,1,2,6,78
201600046388,16,11,13,1015,1,1,1,2,6,277
201600046389,16,11,10,700,4,1,1,2,6,5
201600046390,16,11,10,945,1,1,1,2,4,10
201600046391,16,11,13,2220,3,1,1,2,6,277
201600046392,16,11,11,455,4,1,1,1,6,582
201600046393,16,11,14,200,3,1,1,2,6,18
201600046394,16,11,13,1540,1,1,1,1,6,277
201600046395,16,11,13,1430,1,1,1,1,7,631
201600046396,16,11,13,1750,1,1,1,2,6,18
201600046397,16,11,13,1320,1,2,1,1,6,36
201600046398,16,11,3,730,1,1,1,1,6,66
201600046399,16,11,13,1820,3,1,1,1,5,252
201600046400,16,11,14,2230,3,1,1,2,6,256
201600046401,16,11,13,1425,1,1,1,2,6,582
201600046402,16,11,13,1900,3,1,1,1,6,491
201600046403,16,11,10,1145,1,1,1,1,2,27
201600046404,16,11,9,1100,1,1,1,2,7,66
201600046405,16,11,10,900,1,1,1,1,6,7
201600046406,16,11,9,915,1,1,1,2,5,5
201600046407,16,11,15,1010,1,1,1,1,6,18
201600046408,16,11,15,845,3,1,1,8,6,27
201600046409,16,11,15,945,2,1,1,8,4,27
201600046410,16,11,12,1100,1,1,1,1,6,5
201600046411,16,11,15,2150,5,1,1,2,4,63
201600046412,16,11,16,530,3,1,1,1,4,13
201600046413,16,11,16,2300,3,1,1,1,6,582
201600046414,16,11,17,40,4,1,1,2,2,27
201600046415,16,11,13,1030,1,1,1,3,6,8
201600046416,16,11,13,1140,1,1,1,2,6,53
201600046417,16,11,18,300,3,1,1,3,6,7
201600046418,16,11,17,800,1,1,1,1,2,582
201600046419,16,11,17,845,1,1,1,1,5,424
201600046420,16,11,18,715,3,1,1,2,7,36
201600046421,16,11,18,1335,1,1,1,1,5,36
201600046422,16,11,18,1420,1,1,1,1,3,13
201600046423,16,11,18,1700,1,1,1,1,3,8
201600046424,16,11,18,1440,1,1,1,1,4,36
201600046425,16,11,18,2215,3,1,1,1,6,424
201600046426,16,11,19,705,1,1,1,1,2,488
201600046427,16,11,16,835,1,1,1,1,6,8
201600046428,16,11,19,2220,3,1,1,1,7,13
201600046429,16,11,20,840,1,1,1,2,6,252
201600046430,16,11,20,840,1,1,1,2,6,252
201600046431,16,11,20,1035,1,1,1,1,6,27
201600046432,16,11,20,1520,1,1,1,3,7,277
201600046433,16,11,20,2135,3,1,1,3,5,27
201600046434,16,11,20,2200,3,1,1,2,6,18
201600046435,16,11,20,2130,3,1,1,3,6,27
201600046436,16,11,21,1,3,1,1,2,7,36
201600046437,16,11,19,1645,1,1,1,1,2,36
201600046438,16,11,20,2030,5,1,1,2,6,212
201600046439,16,11,19,1915,2,1,1,1,2,13
201600046440,16,11,20,1630,2,1,1,3,6,572
201600046441,16,11,20,1900,2,1,1,3,6,66
201600046442,16,11,19,1300,1,1,1,1,2,500
201600046443,16,11,20,1955,5,1,1,1,6,66
201600046444,16,11,15,935,1,1,1,1,4,18
201600046445,16,11,15,950,1,1,1,1,6,64
201600046446,16,11,18,930,1,1,1,1,5,252
201600046447,16,11,21,1415,1,1,1,1,6,64
201600046448,16,11,21,1900,3,1,1,1,2,10
201600046449,16,11,22,700,3,1,1,1,3,7
201600046450,16,11,10,1100,1,1,1,2,6,18
201600046451,16,11,19,1450,1,1,1,1,2,66
201600046452,16,11,21,1900,2,1,1,1,4,53
201600046453,16,11,23,156,3,1,1,3,6,582
201600046454,16,11,23,610,5,1,1,3,6,10
201600046455,16,11,23,655,3,1,1,3,3,572
201600046456,16,11,23,810,1,1,1,2,3,66
201600046457,16,11,23,1630,1,1,1,1,6,64
201600046458,16,11,23,1915,5,1,1,1,6,66
201600046459,16,11,12,1920,3,1,1,2,7,36
201600046460,16,11,24,530,3,1,1,1,6,78
201600046461,16,11,18,2020,3,1,1,1,4,36
201600046462,16,11,24,1750,3,1,1,1,2,488
201600046463,16,11,24,1715,3,1,1,1,6,218
201600046464,16,11,24,1935,3,1,1,1,4,66
201600046465,16,11,7,1425,1,1,1,1,4,66
201600046466,16,11,26,19,3,1,1,1,6,394
201600046467,16,11,26,850,1,1,1,1,6,8
201600046468,16,11,25,1820,2,1,1,1,4,572
201600046469,16,11,27,1525,1,1,1,8,2,78
201600046470,16,11,26,2010,2,1,1,1,7,641
201600046471,16,11,28,745,3,1,1,1,7,494
201600046472,16,11,28,1845,3,1,1,1,5,572
201600046473,16,11,29,1035,1,1,1,1,2,572
201600046474,16,11,29,1420,1,1,1,1,6,7
201600046475,16,11,29,1455,1,1,1,1,2,78
201600046476,16,11,29,1430,1,1,1,1,3,27
201600046477,16,11,30,1740,5,1,1,1,1,10
201600046478,16,11,30,1430,1,1,1,1,4,5
201600046479,16,11,30,1920,5,1,1,1,2,582
201600046480,16,12,1,1130,1,1,1,1,4,18
201600046481,16,12,1,1140,1,1,1,1,3,48
201600046482,16,12,1,2330,3,1,1,1,3,365
201600046483,16,8,26,1810,1,1,4,1,3,48
201600046484,16,12,3,240,3,1,1,1,6,6
201600046485,16,12,3,405,3,1,1,1,6,582
201600046486,16,12,3,1430,1,1,1,1,2,277
201600046487,16,12,3,1330,1,1,1,1,4,66
201600046488,16,12,3,1715,3,1,1,1,2,252
201600046489,16,12,3,2150,3,1,1,1,6,572
201600046490,16,12,3,2250,3,1,1,1,2,73
201600046491,16,12,2,1835,1,1,1,1,4,78
201600046492,16,12,4,1320,1,1,1,1,4,66
201600046493,16,12,4,1830,3,1,1,1,6,27
201600046494,16,12,4,315,3,1,1,1,2,13
201600046495,16,12,4,340,3,1,1,1,6,64
201600046496,16,12,5,915,1,1,1,1,2,66
201600046497,16,12,5,1630,1,1,1,1,6,63
201600046498,16,12,5,1730,1,1,1,1,6,252
201600046499,16,12,5,1830,3,1,1,1,3,27
201600046500,16,12,6,830,1,1,1,1,2,66
201600046501,16,12,6,1400,1,1,1,1,2,582
201600046502,16,12,6,1500,1,1,1,1,2,572
201600046503,16,12,6,1830,3,1,1,1,7,48
201600046504,16,12,6,2030,2,1,1,1,6,28
201600046505,16,12,7,800,1,1,1,1,2,582
201600046506,16,11,16,900,1,1,1,1,4,48
201600046507,16,12,4,830,1,1,1,1,3,78
201600046508,16,12,7,1410,1,1,1,1,2,5
201600046509,16,12,1,1400,1,1,1,1,4,66
201600046510,16,12,8,700,3,1,1,1,4,66
201600046511,16,12,10,110,3,1,1,1,6,241
201600046512,16,12,10,155,4,1,1,1,2,7
201600046513,16,12,10,1420,1,1,1,1,3,64
201600046514,16,12,9,210,5,1,1,1,4,66
201600046515,16,12,10,2300,3,1,1,1,2,73
201600046516,16,12,11,550,3,1,1,1,6,66
201600046517,16,12,11,615,3,1,1,9,6,306
201600046518,16,12,11,745,2,1,1,1,3,36
201600046519,16,12,11,1700,2,1,1,5,3,241
201600046520,16,12,11,1545,1,1,1,1,3,10
201600046521,16,12,11,1830,3,1,1,1,5,13
201600046522,16,12,11,1215,1,1,1,1,4,572
201600046523,16,12,12,935,1,1,1,1,3,582
201600046524,16,12,12,1030,1,1,1,1,2,66
201600046525,16,12,10,1940,1,1,1,1,2,500
201600046526,16,12,12,1840,5,1,1,2,2,555
201600046527,16,12,13,815,1,1,1,1,6,394
201600046528,16,12,13,855,1,1,1,2,6,582
201600046529,16,12,13,850,1,1,1,2,2,64
201600046530,16,12,10,1045,1,1,1,5,3,5
201600046531,16,12,10,710,3,1,1,1,6,394
201600046532,16,12,13,1715,3,1,1,1,2,78
201600046533,16,12,14,720,1,1,1,1,3,66
201600046534,16,12,14,800,1,1,1,1,2,527
201600046535,16,12,13,1540,1,1,1,1,3,7
201600046536,16,12,4,1000,1,1,1,1,6,36
201600046537,16,12,14,2215,3,1,1,1,6,572
201600046538,16,12,15,1610,1,1,1,1,7,572
201600046539,16,12,15,915,2,1,1,1,2,36
201600046540,16,12,14,1350,1,1,1,1,6,5