Num_Acc,an,mois,jour,hrmn,lum,agg,int,atm,col,com
201600046541,16,12,14,1920,3,1,1,1,5,8
201600046542,16,12,15,835,1,1,1,1,4,500
201600046543,16,12,16,600,1,1,1,1,3,28
201600046544,16,12,16,720,3,1,1,1,7,36
201600046545,16,12,16,800,1,1,1,1,2,5
201600046546,16,12,16,830,1,1,1,1,3,6
201600046547,16,12,16,1845,3,1,1,1,2,28
201600046548,16,12,17,340,5,1,1,1,2,219
201600046549,16,12,16,1640,1,1,1,1,6,48
201600046550,16,12,17,1530,1,1,1,1,2,64
201600046551,16,12,17,308,3,1,1,1,2,66
201600046552,16,12,18,1830,1,1,1,1,1,5
201600046553,16,12,19,2130,3,1,1,2,2,572
201600046554,16,12,19,2225,3,1,1,1,6,78
201600046555,16,12,6,1730,3,1,1,1,2,78
201600046556,16,12,20,1700,2,1,1,1,3,5
201600046557,16,12,19,1350,1,1,1,1,3,5
201600046558,16,12,21,2330,3,1,1,3,2,18
201600046559,16,12,22,115,3,1,1,3,6,277
201600046560,16,12,22,1130,1,1,1,2,3,6
201600046561,16,12,22,1645,1,1,1,8,6,53
201600046562,16,12,22,1310,1,1,1,1,6,53
201600046563,16,12,21,2050,5,1,1,1,6,66
201600046564,16,12,22,1615,1,1,1,1,3,154
201600046565,16,12,23,520,3,1,1,5,2,277
201600046566,16,12,21,2050,3,1,1,2,5,6
201600046567,16,12,22,1600,1,1,1,1,7,365
201600046568,16,12,24,720,3,1,1,1,2,5
201600046569,16,12,24,1000,1,1,1,1,7,5
201600046570,16,12,24,1040,1,1,1,1,6,27
201600046571,16,12,22,845,1,1,1,2,3,582
201600046572,16,12,24,2000,4,1,1,1,4,5
201600046573,16,12,26,1335,1,1,1,1,6,203
201600046574,16,12,26,1530,1,1,1,1,4,27
201600046575,16,12,26,1730,4,1,1,1,3,66
201600046576,16,12,26,1300,1,1,1,1,6,64
201600046577,16,12,27,1435,1,1,1,1,2,18
201600046578,16,12,27,930,1,1,1,1,2,8
201600046579,16,12,28,1910,3,1,1,1,6,212
201600046580,16,12,29,1020,1,1,1,1,7,151
201600046581,16,12,30,1045,1,1,1,5,3,277
201600046582,16,12,30,2338,3,1,1,5,5,5
201600046583,16,12,31,220,4,1,1,1,5,39
201600046584,16,12,31,1445,1,1,1,2,6,27
201600046585,16,12,26,1756,3,1,1,1,2,78
201600046586,16,12,31,2100,3,1,1,1,7,1
201600046587,16,12,31,2156,4,1,1,1,6,29
201600046588,16,12,31,2215,3,1,1,9,6,27
201600046589,16,1,1,2105,5,1,1,8,3,63
201600046590,16,1,2,1522,1,1,1,2,2,498
201600046591,16,1,2,1810,1,1,1,1,6,43
201600046592,16,1,2,2305,3,1,1,2,2,466
201600046593,16,1,3,1840,3,1,1,2,2,43
201600046594,16,1,3,2032,3,1,1,2,6,50
201600046595,16,1,3,2055,3,1,1,2,5,50
201600046596,16,1,3,2105,3,1,1,2,7,63
201600046597,16,1,4,600,3,1,1,1,3,140
201600046598,16,1,4,1742,2,1,1,1,4,73
201600046599,16,1,5,1115,1,1,1,1,3,118
201600046600,16,1,6,1555,1,1,1,1,5,29
201600046601,16,1,6,1743,5,1,1,8,2,50
201600046602,16,1,7,801,3,1,1,2,1,402
201600046603,16,1,8,1133,1,1,1,1,2,64
201600046604,16,1,8,1808,2,1,1,1,1,117
201600046605,16,1,8,2005,3,1,1,1,3,25
201600046606,16,1,9,1250,1,1,1,1,6,140
201600046607,16,1,9,1810,5,1,1,1,2,50
201600046608,16,1,9,2137,4,1,1,3,6,291
201600046609,16,1,10,2239,3,1,1,8,3,423
201600046610,16,1,10,2305,3,1,1,1,2,455
201600046611,16,1,12,855,1,1,1,2,7,47
201600046612,16,1,12,945,1,1,1,2,6,73
201600046613,16,1,12,1658,4,1,1,1,5,50
201600046614,16,1,12,1930,3,1,1,1,2,640
201600046615,16,1,13,630,3,1,1,1,6,297
201600046616,16,1,13,927,1,1,1,1,4,64
201600046617,16,1,14,725,3,1,1,2,6,291
201600046618,16,1,14,926,1,1,1,2,6,72
201600046619,16,1,14,1005,1,1,1,2,6,48
201600046620,16,1,14,1650,1,1,1,4,7,490
201600046621,16,1,15,752,5,1,1,2,5,242
201600046622,16,1,15,1820,3,1,1,1,3,423
201600046623,16,1,15,1950,5,1,1,1,5,23
201600046624,16,1,15,2000,3,1,1,1,6,126
201600046625,16,1,16,640,3,1,1,1,7,646
201600046626,16,1,16,836,1,1,1,1,6,423
201600046627,16,1,17,732,2,1,1,1,6,64
201600046628,16,1,17,2100,3,1,1,1,2,206
201600046629,16,1,17,2300,5,1,1,1,1,60
201600046630,16,1,18,55,3,1,1,1,6,321
201600046631,16,1,18,940,1,1,1,1,4,50
201600046632,16,1,20,1012,1,1,1,1,2,51
201600046633,16,1,20,1530,1,1,1,1,5,242
201600046634,16,1,21,1355,1,1,1,1,2,50
201600046635,16,1,22,902,1,1,1,1,3,36
201600046636,16,1,22,1525,1,1,1,2,2,50
201600046637,16,1,22,1630,2,1,1,2,2,50
201600046638,16,1,23,1220,1,1,1,1,6,640
201600046639,16,1,24,400,5,1,1,2,3,12
201600046640,16,1,24,1050,1,1,1,8,6,36
201600046641,16,1,24,1913,2,1,1,1,2,238
201600046642,16,1,25,807,1,1,1,1,2,43
201600046643,16,1,25,850,2,1,1,1,2,498
201600046644,16,1,24,917,1,1,1,1,2,423
201600046645,16,1,27,1000,1,1,1,2,7,50
201600046646,16,1,28,756,1,1,1,1,2,217
201600046647,16,1,28,2210,3,1,1,1,7,90
201600046648,16,1,30,220,5,1,1,2,3,50
201600046649,16,1,31,41,3,1,1,2,2,322
201600046650,16,2,1,715,3,1,1,1,2,524
201600046651,16,2,2,1355,1,1,1,1,7,48
201600046652,16,2,3,910,1,1,1,1,2,62
201600046653,16,2,3,1040,1,1,1,1,2,48
201600046654,16,2,4,900,1,1,1,1,4,7
201600046655,16,2,4,1800,3,1,1,2,5,640
201600046656,16,2,6,256,3,1,1,1,7,63
201600046657,16,2,7,330,3,1,1,2,6,29
201600046658,16,2,7,530,3,1,1,1,5,466
201600046659,16,2,7,810,1,1,1,8,6,36
201600046660,16,2,7,1545,1,1,1,1,3,90
201600046661,16,2,8,28,3,1,1,6,3,640
201600046662,16,2,8,318,3,1,1,6,7,29
201600046663,16,2,8,850,1,1,1,1,6,242
201600046664,16,2,8,908,1,1,1,8,4,545
201600046665,16,2,8,938,1,1,1,1,1,25
201600046666,16,2,8,1615,1,1,1,2,6,25
201600046667,16,2,8,2025,3,1,1,1,3,640
201600046668,16,2,8,2027,3,1,1,2,3,291
201600046669,16,2,9,915,1,2,1,1,2,51
201600046670,16,2,9,943,1,1,1,2,6,423
201600046671,16,2,10,205,5,1,1,1,6,50
201600046672,16,2,10,803,1,1,1,1,6,43
201600046673,16,2,10,857,1,1,1,1,5,25
201600046674,16,2,10,1850,3,1,1,1,3,640
201600046675,16,2,11,727,1,1,1,2,6,47
201600046676,16,2,11,900,1,1,1,1,2,48
201600046677,16,2,12,250,3,1,1,1,6,90
201600046678,16,2,12,1520,1,1,1,2,7,50
201600046679,16,2,14,5,3,1,1,1,2,7
201600046680,16,2,16,825,1,1,1,1,2,545
201600046681,16,2,16,1450,1,1,1,1,6,545
201600046682,16,2,17,720,5,1,1,1,1,63
201600046683,16,2,17,1700,1,1,1,1,4,64
201600046684,16,2,18,945,1,1,1,1,2,25
201600046685,16,2,18,910,1,1,1,8,5,640
201600046686,16,2,18,1850,5,1,1,1,7,60
201600046687,16,2,18,2228,3,1,1,2,6,423
201600046688,16,2,19,1637,1,1,1,1,1,50
201600046689,16,2,22,850,1,1,1,1,1,50
201600046690,16,2,22,953,1,1,1,1,2,640
201600046691,16,2,22,1237,1,1,1,1,6,646
201600046692,16,2,23,907,1,1,1,2,3,36
201600046693,16,2,24,946,1,1,1,1,3,322
201600046694,16,2,24,1748,1,1,1,2,5,73
201600046695,16,2,24,1850,5,1,1,1,2,242
201600046696,16,2,24,2310,3,1,1,1,6,206
201600046697,16,2,25,1509,1,1,1,1,6,43
201600046698,16,2,27,1315,1,1,1,1,2,47
201600046699,16,2,28,2335,3,1,1,1,6,322
201600046700,16,2,29,920,1,1,1,1,4,362
201600046701,16,3,1,1146,1,1,1,1,6,646
201600046702,16,3,2,2235,3,1,1,2,3,158
201600046703,16,3,4,720,2,1,1,2,3,47
201600046704,16,3,4,910,1,1,1,1,1,47
201600046705,16,3,4,2110,3,1,1,3,2,640
201600046706,16,3,5,1120,1,1,1,8,6,490
201600046707,16,3,5,1700,1,1,1,1,4,571
201600046708,16,3,6,1350,1,1,1,1,6,36
201600046709,16,3,6,1630,1,1,1,1,2,291
201600046710,16,3,7,1015,1,1,1,2,5,43
201600046711,16,3,8,2030,5,1,1,1,6,73
201600046712,16,3,9,755,1,1,1,2,5,36
201600046713,16,3,9,1125,1,1,1,2,6,423
201600046714,16,3,10,1949,3,1,1,1,1,640
201600046715,16,3,11,855,1,1,1,1,1,490
201600046716,16,3,11,835,1,1,1,1,2,36
201600046717,16,3,12,1627,1,1,1,1,5,25
201600046718,16,3,13,525,5,1,1,1,2,50
201600046719,16,3,14,729,1,1,1,1,1,423
201600046720,16,3,14,800,1,1,1,1,2,48
201600046721,16,3,15,1653,1,1,1,1,5,63
201600046722,16,3,16,1110,1,1,1,1,2,118
201600046723,16,3,16,1635,1,1,1,1,2,25
201600046724,16,3,16,1820,5,1,1,1,2,50
201600046725,16,3,16,1821,1,1,1,1,3,48
201600046726,16,3,18,636,1,1,1,1,6,291
201600046727,16,3,18,2110,3,1,1,1,2,133
201600046728,16,3,20,644,1,1,1,1,1,47
201600046729,16,3,21,900,1,1,1,1,4,571
201600046730,16,3,23,810,1,1,1,1,1,640
201600046731,16,3,23,1610,1,1,1,1,2,238
201600046732,16,3,24,641,1,1,1,1,1,47
201600046733,16,3,24,842,1,1,1,1,3,63
201600046734,16,3,24,830,1,1,1,1,5,423
201600046735,16,3,24,900,1,1,1,1,1,25
201600046736,16,3,25,905,1,1,1,2,2,50
201600046737,16,3,25,1036,1,1,1,2,3,25
201600046738,16,3,25,930,1,1,1,2,7,51
201600046739,16,3,25,1339,1,1,1,1,2,36
201600046740,16,3,25,1926,3,1,1,1,3,73
201600046741,16,3,26,1119,1,1,1,1,5,43
201600046742,16,3,26,1100,1,1,1,1,5,362
201600046743,16,3,27,2100,3,1,1,1,2,47
201600046744,16,3,27,2337,3,1,1,2,6,545
201600046745,16,3,29,718,2,1,1,1,6,524
201600046746,16,3,30,735,1,1,1,1,1,62
201600046747,16,3,30,800,1,1,1,1,1,490
201600046748,16,3,30,840,1,1,1,1,1,50
201600046749,16,3,30,1930,2,1,1,2,2,36
201600046750,16,3,30,2000,3,1,1,2,3,25
201600046751,16,3,30,2150,3,1,1,2,2,466
201600046752,16,3,30,2250,1,1,1,1,2,47
201600046753,16,3,31,945,1,1,1,2,2,133
201600046754,16,4,1,1221,1,1,1,1,6,47
201600046755,16,3,31,1437,1,1,1,1,6,640
201600046756,16,3,31,1752,1,1,1,2,6,51
201600046757,16,3,31,1847,2,1,1,2,6,423
201600046758,16,3,21,900,1,1,1,1,6,362
201600046759,16,3,21,900,1,1,1,1,4,291
201600046760,16,4,4,914,1,1,1,1,4,47
201600046761,16,4,1,1706,1,1,1,1,7,43
201600046762,16,4,2,155,3,1,1,1,1,36
201600046763,16,4,3,515,4,1,1,1,6,206
201600046764,16,4,3,1840,1,1,1,1,6,158
201600046765,16,4,4,830,1,1,1,1,4,466
201600046766,16,4,4,1625,1,1,1,1,4,126
201600046767,16,4,6,848,1,1,1,1,2,47
201600046768,16,4,6,950,1,1,1,1,5,48
201600046769,16,4,6,1733,1,1,1,2,4,48
201600046770,16,4,7,812,1,1,1,1,6,48
201600046771,16,4,7,918,1,1,1,1,1,490
201600046772,16,4,7,1325,1,1,1,2,4,640
201600046773,16,4,8,1515,1,1,1,1,3,238
201600046774,16,4,9,320,4,1,1,1,6,640
201600046775,16,4,9,645,2,1,1,1,4,466
201600046776,16,4,9,2250,4,1,1,1,2,640
201600046777,16,4,10,2230,3,1,1,1,6,73
201600046778,16,4,11,1800,1,1,1,2,6,217
201600046779,16,4,11,1814,1,1,1,1,2,640
201600046780,16,4,13,910,1,1,1,1,6,36
201600046781,16,4,13,610,1,1,1,1,2,25
201600046782,16,4,13,1125,1,1,1,1,1,640
201600046783,16,4,13,1830,1,1,1,1,6,64
201600046784,16,4,14,755,1,1,1,1,4,545
201600046785,16,4,15,928,1,1,1,1,2,62
201600046786,16,4,14,904,1,1,1,1,3,43
201600046787,16,4,14,1304,1,1,1,1,3,25
201600046788,16,4,15,940,1,1,1,1,2,47
201600046789,16,4,16,922,1,1,1,1,4,47
201600046790,16,4,16,1620,1,1,1,1,1,50
201600046791,16,4,16,1628,1,1,1,8,6,571
201600046792,16,4,19,812,1,1,1,1,1,64
201600046793,16,4,21,1750,1,1,1,1,6,72
201600046794,16,4,22,758,1,1,1,1,6,47
201600046795,16,4,22,1715,1,1,1,1,1,455
201600046796,16,4,22,1833,1,1,1,1,4,64
201600046797,16,4,23,638,1,1,1,1,1,50
201600046798,16,4,23,1001,1,1,1,1,1,490
201600046799,16,4,24,238,3,1,1,1,3,48
201600046800,16,4,24,343,3,1,1,1,6,36
201600046801,16,4,24,1603,1,1,1,1,2,291
201600046802,16,4,25,1250,1,1,1,1,5,206
201600046803,16,4,26,1510,1,1,1,8,6,73
201600046804,16,4,29,115,3,1,1,1,2,29
201600046805,16,4,29,1757,1,1,1,1,6,72
201600046806,16,4,30,1042,1,1,1,2,6,72
201600046807,16,5,3,607,5,1,1,1,2,50
201600046808,16,5,3,744,1,1,1,1,6,206
201600046809,16,5,3,844,1,1,1,1,1,64
201600046810,16,5,3,1156,1,1,1,1,5,455
201600046811,16,5,3,1145,1,1,1,1,6,43
201600046812,16,5,3,1920,1,1,1,1,6,50
201600046813,16,5,4,825,1,1,1,1,5,64
201600046814,16,5,4,838,1,1,1,1,1,47
201600046815,16,5,4,2330,3,1,1,1,7,117
201600046816,16,5,5,530,5,1,1,1,6,50
201600046817,16,5,7,1822,1,1,1,1,6,646
201600046818,16,5,8,844,1,1,1,1,7,455
201600046819,16,5,9,834,1,1,1,1,1,640
201600046820,16,5,9,1946,1,1,1,1,1,158
201600046821,16,5,9,2030,2,1,1,1,3,362
201600046822,16,5,11,1455,1,1,1,3,7,72
201600046823,16,5,13,50,5,1,1,2,6,64
201600046824,16,5,13,725,1,1,1,5,6,640
201600046825,16,5,13,1656,1,1,1,1,6,63
201600046826,16,5,14,10,3,1,1,1,6,25
201600046827,16,5,17,657,1,1,1,1,1,242
201600046828,16,5,17,819,1,1,1,1,3,455
201600046829,16,5,17,948,1,1,1,1,4,50
201600046830,16,5,19,1034,1,1,1,2,4,47
201600046831,16,5,20,739,1,1,1,1,3,23
201600046832,16,5,21,1240,1,1,1,1,2,25
201600046833,16,5,21,1820,1,1,1,1,2,64
201600046834,16,5,22,525,3,1,1,8,6,545
201600046835,16,5,22,2115,1,1,1,1,7,423
201600046836,16,5,25,1503,1,1,1,1,2,165
201600046837,16,5,27,35,5,1,1,1,6,50
201600046838,16,5,27,620,1,1,1,1,5,50
201600046839,16,5,27,2240,3,1,1,1,2,48
201600046840,16,5,28,2346,3,2,1,1,6,25
201600046841,16,5,29,635,1,1,1,2,7,7
201600046842,16,5,29,820,1,1,1,1,6,242
201600046843,16,5,29,1732,1,1,1,2,5,25
201600046844,16,6,1,810,1,1,1,2,6,26
201600046845,16,5,31,1718,1,1,1,3,7,165
201600046846,16,5,31,2003,1,1,1,1,6,50
201600046847,16,5,31,2022,1,1,1,3,3,423
201600046848,16,6,1,155,5,1,1,1,7,62
201600046849,16,6,1,740,1,1,1,2,1,50
201600046850,16,6,1,810,1,1,1,2,4,51
201600046851,16,6,1,2108,3,1,1,2,6,158
201600046852,16,6,2,2250,3,1,1,2,2,206
201600046853,16,6,3,1731,1,1,1,1,5,640
201600046854,16,6,3,2033,1,1,1,1,1,12
201600046855,16,6,4,4,3,1,1,2,6,640
201600046856,16,6,4,953,1,1,1,2,7,72
201600046857,16,6,6,2225,3,1,1,1,7,545
201600046858,16,6,7,800,1,1,1,1,1,72
201600046859,16,6,7,920,1,1,1,1,5,63
201600046860,16,6,8,1027,1,1,1,1,2,498
201600046861,16,6,8,1650,1,1,1,1,2,117
201600046862,16,6,8,1830,1,1,1,1,2,64
201600046863,16,6,8,1911,1,1,1,1,1,50
201600046864,16,6,8,1930,1,1,1,1,4,36
201600046865,16,6,8,2100,3,1,1,1,4,50
201600046866,16,6,9,1500,1,1,1,1,2,73
201600046867,16,6,9,1705,1,1,1,1,2,64
201600046868,16,6,9,1637,1,1,1,1,2,640
201600046869,16,6,9,2000,1,1,1,1,6,23
201600046870,16,6,10,852,1,1,1,1,5,640
201600046871,16,6,10,1105,1,1,1,1,3,4
201600046872,16,6,11,1010,1,1,1,1,1,640
201600046873,16,6,11,1903,1,1,1,1,6,140
201600046874,16,6,12,2020,1,1,1,1,7,62
201600046875,16,6,13,350,5,1,1,1,6,498
201600046876,16,6,13,2035,1,1,1,1,6,291
201600046877,16,6,14,1223,1,1,1,1,5,646
201600046878,16,6,14,1655,1,1,1,1,6,455
201600046879,16,6,15,609,2,1,1,2,6,646
201600046880,16,6,16,730,1,1,1,1,6,466
201600046881,16,6,16,1705,1,1,1,8,3,362
201600046882,16,6,16,1820,1,1,1,1,7,72
201600046883,16,6,17,906,1,1,1,1,6,50
201600046884,16,6,17,1330,1,1,1,2,5,47
201600046885,16,6,17,1605,1,1,1,2,4,117
201600046886,16,6,17,2130,3,1,1,2,1,233
201600046887,16,6,20,615,2,1,1,2,6,640
201600046888,16,6,20,1110,1,1,1,1,2,47
201600046889,16,6,20,1902,1,1,1,2,4,43
201600046890,16,6,21,743,1,1,1,1,1,47
201600046891,16,6,21,934,1,1,1,2,1,117
201600046892,16,6,21,1700,1,1,1,1,2,640
201600046893,16,6,21,2045,1,1,1,1,7,50
201600046894,16,6,21,905,1,1,1,1,5,322
201600046895,16,6,22,950,1,1,1,1,4,36
201600046896,16,6,22,2055,1,1,1,2,7,36
201600046897,16,6,23,857,1,1,1,1,1,640
201600046898,16,6,23,911,1,1,1,1,5,48
201600046899,16,6,24,200,5,1,1,1,1,524
201600046900,16,6,24,1700,1,1,1,1,4,206
201600046901,16,6,24,1803,1,1,1,1,1,322
201600046902,16,6,25,1725,1,1,1,1,4,25
201600046903,16,6,26,210,3,1,1,1,5,490
201600046904,16,6,26,2040,1,1,1,1,7,206
201600046905,16,6,27,914,1,1,1,1,1,322
201600046906,16,6,27,1014,1,1,1,1,2,48
201600046907,16,6,28,500,1,1,1,1,6,490
201600046908,16,6,28,740,1,1,1,1,6,50
201600046909,16,6,28,1045,1,1,1,1,6,116
201600046910,16,6,29,839,1,1,1,1,1,47
201600046911,16,6,29,950,1,1,1,1,6,133
201600046912,16,6,28,1432,1,1,1,1,3,158
201600046913,16,6,30,1634,1,1,1,1,3,63
201600046914,16,7,1,951,1,1,1,1,3,36
201600046915,16,7,3,1,5,1,1,1,3,126
201600046916,16,7,3,535,1,1,1,1,6,455
201600046917,16,7,5,2032,1,1,1,1,1,116
201600046918,16,7,6,719,1,1,1,1,1,571
201600046919,16,7,6,950,1,1,1,1,2,36
201600046920,16,7,6,1022,1,1,1,1,2,43
201600046921,16,7,6,1529,1,1,1,1,4,36
201600046922,16,7,6,1646,1,1,1,1,6,50
201600046923,16,7,6,1800,1,1,1,1,3,26
201600046924,16,7,7,1740,1,1,1,1,2,72
201600046925,16,7,7,1745,1,1,1,1,2,47
201600046926,16,7,7,2100,1,1,1,1,3,640
201600046927,16,7,8,125,3,1,1,1,2,217
201600046928,16,7,8,935,1,1,1,1,2,64
201600046929,16,7,8,1245,1,1,1,1,6,322
201600046930,16,7,9,1935,1,1,1,1,5,25
201600046931,16,7,9,2130,1,1,1,1,6,47
201600046932,16,7,10,35,3,1,1,1,7,206
201600046933,16,7,10,1819,1,1,1,1,6,36
201600046934,16,7,12,714,1,1,1,1,1,321
201600046935,16,7,12,1017,1,1,1,1,1,646
201600046936,16,7,12,1518,1,1,1,1,6,640
201600046937,16,7,12,1850,1,1,1,1,4,50
201600046938,16,7,12,1950,1,1,1,1,3,43
201600046939,16,7,15,1510,1,1,1,1,3,206
201600046940,16,7,17,2025,2,1,1,1,6,297
201600046941,16,7,19,730,1,1,1,1,1,43
201600046942,16,7,20,932,1,1,1,1,4,158
201600046943,16,7,21,700,1,1,1,1,7,50
201600046944,16,7,21,812,1,1,1,1,1,321
201600046945,16,7,21,2100,1,1,1,1,7,50
201600046946,16,7,22,1621,1,1,1,1,1,133
201600046947,16,7,22,1732,1,1,1,1,1,43
201600046948,16,7,23,245,3,1,1,1,2,423
201600046949,16,7,23,840,1,1,1,1,6,640
201600046950,16,7,23,2040,1,1,1,1,6,64
201600046951,16,7,24,5,3,1,1,1,6,291
201600046952,16,7,24,11,3,1,1,1,1,362
201600046953,16,7,25,1046,1,1,1,1,6,238
201600046954,16,7,26,1758,1,1,1,1,5,50
201600046955,16,7,27,1910,1,1,1,1,2,47
201600046956,16,7,27,1950,1,1,1,1,4,47
201600046957,16,7,28,550,1,1,1,2,4,291
201600046958,16,7,28,915,1,1,1,1,6,72
201600046959,16,7,29,1400,1,1,1,1,2,50
201600046960,16,7,30,650,1,1,1,1,6,322
201600046961,16,7,30,1645,1,1,1,1,6,47
201600046962,16,8,2,738,1,1,1,2,6,73
201600046963,16,8,2,2310,3,1,1,2,2,466
201600046964,16,8,5,920,1,1,1,1,3,640
201600046965,16,8,5,1840,1,1,1,1,7,466
201600046966,16,8,6,1427,1,2,1,1,6,50
201600046967,16,8,11,1218,1,1,1,1,7,62
201600046968,16,8,13,1712,1,1,1,1,2,322
201600046969,16,8,16,942,1,1,1,1,6,646
201600046970,16,8,16,940,1,1,1,1,1,29
201600046971,16,8,17,739,1,1,1,1,6,29
201600046972,16,8,18,1300,1,1,1,2,7,47
201600046973,16,8,18,1800,1,1,1,2,6,640
201600046974,16,8,19,430,3,1,1,1,2,402
201600046975,16,8,19,1225,1,1,1,1,2,64
201600046976,16,8,19,1600,1,1,1,1,7,50
201600046977,16,8,23,1805,1,1,1,1,3,242
201600046978,16,8,24,825,1,1,1,1,1,63
201600046979,16,8,24,855,1,1,1,1,3,524
201600046980,16,8,25,1745,1,1,1,1,5,238
201600046981,16,8,26,1838,1,1,1,1,2,571
201600046982,16,8,26,2000,1,1,1,1,6,63
201600046983,16,8,26,2125,5,1,1,1,6,64
201600046984,16,8,29,15,5,1,1,1,2,362
201600046985,16,8,29,1320,1,1,1,2,1,206
201600046986,16,8,29,1704,1,1,1,1,6,206
201600046987,16,8,29,1734,1,1,1,1,7,50
201600046988,16,8,29,1804,1,2,1,1,4,50
201600046989,16,8,29,2230,3,2,1,1,7,36
201600046990,16,8,30,643,2,1,1,1,6,455
201600046991,16,8,31,1651,1,1,1,1,2,90
201600046992,16,8,31,1817,1,1,1,1,2,238
201600046993,16,9,1,900,1,1,1,1,6,64
201600046994,16,9,1,942,1,1,1,1,1,72
201600046995,16,9,1,1700,1,1,1,1,6,72
201600046996,16,9,2,710,1,1,1,1,5,423
201600046997,16,9,2,1200,1,1,1,1,6,36
201600046998,16,9,4,149,3,1,1,1,6,25
201600046999,16,9,4,1800,1,1,1,1,2,498
201600047000,16,9,5,910,1,1,1,2,4,206
201600047001,16,9,5,915,1,1,1,3,1,297
201600047002,16,9,5,945,1,1,1,2,6,64
201600047003,16,9,5,1140,1,1,1,2,6,48
201600047004,16,9,6,2236,3,1,1,1,6,362
201600047005,16,9,7,750,1,1,1,1,6,50
201600047006,16,9,7,832,1,1,1,1,3,47
201600047007,16,9,7,1150,1,1,1,1,1,640
201600047008,16,9,7,1433,1,1,1,1,2,43
201600047009,16,9,7,1809,1,1,1,1,2,64
201600047010,16,9,7,1848,1,1,1,1,2,26
201600047011,16,9,8,900,1,1,1,1,6,25
201600047012,16,9,9,15,3,1,1,1,6,322
201600047013,16,9,9,1539,1,1,1,1,5,640
201600047014,16,9,9,1609,1,1,1,1,4,640
201600047015,16,9,11,907,1,1,1,2,6,48
201600047016,16,9,11,1550,1,1,1,1,4,76
201600047017,16,9,11,1633,1,1,1,1,5,90
201600047018,16,9,11,1828,1,1,1,1,5,158
201600047019,16,9,12,640,1,1,1,1,2,47
201600047020,16,9,12,932,1,1,1,1,3,640
201600047021,16,9,12,1840,1,1,1,1,1,50
201600047022,16,9,12,1850,1,1,1,1,2,50
201600047023,16,9,13,759,1,1,1,1,1,640
201600047024,16,9,13,800,1,1,1,1,3,217
201600047025,16,9,13,825,1,1,1,1,4,47
201600047026,16,9,12,1907,1,1,1,1,2,60
201600047027,16,9,13,1800,1,1,1,1,6,25
201600047028,16,9,14,1045,1,1,1,1,6,73
201600047029,16,9,15,645,5,1,1,2,5,63
201600047030,16,9,15,1148,1,1,1,2,6,63
201600047031,16,9,16,908,1,1,1,1,2,640
201600047032,16,9,16,1415,1,1,1,1,6,48
201600047033,16,9,16,1901,1,1,1,3,7,431
201600047034,16,9,16,2100,3,1,1,2,2,48
201600047035,16,9,17,15,3,1,1,2,6,571
201600047036,16,9,17,1731,1,1,1,1,4,64
201600047037,16,9,18,708,1,1,1,1,6,50
201600047038,16,9,19,1427,1,1,1,8,6,646
201600047039,16,9,19,2220,3,1,1,1,5,126
201600047040,16,9,20,1725,1,1,1,1,1,640
201600047041,16,9,21,1735,1,1,1,1,6,36
201600047042,16,9,21,2010,3,1,1,1,5,62
201600047043,16,9,22,840,1,1,1,1,3,640
201600047044,16,9,22,935,1,1,1,1,1,50
201600047045,16,9,23,1849,1,1,1,1,2,64
201600047046,16,9,23,2342,3,1,1,1,6,90
201600047047,16,9,24,427,4,1,1,1,6,47
201600047048,16,9,24,1148,1,1,1,1,2,206
201600047049,16,9,24,1238,1,1,1,1,5,64
201600047050,16,9,24,1310,1,1,1,1,2,466
201600047051,16,9,24,2250,5,1,1,1,1,124
201600047052,16,9,25,740,1,1,1,1,2,140
201600047053,16,9,25,807,1,1,1,1,6,321
201600047054,16,9,25,2005,5,1,1,1,6,362
201600047055,16,9,25,308,5,1,1,1,6,26
201600047056,16,9,26,730,1,1,1,1,3,640
201600047057,16,9,26,900,1,1,1,1,1,116
201600047058,16,9,26,1313,1,1,1,1,6,117
201600047059,16,9,26,1745,1,1,1,1,4,640
201600047060,16,9,27,810,1,1,1,1,2,140
201600047061,16,9,27,815,1,1,1,1,5,498
201600047062,16,9,27,1330,1,1,1,1,4,217
201600047063,16,9,27,1850,1,1,1,1,6,50
201600047064,16,9,27,1855,1,1,1,1,1,48
201600047065,16,9,28,809,1,1,1,1,3,48
201600047066,16,9,28,940,1,1,1,1,3,43
201600047067,16,9,29,1735,1,1,1,1,1,43
201600047068,16,9,29,1744,1,1,1,1,3,322
201600047069,16,9,29,1829,1,1,1,1,1,50
201600047070,16,9,30,828,1,1,1,1,3,50
201600047071,16,9,30,906,1,1,1,1,5,297
201600047072,16,9,30,1950,3,1,1,2,1,158
201600047073,16,9,30,2102,3,1,1,2,2,25
201600047074,16,10,1,117,3,1,1,2,7,640
201600047075,16,10,1,847,1,1,1,2,2,402
201600047076,16,10,1,1740,1,1,1,1,6,362
201600047077,16,10,1,2049,5,1,1,1,4,26
201600047078,16,10,3,740,1,1,1,1,3,238
201600047079,16,10,3,823,1,1,1,1,6,490
201600047080,16,10,4,2015,2,1,1,1,4,64
201600047081,16,10,5,730,1,1,1,1,3,208
201600047082,16,10,5,805,1,1,1,1,3,36
201600047083,16,10,5,954,1,1,1,1,3,26
201600047084,16,10,5,1244,1,1,1,1,2,206
201600047085,16,10,5,1905,1,1,1,1,3,640
201600047086,16,10,7,2025,4,1,1,1,3,25
201600047087,16,10,7,2202,5,1,1,1,7,50