Num_Acc,an,mois,jour,hrmn,lum,agg,int,atm,col,com
201600047088,16,10,8,204,4,1,1,1,6,25
201600047089,16,10,8,1341,1,1,1,1,6,50
201600047090,16,10,9,1639,1,1,1,1,2,62
201600047091,16,10,10,900,1,1,1,1,3,72
201600047092,16,10,10,1830,1,1,1,1,2,64
201600047093,16,10,11,1757,1,1,1,1,5,25
201600047094,16,10,12,728,2,1,1,1,3,640
201600047095,16,10,12,1335,1,1,1,1,2,25
201600047096,16,10,12,1518,1,1,1,1,2,640
201600047097,16,10,12,2002,5,1,1,1,5,12
201600047098,16,10,12,2154,5,1,1,1,4,118
201600047099,16,10,13,908,1,1,1,1,2,50
201600047100,16,10,13,915,1,1,1,1,7,48
201600047101,16,10,13,1143,1,1,1,1,3,50
201600047102,16,10,13,1740,1,1,1,1,4,50
201600047103,16,10,13,1950,2,1,1,1,4,423
201600047104,16,10,14,1722,1,1,1,8,1,646
201600047105,16,10,14,1947,3,1,1,1,2,36
201600047106,16,10,14,2200,5,1,1,2,6,63
201600047107,16,10,17,925,1,1,1,2,4,640
201600047108,16,10,18,700,3,1,1,1,4,90
201600047109,16,10,18,825,1,1,1,1,3,208
201600047110,16,10,18,839,1,1,1,1,2,362
201600047111,16,10,18,850,1,1,1,1,2,124
201600047112,16,10,18,1040,1,1,1,1,2,50
201600047113,16,10,18,1100,1,1,1,1,1,36
201600047114,16,10,19,908,1,1,1,1,4,36
201600047115,16,10,19,1418,1,1,1,1,1,402
201600047116,16,10,19,1640,1,1,1,1,6,551
201600047117,16,10,19,1905,5,1,1,8,3,25
201600047118,16,10,20,940,1,1,1,1,5,25
201600047119,16,10,21,1052,1,1,1,1,2,36
201600047120,16,10,21,1816,1,1,1,1,1,423
201600047121,16,10,21,2007,3,1,1,8,7,640
201600047122,16,10,23,2020,3,1,1,2,1,297
201600047123,16,10,25,621,3,1,1,1,4,466
201600047124,16,10,25,1022,1,1,1,1,2,50
201600047125,16,10,26,1949,5,1,1,1,5,25
201600047126,16,10,27,710,2,1,1,5,5,64
201600047127,16,10,27,1625,1,1,1,1,3,36
201600047128,16,10,28,1930,3,1,1,1,3,25
201600047129,16,10,30,629,3,1,1,1,6,158
201600047130,16,10,30,1603,1,1,1,1,4,25
201600047131,16,11,1,500,3,1,1,1,2,571
201600047132,16,11,1,840,1,1,1,1,2,291
201600047133,16,11,1,1435,1,1,1,1,4,50
201600047134,16,11,4,1450,1,1,1,2,3,50
201600047135,16,11,4,1730,2,1,1,2,4,362
201600047136,16,11,4,2325,3,1,1,2,2,48
201600047137,16,11,5,1230,1,1,1,1,2,64
201600047138,16,11,6,1735,3,1,1,1,2,423
201600047139,16,11,7,219,3,1,1,1,2,238
201600047140,16,11,7,735,2,1,1,2,6,7
201600047141,16,11,7,1013,1,1,1,2,5,498
201600047142,16,11,7,1115,1,1,1,1,7,51
201600047143,16,11,7,1733,2,1,1,2,4,25
201600047144,16,11,7,1835,2,1,1,2,2,362
201600047145,16,11,7,1855,1,1,1,1,4,362
201600047146,16,11,7,1942,5,1,1,2,5,640
201600047147,16,11,7,2120,4,1,1,1,2,646
201600047148,16,11,8,1832,2,1,1,1,1,50
201600047149,16,11,9,815,1,1,1,2,5,362
201600047150,16,11,9,830,1,1,1,3,4,206
201600047151,16,11,9,1145,1,1,1,2,7,51
201600047152,16,11,9,1150,1,1,1,1,6,51
201600047153,16,11,9,1745,3,1,1,2,7,640
201600047154,16,11,10,1520,1,1,1,8,4,133
201600047155,16,11,10,1625,3,1,1,3,5,48
201600047156,16,11,10,1812,5,1,1,2,6,362
201600047157,16,11,11,818,1,1,1,1,6,73
201600047158,16,11,11,437,3,1,1,2,6,36
201600047159,16,11,12,14,3,1,1,1,2,498
201600047160,16,11,12,1715,3,1,1,2,1,571
201600047161,16,11,12,2113,5,1,1,2,5,140
201600047162,16,11,12,2200,5,1,1,2,7,12
201600047163,16,11,13,1210,1,1,1,2,6,63
201600047164,16,11,13,1300,1,1,1,8,3,423
201600047165,16,11,13,1340,1,1,1,2,6,64
201600047166,16,11,13,1435,1,1,1,2,6,72
201600047167,16,11,13,1952,3,1,1,1,1,571
201600047168,16,11,15,810,1,1,1,9,6,62
201600047169,16,11,15,905,1,1,1,2,5,640
201600047170,16,11,15,1406,1,1,9,2,5,73
201600047171,16,11,16,830,1,1,1,2,3,48
201600047172,16,11,16,946,1,1,1,1,5,640
201600047173,16,11,16,1500,1,1,1,2,7,73
201600047174,16,11,17,728,1,1,1,1,2,50
201600047175,16,11,17,1300,1,1,1,1,1,72
201600047176,16,11,17,1345,1,1,1,1,1,297
201600047177,16,11,18,1540,1,1,1,1,4,551
201600047178,16,11,19,55,3,1,1,8,7,646
201600047179,16,11,20,800,1,1,1,2,6,50
201600047180,16,11,20,2205,3,1,1,2,2,165
201600047181,16,11,21,803,1,1,1,1,2,402
201600047182,16,11,21,944,1,1,1,2,7,50
201600047183,16,11,21,1824,4,1,1,1,3,64
201600047184,16,11,23,1111,1,1,1,2,7,51
201600047185,16,11,23,1310,1,1,1,8,2,43
201600047186,16,11,23,1545,1,1,1,1,6,402
201600047187,16,11,24,1444,1,1,1,8,7,423
201600047188,16,11,25,1743,3,1,1,1,4,64
201600047189,16,11,25,1740,1,1,1,1,4,206
201600047190,16,11,25,1942,5,1,1,1,2,133
201600047191,16,11,26,5,3,1,1,1,2,206
201600047192,16,11,26,55,3,1,1,1,6,291
201600047193,16,11,26,710,2,1,1,1,2,50
201600047194,16,11,26,1513,1,1,1,1,2,50
201600047195,16,11,27,520,1,1,1,1,3,25
201600047196,16,11,28,725,1,1,1,1,1,25
201600047197,16,11,28,1450,1,1,1,1,2,50
201600047198,16,11,28,1716,5,1,1,1,2,133
201600047199,16,11,28,1742,2,1,1,1,4,362
201600047200,16,11,30,1610,1,1,1,1,4,25
201600047201,16,12,1,1100,1,1,1,1,4,48
201600047202,16,12,1,1100,1,1,1,1,4,48
201600047203,16,12,2,640,5,1,1,5,2,126
201600047204,16,12,2,810,1,1,1,1,2,43
201600047205,16,12,2,1140,1,1,1,1,6,524
201600047206,16,12,2,1945,4,1,1,1,5,423
201600047207,16,12,3,1050,1,1,1,1,4,322
201600047208,16,12,4,613,3,1,1,1,1,431
201600047209,16,12,4,650,4,1,1,1,2,117
201600047210,16,12,4,714,3,1,1,1,5,431
201600047211,16,12,4,2132,3,1,1,1,1,646
201600047212,16,12,5,835,1,1,1,1,1,36
201600047213,16,12,6,845,1,1,1,1,3,640
201600047214,16,12,6,942,1,1,1,1,5,36
201600047215,16,12,6,1500,1,1,1,1,6,242
201600047216,16,12,6,1720,3,1,1,1,1,423
201600047217,16,12,6,1740,5,1,1,1,3,36
201600047218,16,12,7,1427,1,1,1,1,5,545
201600047219,16,12,8,1655,3,1,1,1,4,133
201600047220,16,12,9,1600,1,1,1,1,3,36
201600047221,16,12,9,1755,2,1,1,1,2,47
201600047222,16,12,10,441,3,1,1,1,6,50
201600047223,16,12,10,1919,1,1,1,1,3,25
201600047224,16,12,11,1850,3,1,1,1,1,140
201600047225,16,12,11,2225,3,1,1,1,6,43
201600047226,16,12,12,900,1,1,1,1,5,646
201600047227,16,12,12,939,1,1,1,1,4,50
201600047228,16,12,12,1510,1,1,1,2,1,36
201600047229,16,12,13,830,1,1,1,2,5,217
201600047230,16,12,13,845,1,1,1,8,7,25
201600047231,16,12,13,930,1,1,1,8,7,25
201600047232,16,12,15,8,3,1,1,1,6,455
201600047233,16,12,15,645,3,1,1,1,4,48
201600047234,16,12,15,746,1,1,1,1,5,238
201600047235,16,12,15,1811,3,1,1,1,2,47
201600047236,16,12,16,1420,1,1,1,1,2,217
201600047237,16,12,16,1615,1,1,1,1,5,50
201600047238,16,12,17,807,2,1,1,5,6,217
201600047239,16,12,17,1705,5,1,1,1,2,12
201600047240,16,12,18,600,3,1,1,5,3,545
201600047241,16,12,19,1750,5,1,1,9,2,50
201600047242,16,12,21,1806,3,1,1,1,3,36
201600047243,16,12,22,307,4,1,1,3,6,36
201600047244,16,12,22,1104,1,1,1,2,2,47
201600047245,16,12,24,1127,1,1,1,1,5,362
201600047246,16,12,24,1224,1,1,1,1,2,423
201600047247,16,12,25,600,3,1,1,1,6,545
201600047248,16,12,25,1845,4,1,1,1,5,50
201600047249,16,12,26,1137,1,1,1,8,4,466
201600047250,16,12,26,1220,1,1,1,1,1,64
201600047251,16,12,26,1744,1,1,1,1,1,48
201600047252,16,12,27,330,3,1,1,1,7,72
201600047253,16,12,28,1830,3,1,1,1,1,23
201600047254,16,12,28,2010,3,1,1,1,7,362
201600047255,16,12,29,1027,1,1,1,1,7,48
201600047256,16,12,31,600,5,1,1,1,6,26
201600047257,16,1,2,1056,1,1,1,2,6,64
201600047258,16,1,2,1043,1,1,1,8,6,477
201600047259,16,1,2,1240,1,1,1,8,4,377
201600047260,16,1,2,2045,3,1,1,1,4,589
201600047261,16,1,4,750,2,1,1,1,6,161
201600047262,16,1,4,820,2,1,1,1,2,182
201600047263,16,1,4,730,3,1,1,2,2,64
201600047264,16,1,5,1750,3,1,1,2,7,174
201600047265,16,1,7,1015,1,1,1,2,7,34
201600047266,16,1,7,1230,1,1,1,8,2,228
201600047267,16,1,7,1255,1,1,1,1,6,64
201600047268,16,1,7,1410,1,1,1,8,4,345
201600047269,16,1,9,2345,5,1,1,2,6,3
201600047270,16,1,10,610,5,1,1,2,7,477
201600047271,16,1,10,1515,1,1,1,2,6,161
201600047272,16,1,10,2045,3,1,1,2,2,521
201600047273,16,1,10,2050,3,1,1,2,6,521
201600047274,16,1,11,540,3,1,1,3,6,21
201600047275,16,1,10,2220,3,1,1,2,6,521
201600047276,16,1,11,840,2,1,1,1,2,38
201600047277,16,1,11,1900,3,1,1,1,2,136
201600047278,16,1,12,830,2,1,1,1,6,521
201600047279,16,1,12,1615,1,1,1,1,2,161
201600047280,16,1,13,840,1,1,1,1,3,216
201600047281,16,1,14,722,2,1,1,2,2,471
201600047282,16,1,14,750,1,1,1,2,4,347
201600047283,16,1,14,1242,1,1,1,1,5,16
201600047284,16,1,14,1715,2,1,1,2,2,384
201600047285,16,1,14,1920,3,1,1,2,3,21
201600047286,16,1,15,1710,1,1,1,1,4,216
201600047287,16,1,15,1805,3,1,1,1,3,38
201600047288,16,1,16,130,5,1,1,1,2,34
201600047289,16,1,17,800,3,1,1,8,2,2
201600047290,16,1,17,1140,1,1,1,1,6,235
201600047291,16,1,18,815,2,1,1,1,2,21
201600047292,16,1,18,1005,1,1,1,1,2,689
201600047293,16,1,20,1105,1,1,1,1,5,471
201600047294,16,1,20,2000,5,1,1,1,4,34
201600047295,16,1,20,2045,4,1,1,1,7,64
201600047296,16,1,21,510,3,1,1,4,6,534
201600047297,16,1,21,1350,1,1,1,1,3,521
201600047298,16,1,21,1530,1,1,1,1,4,161
201600047299,16,1,21,1645,5,1,1,1,2,37
201600047300,16,1,21,1840,4,1,1,1,2,340
201600047301,16,1,21,1930,5,1,1,1,2,3
201600047302,16,1,21,2145,3,1,1,1,2,136
201600047303,16,1,22,745,2,1,1,1,3,434
201600047304,16,1,22,905,1,1,1,1,5,38
201600047305,16,1,22,1740,3,1,1,2,6,477
201600047306,16,1,22,1900,5,1,1,2,4,37
201600047307,16,1,23,1230,1,1,1,1,7,312
201600047308,16,1,23,1315,1,1,1,2,7,521
201600047309,16,1,24,1937,4,1,1,1,3,3
201600047310,16,1,25,1040,1,1,1,1,3,228
201600047311,16,1,26,1054,1,1,1,1,5,65
201600047312,16,1,27,303,3,1,1,1,2,689
201600047313,16,1,27,730,2,1,1,2,2,216
201600047314,16,1,28,500,3,1,1,2,6,235
201600047315,16,1,28,630,3,1,1,1,2,216
201600047316,16,1,27,2150,5,1,1,2,2,37
201600047317,16,1,28,1725,1,2,1,1,2,377
201600047318,16,1,28,1532,1,1,1,1,7,21
201600047319,16,1,28,2348,3,1,1,1,7,161
201600047320,16,1,29,1540,1,1,1,1,7,235
201600047321,16,1,29,1850,2,1,1,2,7,689
201600047322,16,1,30,1345,1,1,1,3,6,136
201600047323,16,1,30,1455,1,1,1,3,5,76
201600047324,16,1,30,2030,3,1,1,2,2,434
201600047325,16,1,31,600,3,1,1,2,6,659
201600047326,16,1,31,1230,1,1,1,2,4,136
201600047327,16,1,31,1430,1,1,1,1,3,161
201600047328,16,1,31,820,2,1,1,2,6,589
201600047329,16,1,31,1455,1,1,1,2,6,64
201600047330,16,1,31,1700,1,1,1,2,7,34
201600047331,16,1,30,2302,3,1,1,1,5,521
201600047332,16,2,1,743,2,1,1,1,4,34
201600047333,16,1,31,43,3,1,1,2,7,64
201600047334,16,2,1,420,3,1,1,2,2,182
201600047335,16,2,1,1027,1,1,1,1,2,286
201600047336,16,2,2,2010,3,1,1,2,2,521
201600047337,16,2,4,740,2,1,1,2,2,553
201600047338,16,2,4,1200,1,1,1,2,6,434
201600047339,16,2,5,730,3,1,1,1,7,363
201600047340,16,2,6,1300,1,1,1,1,2,345
201600047341,16,2,7,858,2,1,1,1,6,521
201600047342,16,2,7,750,2,1,1,8,2,477
201600047343,16,2,7,1132,1,1,1,1,7,34
201600047344,16,2,7,1254,1,1,1,1,2,689
201600047345,16,2,8,903,1,1,1,1,4,521
201600047346,16,2,7,35,3,1,1,1,6,534
201600047347,16,2,8,1430,1,1,1,2,4,38
201600047348,16,2,8,1635,1,1,1,2,2,2
201600047349,16,2,8,1630,1,1,1,2,4,38
201600047350,16,2,8,2150,3,1,1,1,6,2
201600047351,16,2,9,825,1,1,1,3,7,76
201600047352,16,2,9,920,1,1,1,2,6,521
201600047353,16,2,9,1040,1,1,1,3,6,477
201600047354,16,2,10,1030,1,1,1,1,6,21
201600047355,16,2,11,1025,1,1,1,1,4,216
201600047356,16,2,11,1449,1,1,1,1,3,3
201600047357,16,2,13,340,3,1,1,1,2,377
201600047358,16,2,13,840,1,1,1,3,6,534
201600047359,16,2,13,1640,1,1,1,3,6,471
201600047360,16,2,13,1615,1,1,1,3,6,19
201600047361,16,2,13,1755,2,1,1,3,2,689
201600047362,16,2,14,528,5,1,1,1,7,340
201600047363,16,2,14,1545,1,1,1,2,7,521
201600047364,16,2,15,220,3,1,1,1,6,182
201600047365,16,2,15,1720,1,1,1,1,4,589
201600047366,16,2,15,1700,1,1,1,1,3,19
201600047367,16,2,16,1910,5,1,1,1,3,34
201600047368,16,2,18,745,3,1,1,1,3,347
201600047369,16,2,17,1210,1,1,1,1,6,86
201600047370,16,2,18,1717,2,1,1,1,2,38
201600047371,16,2,18,1925,3,1,1,2,6,471
201600047372,16,2,19,1105,1,1,1,1,2,216
201600047373,16,2,19,1615,1,1,1,1,2,21
201600047374,16,2,20,432,3,1,1,2,6,228
201600047375,16,2,20,1105,1,1,1,8,6,521
201600047376,16,2,20,1350,1,1,1,2,6,549
201600047377,16,2,24,855,1,1,1,1,6,86
201600047378,16,2,25,1745,1,1,1,1,4,76
201600047379,16,2,25,1910,3,1,1,1,3,521
201600047380,16,2,26,800,1,1,1,1,6,689
201600047381,16,2,26,753,2,1,1,1,2,589
201600047382,16,2,26,1235,1,1,1,1,3,689
201600047383,16,2,27,2230,3,1,1,1,2,38
201600047384,16,2,28,2355,3,1,1,1,3,689
201600047385,16,2,29,1627,1,1,1,1,6,86
201600047386,16,2,29,1644,1,1,1,1,2,689
201600047387,16,3,1,1733,1,1,1,2,2,21
201600047388,16,3,2,1540,1,1,1,2,2,235
201600047389,16,3,2,1720,1,1,1,2,2,434
201600047390,16,3,3,1345,1,1,1,1,4,34
201600047391,16,3,3,1810,2,1,1,2,1,377
201600047392,16,3,4,825,1,1,1,2,3,161
201600047393,16,3,4,900,1,1,1,2,3,377
201600047394,16,3,4,2100,3,1,1,2,3,471
201600047395,16,3,4,2135,3,1,1,3,2,34
201600047396,16,3,5,1745,1,1,1,1,2,617
201600047397,16,3,5,2015,3,1,1,1,4,340
201600047398,16,3,6,1200,1,1,1,1,3,76
201600047399,16,3,6,1334,1,1,1,1,2,76
201600047400,16,3,6,155,3,1,1,1,2,687
201600047401,16,3,8,1745,1,1,1,1,3,689
201600047402,16,3,8,1620,1,1,1,1,4,549
201600047403,16,3,8,1730,1,1,1,1,2,570
201600047404,16,3,9,1039,1,1,1,3,7,21
201600047405,16,3,9,1039,1,1,1,3,2,38
201600047406,16,3,9,1223,1,1,1,3,6,521
201600047407,16,3,9,1250,1,1,1,2,7,37
201600047408,16,3,9,1540,1,1,1,1,6,377
201600047409,16,3,10,900,1,1,1,1,2,34
201600047410,16,3,10,1050,1,1,1,1,6,471
201600047411,16,3,11,800,1,1,1,1,4,377
201600047412,16,3,11,1005,1,1,1,1,2,3
201600047413,16,3,11,1540,1,1,1,1,3,521
201600047414,16,3,11,1850,3,1,1,1,2,251
201600047415,16,3,11,1700,1,1,1,1,4,477
201600047416,16,3,11,1517,1,1,1,1,7,549
201600047417,16,3,12,1549,1,1,1,1,4,34
201600047418,16,3,12,2054,3,1,1,1,2,228
201600047419,16,3,13,750,1,1,1,1,6,689
201600047420,16,3,13,1654,1,1,1,1,3,521
201600047421,16,3,13,1650,1,1,1,1,5,21
201600047422,16,3,14,734,2,1,1,1,6,2
201600047423,16,3,14,735,5,1,1,1,3,3
201600047424,16,3,14,810,1,1,1,1,2,43
201600047425,16,3,15,535,3,1,1,1,6,661
201600047426,16,3,15,700,5,1,1,1,4,34
201600047427,16,3,15,758,2,1,1,1,4,286
201600047428,16,3,15,1015,1,1,1,1,6,689
201600047429,16,3,15,2030,3,1,1,1,6,477
201600047430,16,3,16,915,1,1,1,7,6,19
201600047431,16,3,17,1800,1,1,1,1,3,216
201600047432,16,3,17,1805,1,1,1,1,6,182
201600047433,16,3,18,1745,1,1,1,1,2,19
201600047434,16,3,18,2106,3,1,1,1,2,43
201600047435,16,3,21,917,1,1,1,1,4,589
201600047436,16,3,22,1550,1,1,1,1,2,21
201600047437,16,3,23,910,1,1,1,1,2,434
201600047438,16,3,23,1000,1,1,1,1,3,471
201600047439,16,3,24,945,1,1,1,1,2,34
201600047440,16,3,25,815,1,1,1,2,6,521
201600047441,16,3,25,1045,1,1,1,2,2,589
201600047442,16,3,25,940,1,1,1,3,3,34
201600047443,16,3,25,1030,1,1,1,2,5,34
201600047444,16,3,26,205,3,1,1,1,2,553
201600047445,16,3,27,445,3,1,1,3,7,340
201600047446,16,3,27,750,1,1,1,1,2,161
201600047447,16,3,27,930,1,1,1,2,6,521
201600047448,16,3,27,1515,1,1,1,1,2,553
201600047449,16,3,27,1930,1,1,1,1,5,347
201600047450,16,3,28,1027,1,1,1,2,6,43
201600047451,16,3,26,2345,5,1,1,3,7,3
201600047452,16,3,29,930,1,1,1,1,3,38
201600047453,16,3,30,900,1,1,1,2,7,34
201600047454,16,3,30,1323,1,1,1,2,2,86
201600047455,16,3,30,1400,1,1,1,3,4,521
201600047456,16,3,30,1859,1,1,1,2,7,43
201600047457,16,3,30,2107,3,1,1,2,3,340
201600047458,16,3,31,900,1,1,1,3,3,161
201600047459,16,3,31,800,1,1,1,3,4,589
201600047460,16,3,31,2050,3,1,1,2,3,21
201600047461,16,4,1,1150,1,1,1,1,5,689
201600047462,16,4,2,1745,1,1,1,2,2,34
201600047463,16,4,4,830,1,1,1,1,2,179
201600047464,16,4,4,853,1,1,1,1,3,471
201600047465,16,4,4,850,1,1,1,1,6,182
201600047466,16,4,4,930,1,1,1,1,7,136
201600047467,16,4,4,1840,1,1,1,1,2,38
201600047468,16,4,4,1835,1,1,1,1,2,21
201600047469,16,4,4,2045,2,1,1,1,7,174
201600047470,16,4,5,1357,1,1,1,1,3,312
201600047471,16,4,6,915,1,1,1,1,4,34
201600047472,16,4,6,1315,1,1,1,1,5,286
201600047473,16,4,7,1211,1,1,1,1,6,477
201600047474,16,4,7,1810,1,1,1,2,2,377
201600047475,16,4,8,1146,1,1,1,3,3,363
201600047476,16,4,8,1630,1,1,1,1,5,521
201600047477,16,4,10,1525,1,1,1,1,4,34
201600047478,16,4,10,1730,1,1,1,1,7,377
201600047479,16,4,11,950,1,1,1,3,6,286
201600047480,16,4,11,1827,1,1,1,1,2,136
201600047481,16,4,12,700,1,1,1,8,2,689
201600047482,16,4,12,640,2,1,1,1,3,34
201600047483,16,4,12,945,1,1,1,8,5,689
201600047484,16,4,12,917,1,1,1,1,4,174
201600047485,16,4,12,1830,1,1,1,1,4,235
201600047486,16,4,13,748,1,1,1,1,2,377
201600047487,16,4,13,1455,1,1,1,1,1,312
201600047488,16,4,14,1710,1,1,1,2,3,34
201600047489,16,4,14,2025,5,1,1,2,3,37
201600047490,16,4,14,2030,3,1,1,1,3,377
201600047491,16,4,15,940,1,1,1,1,2,339
201600047492,16,4,15,1715,1,1,1,1,3,689
201600047493,16,4,16,1555,1,1,1,1,7,617
201600047494,16,4,17,710,2,1,1,1,5,345
201600047495,16,4,19,1430,1,1,1,7,4,521
201600047496,16,4,20,1715,1,1,1,1,5,21
201600047497,16,4,20,1853,1,1,1,1,5,2
201600047498,16,4,21,1100,1,1,1,1,7,339
201600047499,16,4,22,823,1,1,1,1,2,21
201600047500,16,4,23,1130,1,1,1,1,6,64
201600047501,16,4,23,2119,3,1,1,1,6,340
201600047502,16,4,25,1530,1,1,1,1,3,570
201600047503,16,4,26,745,1,1,1,2,6,340
201600047504,16,4,27,730,1,1,1,1,6,179
201600047505,16,4,27,1205,1,1,1,1,1,377
201600047506,16,4,27,1820,1,1,1,1,4,161
201600047507,16,4,29,1342,1,1,1,1,6,19
201600047508,16,4,29,2217,3,1,1,2,5,687
201600047509,16,5,2,1436,1,1,1,1,6,347
201600047510,16,5,2,1425,1,1,1,1,2,19
201600047511,16,5,3,1025,1,1,1,1,4,34
201600047512,16,5,4,800,1,1,1,7,4,86
201600047513,16,5,5,915,1,1,1,1,6,521
201600047514,16,5,5,800,1,1,1,1,6,3
201600047515,16,5,5,1125,1,1,1,1,4,19
201600047516,16,5,6,1115,1,1,1,1,3,521
201600047517,16,5,6,1325,1,1,1,1,4,38
201600047518,16,5,6,1520,1,1,1,1,3,553
201600047519,16,5,7,1645,1,1,1,1,4,2
201600047520,16,5,8,1240,1,1,1,1,4,34
201600047521,16,5,9,910,1,1,1,1,4,534
201600047522,16,5,9,2345,3,1,1,2,4,340
201600047523,16,5,10,930,1,1,1,1,7,34
201600047524,16,5,10,1215,1,1,1,1,2,689
201600047525,16,5,10,1300,1,1,1,1,7,471
201600047526,16,5,10,1455,1,1,1,2,6,521
201600047527,16,5,10,1610,1,1,1,2,2,161
201600047528,16,5,10,2310,5,1,1,1,6,21
201600047529,16,5,10,2155,3,1,1,2,6,521
201600047530,16,5,11,930,1,1,1,8,4,43
201600047531,16,5,11,1820,1,1,1,8,2,377
201600047532,16,5,12,1050,1,1,1,1,5,689
201600047533,16,5,12,1744,1,1,1,3,4,161
201600047534,16,5,12,1821,1,1,1,3,5,659
201600047535,16,5,12,1930,1,1,1,3,5,182
201600047536,16,5,13,1610,1,1,1,1,3,589
201600047537,16,5,13,1800,1,1,1,2,2,65
201600047538,16,5,14,752,1,1,1,1,6,65
201600047539,16,5,14,1209,1,1,1,1,2,43
201600047540,16,5,15,1200,1,1,1,1,7,286
201600047541,16,5,17,615,2,1,1,1,3,286
201600047542,16,5,18,745,1,1,1,1,3,3
201600047543,16,5,19,833,1,1,1,1,2,19
201600047544,16,5,19,1010,1,1,1,1,3,76
201600047545,16,5,19,1430,1,1,1,1,2,434
201600047546,16,5,20,955,1,1,1,2,4,2
201600047547,16,5,20,1345,1,1,1,1,2,659
201600047548,16,5,21,310,5,1,1,1,6,161
201600047549,16,5,21,535,2,1,1,1,3,65
201600047550,16,5,22,1945,2,1,1,2,3,34
201600047551,16,5,22,2145,3,1,1,2,6,64
201600047552,16,5,23,40,3,1,1,3,6,521
201600047553,16,5,23,630,1,1,1,3,2,43
201600047554,16,5,24,600,2,1,1,1,3,76
201600047555,16,5,25,907,1,1,1,1,3,659
201600047556,16,5,25,805,1,1,1,1,4,689
201600047557,16,5,25,1137,1,1,1,1,4,477
201600047558,16,5,26,200,5,1,1,1,6,37
201600047559,16,5,27,655,1,1,1,2,2,534
201600047560,16,5,27,800,1,1,1,2,2,471
201600047561,16,5,27,840,1,1,1,1,4,434
201600047562,16,5,28,440,3,1,1,1,2,38
201600047563,16,5,28,1825,1,1,1,1,3,19
201600047564,16,5,28,1957,1,1,1,1,2,534
201600047565,16,5,29,1620,1,1,1,1,3,19
201600047566,16,5,30,1,3,1,1,1,6,161
201600047567,16,5,30,1220,1,1,1,3,2,65
201600047568,16,5,30,1832,1,1,1,3,7,34
201600047569,16,5,31,534,2,1,1,3,3,64
201600047570,16,5,31,929,1,1,1,3,4,521
201600047571,16,5,31,838,1,1,1,3,3,521
201600047572,16,5,31,1023,1,1,1,3,2,43
201600047573,16,5,31,1214,1,1,1,2,5,589
201600047574,16,6,1,900,1,1,1,1,6,38
201600047575,16,6,1,1345,1,1,1,1,4,65
201600047576,16,6,1,1615,1,1,1,1,3,161
201600047577,16,6,1,1750,1,1,1,1,2,340
201600047578,16,6,1,2145,2,1,1,3,3,161
201600047579,16,6,3,930,1,1,1,1,6,659
201600047580,16,6,4,1538,1,1,1,1,2,251
201600047581,16,6,5,221,3,1,1,1,2,521
201600047582,16,6,6,1750,1,1,1,1,2,65
201600047583,16,6,7,826,1,1,1,1,5,161
201600047584,16,6,7,1630,1,1,1,1,4,689
201600047585,16,6,9,110,5,1,1,1,5,689
201600047586,16,6,9,15,3,1,1,1,3,34
201600047587,16,6,9,900,1,1,1,1,2,659
201600047588,16,6,9,905,1,1,1,1,3,2
201600047589,16,6,9,1655,1,1,1,1,4,534
201600047590,16,6,9,1540,1,1,1,1,2,38
201600047591,16,6,9,1920,1,1,1,1,5,432
201600047592,16,6,10,1930,1,1,1,1,3,534
201600047593,16,6,10,2015,1,1,1,1,3,2
201600047594,16,6,11,1505,1,1,1,1,4,161
201600047595,16,6,11,1829,1,1,1,2,2,521
201600047596,16,6,12,543,3,1,1,1,2,38
201600047597,16,6,12,1420,1,1,1,2,7,179
201600047598,16,6,12,2155,2,1,1,3,6,570
201600047599,16,6,12,2234,3,1,1,3,7,477
201600047600,16,6,13,925,1,1,1,1,2,377
201600047601,16,6,14,2000,1,1,1,1,7,3
201600047602,16,6,15,800,1,1,1,2,5,65
201600047603,16,6,15,845,1,1,1,2,3,377
201600047604,16,6,15,1420,1,1,1,1,6,286
201600047605,16,6,15,1755,1,1,1,1,2,38
201600047606,16,6,16,1713,1,1,1,1,7,363
201600047607,16,6,17,1726,1,1,1,2,3,182
201600047608,16,6,17,1834,1,1,1,1,2,179
201600047609,16,6,18,1350,1,1,1,1,3,617
201600047610,16,6,18,1900,1,1,1,2,6,37
201600047611,16,6,18,2222,3,1,1,2,6,340
201600047612,16,6,19,1239,1,1,1,1,2,161
201600047613,16,6,20,610,2,1,1,2,3,589
201600047614,16,6,20,1400,1,1,1,3,4,468
201600047615,16,6,20,1845,1,1,1,2,3,21
201600047616,16,6,21,830,1,1,1,8,3,477
201600047617,16,6,21,851,1,1,1,2,3,286
201600047618,16,6,21,930,1,1,1,1,5,161
201600047619,16,6,22,730,1,1,1,1,2,174
201600047620,16,6,22,930,1,1,1,1,3,21
201600047621,16,6,22,900,1,1,1,1,5,549
201600047622,16,6,22,1221,1,1,1,1,5,64
201600047623,16,6,23,1415,1,1,1,1,2,659
201600047624,16,6,23,1812,1,1,1,1,2,136
201600047625,16,6,24,844,1,1,1,1,3,687
201600047626,16,6,24,1900,1,1,1,1,7,617
201600047627,16,6,25,1257,1,1,1,1,2,689
201600047628,16,6,25,1234,1,1,1,1,3,340
201600047629,16,6,25,1540,1,1,1,1,2,689