Num_Acc,an,mois,jour,hrmn,lum,agg,int,atm,col,com
201600047630,16,6,26,2040,1,1,1,1,3,434
201600047631,16,6,27,1100,1,1,1,1,3,38
201600047632,16,6,27,1640,1,1,1,1,2,617
201600047633,16,6,27,1720,1,1,1,1,2,235
201600047634,16,6,27,1950,1,1,1,1,7,161
201600047635,16,6,28,1523,1,1,1,1,2,377
201600047636,16,6,28,1800,1,1,1,1,4,235
201600047637,16,6,29,850,1,1,1,1,2,76
201600047638,16,6,29,1727,1,1,1,1,3,34
201600047639,16,6,29,1331,1,1,1,1,5,182
201600047640,16,6,30,1137,1,1,1,1,5,21
201600047641,16,5,25,1350,1,1,1,1,3,251
201600047642,16,6,30,1530,1,1,1,1,3,86
201600047643,16,6,30,1900,1,1,1,1,5,65
201600047644,16,6,30,1815,1,1,1,1,2,377
201600047645,16,7,1,1900,1,1,1,1,2,182
201600047646,16,7,3,1350,1,1,1,1,7,34
201600047647,16,7,3,1845,1,1,1,2,7,617
201600047648,16,7,4,30,3,1,1,1,2,471
201600047649,16,7,4,1735,1,1,1,1,3,340
201600047650,16,7,5,20,5,1,1,1,3,161
201600047651,16,7,6,925,1,1,1,1,2,689
201600047652,16,7,6,930,1,1,1,1,2,468
201600047653,16,7,6,1930,1,1,1,1,2,43
201600047654,16,7,7,210,3,1,1,1,2,251
201600047655,16,7,7,215,3,1,1,1,2,38
201600047656,16,7,7,905,1,1,1,1,3,65
201600047657,16,7,7,1445,1,1,1,1,3,37
201600047658,16,7,7,1630,1,1,1,1,3,645
201600047659,16,7,7,1535,1,1,1,1,3,174
201600047660,16,7,8,1600,1,1,1,1,3,689
201600047661,16,7,8,1530,1,1,1,1,4,235
201600047662,16,7,8,1740,1,1,1,1,5,64
201600047663,16,7,9,845,1,1,1,1,7,689
201600047664,16,7,9,1300,1,1,1,1,7,617
201600047665,16,7,10,706,2,1,1,1,5,312
201600047666,16,7,10,1440,1,1,1,1,7,64
201600047667,16,7,10,2015,1,1,1,1,2,363
201600047668,16,7,11,100,3,1,1,1,3,689
201600047669,16,7,11,805,1,1,1,1,4,3
201600047670,16,7,11,820,1,1,1,1,3,617
201600047671,16,7,11,1330,1,1,1,1,4,689
201600047672,16,7,12,1500,1,1,1,2,6,471
201600047673,16,7,12,1615,1,1,1,1,2,521
201600047674,16,7,13,20,3,1,1,1,6,43
201600047675,16,7,14,817,1,1,1,1,6,286
201600047676,16,7,15,20,3,1,1,1,6,179
201600047677,16,7,15,1355,1,1,1,1,2,228
201600047678,16,7,15,2000,1,1,1,1,3,161
201600047679,16,7,17,221,3,1,1,1,6,235
201600047680,16,7,16,1,4,1,1,1,3,434
201600047681,16,7,18,1225,1,1,1,1,2,286
201600047682,16,7,19,1227,1,1,1,1,2,347
201600047683,16,7,19,1635,1,1,1,1,6,377
201600047684,16,7,19,1800,1,1,1,1,7,21
201600047685,16,7,20,40,5,1,1,1,3,3
201600047686,16,7,21,535,3,1,1,1,2,534
201600047687,16,7,21,900,1,1,1,1,2,468
201600047688,16,7,21,855,1,1,1,1,4,64
201600047689,16,7,21,850,1,1,1,1,5,161
201600047690,16,7,21,2300,5,1,1,1,6,689
201600047691,16,7,22,900,1,1,1,1,2,434
201600047692,16,7,24,1720,1,1,1,1,2,689
201600047693,16,7,24,1905,1,1,1,1,7,661
201600047694,16,7,23,400,3,1,1,1,3,689
201600047695,16,7,25,957,1,1,1,1,5,286
201600047696,16,7,25,940,1,1,1,1,2,692
201600047697,16,7,25,1810,1,1,1,1,3,38
201600047698,16,7,25,1715,1,1,1,1,3,182
201600047699,16,7,25,1830,1,1,1,1,4,182
201600047700,16,7,27,1315,1,1,1,1,2,21
201600047701,16,7,27,1425,1,1,1,1,3,339
201600047702,16,7,29,1240,1,1,1,1,2,689
201600047703,16,8,1,415,3,1,1,1,6,339
201600047704,16,8,1,1735,1,1,1,1,5,377
201600047705,16,8,4,1250,1,1,1,2,5,21
201600047706,16,8,4,1622,1,1,1,1,7,37
201600047707,16,8,4,2114,2,1,1,1,2,34
201600047708,16,8,5,1821,1,1,1,1,3,161
201600047709,16,8,6,215,3,1,1,1,2,659
201600047710,16,8,6,1650,1,1,1,1,2,377
201600047711,16,8,6,1600,1,1,1,1,3,549
201600047712,16,8,11,805,1,1,1,1,6,340
201600047713,16,8,11,837,1,1,1,1,7,2
201600047714,16,8,13,1840,1,1,1,1,2,38
201600047715,16,8,16,1450,1,1,1,1,4,377
201600047716,16,8,16,1552,1,1,1,1,7,495
201600047717,16,8,16,1700,1,1,1,1,2,549
201600047718,16,8,17,1550,1,1,1,1,4,659
201600047719,16,8,17,1407,1,1,1,1,2,251
201600047720,16,8,18,845,1,1,1,8,6,21
201600047721,16,8,18,1350,1,1,1,3,7,174
201600047722,16,8,18,1820,1,1,1,2,6,1
201600047723,16,8,21,730,1,1,1,1,6,471
201600047724,16,8,23,555,3,1,1,1,6,521
201600047725,16,8,25,720,1,1,1,1,6,340
201600047726,16,8,26,26,3,1,1,1,3,363
201600047727,16,8,26,1700,1,1,1,1,2,340
201600047728,16,8,26,2012,1,1,1,1,3,617
201600047729,16,8,27,2207,5,1,1,1,7,553
201600047730,16,8,28,545,3,1,1,1,6,286
201600047731,16,8,28,600,3,1,1,1,2,286
201600047732,16,8,26,2310,4,1,1,1,3,384
201600047733,16,8,29,1910,1,1,1,1,3,34
201600047734,16,8,30,1920,1,1,1,1,3,689
201600047735,16,8,30,2200,5,1,1,1,2,21
201600047736,16,8,31,705,1,1,1,1,6,468
201600047737,16,9,1,302,3,1,1,1,2,377
201600047738,16,9,2,1245,1,1,1,1,4,659
201600047739,16,9,2,1540,1,1,1,1,4,549
201600047740,16,9,3,1445,1,1,1,1,4,161
201600047741,16,9,3,1905,1,1,1,1,2,2
201600047742,16,9,3,2109,3,1,1,1,3,161
201600047743,16,9,4,811,1,1,1,1,2,377
201600047744,16,9,4,1900,1,1,1,8,2,37
201600047745,16,9,5,1025,1,1,1,2,3,477
201600047746,16,9,5,803,1,1,1,2,3,363
201600047747,16,9,5,1200,1,1,1,2,6,136
201600047748,16,9,5,1349,1,1,1,2,6,174
201600047749,16,9,5,1400,1,1,1,2,3,235
201600047750,16,9,5,1500,1,1,1,2,4,589
201600047751,16,9,5,1620,1,1,1,8,2,286
201600047752,16,9,5,1500,1,1,1,2,3,21
201600047753,16,9,5,1932,1,1,1,2,2,38
201600047754,16,9,6,1645,1,1,1,1,3,174
201600047755,16,9,7,920,1,1,1,1,4,43
201600047756,16,9,7,915,1,1,1,1,3,345
201600047757,16,9,7,1302,1,1,1,1,3,174
201600047758,16,9,7,1350,1,1,1,1,4,286
201600047759,16,9,8,1315,1,1,1,1,2,216
201600047760,16,9,8,25,3,1,1,1,7,21
201600047761,16,9,8,1935,2,1,1,1,2,34
201600047762,16,9,9,815,1,1,1,1,3,38
201600047763,16,9,9,1932,1,1,1,1,3,553
201600047764,16,9,9,1834,1,1,1,1,6,136
201600047765,16,9,9,1730,1,1,1,1,2,174
201600047766,16,9,10,1040,1,1,1,1,2,65
201600047767,16,9,11,652,4,1,1,1,1,477
201600047768,16,9,11,1745,1,1,1,8,2,64
201600047769,16,9,12,700,3,1,1,1,5,16
201600047770,16,9,12,1050,1,1,1,1,3,37
201600047771,16,9,13,1345,1,1,1,1,4,340
201600047772,16,9,13,1535,1,1,1,1,2,161
201600047773,16,9,14,1556,1,1,1,1,2,689
201600047774,16,9,14,1815,1,1,1,1,2,689
201600047775,16,9,14,1918,1,1,1,1,6,179
201600047776,16,9,14,2055,5,2,1,2,2,377
201600047777,16,9,15,900,1,1,1,2,2,377
201600047778,16,9,16,822,1,1,1,1,3,434
201600047779,16,9,15,2220,3,1,1,1,2,64
201600047780,16,9,16,1625,1,1,1,1,4,113
201600047781,16,9,16,1940,2,1,1,2,2,3
201600047782,16,9,16,2100,5,1,1,3,2,174
201600047783,16,9,16,2325,3,1,1,2,2,64
201600047784,16,9,17,1020,1,1,1,8,6,179
201600047785,16,9,17,1130,1,1,1,8,2,363
201600047786,16,9,17,1400,1,1,1,8,6,19
201600047787,16,9,18,1845,1,1,1,2,6,235
201600047788,16,9,18,2050,5,1,1,2,7,3
201600047789,16,9,19,1025,1,1,1,8,3,38
201600047790,16,9,21,1853,1,1,1,1,3,689
201600047791,16,9,22,940,1,1,1,1,3,179
201600047792,16,9,23,900,1,1,1,1,5,38
201600047793,16,9,23,1225,1,1,1,1,2,161
201600047794,16,9,24,700,3,1,1,1,3,2
201600047795,16,9,24,2050,3,1,1,1,6,312
201600047796,16,9,25,945,1,1,1,1,6,38
201600047797,16,9,25,1230,1,1,1,2,5,570
201600047798,16,9,25,1410,1,1,1,2,7,521
201600047799,16,9,25,1450,1,1,1,2,6,521
201600047800,16,9,25,1830,1,1,1,1,4,34
201600047801,16,9,26,1015,1,1,1,1,5,34
201600047802,16,9,26,1250,1,1,1,1,4,687
201600047803,16,9,26,1400,1,1,1,1,2,521
201600047804,16,9,26,1940,2,1,1,1,2,38
201600047805,16,9,27,1035,1,1,1,1,3,521
201600047806,16,9,27,1442,1,1,1,1,5,363
201600047807,16,9,27,1807,1,1,1,1,2,286
201600047808,16,9,28,1600,1,1,1,1,6,661
201600047809,16,9,28,1818,1,1,1,1,7,495
201600047810,16,9,30,645,3,1,1,2,2,692
201600047811,16,9,30,954,1,1,1,1,7,521
201600047812,16,9,30,1840,2,1,1,2,2,377
201600047813,16,9,30,2045,3,1,1,2,3,477
201600047814,16,10,1,1800,1,1,1,2,2,34
201600047815,16,10,2,1952,2,1,1,1,4,661
201600047816,16,10,2,230,3,1,1,1,2,347
201600047817,16,10,3,1623,1,1,1,1,6,521
201600047818,16,10,3,1906,2,1,1,1,3,286
201600047819,16,10,4,800,2,1,1,1,3,377
201600047820,16,10,4,1307,1,1,1,1,5,216
201600047821,16,10,4,1601,1,1,1,1,4,689
201600047822,16,10,5,820,1,1,1,1,2,345
201600047823,16,10,5,1520,1,1,1,1,4,2
201600047824,16,10,6,545,3,1,1,1,6,521
201600047825,16,10,6,615,3,1,1,1,4,340
201600047826,16,10,6,915,1,1,1,1,3,589
201600047827,16,10,6,900,1,1,1,1,4,228
201600047828,16,10,6,620,3,1,1,1,6,495
201600047829,16,10,6,850,1,1,1,1,2,2
201600047830,16,10,7,736,2,1,1,1,2,363
201600047831,16,10,8,920,1,1,1,1,6,689
201600047832,16,10,8,1945,2,1,1,1,4,34
201600047833,16,10,9,1600,1,1,1,1,5,521
201600047834,16,10,9,1458,1,1,1,1,4,216
201600047835,16,10,9,1804,1,1,1,1,2,34
201600047836,16,10,10,808,1,1,1,1,5,34
201600047837,16,10,11,942,1,1,1,1,7,34
201600047838,16,10,11,1308,1,1,1,1,2,21
201600047839,16,10,10,1510,1,1,1,1,7,521
201600047840,16,10,11,1600,1,1,1,1,2,161
201600047841,16,10,11,1830,1,1,1,1,3,3
201600047842,16,10,12,750,2,1,1,1,2,174
201600047843,16,10,12,1835,2,1,1,1,3,174
201600047844,16,10,13,706,3,1,1,1,4,65
201600047845,16,10,14,1030,1,1,1,1,4,34
201600047846,16,10,14,1346,1,1,1,1,6,521
201600047847,16,10,14,1823,2,1,1,2,7,434
201600047848,16,10,14,1825,2,1,1,3,7,38
201600047849,16,10,14,1757,1,1,1,3,3,19
201600047850,16,10,14,1846,2,1,1,2,4,549
201600047851,16,10,15,540,5,1,1,1,6,65
201600047852,16,10,15,1213,1,1,1,1,2,689
201600047853,16,10,15,1548,1,1,1,1,4,34
201600047854,16,10,15,22,3,1,1,2,6,174
201600047855,16,10,15,2117,3,1,1,1,2,377
201600047856,16,10,16,1850,2,1,1,1,2,34
201600047857,16,10,16,1918,2,1,1,1,4,174
201600047858,16,10,15,130,5,1,1,2,6,34
201600047859,16,10,17,620,3,1,1,1,3,286
201600047860,16,10,17,801,1,1,1,2,3,340
201600047861,16,10,19,1730,1,1,1,2,2,689
201600047862,16,10,19,1650,1,1,1,2,3,136
201600047863,16,10,20,1030,1,1,1,1,2,34
201600047864,16,10,20,1256,1,1,1,1,2,34
201600047865,16,10,20,1801,2,1,1,2,4,377
201600047866,16,10,20,1830,3,1,1,1,3,38
201600047867,16,10,20,2120,5,1,1,8,2,76
201600047868,16,10,21,705,3,1,1,1,5,687
201600047869,16,10,21,800,2,1,1,1,7,687
201600047870,16,10,21,1125,1,1,1,8,2,286
201600047871,16,10,21,1717,1,1,1,8,3,182
201600047872,16,10,21,1820,1,1,1,2,3,377
201600047873,16,10,22,535,4,1,1,5,6,174
201600047874,16,10,22,1337,1,1,1,1,4,38
201600047875,16,10,22,1605,1,1,1,1,7,161
201600047876,16,10,22,1710,1,1,1,1,2,38
201600047877,16,10,22,1920,3,1,1,1,3,38
201600047878,16,10,23,825,2,1,1,1,2,661
201600047879,16,10,23,1855,2,1,1,3,6,477
201600047880,16,10,24,835,1,1,1,2,3,43
201600047881,16,10,24,710,3,1,1,2,2,64
201600047882,16,10,24,837,1,1,1,2,2,687
201600047883,16,10,24,945,1,1,1,3,3,3
201600047884,16,10,24,1225,1,1,1,2,6,235
201600047885,16,10,24,1223,1,1,1,2,7,64
201600047886,16,10,24,1645,1,1,1,2,6,471
201600047887,16,10,25,1839,2,1,1,1,4,553
201600047888,16,10,26,1849,1,1,1,1,3,64
201600047889,16,10,27,200,3,1,1,8,2,689
201600047890,16,10,27,815,1,1,1,5,3,377
201600047891,16,10,27,1100,1,1,1,1,7,339
201600047892,16,10,27,1150,1,1,1,1,2,553
201600047893,16,10,27,1610,1,1,1,1,4,589
201600047894,16,10,28,730,5,1,1,8,4,174
201600047895,16,10,28,900,1,1,1,1,2,432
201600047896,16,10,28,1725,1,1,1,1,3,38
201600047897,16,10,29,1654,1,1,1,1,4,2
201600047898,16,10,28,2209,3,1,1,1,6,2
201600047899,16,10,30,24,5,1,1,1,5,34
201600047900,16,10,30,645,3,1,1,1,2,216
201600047901,16,10,30,1610,1,1,1,1,7,661
201600047902,16,10,30,1710,1,1,1,1,6,174
201600047903,16,10,30,1845,2,1,1,1,4,689
201600047904,16,10,31,5,5,1,1,1,2,34
201600047905,16,10,31,1345,1,1,1,1,2,589
201600047906,16,10,31,1800,2,1,1,1,4,363
201600047907,16,11,1,1650,1,1,1,1,4,3
201600047908,16,11,2,800,3,1,1,1,5,377
201600047909,16,11,2,1718,2,1,1,1,2,553
201600047910,16,11,2,1534,1,1,1,1,4,377
201600047911,16,11,3,425,4,1,1,1,5,553
201600047912,16,11,3,730,4,1,1,1,2,687
201600047913,16,11,3,830,3,1,1,1,4,659
201600047914,16,11,3,1048,1,1,1,1,2,182
201600047915,16,11,3,1230,1,1,1,1,3,38
201600047916,16,11,3,1405,1,1,1,1,4,377
201600047917,16,11,3,2036,3,1,1,1,2,161
201600047918,16,11,4,820,1,1,1,1,3,76
201600047919,16,11,4,1920,3,1,1,2,7,161
201600047920,16,11,4,2117,3,1,1,2,5,251
201600047921,16,11,4,2331,5,1,1,2,5,21
201600047922,16,11,5,630,3,1,1,2,6,64
201600047923,16,11,5,359,5,1,1,2,5,37
201600047924,16,11,5,900,1,1,1,2,6,553
201600047925,16,11,6,1005,1,1,1,1,6,377
201600047926,16,11,7,830,1,1,1,1,2,21
201600047927,16,11,7,930,1,1,1,4,5,251
201600047928,16,11,8,807,1,1,1,5,3,659
201600047929,16,11,8,1849,3,1,1,1,5,161
201600047930,16,11,8,2325,3,1,1,2,2,553
201600047931,16,11,10,550,3,1,1,2,7,471
201600047932,16,11,10,830,1,1,1,8,5,21
201600047933,16,11,10,906,1,1,1,2,7,21
201600047934,16,11,10,1205,1,1,1,2,7,521
201600047935,16,11,9,2230,3,1,1,2,2,38
201600047936,16,11,10,1830,3,1,1,3,2,377
201600047937,16,11,10,1805,3,1,1,3,4,340
201600047938,16,11,10,1753,3,1,1,2,6,495
201600047939,16,11,12,235,4,1,1,1,2,19
201600047940,16,11,13,1110,1,1,1,2,6,363
201600047941,16,11,13,1140,1,1,1,2,7,34
201600047942,16,11,13,1436,1,1,1,2,6,21
201600047943,16,11,13,1653,2,1,1,2,3,228
201600047944,16,11,15,827,1,1,1,2,2,521
201600047945,16,11,12,2320,3,1,1,2,6,363
201600047946,16,11,15,1148,1,1,1,2,6,64
201600047947,16,11,12,2118,3,1,1,2,3,64
201600047948,16,11,13,2325,3,1,1,2,2,64
201600047949,16,11,16,1330,1,1,1,8,3,174
201600047950,16,11,17,905,1,1,1,1,3,589
201600047951,16,11,18,415,3,1,1,2,6,64
201600047952,16,11,18,935,1,1,1,1,5,64
201600047953,16,11,18,1850,3,1,1,1,4,174
201600047954,16,11,18,2050,3,1,1,1,4,589
201600047955,16,11,19,825,2,1,1,1,6,161
201600047956,16,11,19,1440,1,1,1,1,5,2
201600047957,16,11,19,1840,3,1,1,1,5,161
201600047958,16,11,20,1045,1,1,1,2,7,340
201600047959,16,11,20,1310,1,1,1,2,7,34
201600047960,16,11,20,1820,3,1,1,2,6,477
201600047961,16,11,20,2206,3,1,1,2,2,666
201600047962,16,11,21,830,1,1,1,1,5,2
201600047963,16,11,22,256,3,1,1,1,2,689
201600047964,16,11,22,317,3,1,1,1,7,340
201600047965,16,11,22,1445,1,1,1,1,2,570
201600047966,16,11,22,1930,3,1,1,1,2,179
201600047967,16,11,23,1445,1,1,1,1,3,43
201600047968,16,11,23,2000,3,1,1,1,4,468
201600047969,16,11,24,1010,1,1,1,1,3,19
201600047970,16,11,25,1924,3,1,1,1,4,174
201600047971,16,11,26,220,5,1,1,1,3,3
201600047972,16,11,26,245,5,1,1,8,2,3
201600047973,16,11,26,1521,1,1,1,1,5,228
201600047974,16,11,26,2105,3,1,1,1,7,339
201600047975,16,11,27,1720,5,1,1,1,5,3
201600047976,16,11,28,608,3,1,1,1,4,434
201600047977,16,11,28,807,2,1,1,1,2,521
201600047978,16,11,28,1033,1,1,1,1,2,286
201600047979,16,11,28,1420,1,1,1,1,2,477
201600047980,16,11,28,1648,1,1,1,1,2,689
201600047981,16,11,29,915,1,1,1,1,2,19
201600047982,16,11,30,545,3,1,1,1,3,434
201600047983,16,11,30,845,1,1,1,1,3,286
201600047984,16,11,30,839,1,1,1,1,5,161
201600047985,16,11,30,1445,1,1,1,1,2,553
201600047986,16,11,30,1630,1,1,1,1,2,2
201600047987,16,12,1,1215,1,1,1,1,2,76
201600047988,16,12,2,940,1,1,1,1,5,38
201600047989,16,12,2,925,1,1,1,1,4,161
201600047990,16,12,4,315,3,1,1,1,3,161
201600047991,16,12,5,830,1,1,1,1,3,21
201600047992,16,12,5,830,1,1,1,1,2,468
201600047993,16,12,5,1835,1,1,1,1,4,174
201600047994,16,12,5,1905,3,1,1,1,5,589
201600047995,16,12,7,645,2,1,1,1,4,377
201600047996,16,12,7,820,1,1,1,1,4,521
201600047997,16,12,7,1650,1,1,1,1,3,64
201600047998,16,12,7,1903,3,1,1,1,3,347
201600047999,16,12,7,1847,3,1,1,1,2,136
201600048000,16,12,7,1947,5,1,1,1,4,37
201600048001,16,12,9,1459,1,1,1,1,2,689
201600048002,16,12,9,1852,4,1,1,1,3,21
201600048003,16,12,9,1645,1,1,1,1,7,37
201600048004,16,12,10,1750,3,1,1,1,4,434
201600048005,16,12,11,945,1,1,1,1,1,377
201600048006,16,12,11,1820,5,1,1,1,2,34
201600048007,16,12,11,1825,3,1,1,1,2,363
201600048008,16,12,11,2040,5,1,1,1,3,34
201600048009,16,12,12,1655,2,1,1,2,7,434
201600048010,16,12,12,1700,3,1,1,2,2,347
201600048011,16,12,12,1845,3,1,1,2,2,521
201600048012,16,12,13,600,3,1,1,2,3,64
201600048013,16,12,13,1930,3,1,1,1,4,174
201600048014,16,12,14,940,1,1,1,1,2,182
201600048015,16,12,14,1120,1,1,1,1,2,589
201600048016,16,12,14,1433,1,1,1,1,5,37
201600048017,16,12,16,810,2,1,1,1,5,549
201600048018,16,12,16,831,1,1,1,1,7,521
201600048019,16,12,16,835,1,1,1,1,3,617
201600048020,16,12,16,1259,1,1,1,1,4,38
201600048021,16,12,17,1715,2,1,1,1,4,161
201600048022,16,12,17,1805,3,1,1,1,4,136
201600048023,16,12,18,600,3,1,1,1,2,687
201600048024,16,12,18,642,3,1,1,5,5,689
201600048025,16,12,18,1605,2,1,1,5,7,570
201600048026,16,12,18,1840,3,1,1,5,2,3
201600048027,16,12,19,620,3,1,1,8,3,2
201600048028,16,12,19,1115,1,1,1,1,2,161
201600048029,16,12,20,555,3,1,1,1,6,692
201600048030,16,12,21,727,2,1,1,1,3,38
201600048031,16,12,22,336,3,1,1,2,7,43
201600048032,16,12,23,630,3,1,1,5,2,689
201600048033,16,12,22,310,4,1,1,2,7,689
201600048034,16,12,23,1910,5,1,1,1,4,43
201600048035,16,12,23,2020,3,1,1,1,3,136
201600048036,16,12,24,552,3,1,1,2,6,43
201600048037,16,12,24,1130,1,1,1,8,5,589
201600048038,16,12,24,1255,1,1,1,1,6,340
201600048039,16,12,26,1230,1,1,1,2,6,521
201600048040,16,12,25,32,3,1,1,1,7,377
201600048041,16,12,27,843,1,1,1,1,7,235
201600048042,16,12,27,220,3,1,1,1,6,340
201600048043,16,12,26,1715,2,1,1,2,5,340
201600048044,16,12,28,150,3,1,1,1,2,2
201600048045,16,12,28,1315,1,1,1,1,4,38
201600048046,16,12,28,1445,1,1,1,1,4,345
201600048047,16,12,28,1515,1,1,1,1,3,689
201600048048,16,12,28,2045,4,1,1,1,2,34
201600048049,16,12,29,850,1,1,1,1,3,86
201600048050,16,12,29,645,2,1,1,5,6,306
201600048051,16,12,29,1745,2,1,1,1,4,2
201600048052,16,12,29,1840,3,1,1,1,3,34
201600048053,16,12,30,505,3,1,1,5,2,37
201600048054,16,12,30,1525,1,1,1,5,2,182
201600048055,16,12,30,2030,3,1,1,5,2,549
201600048056,16,12,30,2045,3,1,1,5,1,363
201600048057,16,1,7,1650,2,1,1,7,6,33
201600048058,16,1,14,1802,5,2,3,3,3,120
201600048059,16,1,15,2100,5,2,6,2,2,37
201600048060,16,1,18,2050,3,1,1,2,4,37
201600048061,16,1,20,1420,1,1,1,3,7,33
201600048062,16,1,21,1910,1,2,1,1,5,33
201600048063,16,1,22,1215,1,2,1,1,1,33
201600048064,16,1,30,1312,1,2,4,1,3,33
201600048065,16,1,30,1840,5,2,2,1,6,33
201600048066,16,2,2,1600,1,1,1,1,1,33
201600048067,16,2,2,2110,5,2,2,2,6,33
201600048068,16,2,3,1508,1,1,1,1,6,33
201600048069,16,2,7,1435,1,2,1,8,6,33
201600048070,16,2,7,1715,1,1,3,1,3,37
201600048071,16,2,9,2038,5,2,7,3,6,33
201600048072,16,2,12,1542,1,2,1,2,3,33
201600048073,16,2,14,554,5,2,1,2,1,33
201600048074,16,2,18,1613,1,2,1,1,1,33
201600048075,16,2,19,1615,1,2,1,1,2,33
201600048076,16,2,21,2327,5,2,6,1,3,33
201600048077,16,2,22,1140,1,2,1,1,3,37
201600048078,16,2,22,1440,1,2,1,1,4,33
201600048079,16,2,23,857,1,2,1,1,6,33
201600048080,16,2,25,2050,3,1,1,3,2,33
201600048081,16,2,27,709,2,2,1,8,6,33
201600048082,16,3,1,900,1,2,1,1,3,33
201600048083,16,3,1,1644,1,1,1,1,7,33
201600048084,16,3,2,1605,1,2,7,1,6,33
201600048085,16,3,4,905,1,2,1,1,6,33
201600048086,16,3,7,1510,1,2,1,1,2,33
201600048087,16,3,7,1430,1,2,1,1,5,33
201600048088,16,3,7,1153,1,1,1,1,2,33
201600048089,16,3,9,1151,1,2,3,1,5,33
201600048090,16,3,10,1949,5,1,1,1,7,37
201600048091,16,3,11,1755,1,2,1,1,2,33
201600048092,16,3,14,755,1,1,1,1,2,33
201600048093,16,3,16,1220,1,2,1,1,4,33
201600048094,16,3,22,840,1,2,1,1,6,33
201600048095,16,4,1,2150,5,2,3,1,3,33
201600048096,16,4,3,840,1,1,6,1,3,33
201600048097,16,4,5,1733,1,1,9,1,3,33
201600048098,16,4,6,1525,1,2,1,1,3,33
201600048099,16,4,8,1300,1,1,9,1,3,120
201600048100,16,4,9,728,1,2,1,2,6,33
201600048101,16,4,11,1310,1,1,1,1,1,120
201600048102,16,4,11,1715,1,2,1,1,6,33
201600048103,16,4,11,2015,3,1,1,1,2,33
201600048104,16,4,13,818,1,2,1,1,1,33
201600048105,16,4,14,920,1,2,1,1,2,33
201600048106,16,4,17,1,3,1,1,1,6,120
201600048107,16,4,17,1615,1,2,1,1,6,33
201600048108,16,4,18,1343,1,1,1,1,7,33
201600048109,16,4,19,1359,1,1,1,1,6,33
201600048110,16,4,19,1627,1,2,1,1,6,33
201600048111,16,4,19,2240,5,1,2,1,1,37
201600048112,16,4,20,2015,2,2,2,1,7,33
201600048113,16,4,21,1615,1,2,1,1,6,33
201600048114,16,4,21,1950,2,2,6,1,2,33
201600048115,16,4,22,1619,1,2,1,1,3,33
201600048116,16,4,22,1855,2,2,1,1,6,33
201600048117,16,4,28,1507,1,2,1,1,3,33
201600048118,16,4,30,1250,1,2,1,1,6,33
201600048119,16,5,2,1410,1,2,1,1,2,33
201600048120,16,5,9,857,1,2,1,1,2,353
201600048121,16,5,9,2130,5,1,1,1,2,33
201600048122,16,5,10,1655,1,2,1,1,3,33
201600048123,16,5,10,2354,3,1,1,2,7,120
201600048124,16,5,13,1300,1,2,6,1,3,33
201600048125,16,5,13,1225,1,1,1,1,6,37
201600048126,16,5,18,850,1,1,1,1,4,33
201600048127,16,5,18,1148,1,2,1,1,2,33
201600048128,16,5,21,1025,1,1,1,1,2,120
201600048129,16,5,23,757,1,2,1,1,5,33
201600048130,16,5,23,1230,1,2,1,1,2,33
201600048131,16,5,25,1800,1,2,6,1,3,33
201600048132,16,5,29,1050,1,2,1,1,6,33
201600048133,16,6,1,1223,1,2,1,2,2,33
201600048134,16,6,2,1400,1,2,1,1,6,33
201600048135,16,6,4,1945,1,1,6,1,3,33
201600048136,16,6,8,1110,1,2,1,1,2,33
201600048137,16,6,8,1115,1,1,1,1,5,33
201600048138,16,6,9,850,1,2,1,1,1,33
201600048139,16,6,11,1230,1,2,1,1,3,33
201600048140,16,6,14,1008,1,1,1,1,3,33
201600048141,16,6,13,1910,1,1,1,1,1,33
201600048142,16,6,15,800,1,2,1,1,3,33
201600048143,16,6,15,1748,1,2,1,1,2,33
201600048144,16,6,16,927,1,2,7,1,6,33
201600048145,16,6,16,1010,1,1,1,1,2,37
201600048146,16,6,17,308,5,1,1,1,6,33
201600048147,16,6,14,1115,1,2,1,1,2,33
201600048148,16,6,20,1754,1,2,1,1,1,33
201600048149,16,6,21,800,1,2,1,1,5,33
201600048150,16,6,23,2230,5,2,1,1,3,33
201600048151,16,6,24,1805,1,2,9,1,2,33
201600048152,16,6,25,700,1,1,1,1,6,37
201600048153,16,6,27,1732,1,1,1,1,4,33
201600048154,16,6,28,2325,5,2,1,1,6,33
201600048155,16,6,30,2020,1,2,1,1,6,33
201600048156,16,7,1,1250,1,2,6,1,4,33
201600048157,16,7,3,2305,5,1,6,1,2,33
201600048158,16,7,6,855,1,2,3,1,3,33
201600048159,16,7,6,1400,1,2,1,1,3,33
201600048160,16,7,8,1725,1,1,1,1,2,33
201600048161,16,7,12,1305,1,1,1,1,4,33
201600048162,16,7,17,1810,1,2,1,1,5,37
201600048163,16,7,22,1805,1,2,1,1,1,120
201600048164,16,7,25,957,1,2,1,1,6,353
201600048165,16,7,27,920,1,1,1,1,2,33
201600048166,16,7,28,105,5,1,1,1,6,33
201600048167,16,7,31,600,2,1,1,1,7,37
201600048168,16,7,31,1605,1,1,4,1,3,33