Num_Acc,an,mois,jour,hrmn,lum,agg,int,atm,col,com
201600048169,16,8,1,1800,1,2,1,2,2,37
201600048170,16,8,5,1839,1,2,2,1,2,120
201600048171,16,8,8,815,1,2,3,1,3,37
201600048172,16,8,8,2155,5,2,1,1,1,33
201600048173,16,8,11,1355,5,2,1,1,5,33
201600048174,16,8,11,1910,1,2,3,1,3,120
201600048175,16,8,12,604,1,2,1,1,6,120
201600048176,16,8,12,2100,2,2,1,1,7,33
201600048177,16,8,14,1830,1,2,1,7,6,33
201600048178,16,8,15,1400,1,2,1,1,6,3
201600048179,16,8,22,1320,1,2,1,1,3,120
201600048180,16,8,22,1835,1,2,1,1,3,33
201600048181,16,8,24,905,1,1,1,1,3,33
201600048182,16,8,25,10,5,2,1,1,7,33
201600048183,16,8,28,55,5,1,3,1,6,33
201600048184,16,8,31,1639,1,2,1,1,3,120
201600048185,16,9,1,300,5,2,1,1,6,33
201600048186,16,9,1,1554,1,2,9,1,3,120
201600048187,16,9,6,1850,2,2,1,1,2,33
201600048188,16,9,7,800,1,2,1,1,2,120
201600048189,16,9,12,805,1,2,2,1,1,33
201600048190,16,9,12,1616,1,1,1,1,6,33
201600048191,16,9,13,1216,1,2,1,1,6,37
201600048192,16,9,13,1730,1,2,1,1,4,33
201600048193,16,9,13,2235,3,2,1,1,6,120
201600048194,16,9,14,1056,1,2,1,1,1,33
201600048195,16,9,26,840,1,2,4,1,7,37
201600048196,16,9,27,1355,1,2,9,1,3,33
201600048197,16,9,28,1150,1,2,1,1,1,120
201600048198,16,9,29,723,1,2,1,1,1,12
201600048199,16,10,3,1446,1,2,1,1,3,33
201600048200,16,10,4,811,1,2,1,1,2,33
201600048201,16,10,5,1605,1,2,6,1,3,33
201600048202,16,10,7,1210,1,1,3,1,1,33
201600048203,16,10,7,1255,1,2,3,1,3,33
201600048204,16,10,10,2137,5,2,1,1,2,120
201600048205,16,10,10,2030,5,2,3,1,6,33
201600048206,16,10,12,1155,1,2,1,1,6,33
201600048207,16,10,14,825,1,1,1,2,5,37
201600048208,16,10,16,2050,5,2,1,1,6,33
201600048209,16,10,18,1415,1,2,1,1,4,33
201600048210,16,10,19,1805,1,2,1,1,1,33
201600048211,16,10,20,1901,5,2,1,1,3,33
201600048212,16,10,31,1140,1,2,1,7,6,33
201600048213,16,11,1,515,5,2,4,1,7,33
201600048214,16,11,8,1223,1,2,1,4,4,33
201600048215,16,11,8,2020,5,1,6,1,3,120
201600048216,16,11,13,2135,5,2,1,1,2,33
201600048217,16,11,22,1900,5,2,1,1,2,33
201600048218,16,11,23,740,1,2,1,8,3,33
201600048219,16,11,24,1115,1,2,1,3,6,33
201600048220,16,11,25,2055,1,1,1,1,3,33
201600048221,16,11,26,1556,1,2,3,1,2,33
201600048222,16,11,28,1655,2,2,1,2,3,33
201600048223,16,11,29,1415,1,2,1,1,6,33
201600048224,16,11,29,1955,5,2,1,1,6,33
201600048225,16,12,1,743,1,2,1,1,3,120
201600048226,16,12,4,1635,2,2,1,1,2,33
201600048227,16,12,5,900,1,1,1,2,3,33
201600048228,16,12,7,811,1,2,1,1,2,33
201600048229,16,12,7,1750,5,2,1,1,2,33
201600048230,16,12,9,1631,1,2,1,1,3,33
201600048231,16,12,9,1806,4,1,1,1,4,33
201600048232,16,12,10,1413,1,2,1,1,7,33
201600048233,16,12,10,1741,3,1,1,1,7,37
201600048234,16,12,13,807,1,2,1,1,6,33
201600048235,16,12,14,1220,1,1,1,1,1,33
201600048236,16,12,16,1606,1,2,1,1,3,33
201600048237,16,12,17,1715,5,2,1,1,3,33
201600048238,16,12,21,1930,5,2,3,1,1,33
201600048239,16,12,23,1525,1,2,1,1,2,37
201600048240,16,12,27,1600,1,1,2,1,3,33
201600048241,16,1,1,610,5,2,2,1,6,384
201600048242,16,1,5,800,1,2,4,1,6,389
201600048243,16,1,4,1730,5,2,3,1,3,382
201600048244,16,1,6,1715,5,2,1,2,6,385
201600048245,16,1,1,905,1,2,1,1,6,34
201600048246,16,1,8,1025,1,2,3,2,3,385
201600048247,16,1,8,1440,1,2,3,1,6,381
201600048248,16,12,31,1428,1,2,1,8,6,286
201600048249,16,1,8,1605,1,2,1,1,6,385
201600048250,16,1,9,1500,1,2,1,1,6,389
201600048251,16,1,10,1330,1,2,2,1,1,34
201600048252,16,1,11,745,2,2,1,9,7,34
201600048253,16,1,10,1420,1,2,1,1,6,382
201600048254,16,1,11,1050,1,2,1,1,2,389
201600048255,16,1,8,855,1,2,3,2,3,286
201600048256,16,1,8,835,1,2,3,2,3,34
201600048257,16,1,10,1230,1,2,1,2,6,81
201600048258,16,1,13,1500,1,2,1,1,3,34
201600048259,16,1,13,1830,5,2,4,1,6,385
201600048260,16,1,14,650,2,2,1,2,3,389
201600048261,16,1,14,2016,5,2,9,1,6,286
201600048262,16,1,15,1910,5,1,3,4,6,385
201600048263,16,1,17,2314,5,2,2,1,3,382
201600048264,16,1,18,740,5,2,1,8,6,286
201600048265,16,1,14,1020,1,1,1,8,2,382
201600048266,16,1,18,2030,5,2,1,2,1,34
201600048267,16,1,18,1745,1,2,3,4,3,286
201600048268,16,1,19,819,1,2,1,1,6,385
201600048269,16,1,16,1145,1,2,1,1,5,142
201600048270,16,1,20,1255,1,1,1,2,2,382
201600048271,16,1,20,1645,1,2,2,1,3,382
201600048272,16,1,23,2240,5,2,1,1,6,142
201600048273,16,1,24,1945,5,2,2,1,3,385
201600048274,16,1,25,1810,5,2,2,1,1,149
201600048275,16,1,7,750,1,2,1,1,7,385
201600048276,16,1,30,545,5,2,9,5,6,384
201600048277,16,1,30,835,2,2,1,5,5,202
201600048278,16,1,31,500,5,2,1,1,6,34
201600048279,16,2,1,5,5,2,1,2,1,384
201600048280,16,1,31,1900,5,2,6,2,2,286
201600048281,16,1,28,1615,1,2,1,1,3,34
201600048282,16,2,3,710,5,2,1,2,6,389
201600048283,16,2,3,750,1,2,2,2,6,385
201600048284,16,2,3,1515,1,1,3,8,6,286
201600048285,16,1,23,1030,1,2,1,1,6,384
201600048286,16,2,5,650,2,2,4,2,3,384
201600048287,16,2,5,1630,1,2,1,1,6,286
201600048288,16,2,6,1849,3,2,1,1,6,286
201600048289,16,1,30,1545,1,2,1,1,2,286
201600048290,16,2,5,1130,1,1,1,1,2,286
201600048291,16,2,8,2000,5,2,1,1,3,384
201600048292,16,2,9,720,2,1,1,1,6,389
201600048293,16,2,9,1250,1,2,2,1,3,389
201600048294,16,2,10,505,5,2,2,1,3,149
201600048295,16,2,10,2150,5,2,1,8,3,202
201600048296,16,2,8,2015,5,2,1,2,2,34
201600048297,16,2,12,1320,1,2,1,3,6,286
201600048298,16,2,12,1850,5,2,1,2,5,81
201600048299,16,2,9,1730,1,2,1,1,6,202
201600048300,16,2,17,110,5,2,1,1,6,384
201600048301,16,2,19,720,1,2,2,1,3,381
201600048302,16,2,18,1700,1,2,9,1,6,389
201600048303,16,2,20,300,5,2,1,8,6,34
201600048304,16,2,19,2020,5,2,2,1,3,384
201600048305,16,2,21,545,5,2,1,1,6,382
201600048306,16,2,22,1835,5,2,1,2,6,389
201600048307,16,2,23,2115,5,2,1,2,7,385
201600048308,16,2,22,1500,1,2,1,2,2,34
201600048309,16,2,24,1930,5,2,2,2,6,389
201600048310,16,2,27,630,5,2,1,1,6,389
201600048311,16,2,27,1445,1,2,1,1,6,389
201600048312,16,2,28,500,5,2,1,1,3,389
201600048313,16,3,1,1420,1,2,1,1,6,381
201600048314,16,3,1,1730,1,2,3,1,5,286
201600048315,16,3,1,1050,1,2,1,1,6,149
201600048316,16,3,2,640,5,2,2,2,6,385
201600048317,16,3,3,1535,1,2,3,1,1,385
201600048318,16,3,4,815,1,2,1,1,6,286
201600048319,16,3,4,740,2,2,1,1,6,389
201600048320,16,3,6,645,2,2,3,8,3,389
201600048321,16,3,6,1540,1,2,1,1,6,382
201600048322,16,3,4,1000,1,2,1,1,6,384
201600048323,16,3,8,1930,5,2,1,1,6,382
201600048324,16,3,10,810,1,2,1,1,6,385
201600048325,16,3,12,130,5,2,1,1,6,382
201600048326,16,3,12,540,4,2,1,1,1,389
201600048327,16,3,12,1555,1,2,1,1,3,81
201600048328,16,3,13,1000,1,2,2,1,3,286
201600048329,16,3,14,1300,1,2,2,1,5,389
201600048330,16,3,13,1545,1,2,2,1,3,381
201600048331,16,3,15,735,1,2,1,1,6,384
201600048332,16,3,15,740,1,2,1,1,1,142
201600048333,16,3,18,1710,1,2,1,1,3,382
201600048334,16,3,18,2025,5,2,1,1,6,286
201600048335,16,3,14,840,1,2,1,1,2,286
201600048336,16,3,11,2020,5,2,2,1,3,382
201600048337,16,3,20,1045,1,2,3,1,6,382
201600048338,16,3,19,2005,5,2,3,1,3,34
201600048339,16,3,20,1530,1,2,1,8,1,142
201600048340,16,3,20,2128,3,2,1,1,7,34
201600048341,16,3,22,1815,1,2,1,1,2,286
201600048342,16,3,23,740,1,2,3,1,3,149
201600048343,16,3,23,1500,1,2,1,1,4,34
201600048344,16,3,24,800,1,2,1,1,1,149
201600048345,16,3,26,5,5,2,2,1,3,384
201600048346,16,3,26,30,5,2,1,8,7,385
201600048347,16,3,24,1920,2,2,3,1,3,34
201600048348,16,3,27,1315,1,1,1,1,6,202
201600048349,16,3,28,2350,5,2,7,1,6,382
201600048350,16,3,29,1530,1,2,1,3,3,34
201600048351,16,3,30,1015,1,2,3,1,2,149
201600048352,16,3,30,2310,5,2,2,1,3,384
201600048353,16,3,31,1300,1,2,1,8,3,286
201600048354,16,4,1,2039,5,2,1,1,2,382
201600048355,16,4,2,1915,1,2,1,1,5,385
201600048356,16,4,3,2210,5,2,2,1,3,202
201600048357,16,4,4,530,5,2,1,1,6,389
201600048358,16,4,4,1435,1,2,2,1,3,384
201600048359,16,4,5,800,1,1,1,2,2,385
201600048360,16,4,5,735,1,1,1,2,7,286
201600048361,16,4,4,1755,1,2,1,1,4,382
201600048362,16,4,6,1330,1,2,1,1,2,286
201600048363,16,4,6,1250,1,2,3,1,3,149
201600048364,16,4,6,1120,1,1,1,1,6,385
201600048365,16,4,6,1800,1,2,1,1,6,286
201600048366,16,4,8,1030,1,2,1,1,6,149
201600048367,16,4,8,1505,1,2,2,1,3,149
201600048368,16,4,9,1500,1,2,1,1,3,389
201600048369,16,4,10,1345,1,2,2,1,3,34
201600048370,16,4,10,1445,1,2,1,1,7,389
201600048371,16,4,11,1455,1,2,1,1,6,81
201600048372,16,4,12,2100,5,2,9,1,7,389
201600048373,16,4,13,1722,1,2,1,1,2,34
201600048374,16,4,13,1905,1,2,1,1,6,382
201600048375,16,4,14,855,1,2,1,1,2,389
201600048376,16,4,14,1355,1,2,2,1,3,149
201600048377,16,4,8,1915,1,1,1,1,6,382
201600048378,16,4,15,845,1,2,1,1,3,286
201600048379,16,4,15,2135,5,2,1,2,6,389
201600048380,16,4,15,1700,1,2,1,1,6,34
201600048381,16,4,18,1330,1,2,3,1,2,202
201600048382,16,4,18,1545,1,2,3,1,6,382
201600048383,16,4,21,730,1,1,1,1,2,81
201600048384,16,4,21,900,1,2,1,1,6,389
201600048385,16,4,21,1300,1,2,1,1,6,389
201600048386,16,4,21,1600,1,1,1,1,3,152
201600048387,16,4,21,215,5,2,1,1,6,286
201600048388,16,4,24,1505,1,2,1,1,7,385
201600048389,16,4,26,1655,1,2,1,2,5,142
201600048390,16,4,27,1415,1,2,1,1,2,142
201600048391,16,4,27,1315,1,2,1,1,7,149
201600048392,16,4,28,1350,1,2,1,1,2,202
201600048393,16,4,29,1045,1,2,1,1,2,389
201600048394,16,4,29,1515,1,2,2,1,3,286
201600048395,16,4,30,1325,1,2,1,2,6,389
201600048396,16,5,1,730,1,2,1,3,1,34
201600048397,16,4,30,1910,1,2,1,1,5,286
201600048398,16,5,4,740,1,2,1,1,6,381
201600048399,16,5,4,1330,1,2,1,1,3,385
201600048400,16,5,4,1415,1,2,3,1,3,382
201600048401,16,5,4,1825,1,2,1,1,6,385
201600048402,16,5,4,1940,1,2,1,1,6,286
201600048403,16,5,7,925,1,1,2,1,3,202
201600048404,16,5,8,700,1,2,1,1,6,389
201600048405,16,5,5,825,1,2,1,1,6,202
201600048406,16,5,9,1515,1,2,1,2,6,382
201600048407,16,5,10,1100,1,2,1,1,3,202
201600048408,16,5,11,745,1,2,1,2,6,34
201600048409,16,5,13,830,1,2,1,3,6,142
201600048410,16,5,13,815,1,2,1,2,4,385
201600048411,16,5,13,900,1,2,1,3,4,34
201600048412,16,5,14,440,5,2,9,1,1,142
201600048413,16,5,14,725,2,2,1,1,2,34
201600048414,16,5,15,1250,1,2,1,1,2,202
201600048415,16,5,16,445,5,2,1,1,6,384
201600048416,16,5,17,910,1,2,1,1,3,286
201600048417,16,5,16,1920,1,2,1,1,4,389
201600048418,16,5,17,1430,1,2,1,1,5,381
201600048419,16,5,17,1830,1,2,1,1,3,142
201600048420,16,5,17,1937,1,2,3,1,3,385
201600048421,16,5,18,1600,1,2,3,1,5,389
201600048422,16,5,19,1645,1,2,1,8,3,389
201600048423,16,5,19,2100,5,1,1,2,7,34
201600048424,16,5,19,1130,1,2,1,1,6,384
201600048425,16,5,10,935,1,2,1,1,6,382
201600048426,16,5,26,815,1,2,4,1,3,382
201600048427,16,5,26,820,1,2,1,1,6,34
201600048428,16,5,26,1345,1,2,1,1,3,152
201600048429,16,5,28,2330,5,2,1,1,2,385
201600048430,16,5,29,2210,5,2,1,2,2,382
201600048431,16,5,30,845,1,2,1,1,6,381
201600048432,16,5,30,855,1,2,7,8,6,382
201600048433,16,5,31,450,5,2,2,2,3,384
201600048434,16,5,31,745,1,2,1,2,6,34
201600048435,16,5,31,1655,1,2,1,2,6,382
201600048436,16,5,26,1000,1,2,2,1,3,149
201600048437,16,6,1,915,1,1,2,8,3,286
201600048438,16,6,1,1545,1,2,1,1,3,385
201600048439,16,6,1,1710,1,2,3,1,3,286
201600048440,16,6,1,1500,1,2,3,1,6,385
201600048441,16,6,2,1250,1,2,1,3,6,389
201600048442,16,6,3,1850,1,2,1,1,3,389
201600048443,16,6,6,630,1,2,1,1,7,382
201600048444,16,6,6,900,1,2,1,1,6,389
201600048445,16,6,6,1105,1,2,1,1,6,381
201600048446,16,6,6,1858,1,2,1,1,6,286
201600048447,16,6,7,450,5,2,2,1,3,382
201600048448,16,6,7,1620,1,2,1,1,7,381
201600048449,16,6,7,1820,1,2,2,1,3,382
201600048450,16,6,8,55,5,2,1,1,6,384
201600048451,16,6,8,1330,1,2,1,1,1,381
201600048452,16,6,9,1500,1,2,1,1,6,149
201600048453,16,6,10,815,1,2,1,1,6,385
201600048454,16,6,10,1310,1,2,1,1,2,152
201600048455,16,6,11,230,5,2,1,1,6,381
201600048456,16,6,11,1030,1,2,1,1,6,389
201600048457,16,6,11,1100,1,2,1,1,6,384
201600048458,16,6,11,2125,1,2,2,1,3,385
201600048459,16,6,9,1335,1,2,1,1,3,286
201600048460,16,6,12,2230,5,2,1,1,3,286
201600048461,16,6,13,1415,1,2,1,8,6,286
201600048462,16,6,14,1020,1,2,1,1,6,34
201600048463,16,6,14,2320,5,2,3,1,3,202
201600048464,16,6,15,40,5,2,1,1,6,381
201600048465,16,6,10,1230,1,2,3,1,6,149
201600048466,16,6,15,1550,1,2,2,1,3,389
201600048467,16,6,16,820,1,2,2,2,3,149
201600048468,16,6,14,1208,1,2,1,1,6,382
201600048469,16,6,17,1745,1,1,1,1,2,286
201600048470,16,6,17,1520,1,2,2,1,3,152
201600048471,16,6,18,2030,1,2,6,1,3,389
201600048472,16,6,19,625,2,2,1,1,6,142
201600048473,16,6,19,1220,1,2,1,1,1,202
201600048474,16,6,20,805,1,2,1,1,6,389
201600048475,16,6,20,1350,1,2,1,1,7,385
201600048476,16,6,20,1800,1,2,1,1,6,385
201600048477,16,6,18,1130,1,2,1,1,2,152
201600048478,16,6,21,2100,2,2,3,1,6,381
201600048479,16,6,21,2230,5,2,1,1,2,34
201600048480,16,6,22,1345,1,2,1,1,7,34
201600048481,16,6,22,1735,1,2,1,1,2,389
201600048482,16,6,22,2010,1,2,1,1,4,382
201600048483,16,6,23,820,1,2,1,1,2,81
201600048484,16,6,23,1600,1,2,2,1,3,385
201600048485,16,6,23,1630,1,2,1,1,6,202
201600048486,16,6,24,1155,1,2,1,1,6,149
201600048487,16,6,24,1325,1,2,1,1,3,34
201600048488,16,6,24,1910,1,2,3,1,7,286
201600048489,16,6,24,2020,1,2,2,1,3,149
201600048490,16,6,26,1545,1,2,3,1,3,389
201600048491,16,6,27,2150,2,2,1,1,2,389
201600048492,16,6,26,1540,1,2,1,1,7,382
201600048493,16,6,19,1445,1,2,1,1,3,152
201600048494,16,6,27,1710,1,2,1,1,2,34
201600048495,16,6,30,1130,1,2,1,1,7,389
201600048496,16,7,1,1600,1,2,1,1,6,382
201600048497,16,7,2,1320,1,2,1,1,1,202
201600048498,16,7,2,1530,1,2,3,1,3,81
201600048499,16,7,2,2230,5,2,2,1,3,34
201600048500,16,6,30,745,1,2,1,1,6,34
201600048501,16,7,3,1200,1,2,1,1,2,152
201600048502,16,7,4,810,1,2,2,1,7,389
201600048503,16,7,5,2340,5,2,1,1,1,34
201600048504,16,7,5,1200,1,1,3,1,1,149
201600048505,16,7,6,1335,1,2,2,1,3,81
201600048506,16,6,17,1305,1,2,1,1,4,381
201600048507,16,7,7,915,1,2,3,1,2,286
201600048508,16,7,7,1325,1,2,1,1,3,384
201600048509,16,7,4,845,1,2,1,1,3,34
201600048510,16,7,8,1030,1,2,1,1,6,389
201600048511,16,7,8,1030,1,2,1,1,6,385
201600048512,16,6,20,1440,1,2,1,1,6,382
201600048513,16,7,9,1730,1,2,1,1,3,389
201600048514,16,7,9,2215,1,1,2,1,3,202
201600048515,16,7,9,1930,1,2,2,1,3,385
201600048516,16,7,11,700,1,1,3,1,1,389
201600048517,16,7,11,1030,1,2,1,1,3,152
201600048518,16,7,11,1020,1,2,1,1,6,286
201600048519,16,7,11,1810,1,2,1,3,3,81
201600048520,16,7,8,1100,1,2,1,1,3,152
201600048521,16,7,12,1500,1,2,1,1,6,385
201600048522,16,7,12,1740,1,2,1,2,6,389
201600048523,16,7,12,1810,1,2,2,2,3,385
201600048524,16,7,11,45,5,2,1,1,6,385
201600048525,16,7,13,1545,1,2,1,1,2,381
201600048526,16,7,15,1000,1,2,2,1,3,389
201600048527,16,7,15,1915,1,2,3,1,3,382
201600048528,16,7,15,1945,1,1,1,1,1,389
201600048529,16,7,18,2120,1,2,1,1,2,385
201600048530,16,7,19,800,1,2,1,1,4,385
201600048531,16,7,19,930,1,2,2,1,3,389
201600048532,16,7,21,915,1,2,2,1,3,34
201600048533,16,7,21,1316,1,2,1,1,1,389
201600048534,16,7,5,2000,1,2,1,1,3,384
201600048535,16,7,23,1550,1,2,2,1,3,389
201600048536,16,7,24,2330,5,2,1,1,3,389
201600048537,16,7,23,2030,1,2,1,1,6,385
201600048538,16,7,24,1505,1,2,1,1,6,286
201600048539,16,7,25,1450,1,2,1,1,3,382
201600048540,16,7,26,835,1,2,1,1,6,385
201600048541,16,7,26,930,1,2,1,1,6,389
201600048542,16,7,24,750,1,2,2,1,3,142
201600048543,16,7,27,1530,1,2,1,1,6,381
201600048544,16,7,27,2100,2,2,1,1,7,384
201600048545,16,7,27,1210,1,2,2,1,3,149
201600048546,16,7,29,1600,1,2,9,1,3,389
201600048547,16,7,30,230,5,2,7,1,3,389
201600048548,16,7,30,1422,1,1,1,2,7,286
201600048549,16,7,30,2130,5,2,1,3,3,286
201600048550,16,7,30,1945,1,2,2,2,3,149
201600048551,16,8,1,2,5,2,1,1,6,149
201600048552,16,8,2,650,1,2,2,1,3,389
201600048553,16,8,2,1645,1,2,1,1,5,286
201600048554,16,8,3,1445,1,2,1,1,6,382
201600048555,16,8,4,1830,1,2,1,3,2,389
201600048556,16,8,2,1945,1,2,1,1,7,382
201600048557,16,8,5,1055,1,2,1,1,6,389
201600048558,16,8,4,1535,1,2,1,1,2,384
201600048559,16,8,5,1545,1,2,1,1,2,34
201600048560,16,8,5,2025,1,2,1,1,2,382
201600048561,16,8,7,550,2,2,2,1,3,382
201600048562,16,8,8,2229,5,2,2,1,3,382
201600048563,16,8,11,1000,1,2,1,1,6,34
201600048564,16,8,11,1050,1,2,1,1,6,382
201600048565,16,8,12,910,1,2,3,1,3,202
201600048566,16,8,14,2005,1,2,1,1,6,389
201600048567,16,8,18,1615,1,1,3,1,6,389
201600048568,16,8,19,1800,1,2,3,1,6,384
201600048569,16,8,18,2015,2,2,1,1,3,382
201600048570,16,8,20,1245,1,2,1,3,6,81
201600048571,16,8,20,1520,1,1,3,1,3,149
201600048572,16,8,20,1620,1,2,1,2,6,385
201600048573,16,8,22,1400,1,1,3,1,4,149
201600048574,16,8,23,1600,1,2,1,1,6,34
201600048575,16,8,24,1700,1,2,9,1,6,389
201600048576,16,8,24,2040,2,2,1,1,1,384
201600048577,16,8,18,910,1,2,1,3,2,382
201600048578,16,8,25,1700,1,2,1,1,4,34
201600048579,16,8,26,1135,1,2,1,1,6,385
201600048580,16,8,25,2110,5,2,2,1,3,384
201600048581,16,8,27,1120,1,2,2,1,3,81
201600048582,16,8,26,2000,2,2,2,1,3,384
201600048583,16,8,27,1630,1,2,1,1,6,286
201600048584,16,8,30,745,1,2,3,1,6,34
201600048585,16,8,30,1925,1,2,1,1,1,385
201600048586,16,8,30,1700,1,2,1,1,1,384
201600048587,16,8,31,2110,1,2,1,1,6,384
201600048588,16,8,25,1715,1,2,1,1,3,152
201600048589,16,9,2,200,5,2,1,1,6,381
201600048590,16,9,2,920,1,2,1,1,6,385
201600048591,16,9,2,1945,1,1,2,1,3,381
201600048592,16,9,4,1840,1,2,1,1,7,382
201600048593,16,9,2,1450,1,2,3,1,2,286
201600048594,16,9,6,420,5,2,1,1,6,389
201600048595,16,8,30,1320,1,2,2,1,3,382
201600048596,16,9,8,1135,1,2,3,1,6,389
201600048597,16,9,7,1925,1,2,1,1,7,286
201600048598,16,9,8,1345,1,2,2,1,1,382
201600048599,16,9,8,1800,1,2,1,1,6,385
201600048600,16,9,8,2310,5,2,1,1,6,385
201600048601,16,9,8,2300,5,2,5,1,7,389
201600048602,16,9,9,1440,1,2,1,1,7,385
201600048603,16,9,10,446,5,2,2,1,3,149
201600048604,16,9,8,830,1,2,1,1,3,389
201600048605,16,9,12,2115,5,2,2,1,3,385
201600048606,16,9,13,1,5,2,1,1,2,389
201600048607,16,9,2,625,1,2,1,1,3,152
201600048608,16,9,13,1820,1,2,2,1,1,389
201600048609,16,9,13,1655,1,2,1,1,7,385
201600048610,16,9,13,1716,1,1,1,1,6,142
201600048611,16,9,15,1900,1,2,1,1,3,286
201600048612,16,9,15,2200,5,2,2,1,5,381
201600048613,16,9,16,900,1,2,1,2,3,286
201600048614,16,9,11,1030,1,2,1,1,6,34
201600048615,16,9,16,5,5,2,3,1,3,389
201600048616,16,9,16,1725,1,2,1,1,1,382
201600048617,16,9,17,1315,1,2,9,8,6,381
201600048618,16,9,17,1745,1,2,1,2,3,389
201600048619,16,9,17,2035,5,2,3,2,3,382
201600048620,16,9,18,715,1,1,1,1,2,381
201600048621,16,9,18,1515,1,1,1,2,7,152
201600048622,16,9,17,1710,1,2,1,1,6,382
201600048623,16,9,19,725,1,2,2,1,3,202
201600048624,16,9,20,1105,1,2,1,1,6,385
201600048625,16,9,20,1215,1,2,1,1,6,389
201600048626,16,9,20,1525,1,2,5,1,6,385
201600048627,16,9,21,1935,2,2,2,1,3,385
201600048628,16,9,19,136,5,2,5,1,3,382
201600048629,16,9,8,1700,1,2,1,1,6,381
201600048630,16,9,18,1145,1,2,1,2,7,34
201600048631,16,9,22,1800,1,2,2,1,3,389
201600048632,16,9,22,1830,1,2,2,1,3,34
201600048633,16,9,23,1655,1,2,3,1,3,389
201600048634,16,9,23,1745,1,2,1,1,3,202
201600048635,16,9,24,1235,1,2,1,1,6,34
201600048636,16,9,24,1950,2,2,1,1,3,389
201600048637,16,9,25,1027,1,2,1,1,3,382
201600048638,16,9,25,1550,1,2,1,1,6,34
201600048639,16,9,27,640,5,2,1,1,6,149
201600048640,16,9,28,1720,1,2,1,1,3,385
201600048641,16,9,28,2000,5,1,1,1,1,149
201600048642,16,9,29,811,1,2,9,1,6,389
201600048643,16,9,29,1530,1,2,1,1,2,286
201600048644,16,9,29,1200,1,2,6,1,3,81
201600048645,16,9,30,1330,1,2,1,1,2,389
201600048646,16,10,1,1030,1,2,7,2,2,384
201600048647,16,10,3,1315,1,2,1,1,6,81
201600048648,16,9,24,815,1,1,1,1,2,381
201600048649,16,10,4,20,5,2,1,1,6,382
201600048650,16,10,3,750,1,2,3,1,2,286
201600048651,16,10,4,1110,1,2,1,1,6,381
201600048652,16,10,2,1140,1,2,1,1,3,34
201600048653,16,10,5,1515,1,2,2,1,3,286
201600048654,16,10,6,1530,1,2,1,1,2,382
201600048655,16,10,6,1640,1,2,1,1,3,286
201600048656,16,10,5,1830,1,2,1,1,6,34
201600048657,16,10,7,840,1,2,1,1,2,389
201600048658,16,10,7,1800,1,2,1,1,3,286
201600048659,16,10,8,115,5,2,1,1,1,149
201600048660,16,10,6,715,1,1,1,1,3,34
201600048661,16,10,10,740,2,1,1,9,7,81
201600048662,16,10,10,1240,1,2,1,1,6,152
201600048663,16,10,10,1730,1,1,1,1,2,142
201600048664,16,10,11,835,1,2,1,1,3,382
201600048665,16,10,11,840,1,2,1,1,3,142
201600048666,16,10,12,930,1,2,1,1,2,385
201600048667,16,10,12,1403,1,2,1,1,6,149
201600048668,16,10,13,740,5,2,3,2,6,152
201600048669,16,10,12,1730,1,2,5,1,6,34
201600048670,16,10,10,1105,1,2,1,1,1,381
201600048671,16,10,10,1205,1,2,1,1,3,385
201600048672,16,10,14,1530,1,2,1,3,1,385
201600048673,16,10,14,1604,1,2,1,2,3,385
201600048674,16,10,14,1955,5,2,2,8,6,382
201600048675,16,10,14,1800,1,2,1,2,2,389
201600048676,16,10,15,730,2,2,1,1,6,381
201600048677,16,10,15,1640,1,2,2,1,6,382
201600048678,16,10,15,1440,1,1,1,1,1,286
201600048679,16,10,16,600,5,2,1,1,6,381
201600048680,16,10,16,915,1,2,3,1,1,389
201600048681,16,10,16,1620,1,2,1,1,2,389
201600048682,16,10,17,1745,1,2,1,1,6,389
201600048683,16,10,18,730,2,2,1,1,3,34
201600048684,16,10,18,830,1,1,1,1,3,389
201600048685,16,10,18,1635,1,2,1,1,6,149
201600048686,16,10,19,1230,1,2,3,1,3,34
201600048687,16,10,18,1655,1,1,1,1,7,286
201600048688,16,10,21,145,5,2,1,1,3,384
201600048689,16,10,21,640,5,2,1,1,6,202
201600048690,16,10,14,2015,5,2,3,2,3,385
201600048691,16,10,22,245,5,2,1,1,1,382
201600048692,16,10,5,1600,1,2,1,1,6,381
201600048693,16,10,25,1000,1,2,1,3,3,389
201600048694,16,10,25,1840,5,2,1,2,6,385
201600048695,16,10,25,2310,5,2,3,2,3,389
201600048696,16,10,26,1215,1,2,1,2,1,202
201600048697,16,10,26,1401,1,2,1,1,2,385
201600048698,16,10,26,1750,1,2,1,1,6,389
201600048699,16,10,27,1235,1,2,1,1,2,34
201600048700,16,10,27,2030,5,2,1,1,6,384
201600048701,16,10,30,1500,1,2,1,1,3,382
201600048702,16,10,30,1335,1,2,1,1,3,385
201600048703,16,10,31,1530,1,1,3,1,3,382
201600048704,16,11,1,1115,1,2,4,1,3,385
201600048705,16,11,2,1325,1,2,1,1,2,384
201600048706,16,11,3,1130,1,2,1,1,3,389
201600048707,16,11,4,1430,1,2,1,8,6,381
201600048708,16,11,5,1905,5,2,3,3,6,385