Num_Acc,an,mois,jour,hrmn,lum,agg,int,atm,col,com
201600048709,16,11,5,2030,5,2,3,3,3,149
201600048710,16,11,7,210,5,2,1,2,1,142
201600048711,16,11,8,950,1,2,3,1,3,389
201600048712,16,11,8,1205,1,2,1,1,6,382
201600048713,16,11,10,1000,1,2,2,2,3,81
201600048714,16,11,8,914,1,2,1,1,7,34
201600048715,16,11,13,1320,1,2,2,2,3,385
201600048716,16,11,13,1400,1,2,1,8,3,34
201600048717,16,11,12,1840,2,2,1,1,7,34
201600048718,16,11,15,2030,5,1,2,1,3,382
201600048719,16,11,9,1915,5,2,1,2,3,152
201600048720,16,11,16,1750,1,2,1,1,6,34
201600048721,16,11,16,1940,5,2,1,2,3,382
201600048722,16,11,17,1740,5,2,1,1,1,385
201600048723,16,11,12,1200,1,2,1,1,5,381
201600048724,16,11,18,445,5,2,1,1,6,381
201600048725,16,11,18,900,1,2,1,2,6,389
201600048726,16,11,18,1030,1,2,1,2,7,389
201600048727,16,11,18,1715,2,2,1,1,6,286
201600048728,16,11,19,1140,1,2,1,1,6,286
201600048729,16,11,20,2105,5,2,1,1,7,385
201600048730,16,11,11,1045,1,2,3,1,3,34
201600048731,16,11,21,1740,5,2,1,1,6,384
201600048732,16,11,22,1015,1,2,1,2,3,286
201600048733,16,11,5,2040,5,2,1,3,2,382
201600048734,16,11,22,2000,5,2,1,1,7,286
201600048735,16,11,24,825,1,2,9,2,6,384
201600048736,16,11,24,1710,5,2,2,8,3,385
201600048737,16,11,25,1610,1,2,1,1,6,81
201600048738,16,11,25,1730,4,2,1,1,6,381
201600048739,16,11,25,1930,5,2,1,1,6,385
201600048740,16,11,26,1010,1,2,1,1,3,381
201600048741,16,10,16,450,5,2,1,1,6,152
201600048742,16,11,28,1646,2,2,1,1,5,381
201600048743,16,11,28,1730,3,2,1,1,3,286
201600048744,16,11,28,1945,5,2,1,1,4,389
201600048745,16,11,29,1600,1,2,1,1,6,382
201600048746,16,11,29,1900,5,2,3,1,6,389
201600048747,16,12,1,1300,1,2,1,1,6,382
201600048748,16,12,2,820,1,2,1,1,2,389
201600048749,16,11,30,1510,1,2,1,1,1,34
201600048750,16,12,2,1850,5,2,1,1,4,286
201600048751,16,12,5,1905,5,2,1,1,7,286
201600048752,16,12,6,750,2,2,3,1,6,149
201600048753,16,12,8,1025,1,2,2,1,6,385
201600048754,16,12,9,1055,1,2,1,1,2,382
201600048755,16,12,10,950,1,2,1,1,6,389
201600048756,16,12,10,1420,1,2,7,1,6,385
201600048757,16,12,11,940,1,1,1,1,2,34
201600048758,16,12,12,1720,5,2,1,1,3,81
201600048759,16,12,12,1825,5,2,1,1,2,382
201600048760,16,12,11,1320,1,2,9,1,3,381
201600048761,16,12,13,640,3,2,1,1,2,202
201600048762,16,12,13,940,1,2,3,1,1,34
201600048763,16,12,13,1430,1,2,6,1,3,286
201600048764,16,12,13,1720,5,2,3,1,6,389
201600048765,16,12,14,1320,1,2,1,5,6,34
201600048766,16,12,14,1540,1,2,1,1,4,389
201600048767,16,12,15,740,2,1,1,1,7,385
201600048768,16,12,16,1220,1,2,1,1,6,389
201600048769,16,12,17,130,5,2,1,5,1,381
201600048770,16,12,17,1930,5,2,1,5,2,286
201600048771,16,12,19,730,5,2,1,2,6,149
201600048772,16,12,21,1445,1,2,3,1,3,389
201600048773,16,12,23,835,1,2,1,1,2,389
201600048774,16,12,23,715,5,2,3,1,1,385
201600048775,16,12,22,1930,5,2,3,1,3,286
201600048776,16,12,22,1933,5,2,1,1,6,286
201600048777,16,12,24,2100,5,2,1,1,6,381
201600048778,16,12,25,1300,1,2,1,1,3,34
201600048779,16,12,23,340,5,2,1,2,2,382
201600048780,16,12,28,1940,5,2,1,8,6,286
201600048781,16,12,19,2050,5,2,1,1,6,149
201600048782,16,12,30,2130,4,2,1,1,6,34
201600048783,16,12,29,1350,1,2,1,1,3,286
201600048784,16,12,14,5,3,1,1,1,6,603
201600048785,16,12,16,835,1,1,1,1,2,458
201600048786,16,12,25,745,3,1,1,1,6,350
201600048787,16,12,28,1945,3,1,1,5,6,43
201600048788,16,6,9,1150,1,1,1,1,7,202
201600048789,16,11,24,1750,5,1,1,1,7,196
201600048790,16,1,4,1300,1,1,1,1,7,346
201600048791,16,1,7,1330,1,1,1,1,7,9
201600048792,16,1,1,425,3,1,1,1,6,508
201600048793,16,1,14,920,1,1,1,2,4,196
201600048794,16,1,14,2000,1,1,1,5,5,491
201600048795,16,1,21,705,3,1,1,6,6,196
201600048796,16,1,18,400,3,1,1,1,5,427
201600048797,16,1,15,1825,3,1,1,2,5,580
201600048798,16,1,24,1245,1,1,1,1,7,646
201600048799,16,1,27,1805,3,1,1,2,2,523
201600048800,16,1,29,405,4,1,1,1,7,9
201600048801,16,2,15,2120,3,1,1,1,6,378
201600048802,16,2,12,2005,3,1,1,1,4,475
201600048803,16,2,16,1850,3,1,1,1,7,410
201600048804,16,1,31,1430,1,1,1,2,7,646
201600048805,16,2,1,10,5,1,1,2,7,498
201600048806,16,2,4,1610,1,1,1,2,2,94
201600048807,16,2,15,1730,2,1,1,1,3,274
201600048808,16,2,9,2250,3,1,1,1,5,360
201600048809,16,2,6,2015,3,1,1,1,4,343
201600048810,16,2,6,2207,3,1,1,1,1,431
201600048811,16,2,7,620,5,1,1,2,5,350
201600048812,16,2,19,1520,1,1,1,1,5,507
201600048813,16,3,5,1500,1,1,1,8,7,350
201600048814,16,3,6,220,5,1,1,2,7,350
201600048815,16,3,12,1615,1,1,1,1,2,274
201600048816,16,2,28,730,1,1,1,1,2,350
201600048817,16,2,29,1240,1,1,1,1,5,569
201600048818,16,2,29,2320,5,1,1,1,7,462
201600048819,16,3,4,145,5,1,1,1,6,646
201600048820,16,3,10,2130,5,1,1,1,7,350
201600048821,16,3,11,1730,1,1,1,1,6,360
201600048822,16,3,19,2220,3,1,1,1,2,90
201600048823,16,3,20,1620,1,1,1,1,2,249
201600048824,16,3,20,1700,1,1,1,1,7,143
201600048825,16,3,20,1845,1,1,1,1,7,196
201600048826,16,4,5,815,1,1,1,1,7,646
201600048827,16,4,5,1420,1,1,1,1,7,274
201600048828,16,4,10,1635,1,1,1,1,4,343
201600048829,16,3,25,1745,1,1,1,1,4,274
201600048830,16,3,28,1115,1,1,1,2,6,195
201600048831,16,3,31,510,5,1,1,1,7,193
201600048832,16,4,13,1110,1,1,1,2,4,128
201600048833,16,4,6,1020,1,1,1,1,2,271
201600048834,16,4,10,1045,1,1,1,1,7,528
201600048835,16,4,23,915,1,1,1,1,7,459
201600048836,16,4,27,2057,1,1,1,1,7,852
201600048837,16,4,30,1245,1,1,1,1,7,123
201600048838,16,4,22,920,1,1,1,1,5,350
201600048839,16,5,4,2340,3,1,1,1,7,234
201600048840,16,5,15,1845,1,1,1,1,7,195
201600048841,16,5,18,2055,1,1,1,8,7,195
201600048842,16,5,26,750,1,1,1,1,6,637
201600048843,16,5,30,905,1,1,1,1,7,9
201600048844,16,5,30,905,1,1,1,1,2,523
201600048845,16,5,31,1220,1,1,1,1,6,449
201600048846,16,5,1,1400,1,1,1,1,6,507
201600048847,16,5,8,20,3,1,1,1,7,274
201600048848,16,5,10,2210,5,1,1,2,7,360
201600048849,16,5,11,2330,5,1,1,2,7,9
201600048850,16,5,28,455,5,1,1,1,7,193
201600048851,16,5,7,520,5,1,1,1,7,9
201600048852,16,5,5,630,1,1,1,1,2,155
201600048853,16,5,28,1110,1,1,1,1,6,383
201600048854,16,5,3,1400,1,1,1,1,2,350
201600048855,16,5,5,830,1,1,1,1,2,260
201600048856,16,7,1,505,3,1,1,2,6,43
201600048857,16,7,1,740,1,1,1,8,6,346
201600048858,16,7,1,2030,1,1,1,3,6,479
201600048859,16,7,4,750,1,1,1,1,6,80
201600048860,16,7,4,1700,1,1,1,8,4,603
201600048861,16,7,9,1800,1,1,1,7,6,274
201600048862,16,7,10,1245,1,1,1,1,6,143
201600048863,16,7,13,330,4,1,1,1,7,560
201600048864,16,7,19,1145,1,1,1,1,4,146
201600048865,16,7,20,2030,1,1,1,1,6,343
201600048866,16,6,1,2225,3,1,1,1,1,479
201600048867,16,6,1,1745,1,1,1,1,4,523
201600048868,16,6,6,830,1,1,1,1,7,462
201600048869,16,6,6,830,1,1,1,1,2,586
201600048870,16,6,8,740,1,1,1,1,2,271
201600048871,16,6,12,35,3,1,1,2,7,327
201600048872,16,6,28,1620,1,1,1,1,4,288
201600048873,16,6,17,1715,1,1,1,1,2,288
201600048874,16,6,19,1945,1,1,1,1,6,479
201600048875,16,6,22,315,3,1,1,1,6,510
201600048876,16,6,23,800,1,1,1,2,2,378
201600048877,16,6,25,110,3,1,1,1,7,479
201600048878,16,6,25,430,3,1,1,1,6,548
201600048879,16,7,20,845,1,1,1,1,6,606
201600048880,16,7,24,950,1,1,1,1,7,350
201600048881,16,7,20,1350,1,1,1,1,4,588
201600048882,16,7,23,1635,1,1,1,1,5,340
201600048883,16,7,24,1615,1,1,1,1,4,588
201600048884,16,7,29,5,3,1,1,2,7,179
201600048885,16,8,2,900,1,1,1,1,2,274
201600048886,16,8,6,655,1,1,1,1,4,378
201600048887,16,8,7,200,3,1,1,1,7,205
201600048888,16,7,13,1000,1,1,1,2,2,523
201600048889,16,7,11,120,3,1,1,1,1,634
201600048890,16,7,16,700,2,1,1,1,6,143
201600048891,16,8,13,250,3,1,1,1,6,159
201600048892,16,8,9,1840,1,1,1,1,6,43
201600048893,16,8,16,1415,1,1,1,1,7,351
201600048894,16,8,18,1720,1,1,1,1,7,569
201600048895,16,8,21,1610,1,1,1,1,7,343
201600048896,16,8,23,125,5,1,1,1,6,350
201600048897,16,8,24,945,1,1,1,1,2,196
201600048898,16,8,26,900,1,1,1,1,7,350
201600048899,16,8,26,1755,1,1,1,1,7,205
201600048900,16,8,25,1820,1,1,1,1,4,431
201600048901,16,8,28,2030,1,1,1,1,6,507
201600048902,16,8,29,2215,3,1,1,1,2,305
201600048903,16,8,29,1230,1,1,1,1,2,195
201600048904,16,9,1,1600,1,1,1,1,2,410
201600048905,16,9,9,855,1,1,1,1,7,143
201600048906,16,9,9,1745,1,1,1,1,2,624
201600048907,16,9,10,400,3,1,1,1,2,350
201600048908,16,9,15,1430,1,1,1,1,3,378
201600048909,16,9,16,720,2,1,1,1,2,202
201600048910,16,9,16,915,1,1,1,1,4,566
201600048911,16,9,19,2250,3,1,1,1,5,350
201600048912,16,9,23,1755,1,1,1,1,3,603
201600048913,16,9,23,1915,2,1,1,1,7,350
201600048914,16,9,28,400,5,1,1,1,2,386
201600048915,16,9,30,745,2,1,1,1,3,560
201600048916,16,10,1,750,2,1,1,1,2,646
201600048917,16,10,1,2120,3,1,1,2,2,665
201600048918,16,10,6,900,1,1,1,1,3,378
201600048919,16,10,6,1715,1,1,1,1,5,646
201600048920,16,10,7,900,1,1,1,1,3,386
201600048921,16,10,7,945,1,1,1,1,2,350
201600048922,16,9,27,800,1,1,1,1,1,646
201600048923,16,10,9,2045,3,1,1,1,6,193
201600048924,16,10,16,2215,5,1,1,2,6,346
201600048925,16,10,20,1740,1,1,1,1,6,343
201600048926,16,10,30,1600,1,1,1,1,2,426
201600048927,16,11,26,2230,3,1,9,1,6,498
201600048928,16,10,29,115,5,1,1,1,6,350
201600048929,16,11,3,1830,2,1,1,1,7,507
201600048930,16,10,18,1900,1,1,1,2,4,646
201600048931,16,11,6,315,3,1,1,8,7,350
201600048932,16,11,10,415,3,1,1,1,2,427
201600048933,16,10,24,1130,1,1,1,1,2,459
201600048934,16,11,10,945,1,1,1,1,3,278
201600048935,16,11,10,2350,5,1,1,2,6,350
201600048936,16,11,11,1015,1,1,1,2,7,343
201600048937,16,11,11,700,2,1,1,8,2,286
201600048938,16,11,12,1500,1,1,1,2,6,193
201600048939,16,11,14,2110,3,1,1,2,6,414
201600048940,16,11,15,15,3,1,1,2,2,215
201600048941,16,11,15,850,1,1,1,1,7,143
201600048942,16,11,15,1900,3,1,1,1,2,462
201600048943,16,11,17,1800,2,1,1,1,6,498
201600048944,16,11,19,430,3,1,1,1,6,350
201600048945,16,11,19,645,5,1,1,2,1,278
201600048946,16,11,22,800,2,1,1,1,3,350
201600048947,16,11,22,1700,2,1,1,1,6,350
201600048948,16,11,29,1340,1,1,1,1,2,585
201600048949,16,11,30,2330,3,1,1,1,6,587
201600048950,16,11,29,1925,3,1,1,1,5,178
201600048951,16,12,5,1315,1,1,1,1,2,350
201600048952,16,12,7,1100,1,1,1,1,4,350
201600048953,16,12,9,1600,1,1,1,1,2,28
201600048954,16,12,4,245,3,1,1,1,6,343
201600048955,16,12,12,2245,3,1,1,2,6,360
201600048956,16,1,1,1910,2,2,1,1,6,388
201600048957,16,1,2,1445,1,2,1,2,6,387
201600048958,16,12,9,540,5,2,7,1,3,387
201600048959,16,1,4,1145,1,2,3,1,3,388
201600048960,16,1,4,1730,5,2,1,1,3,259
201600048961,16,1,4,1910,5,2,9,2,6,386
201600048962,16,1,4,1920,5,2,1,2,6,386
201600048963,16,1,5,645,5,2,2,1,3,387
201600048964,16,1,5,1230,1,2,1,1,1,388
201600048965,16,1,2,1205,1,2,2,1,3,386
201600048966,16,1,6,800,1,2,1,1,2,387
201600048967,16,1,4,1915,5,2,1,2,6,388
201600048968,16,1,6,920,1,2,2,1,3,388
201600048969,16,1,6,1746,5,2,3,2,3,259
201600048970,16,1,6,1800,2,2,2,2,1,383
201600048971,16,1,6,2215,5,2,1,1,3,259
201600048972,16,1,7,745,3,2,1,3,6,388
201600048973,16,1,8,840,1,2,1,2,6,383
201600048974,16,1,8,1315,1,2,9,1,6,259
201600048975,16,1,9,1315,1,2,3,1,3,387
201600048976,16,12,24,130,5,2,2,1,3,386
201600048977,16,1,10,1510,1,2,1,2,6,383
201600048978,16,1,10,2240,5,2,1,2,6,383
201600048979,16,1,11,740,1,2,3,1,5,387
201600048980,16,1,11,1700,1,2,1,1,6,259
201600048981,16,1,12,1245,1,2,2,1,3,386
201600048982,16,1,12,2039,5,2,2,1,6,388
201600048983,16,1,13,810,1,2,1,1,1,259
201600048984,16,1,14,320,5,2,2,1,6,386
201600048985,16,1,9,1140,1,2,3,1,3,387
201600048986,16,1,15,825,1,2,2,1,6,386
201600048987,16,1,8,1930,5,2,2,1,3,388
201600048988,16,1,15,750,1,2,2,1,1,383
201600048989,16,1,15,1630,1,2,3,2,3,387
201600048990,16,1,15,1420,1,2,1,1,3,259
201600048991,16,1,18,417,5,2,2,1,3,259
201600048992,16,1,18,1400,1,2,2,1,3,383
201600048993,16,1,18,1625,1,2,1,2,6,388
201600048994,16,1,20,830,1,2,2,1,6,388
201600048995,16,1,21,650,5,2,3,1,6,388
201600048996,16,1,22,845,1,2,2,1,3,387
201600048997,16,1,22,1537,1,2,3,1,3,387
201600048998,16,1,22,1806,5,2,1,1,3,383
201600048999,16,1,22,2154,5,2,1,3,6,383
201600049000,16,1,23,1840,5,2,1,1,6,259
201600049001,16,1,24,1050,1,2,3,1,5,383
201600049002,16,1,25,1010,1,2,1,1,6,388
201600049003,16,1,25,1220,1,2,1,1,6,387
201600049004,16,1,26,1055,1,2,1,1,3,383
201600049005,16,1,26,1140,1,2,1,1,3,386
201600049006,16,1,27,825,1,2,2,1,3,386
201600049007,16,1,27,820,1,2,3,1,6,388
201600049008,16,1,27,2340,5,2,1,1,3,383
201600049009,16,1,26,1440,1,2,2,1,3,386
201600049010,16,1,28,1250,1,2,9,1,6,386
201600049011,16,1,28,1550,1,2,9,1,3,199
201600049012,16,1,29,1305,1,2,1,1,7,259
201600049013,16,1,29,1115,1,2,1,1,6,388
201600049014,16,1,29,1920,1,2,2,1,3,387
201600049015,16,1,31,410,5,2,1,2,3,383
201600049016,16,1,31,550,5,2,9,1,2,383
201600049017,16,1,31,1250,1,1,1,1,2,387
201600049018,16,2,1,1540,1,2,1,1,6,386
201600049019,16,2,2,1635,1,2,1,1,1,199
201600049020,16,2,2,1700,2,2,3,1,3,276
201600049021,16,2,3,1625,1,2,1,2,3,259
201600049022,16,2,3,2330,5,2,2,1,1,383
201600049023,16,12,13,1930,2,2,1,1,2,387
201600049024,16,2,4,755,1,2,1,1,3,259
201600049025,16,2,4,1020,1,2,2,1,3,387
201600049026,16,2,5,800,1,2,1,8,6,259
201600049027,16,2,8,1850,5,2,1,1,3,259
201600049028,16,2,10,1250,1,2,1,1,6,383
201600049029,16,2,11,2130,5,2,1,8,2,387
201600049030,16,2,12,1825,5,2,2,8,6,383
201600049031,16,2,13,230,5,2,2,1,3,387
201600049032,16,2,13,1545,1,2,1,1,6,383
201600049033,16,2,14,1700,1,2,3,1,3,199
201600049034,16,2,15,1130,1,2,1,1,6,388
201600049035,16,2,13,1110,1,2,1,1,2,388
201600049036,16,12,2,1730,5,2,1,1,4,383
201600049037,16,2,16,2210,5,2,1,1,6,386
201600049038,16,2,17,1830,5,2,1,1,6,259
201600049039,16,2,20,1040,1,2,1,1,2,383
201600049040,16,12,17,310,5,2,1,1,6,387
201600049041,16,2,21,2000,5,2,1,1,5,259
201600049042,16,2,22,1435,1,2,2,2,6,386
201600049043,16,2,23,700,2,2,2,2,6,388
201600049044,16,2,25,600,5,2,1,2,7,259
201600049045,16,2,25,855,1,2,2,1,2,383
201600049046,16,2,27,1625,1,1,1,1,3,383
201600049047,16,2,27,1845,2,2,1,1,6,199
201600049048,16,2,28,1940,5,2,1,1,6,388
201600049049,16,3,1,2340,5,2,2,1,3,383
201600049050,16,3,2,830,1,2,1,2,2,259
201600049051,16,3,3,740,1,2,3,1,3,388
201600049052,16,3,3,1500,1,1,2,1,3,259
201600049053,16,3,4,525,5,2,1,1,6,386
201600049054,16,3,5,940,1,2,3,1,1,388
201600049055,16,3,5,910,1,2,3,1,3,383
201600049056,16,3,6,1145,1,2,1,1,6,388
201600049057,16,3,6,2055,5,2,1,1,3,387
201600049058,16,3,6,2050,5,2,1,1,5,259
201600049059,16,3,7,600,5,2,1,1,5,387
201600049060,16,3,7,1650,1,2,1,2,5,259
201600049061,16,3,8,1200,1,2,2,1,6,199
201600049062,16,3,9,935,1,2,1,1,3,383
201600049063,16,3,9,1545,1,2,2,3,3,386
201600049064,16,3,8,1650,1,2,1,8,6,387
201600049065,16,3,10,2350,5,2,2,1,3,387
201600049066,16,3,11,1705,1,2,1,1,3,386
201600049067,16,3,12,1400,1,2,3,1,6,383
201600049068,16,3,12,1415,1,1,2,1,5,276
201600049069,16,3,12,1505,1,2,1,1,2,387
201600049070,16,3,13,2130,5,2,2,1,3,383
201600049071,16,3,14,1600,1,2,1,1,3,387
201600049072,16,3,15,1150,1,2,2,1,3,386
201600049073,16,3,16,920,1,2,1,1,3,259
201600049074,16,3,16,1330,1,2,1,3,3,259
201600049075,16,3,16,1310,1,2,6,2,3,259
201600049076,16,3,16,1620,1,2,1,2,2,259
201600049077,16,3,16,2045,5,2,2,2,6,388
201600049078,16,3,17,128,3,2,1,2,6,259
201600049079,16,3,17,928,1,2,1,1,6,388
201600049080,16,3,17,1550,1,2,1,1,6,388
201600049081,16,3,17,1150,1,2,9,1,3,388
201600049082,16,3,18,930,1,1,3,1,1,387
201600049083,16,3,14,1045,1,2,1,1,6,388
201600049084,16,3,20,2020,5,2,1,1,7,199
201600049085,16,3,22,1400,1,2,1,1,3,259
201600049086,16,3,22,1610,1,2,2,1,6,386
201600049087,16,3,22,1930,3,2,1,1,6,388
201600049088,16,3,23,925,1,2,1,1,1,383
201600049089,16,3,23,1346,1,1,1,1,1,383
201600049090,16,3,23,1635,1,2,1,1,2,386
201600049091,16,3,23,1400,1,2,2,1,3,383
201600049092,16,3,24,1145,1,2,1,1,6,259
201600049093,16,3,24,1700,1,2,1,1,6,259
201600049094,16,3,25,930,1,2,2,1,3,388
201600049095,16,3,25,1235,1,2,1,8,6,383
201600049096,16,3,25,1450,1,2,7,1,3,388
201600049097,16,3,25,2215,5,2,2,2,3,387
201600049098,16,3,26,200,5,2,2,1,3,388
201600049099,16,3,25,1200,1,2,9,2,6,259
201600049100,16,3,26,455,5,2,1,1,6,388
201600049101,16,3,28,2005,5,2,2,1,1,383
201600049102,16,3,30,740,1,2,1,1,6,387
201600049103,16,3,30,930,1,2,1,1,6,199
201600049104,16,3,30,1440,1,2,1,1,6,259
201600049105,16,3,31,640,2,2,1,1,2,388
201600049106,16,3,31,2020,5,2,2,1,3,259
201600049107,16,3,31,1940,1,2,2,1,3,383
201600049108,16,4,1,1705,1,2,2,1,3,387
201600049109,16,4,2,1740,1,2,9,1,6,276
201600049110,16,4,2,1830,1,2,1,1,6,388
201600049111,16,4,3,1940,1,2,1,1,3,388
201600049112,16,4,4,1750,1,2,1,1,7,199
201600049113,16,4,5,1320,1,2,1,2,6,386
201600049114,16,4,4,1930,1,2,1,1,6,388
201600049115,16,4,5,1650,1,2,1,3,4,259
201600049116,16,4,5,2248,5,2,2,3,3,259
201600049117,16,4,6,835,1,2,1,1,1,383
201600049118,16,4,7,710,1,2,3,1,3,383
201600049119,16,4,6,1245,1,2,1,1,6,386
201600049120,16,4,7,1515,1,2,1,1,1,383
201600049121,16,4,7,1525,1,2,2,1,3,387
201600049122,16,4,8,955,1,2,3,1,6,387
201600049123,16,4,8,1550,1,2,1,1,6,383
201600049124,16,4,8,1530,1,2,1,1,3,383
201600049125,16,4,9,2050,2,2,1,1,6,387
201600049126,16,4,10,1415,1,2,2,1,3,388
201600049127,16,4,11,1200,1,2,1,1,3,387
201600049128,16,4,11,1720,1,2,1,1,3,199
201600049129,16,4,11,2145,5,2,2,1,4,388
201600049130,16,4,12,1425,1,2,1,1,1,388
201600049131,16,4,14,800,1,2,3,1,3,383
201600049132,16,4,16,1023,1,1,1,1,3,386
201600049133,16,4,16,1920,1,2,1,1,6,388
201600049134,16,4,16,1520,1,2,1,1,2,386
201600049135,16,4,19,1320,1,2,3,1,3,388
201600049136,16,4,19,1800,1,2,2,1,6,276
201600049137,16,4,21,1310,1,2,1,1,6,387
201600049138,16,4,21,1730,1,2,2,1,3,383
201600049139,16,4,21,1935,1,2,1,1,6,387
201600049140,16,4,22,1205,1,2,1,1,2,259
201600049141,16,4,23,1130,1,1,1,1,3,386
201600049142,16,4,23,1750,1,2,2,2,6,387
201600049143,16,4,25,900,1,2,2,1,3,387
201600049144,16,4,24,2000,1,2,2,1,1,386
201600049145,16,4,25,1450,1,2,1,1,6,386
201600049146,16,4,25,1600,1,2,1,1,6,388
201600049147,16,4,25,1830,1,2,1,1,6,383
201600049148,16,4,25,1845,1,2,7,1,3,387
201600049149,16,4,25,1930,1,2,4,1,3,388
201600049150,16,4,26,1030,1,2,2,1,3,383
201600049151,16,4,20,1204,1,2,2,1,3,383
201600049152,16,4,26,1545,1,2,1,8,3,383
201600049153,16,4,26,2040,2,2,1,2,6,387
201600049154,16,3,23,1440,1,2,2,1,3,386
201600049155,16,4,27,1750,1,2,1,1,6,388
201600049156,16,4,28,1030,1,1,1,1,6,383
201600049157,16,4,28,1400,1,2,4,1,3,383
201600049158,16,4,28,1710,1,2,2,1,6,386
201600049159,16,4,29,940,1,2,2,1,3,386
201600049160,16,4,29,955,1,2,1,1,6,388
201600049161,16,4,28,1952,1,2,1,1,3,388
201600049162,16,4,28,1815,1,2,1,1,6,388
201600049163,16,4,29,1500,1,2,1,1,6,387
201600049164,16,5,2,845,1,1,1,1,3,388
201600049165,16,5,2,1025,1,2,3,1,4,387
201600049166,16,5,2,1100,1,2,1,1,6,387
201600049167,16,5,3,745,1,2,1,1,2,383
201600049168,16,5,3,1140,1,2,1,1,6,383
201600049169,16,4,29,1100,1,2,3,1,3,387
201600049170,16,5,2,1325,1,2,2,1,3,388
201600049171,16,5,5,1233,1,2,2,1,3,259
201600049172,16,5,7,510,1,1,1,1,7,276
201600049173,16,5,7,1550,1,2,1,1,3,386
201600049174,16,5,8,45,5,2,1,1,6,383
201600049175,16,5,8,1245,1,2,1,1,6,383
201600049176,16,5,8,2310,4,2,3,2,3,199
201600049177,16,5,9,920,1,2,1,1,1,383
201600049178,16,5,9,1515,1,2,1,2,7,383
201600049179,16,5,9,1524,1,2,2,1,3,388
201600049180,16,5,10,615,2,2,3,2,3,199
201600049181,16,5,10,1000,1,2,2,2,3,259
201600049182,16,5,10,1200,1,2,1,1,4,386
201600049183,16,5,11,1030,1,2,1,3,6,383
201600049184,16,5,11,850,1,2,1,2,6,387
201600049185,16,5,10,1710,1,2,1,1,3,387
201600049186,16,5,12,745,1,2,3,1,6,383
201600049187,16,5,12,945,1,2,1,1,3,388
201600049188,16,5,12,2005,1,2,3,1,3,388
201600049189,16,5,12,2245,5,2,2,1,3,259
201600049190,16,5,13,830,1,2,2,3,3,388
201600049191,16,5,13,1005,1,2,2,3,3,386
201600049192,16,5,13,1000,1,2,1,2,3,259
201600049193,16,5,13,1820,1,2,2,1,6,387
201600049194,16,5,13,1700,1,2,1,1,6,387
201600049195,16,5,13,1700,1,2,2,1,3,387
201600049196,16,5,15,1515,1,2,1,1,6,259
201600049197,16,5,17,1005,1,2,1,1,6,387
201600049198,16,5,17,1910,1,2,1,1,6,386
201600049199,16,5,17,2040,1,2,2,1,3,386
201600049200,16,5,18,1810,1,2,1,1,6,276
201600049201,16,5,19,1320,1,2,2,2,3,383
201600049202,16,5,20,800,1,2,1,1,6,383
201600049203,16,5,17,840,1,2,3,1,1,387
201600049204,16,5,20,1720,1,2,3,1,4,387
201600049205,16,5,20,2230,5,2,1,1,2,387
201600049206,16,5,20,1025,1,2,1,1,2,388
201600049207,16,5,20,1115,1,2,2,1,1,387
201600049208,16,5,21,500,2,2,2,1,6,259
201600049209,16,5,20,1440,1,2,2,1,3,388
201600049210,16,5,21,1220,1,2,1,1,3,387
201600049211,16,5,21,310,5,2,2,1,1,387
201600049212,16,5,24,555,2,2,2,1,6,259
201600049213,16,5,24,910,1,2,2,1,3,259
201600049214,16,5,24,1025,1,2,1,1,6,259
201600049215,16,5,25,800,1,2,1,1,6,259
201600049216,16,5,23,2035,2,2,3,2,3,387
201600049217,16,5,25,1140,1,2,1,1,5,259
201600049218,16,5,23,1215,1,2,2,2,3,383
201600049219,16,5,25,2320,5,2,2,1,3,387
201600049220,16,5,26,1345,1,2,1,1,6,388
201600049221,16,5,26,1830,1,1,1,1,6,387
201600049222,16,5,26,510,5,2,2,1,3,387
201600049223,16,5,26,1200,1,2,1,1,6,383
201600049224,16,5,27,1230,1,2,1,1,6,259
201600049225,16,5,27,2050,1,2,1,1,6,387
201600049226,16,5,28,1830,1,2,1,2,3,383
201600049227,16,5,29,1400,1,2,1,1,6,387
201600049228,16,5,30,1325,1,2,6,1,3,276
201600049229,16,5,31,645,2,2,2,2,6,383
201600049230,16,5,31,855,1,2,1,2,3,383
201600049231,16,5,31,1515,1,2,1,1,2,386
201600049232,16,6,2,1730,1,2,1,2,6,383
201600049233,16,6,3,810,1,1,2,1,3,387
201600049234,16,6,3,1135,1,2,1,1,4,259
201600049235,16,6,3,1150,1,1,1,1,3,199
201600049236,16,6,3,1740,1,2,1,1,6,383
201600049237,16,6,3,1805,1,2,1,1,3,259
201600049238,16,6,6,900,1,2,1,1,6,386
201600049239,16,6,6,1800,1,2,1,1,2,386
201600049240,16,6,7,730,1,2,2,1,3,383
201600049241,16,6,7,745,1,2,1,1,1,387
201600049242,16,6,8,720,1,2,1,1,3,388
201600049243,16,6,8,830,1,2,1,1,5,386
201600049244,16,6,8,2040,1,2,1,1,2,199