Num_Acc,an,mois,jour,hrmn,lum,agg,int,atm,col,com
201600049245,16,6,8,2300,5,2,2,2,3,388
201600049246,16,6,9,740,1,1,1,1,1,387
201600049247,16,6,9,1155,1,2,1,1,1,387
201600049248,16,6,10,715,1,2,1,1,3,388
201600049249,16,6,10,1045,1,2,3,7,3,199
201600049250,16,6,10,1900,1,2,1,1,7,387
201600049251,16,6,10,1900,1,2,3,1,3,259
201600049252,16,6,11,1730,1,2,1,1,6,388
201600049253,16,6,11,1620,1,2,2,1,6,386
201600049254,16,6,12,1315,1,2,3,1,3,383
201600049255,16,6,13,1305,1,2,2,1,3,388
201600049256,16,6,13,1845,1,2,1,2,1,383
201600049257,16,6,13,1840,1,2,1,2,6,387
201600049258,16,6,13,2030,1,2,2,2,3,387
201600049259,16,6,14,910,1,2,1,1,3,387
201600049260,16,6,14,1230,1,2,9,1,6,388
201600049261,16,6,14,1345,1,2,1,1,3,259
201600049262,16,6,14,1900,1,2,1,1,2,199
201600049263,16,6,15,2350,5,2,2,2,1,259
201600049264,16,6,15,2320,5,2,2,2,3,387
201600049265,16,6,16,1445,1,2,3,1,4,259
201600049266,16,6,18,1610,1,1,1,1,5,199
201600049267,16,6,19,1545,1,2,1,1,3,386
201600049268,16,6,20,830,1,2,1,1,4,276
201600049269,16,6,20,825,1,2,2,1,3,383
201600049270,16,6,17,1951,1,2,1,1,6,387
201600049271,16,3,13,1515,1,2,1,1,2,388
201600049272,16,6,20,1150,1,2,7,1,3,386
201600049273,16,6,20,1920,1,2,1,1,6,259
201600049274,16,6,21,2210,5,2,3,1,3,388
201600049275,16,6,21,2240,5,2,2,1,3,383
201600049276,16,6,4,835,1,1,2,1,3,387
201600049277,16,6,21,1940,1,2,1,1,6,386
201600049278,16,6,22,1730,1,2,2,1,3,199
201600049279,16,6,23,1000,1,2,1,1,6,383
201600049280,16,6,23,1735,1,2,1,1,6,199
201600049281,16,6,24,330,5,2,2,1,3,383
201600049282,16,6,23,835,1,2,3,1,3,387
201600049283,16,6,23,1555,1,2,9,1,3,383
201600049284,16,6,23,1510,1,2,1,1,3,387
201600049285,16,6,24,1845,1,2,2,1,3,388
201600049286,16,6,24,2115,2,2,2,1,2,383
201600049287,16,6,25,45,5,2,1,1,6,388
201600049288,16,6,24,1905,1,2,2,7,6,387
201600049289,16,6,25,1030,1,2,1,1,3,388
201600049290,16,6,25,1420,1,2,2,1,3,259
201600049291,16,6,25,1910,1,2,1,1,6,259
201600049292,16,6,25,2030,1,2,3,1,3,276
201600049293,16,6,26,135,3,2,1,1,3,259
201600049294,16,6,24,1955,1,1,1,1,2,259
201600049295,16,6,27,1800,1,2,1,1,3,383
201600049296,16,6,28,830,1,2,2,1,6,383
201600049297,16,6,30,2020,1,2,1,1,2,383
201600049298,16,7,1,1215,1,2,3,1,3,259
201600049299,16,7,2,340,3,2,1,2,7,259
201600049300,16,7,3,610,1,2,2,1,3,387
201600049301,16,7,3,1420,1,1,1,1,1,388
201600049302,16,7,4,1630,1,2,1,1,3,387
201600049303,16,7,4,1740,1,2,1,1,3,387
201600049304,16,7,4,1940,1,2,1,1,6,387
201600049305,16,7,5,920,1,2,1,1,3,383
201600049306,16,7,4,1210,1,2,3,1,6,383
201600049307,16,6,30,1220,1,1,1,1,6,383
201600049308,16,7,6,640,1,2,2,1,6,387
201600049309,16,7,6,1045,1,2,1,1,3,388
201600049310,16,7,5,2005,1,2,2,1,3,388
201600049311,16,7,6,2205,5,2,1,1,2,388
201600049312,16,7,7,805,1,2,4,1,3,383
201600049313,16,7,7,1300,1,2,1,1,3,388
201600049314,16,7,7,1730,1,2,1,1,6,388
201600049315,16,7,7,2005,1,2,1,1,6,276
201600049316,16,7,8,1740,1,2,2,1,6,386
201600049317,16,7,9,935,1,2,1,1,6,388
201600049318,16,7,9,1928,1,1,1,1,1,276
201600049319,16,7,10,1420,1,2,1,1,2,386
201600049320,16,6,27,2200,5,2,1,1,2,383
201600049321,16,7,10,1950,1,2,3,1,3,387
201600049322,16,7,12,1250,1,2,2,1,3,388
201600049323,16,7,12,1505,1,2,3,1,6,199
201600049324,16,7,12,2013,2,2,2,1,2,388
201600049325,16,7,12,2000,1,2,1,1,6,199
201600049326,16,7,14,900,1,2,1,1,2,387
201600049327,16,7,12,1200,1,2,1,1,6,387
201600049328,16,7,16,1645,1,2,1,1,3,388
201600049329,16,7,18,315,5,2,1,1,6,383
201600049330,16,7,18,1110,1,2,2,1,3,386
201600049331,16,7,18,1810,1,2,1,1,6,259
201600049332,16,7,19,130,5,2,5,1,2,388
201600049333,16,7,19,750,1,2,1,1,3,276
201600049334,16,7,19,1540,1,2,1,1,6,388
201600049335,16,7,20,2015,2,2,1,1,4,199
201600049336,16,7,21,910,1,2,1,1,3,386
201600049337,16,7,21,1515,1,2,1,1,4,383
201600049338,16,7,22,2100,1,1,1,1,3,259
201600049339,16,7,22,1915,1,2,1,2,6,387
201600049340,16,7,25,1250,1,2,3,1,1,387
201600049341,16,7,25,1835,1,2,1,1,6,259
201600049342,16,7,26,1450,1,2,1,1,6,259
201600049343,16,7,27,2030,1,1,2,1,3,259
201600049344,16,7,27,1240,1,2,2,1,6,387
201600049345,16,7,29,933,1,2,2,1,3,259
201600049346,16,7,29,1415,1,2,1,1,3,383
201600049347,16,7,29,2310,5,2,2,1,3,259
201600049348,16,7,30,2340,5,2,2,2,3,259
201600049349,16,8,1,1025,1,2,2,1,6,383
201600049350,16,7,30,1210,1,2,9,1,6,387
201600049351,16,8,2,2150,4,2,1,1,6,259
201600049352,16,8,4,2130,5,2,2,2,2,386
201600049353,16,8,5,1717,1,2,1,1,1,387
201600049354,16,8,6,125,5,2,2,1,3,386
201600049355,16,8,6,140,5,2,3,1,3,383
201600049356,16,8,6,530,2,2,2,1,2,387
201600049357,16,8,8,900,1,1,2,1,3,383
201600049358,16,8,10,1045,1,1,1,1,6,388
201600049359,16,8,10,2130,5,2,2,1,3,387
201600049360,16,8,12,250,5,2,1,1,6,388
201600049361,16,8,14,100,5,2,2,1,3,388
201600049362,16,8,15,1635,1,2,2,1,3,383
201600049363,16,8,12,1700,1,2,1,1,3,388
201600049364,16,8,17,845,1,2,1,1,6,386
201600049365,16,8,16,2337,5,1,1,1,3,383
201600049366,16,8,19,1605,1,1,2,1,3,259
201600049367,16,8,19,510,1,2,1,1,2,387
201600049368,16,8,20,700,2,2,1,3,6,259
201600049369,16,8,20,1430,1,2,2,2,3,383
201600049370,16,8,22,1430,1,2,2,1,3,388
201600049371,16,8,23,555,5,2,1,1,6,383
201600049372,16,8,22,1650,1,2,2,1,3,387
201600049373,16,8,24,755,1,2,2,1,6,383
201600049374,16,8,25,1910,1,2,1,1,1,387
201600049375,16,8,26,900,1,2,4,1,3,383
201600049376,16,8,26,820,1,2,2,1,6,388
201600049377,16,8,27,200,5,2,1,1,2,383
201600049378,16,8,20,1545,1,2,1,1,2,388
201600049379,16,8,28,845,1,2,1,1,2,387
201600049380,16,8,28,1530,1,2,2,1,5,259
201600049381,16,8,27,1540,1,2,1,1,3,388
201600049382,16,8,29,830,1,2,1,1,6,388
201600049383,16,8,29,1756,1,2,2,1,6,199
201600049384,16,8,30,958,1,2,1,1,6,199
201600049385,16,8,30,1220,1,1,1,1,3,276
201600049386,16,8,27,1230,1,2,2,1,1,383
201600049387,16,8,30,1445,1,2,1,1,2,383
201600049388,16,8,30,1200,1,2,2,1,3,387
201600049389,16,8,31,800,1,2,1,1,3,383
201600049390,16,8,31,1425,1,2,2,1,3,388
201600049391,16,8,31,1845,1,2,1,1,3,386
201600049392,16,9,1,50,5,2,2,1,3,388
201600049393,16,9,1,1630,1,2,3,1,3,383
201600049394,16,9,1,1700,1,2,3,1,1,259
201600049395,16,9,1,2130,5,2,1,1,3,386
201600049396,16,9,2,230,5,2,1,1,6,259
201600049397,16,9,1,1820,1,2,2,1,3,387
201600049398,16,9,2,1730,1,2,3,1,3,386
201600049399,16,9,2,1900,1,2,1,1,6,259
201600049400,16,9,2,1845,1,2,1,1,3,259
201600049401,16,9,3,1255,1,2,1,1,2,383
201600049402,16,9,3,1845,1,2,1,1,6,387
201600049403,16,9,6,640,1,2,1,1,6,383
201600049404,16,9,6,1525,1,2,1,1,3,259
201600049405,16,9,7,1850,1,2,2,1,3,383
201600049406,16,9,8,1245,1,2,1,1,2,387
201600049407,16,9,8,1500,1,2,1,1,2,259
201600049408,16,9,8,1700,1,2,1,1,6,259
201600049409,16,9,8,1615,1,2,2,1,1,387
201600049410,16,9,9,1600,1,2,2,1,6,383
201600049411,16,9,9,1900,1,2,1,1,6,386
201600049412,16,9,10,1700,1,2,2,1,3,387
201600049413,16,9,9,1810,1,2,1,1,6,387
201600049414,16,9,11,1900,1,2,1,1,3,259
201600049415,16,9,12,1615,1,2,2,1,3,387
201600049416,16,9,13,1300,1,2,2,1,3,387
201600049417,16,9,12,1200,1,2,2,1,3,388
201600049418,16,9,15,1920,1,2,1,1,2,388
201600049419,16,9,15,2255,5,2,1,1,7,259
201600049420,16,7,22,1700,1,2,1,1,4,387
201600049421,16,8,3,200,5,2,1,1,4,386
201600049422,16,9,16,1520,1,2,2,1,6,386
201600049423,16,9,16,1650,1,2,1,8,6,259
201600049424,16,9,16,1716,1,2,1,1,3,383
201600049425,16,9,16,2115,5,2,2,1,3,259
201600049426,16,9,18,735,1,2,1,2,6,387
201600049427,16,9,18,1630,1,2,2,2,3,259
201600049428,16,9,17,315,5,2,2,2,3,387
201600049429,16,9,19,1740,1,2,2,1,1,387
201600049430,16,9,18,1030,1,2,1,2,4,383
201600049431,16,9,20,1730,1,2,2,1,3,388
201600049432,16,9,21,820,1,2,1,1,3,387
201600049433,16,9,21,1355,1,2,1,1,5,387
201600049434,16,9,21,1455,1,2,1,1,6,383
201600049435,16,9,21,1840,1,2,1,1,2,259
201600049436,16,9,21,2240,5,2,1,1,6,259
201600049437,16,9,23,1500,1,2,1,1,2,383
201600049438,16,9,23,1610,1,2,1,1,6,383
201600049439,16,9,24,1250,1,2,3,1,3,259
201600049440,16,9,23,1900,1,2,2,1,3,388
201600049441,16,9,24,1530,1,1,1,1,6,387
201600049442,16,9,25,1000,1,2,1,1,6,199
201600049443,16,9,25,600,5,2,1,1,6,259
201600049444,16,9,26,855,1,2,2,8,3,383
201600049445,16,9,25,1900,2,1,1,2,2,387
201600049446,16,9,26,1400,1,2,1,1,6,383
201600049447,16,8,27,2210,5,2,1,1,1,388
201600049448,16,9,21,1220,1,2,9,1,6,383
201600049449,16,9,27,1505,1,2,2,1,6,386
201600049450,16,9,27,2220,5,2,2,1,1,259
201600049451,16,8,27,15,4,2,1,1,6,386
201600049452,16,9,28,855,1,2,1,1,2,388
201600049453,16,9,27,2020,5,1,1,1,3,386
201600049454,16,9,29,910,1,2,1,1,6,259
201600049455,16,9,29,1000,1,2,1,1,3,388
201600049456,16,9,29,830,1,1,1,1,6,259
201600049457,16,9,29,1655,1,2,3,1,3,387
201600049458,16,9,29,1750,1,2,2,1,3,388
201600049459,16,9,30,1140,1,2,1,1,6,383
201600049460,16,9,30,1630,1,2,1,1,3,383
201600049461,16,9,30,1920,2,2,1,1,6,387
201600049462,16,10,1,10,5,2,2,1,3,387
201600049463,16,9,30,1800,1,2,1,1,3,259
201600049464,16,10,1,1530,1,2,1,8,6,383
201600049465,16,10,1,1015,1,2,1,2,6,387
201600049466,16,9,27,1200,1,2,2,1,6,387
201600049467,16,9,21,1040,1,2,2,1,3,387
201600049468,16,10,3,905,1,2,3,1,6,259
201600049469,16,9,30,1140,1,2,2,1,1,388
201600049470,16,10,3,1730,2,2,1,1,6,199
201600049471,16,10,3,1945,5,2,1,1,6,386
201600049472,16,10,4,810,1,1,1,1,3,383
201600049473,16,10,4,940,1,2,2,1,6,387
201600049474,16,10,4,1000,1,2,1,1,6,388
201600049475,16,10,4,720,1,2,1,1,6,383
201600049476,16,10,3,1855,5,2,2,1,3,387
201600049477,16,10,4,1545,1,2,2,1,6,387
201600049478,16,10,4,1615,1,2,1,1,6,259
201600049479,16,10,5,750,1,2,3,1,3,383
201600049480,16,10,5,1010,1,2,3,1,3,386
201600049481,16,10,6,900,1,2,1,1,5,388
201600049482,16,10,5,1215,1,2,1,1,3,386
201600049483,16,10,6,1933,5,2,3,1,2,259
201600049484,16,10,6,1930,2,2,2,1,3,387
201600049485,16,10,5,1810,1,2,2,1,6,388
201600049486,16,10,6,1830,2,2,1,1,6,383
201600049487,16,10,7,1630,1,2,1,1,6,388
201600049488,16,10,7,1747,1,2,2,1,3,386
201600049489,16,10,7,1915,2,2,1,1,6,383
201600049490,16,10,7,1210,1,2,1,1,2,383
201600049491,16,10,8,2145,5,2,3,1,3,387
201600049492,16,10,10,1050,1,2,4,1,1,259
201600049493,16,10,10,1605,1,2,3,1,5,388
201600049494,16,10,11,710,5,2,7,1,6,387
201600049495,16,10,11,1432,1,2,3,1,6,388
201600049496,16,10,12,650,5,2,2,1,3,259
201600049497,16,10,12,825,1,2,1,1,6,388
201600049498,16,10,13,1630,1,2,1,2,6,383
201600049499,16,10,13,2310,5,2,2,3,3,383
201600049500,16,10,13,1100,1,2,3,2,3,259
201600049501,16,10,13,1200,1,2,1,2,4,259
201600049502,16,10,14,1215,1,2,1,2,3,199
201600049503,16,10,15,1240,1,2,2,1,6,387
201600049504,16,9,2,720,2,2,1,1,6,387
201600049505,16,10,17,1140,1,2,1,1,6,388
201600049506,16,10,17,1545,1,2,1,1,3,387
201600049507,16,10,18,1700,1,2,2,1,3,386
201600049508,16,10,18,1650,1,2,1,1,3,383
201600049509,16,10,18,1730,1,2,1,1,3,388
201600049510,16,10,19,2140,5,2,4,1,3,383
201600049511,16,10,20,1345,1,2,1,1,6,383
201600049512,16,10,20,1420,1,1,1,1,3,259
201600049513,16,10,20,2040,5,2,2,1,3,388
201600049514,16,10,20,1700,1,2,2,1,1,388
201600049515,16,10,21,1640,1,2,1,1,6,387
201600049516,16,10,22,1520,1,2,1,1,3,388
201600049517,16,10,22,2150,5,2,1,1,3,388
201600049518,16,10,25,1100,1,2,2,3,4,259
201600049519,16,10,25,1650,1,2,1,1,3,199
201600049520,16,10,25,1910,5,2,1,2,6,199
201600049521,16,10,26,1110,1,2,1,2,2,387
201600049522,16,10,25,2015,5,2,2,2,6,387
201600049523,16,10,26,1930,5,2,3,1,1,259
201600049524,16,10,27,1500,1,2,1,1,6,388
201600049525,16,10,27,1745,1,2,1,1,3,388
201600049526,16,10,27,1815,2,2,2,1,6,387
201600049527,16,10,28,1210,1,2,1,1,6,386
201600049528,16,10,28,119,5,2,1,1,3,388
201600049529,16,10,29,450,5,2,1,1,1,387
201600049530,16,10,29,1810,5,2,1,1,2,387
201600049531,16,10,31,1445,1,2,1,1,4,387
201600049532,16,11,1,400,5,2,1,1,6,387
201600049533,16,11,3,1145,1,2,1,1,6,259
201600049534,16,11,3,1510,1,2,2,1,3,386
201600049535,16,11,4,700,1,2,1,1,3,387
201600049536,16,11,5,125,5,2,1,2,3,259
201600049537,16,11,4,1210,1,2,6,1,3,259
201600049538,16,11,5,624,5,2,1,2,2,383
201600049539,16,11,7,1255,1,2,1,1,3,388
201600049540,16,11,7,1445,1,2,1,1,3,387
201600049541,16,11,7,1650,1,2,1,1,6,388
201600049542,16,11,8,1250,1,2,1,8,6,259
201600049543,16,11,8,1210,1,2,1,8,6,386
201600049544,16,11,9,1240,1,2,1,2,2,386
201600049545,16,11,10,1830,5,2,1,2,3,387
201600049546,16,11,15,1222,1,1,1,1,4,259
201600049547,16,11,15,1330,1,2,1,1,1,387
201600049548,16,11,15,1905,5,2,3,1,3,199
201600049549,16,11,16,1510,1,2,2,1,3,388
201600049550,16,11,16,1650,1,2,1,1,6,259
201600049551,16,11,17,919,1,2,1,1,1,383
201600049552,16,11,17,1850,5,2,2,1,3,386
201600049553,16,11,19,430,5,2,3,1,5,387
201600049554,16,11,19,1105,1,2,1,1,6,199
201600049555,16,11,19,1325,1,2,7,1,5,383
201600049556,16,11,19,2040,5,2,1,1,7,383
201600049557,16,11,19,2335,5,2,2,1,3,388
201600049558,16,11,19,1615,1,2,2,1,3,383
201600049559,16,11,15,915,1,2,2,7,6,387
201600049560,16,11,21,1705,5,2,1,1,3,199
201600049561,16,11,22,1640,2,2,3,2,3,387
201600049562,16,11,22,1710,5,2,1,2,6,387
201600049563,16,11,23,1605,1,2,1,1,6,383
201600049564,16,11,23,1430,1,2,1,1,6,383
201600049565,16,11,24,700,5,2,3,2,1,259
201600049566,16,11,25,730,2,1,1,2,6,199
201600049567,16,11,25,840,1,2,2,2,6,383
201600049568,16,11,25,1100,1,2,9,2,4,259
201600049569,16,11,25,1625,1,2,1,1,6,259
201600049570,16,11,25,2000,5,2,1,1,6,383
201600049571,16,11,26,930,1,2,1,1,6,259
201600049572,16,11,27,230,5,2,2,8,2,387
201600049573,16,11,28,935,1,2,3,8,5,388
201600049574,16,11,28,1900,5,1,3,1,3,388
201600049575,16,11,29,530,5,2,1,1,3,387
201600049576,16,11,29,800,1,2,1,1,6,259
201600049577,16,11,29,1200,1,2,1,1,6,387
201600049578,16,11,29,1700,5,2,1,1,5,387
201600049579,16,11,29,2110,5,2,1,1,3,388
201600049580,16,10,10,1755,1,2,1,1,3,387
201600049581,16,11,30,840,1,2,1,1,6,259
201600049582,16,11,30,740,1,2,1,1,6,388
201600049583,16,11,30,915,1,2,1,1,7,387
201600049584,16,11,30,1610,1,2,3,1,3,259
201600049585,16,11,30,1720,2,2,1,1,6,386
201600049586,16,11,30,1730,5,2,1,1,3,259
201600049587,16,12,1,1815,5,1,2,1,3,388
201600049588,16,12,2,1335,1,2,2,1,3,387
201600049589,16,12,2,1150,1,2,3,1,6,388
201600049590,16,12,3,550,5,2,3,1,3,388
201600049591,16,12,2,1850,2,2,1,1,3,387
201600049592,16,12,3,1440,1,2,1,1,3,388
201600049593,16,12,5,755,1,2,1,5,1,387
201600049594,16,12,5,1320,1,2,1,1,6,199
201600049595,16,12,5,1455,1,2,2,1,3,199
201600049596,16,12,6,800,1,2,1,1,6,387
201600049597,16,12,6,1430,1,2,2,1,3,383
201600049598,16,12,6,1816,3,1,1,1,5,199
201600049599,16,12,7,1300,1,2,1,1,3,383
201600049600,16,12,7,1240,1,2,1,1,6,386
201600049601,16,12,8,805,2,2,1,5,6,388
201600049602,16,12,8,1250,1,2,2,1,6,386
201600049603,16,12,8,1330,1,2,9,1,2,383
201600049604,16,12,11,535,5,2,4,1,7,259
201600049605,16,12,11,2130,5,2,2,1,5,387
201600049606,16,12,12,820,1,2,1,1,6,388
201600049607,16,12,9,1150,1,2,1,1,2,259
201600049608,16,12,12,1720,5,2,2,1,6,387
201600049609,16,12,12,1205,1,2,1,1,2,386
201600049610,16,12,13,1340,1,2,7,1,1,259
201600049611,16,12,14,1530,1,2,1,1,6,388
201600049612,16,12,16,730,5,2,2,1,3,387
201600049613,16,12,16,1030,1,2,3,1,1,388
201600049614,16,12,16,1125,1,2,2,1,6,387
201600049615,16,12,19,810,2,2,1,2,6,387
201600049616,16,12,19,745,1,2,1,8,3,259
201600049617,16,12,19,715,1,2,1,2,6,199
201600049618,16,12,21,1830,5,2,1,1,3,388
201600049619,16,12,21,15,5,1,2,1,1,386
201600049620,16,12,22,1230,1,2,1,1,1,259
201600049621,16,12,22,1934,3,2,1,1,6,383
201600049622,16,12,22,2000,5,2,1,1,2,383
201600049623,16,12,23,1430,1,2,3,1,3,387
201600049624,16,12,25,1700,5,1,1,1,2,259
201600049625,16,12,27,630,5,2,1,1,6,388
201600049626,16,12,27,925,1,2,2,1,6,383
201600049627,16,12,28,110,5,2,1,1,2,259
201600049628,16,10,23,100,5,2,3,1,6,386
201600049629,16,12,28,1745,5,2,1,1,6,259
201600049630,16,12,28,2200,5,2,2,1,3,386
201600049631,16,12,30,650,5,2,1,8,3,387
201600049632,16,12,30,1830,5,2,1,1,6,259
201600049633,16,12,31,315,5,2,1,1,3,383
201600049634,16,12,30,1910,1,2,3,1,3,276
201600049635,16,1,1,655,3,1,1,1,6,162
201600049636,16,1,1,300,4,1,1,1,2,249
201600049637,16,1,1,810,4,1,1,1,2,192
201600049638,16,1,2,1315,1,1,1,2,4,23
201600049639,16,1,2,1525,1,1,1,2,6,63
201600049640,16,1,2,1920,5,1,1,2,4,63
201600049641,16,1,3,210,5,1,1,2,6,535
201600049642,16,1,3,800,2,1,1,8,6,122
201600049643,16,1,3,1450,1,1,1,2,6,75
201600049644,16,1,3,2250,5,1,1,3,6,318
201600049645,16,1,5,1235,1,1,1,2,5,39
201600049646,16,1,5,1640,1,1,1,2,6,65
201600049647,16,1,5,2040,5,1,1,2,6,249
201600049648,16,12,27,940,1,1,1,1,2,249
201600049649,16,1,5,2200,5,1,1,3,5,39
201600049650,16,1,6,1250,1,1,1,3,1,143
201600049651,16,1,6,1250,1,1,1,2,5,143
201600049652,16,1,7,1340,1,1,1,1,6,167
201600049653,16,1,7,1500,1,1,1,8,4,192
201600049654,16,1,7,2350,5,1,1,3,1,192
201600049655,16,1,8,1805,5,1,1,2,2,63
201600049656,16,1,16,830,2,1,1,2,6,448
201600049657,16,1,10,1430,1,1,1,3,6,249
201600049658,16,1,13,1945,3,1,1,2,1,474
201600049659,16,1,14,1020,1,1,1,2,3,39
201600049660,16,1,14,1900,1,1,1,1,3,13
201600049661,16,1,15,1230,1,1,1,1,3,249
201600049662,16,1,16,2340,5,1,1,1,2,80
201600049663,16,1,18,720,5,1,1,2,2,249
201600049664,16,1,18,1825,5,1,1,2,6,550
201600049665,16,1,18,2225,4,1,1,2,6,119
201600049666,16,1,19,800,1,1,1,1,3,162
201600049667,16,1,19,835,2,1,1,2,7,80
201600049668,16,1,19,1050,1,1,1,2,2,249
201600049669,16,1,21,1045,1,1,1,5,4,167
201600049670,16,1,21,1335,1,1,1,5,2,13
201600049671,16,1,22,2000,5,1,1,3,2,318
201600049672,16,1,26,1620,1,1,1,1,5,39
201600049673,16,1,27,2010,3,1,1,1,5,281
201600049674,16,1,28,440,3,1,1,1,6,90
201600049675,16,1,30,2005,3,1,1,3,2,122
201600049676,16,1,30,2020,5,1,1,2,1,65
201600049677,16,1,31,220,3,1,1,3,6,281
201600049678,16,1,31,1420,1,1,1,2,6,162
201600049679,16,1,31,1820,3,1,1,2,4,23
201600049680,16,2,1,850,1,1,1,2,2,550
201600049681,16,2,1,850,1,1,1,2,2,39
201600049682,16,2,3,725,3,1,1,2,7,167
201600049683,16,2,5,1100,1,1,1,1,6,397
201600049684,16,2,5,1718,1,1,1,1,2,550
201600049685,16,2,8,930,1,1,1,2,2,249
201600049686,16,2,9,705,5,1,1,3,2,63
201600049687,16,2,12,800,2,1,1,2,3,249
201600049688,16,2,14,150,5,1,1,1,6,96
201600049689,16,2,14,808,2,1,1,1,6,13
201600049690,16,2,14,1004,1,1,1,1,6,192
201600049691,16,2,14,1620,1,1,1,2,6,318
201600049692,16,2,15,1635,1,1,1,1,6,96
201600049693,16,2,18,1535,1,1,1,1,6,281
201600049694,16,2,21,235,5,1,1,2,6,167
201600049695,16,2,21,2045,5,1,1,1,6,63
201600049696,16,2,22,735,2,1,1,1,3,122
201600049697,16,2,23,1400,1,1,1,2,6,281
201600049698,16,2,26,1325,1,1,1,1,6,75
201600049699,16,2,27,1647,1,1,1,1,6,249
201600049700,16,3,3,823,1,1,1,1,5,39
201600049701,16,3,3,2102,3,1,1,2,1,122
201600049702,16,3,4,850,1,1,1,2,7,39
201600049703,16,3,4,1515,1,1,1,2,5,162
201600049704,16,3,4,1850,1,1,1,2,3,550
201600049705,16,3,5,1000,1,1,1,1,1,162
201600049706,16,3,6,1630,1,1,1,1,4,75
201600049707,16,3,6,2010,5,1,1,1,1,249
201600049708,16,3,7,835,1,1,1,1,4,122
201600049709,16,3,8,720,3,1,1,1,2,448
201600049710,16,3,11,1140,1,1,1,1,2,162
201600049711,16,3,14,710,1,1,1,1,4,63
201600049712,16,3,14,1010,1,1,1,1,6,366
201600049713,16,3,15,743,1,1,1,1,4,249
201600049714,16,3,17,1250,1,1,1,1,3,39
201600049715,16,3,19,230,3,1,1,1,6,80
201600049716,16,3,2,1650,1,1,1,2,2,162
201600049717,16,3,21,820,1,1,1,1,2,249
201600049718,16,3,22,1800,1,1,1,1,4,122
201600049719,16,3,23,1000,1,1,1,1,3,167
201600049720,16,3,24,720,1,1,1,1,2,80
201600049721,16,3,25,2045,5,1,1,2,2,13
201600049722,16,3,26,1050,1,1,1,1,3,143
201600049723,16,3,29,1630,1,1,1,1,2,122
201600049724,16,4,1,2000,1,1,1,1,6,487
201600049725,16,4,4,1850,1,1,1,1,2,119
201600049726,16,4,7,820,1,1,1,1,3,487
201600049727,16,4,8,700,2,1,1,1,2,167
201600049728,16,4,12,1700,1,1,1,2,2,192
201600049729,16,4,20,1155,1,1,1,1,3,63
201600049730,16,4,25,810,1,1,1,1,5,448
201600049731,16,4,26,750,1,1,1,2,5,162
201600049732,16,4,27,730,1,1,1,1,2,281
201600049733,16,4,29,1245,1,1,1,1,2,39
201600049734,16,4,29,1640,1,1,1,1,7,318
201600049735,16,4,30,1344,1,1,1,6,2,550
201600049736,16,5,3,930,1,1,1,1,6,192
201600049737,16,5,3,1344,1,1,1,1,2,281
201600049738,16,5,3,2150,3,1,1,1,4,550
201600049739,16,5,4,1640,1,1,1,1,3,249
201600049740,16,5,5,1000,1,1,1,1,6,192
201600049741,16,5,5,1055,1,1,1,1,6,397
201600049742,16,5,5,1110,1,1,1,1,4,550
201600049743,16,5,6,1900,1,1,1,1,6,122
201600049744,16,5,9,1235,1,1,1,2,5,162
201600049745,16,5,9,1255,1,1,1,1,6,39
201600049746,16,5,10,815,1,1,1,1,4,90
201600049747,16,5,13,110,5,1,1,1,6,550
201600049748,16,5,15,300,3,1,1,1,2,318
201600049749,16,5,18,55,5,1,1,1,7,39
201600049750,16,5,18,1735,1,1,1,1,2,39
201600049751,16,5,18,1730,1,1,1,1,4,249
201600049752,16,5,20,745,1,1,1,2,6,63
201600049753,16,5,20,850,1,1,1,1,5,90
201600049754,16,5,27,45,5,1,1,1,6,550
201600049755,16,5,27,1545,1,1,1,1,2,65
201600049756,16,5,31,1705,1,1,1,1,6,249
201600049757,16,6,1,905,1,1,1,3,3,249
201600049758,16,6,2,1450,1,1,1,1,3,39
201600049759,16,6,2,1705,1,1,1,1,4,162
201600049760,16,6,3,1800,1,1,1,1,5,397
201600049761,16,6,4,1315,1,1,1,1,2,281
201600049762,16,6,5,510,3,1,1,1,2,281
201600049763,16,6,8,2350,5,1,1,1,2,281
201600049764,16,6,7,1420,1,1,1,1,5,249
201600049765,16,6,10,1435,1,1,1,2,2,192
201600049766,16,6,10,1625,1,1,1,2,6,550
201600049767,16,6,13,850,1,1,1,2,5,23
201600049768,16,6,17,910,1,1,1,2,3,167
201600049769,16,6,16,735,1,1,1,2,2,192
201600049770,16,6,16,1235,1,1,1,1,6,192
201600049771,16,6,17,810,1,1,1,2,4,96
201600049772,16,6,17,1455,1,1,1,8,3,162
201600049773,16,6,18,10,3,1,1,3,6,318
201600049774,16,6,18,10,5,1,1,3,2,119
201600049775,16,6,21,1030,1,1,1,1,6,39
201600049776,16,6,22,1800,1,1,1,1,2,75
201600049777,16,6,23,740,1,1,1,1,2,162
201600049778,16,6,23,1108,1,1,1,1,4,39
201600049779,16,6,24,1940,1,1,1,1,2,192
201600049780,16,6,26,1705,1,1,1,1,7,249