Num_Acc,an,mois,jour,hrmn,lum,agg,int,atm,col,com
201600049781,16,6,27,2345,3,1,1,1,2,122
201600049782,16,6,28,850,1,1,1,1,5,281
201600049783,16,6,28,1806,1,1,1,1,3,550
201600049784,16,6,28,1943,1,1,1,1,6,192
201600049785,16,6,29,630,1,1,1,1,6,162
201600049786,16,6,30,1450,1,1,1,1,6,143
201600049787,16,6,30,1625,1,1,1,1,2,75
201600049788,16,7,2,430,5,1,1,1,6,122
201600049789,16,7,3,1305,1,1,1,1,6,162
201600049790,16,7,3,1840,1,1,1,1,2,96
201600049791,16,7,6,1900,1,1,1,1,4,39
201600049792,16,7,11,1040,1,1,1,1,3,39
201600049793,16,7,13,1025,1,1,1,1,3,192
201600049794,16,7,13,1625,1,1,1,1,2,281
201600049795,16,7,14,1615,1,1,1,1,2,39
201600049796,16,7,15,1115,1,1,1,1,4,3
201600049797,16,7,16,745,1,1,1,1,2,143
201600049798,16,7,21,2245,5,1,1,1,3,65
201600049799,16,7,18,915,1,1,1,1,5,96
201600049800,16,7,22,1210,1,1,1,1,4,550
201600049801,16,7,25,915,1,1,1,1,5,249
201600049802,16,7,28,1930,1,1,1,1,4,192
201600049803,16,7,28,2005,1,1,1,1,4,318
201600049804,16,8,2,1830,1,1,1,1,5,550
201600049805,16,8,4,1800,1,1,1,1,2,96
201600049806,16,8,4,1915,1,1,1,2,6,281
201600049807,16,8,4,2030,1,1,1,2,6,63
201600049808,16,8,5,1520,1,1,1,1,4,122
201600049809,16,8,5,1830,1,1,1,1,5,96
201600049810,16,8,6,1725,1,1,1,1,2,96
201600049811,16,8,12,1015,1,1,1,1,3,192
201600049812,16,8,14,1000,1,1,1,1,4,96
201600049813,16,8,16,840,1,1,1,1,2,192
201600049814,16,8,12,1530,1,1,1,1,4,318
201600049815,16,8,18,1700,1,1,1,1,4,281
201600049816,16,8,19,800,1,1,1,1,3,63
201600049817,16,8,19,1015,1,1,1,1,4,122
201600049818,16,8,20,1605,1,1,1,1,4,96
201600049819,16,8,22,1810,1,1,1,1,2,143
201600049820,16,8,21,2015,1,1,1,1,4,122
201600049821,16,8,23,2340,3,1,1,1,7,80
201600049822,16,8,23,1630,1,1,1,1,4,122
201600049823,16,8,25,2115,1,1,1,1,1,63
201600049824,16,8,26,1730,1,1,1,1,2,318
201600049825,16,8,31,1710,1,1,1,1,4,75
201600049826,16,9,2,1610,1,1,1,1,2,96
201600049827,16,9,3,1430,1,1,1,1,2,249
201600049828,16,9,4,2315,5,1,1,1,2,366
201600049829,16,9,6,835,1,1,1,1,6,75
201600049830,16,9,6,935,1,1,1,1,2,167
201600049831,16,9,6,1820,1,1,1,1,5,39
201600049832,16,9,7,800,1,1,1,1,2,167
201600049833,16,9,8,845,1,1,1,2,2,550
201600049834,16,9,8,1745,1,1,1,1,2,3
201600049835,16,9,8,2150,5,1,1,1,7,448
201600049836,16,9,9,1245,1,1,1,1,5,13
201600049837,16,9,9,1650,1,1,1,1,2,75
201600049838,16,9,10,40,5,1,1,1,6,550
201600049839,16,9,12,1525,1,1,1,1,6,167
201600049840,16,9,13,1955,3,1,1,2,6,143
201600049841,16,9,16,1607,1,1,1,2,4,281
201600049842,16,9,16,1945,2,1,1,1,6,122
201600049843,16,9,18,1440,1,1,1,1,6,249
201600049844,16,9,19,1620,1,1,1,1,5,39
201600049845,16,9,19,1700,1,1,1,1,6,281
201600049846,16,9,20,1838,1,1,1,1,4,249
201600049847,16,9,21,2315,3,1,1,1,1,281
201600049848,16,9,22,50,3,1,1,1,2,80
201600049849,16,9,22,740,1,1,1,1,3,65
201600049850,16,9,24,1630,1,1,1,1,2,122
201600049851,16,9,23,1825,1,1,1,1,3,162
201600049852,16,9,26,903,1,1,1,1,6,162
201600049853,16,9,28,1640,1,1,1,1,2,122
201600049854,16,9,29,1440,1,1,1,1,7,122
201600049855,16,9,29,1457,1,1,1,1,3,366
201600049856,16,9,29,1715,1,1,1,1,4,3
201600049857,16,9,29,1818,1,1,1,1,4,63
201600049858,16,10,1,1940,1,1,1,1,2,550
201600049859,16,10,1,2330,3,1,1,1,5,143
201600049860,16,10,3,1005,1,1,1,1,3,119
201600049861,16,10,6,710,2,1,1,1,2,397
201600049862,16,10,7,445,5,1,1,1,2,249
201600049863,16,10,8,1316,1,1,1,1,7,75
201600049864,16,10,10,500,5,1,1,1,6,249
201600049865,16,10,9,2105,5,1,1,1,6,550
201600049866,16,10,10,1530,1,1,1,1,3,39
201600049867,16,10,10,1447,1,1,1,1,7,39
201600049868,16,10,12,850,1,1,1,1,3,162
201600049869,16,10,12,1710,1,1,1,1,2,13
201600049870,16,10,14,435,5,1,1,1,2,550
201600049871,16,10,15,1945,5,1,1,1,2,63
201600049872,16,10,16,45,3,1,1,1,6,281
201600049873,16,10,17,45,5,1,1,1,2,192
201600049874,16,10,17,810,2,1,1,1,6,80
201600049875,16,10,17,830,1,1,1,2,2,550
201600049876,16,10,17,1120,1,1,1,1,6,249
201600049877,16,10,17,1120,1,1,1,2,3,249
201600049878,16,10,17,1725,1,1,1,1,5,65
201600049879,16,10,17,1845,1,1,1,1,2,318
201600049880,16,10,17,1850,2,1,1,1,2,13
201600049881,16,10,18,920,1,1,1,1,3,96
201600049882,16,10,20,750,3,1,1,1,3,162
201600049883,16,10,20,1335,1,1,1,1,3,550
201600049884,16,10,20,1750,1,1,1,1,3,39
201600049885,16,10,21,855,1,1,1,1,4,63
201600049886,16,10,21,1225,1,1,1,1,2,318
201600049887,16,10,24,800,2,1,1,1,2,550
201600049888,16,10,27,2235,5,1,1,1,6,13
201600049889,16,10,28,1700,1,1,1,1,4,39
201600049890,16,10,28,1940,3,1,1,1,4,448
201600049891,16,10,28,2040,5,1,1,1,4,249
201600049892,16,10,29,1803,1,1,1,1,6,63
201600049893,16,10,31,1049,1,1,1,1,2,249
201600049894,16,11,1,445,3,1,1,1,6,122
201600049895,16,11,1,515,3,1,1,1,2,122
201600049896,16,11,1,1840,2,1,1,1,3,366
201600049897,16,11,3,455,3,1,1,1,6,366
201600049898,16,11,3,725,1,1,1,1,4,249
201600049899,16,11,3,740,1,1,1,1,3,80
201600049900,16,11,3,850,1,1,1,1,6,397
201600049901,16,11,3,930,1,1,1,1,2,448
201600049902,16,11,3,1445,1,1,1,1,3,39
201600049903,16,11,3,1940,5,1,1,1,5,550
201600049904,16,11,4,810,2,1,1,5,3,162
201600049905,16,11,6,1830,3,1,1,2,6,550
201600049906,16,11,8,1955,4,1,1,2,6,249
201600049907,16,11,8,2345,3,1,1,2,6,122
201600049908,16,11,9,2100,5,1,1,2,6,397
201600049909,16,11,10,1640,1,1,1,2,4,13
201600049910,16,11,10,2030,5,1,1,2,6,23
201600049911,16,11,11,935,1,1,1,1,6,167
201600049912,16,11,12,1745,5,1,1,2,4,13
201600049913,16,11,14,800,1,1,1,8,6,143
201600049914,16,11,14,2225,3,1,1,1,6,122
201600049915,16,11,17,710,4,1,1,1,4,550
201600049916,16,11,17,740,5,1,1,1,2,249
201600049917,16,11,17,845,1,1,1,1,6,162
201600049918,16,11,18,715,5,1,1,1,3,249
201600049919,16,11,18,835,1,1,1,2,3,65
201600049920,16,11,20,635,5,1,1,1,2,249
201600049921,16,11,20,1750,2,1,1,2,6,63
201600049922,16,11,20,1900,4,1,1,1,6,39
201600049923,16,11,21,815,1,1,1,1,2,122
201600049924,16,11,21,845,2,1,1,2,3,90
201600049925,16,11,22,905,1,1,1,2,5,75
201600049926,16,11,23,1115,1,1,1,1,6,63
201600049927,16,11,24,1845,5,1,1,1,3,550
201600049928,16,11,25,740,3,1,1,1,5,143
201600049929,16,11,26,1635,1,1,1,1,4,162
201600049930,16,11,28,947,1,1,1,1,6,80
201600049931,16,11,29,930,1,1,1,1,2,122
201600049932,16,11,29,1850,5,1,1,1,4,90
201600049933,16,11,30,1745,5,1,1,1,2,281
201600049934,16,12,1,1830,3,1,1,1,4,318
201600049935,16,12,2,1637,1,1,1,1,2,90
201600049936,16,12,2,1938,3,1,1,1,4,90
201600049937,16,12,5,720,3,1,1,1,4,143
201600049938,16,12,5,1000,1,1,1,1,2,80
201600049939,16,12,5,1050,1,1,1,1,2,39
201600049940,16,12,5,1955,1,1,1,1,2,162
201600049941,16,12,5,2200,3,1,1,1,2,122
201600049942,16,12,6,655,5,1,1,1,7,397
201600049943,16,12,6,1835,3,1,1,1,2,192
201600049944,16,12,7,823,1,1,1,1,5,162
201600049945,16,12,7,1900,5,1,1,1,2,13
201600049946,16,12,9,1800,2,1,1,1,2,535
201600049947,16,12,9,1800,5,1,1,1,6,366
201600049948,16,12,10,1400,1,1,1,1,5,63
201600049949,16,12,10,1400,1,1,1,1,5,63
201600049950,16,12,12,750,3,1,1,1,4,281
201600049951,16,12,12,1830,5,1,1,1,2,39
201600049952,16,12,13,600,3,1,1,5,2,122
201600049953,16,12,15,1135,1,1,1,1,4,39
201600049954,16,12,16,745,3,1,1,1,3,162
201600049955,16,12,17,745,2,1,1,1,5,143
201600049956,16,12,17,1830,5,1,1,1,4,550
201600049957,16,12,19,1750,1,1,1,1,6,63
201600049958,16,12,21,1315,1,1,1,1,6,192
201600049959,16,12,22,145,5,1,1,2,6,63
201600049960,16,12,22,1200,1,1,1,1,2,318
201600049961,16,12,25,1215,1,1,1,2,7,80
201600049962,16,1,26,1436,1,1,1,1,5,309
201600049963,16,2,8,100,3,1,1,1,6,482
201600049964,16,2,9,935,1,1,1,8,6,152
201600049965,16,3,3,1400,1,1,1,2,5,482
201600049966,16,3,16,1400,1,1,1,1,2,482
201600049967,16,3,12,1745,1,1,1,1,7,152
201600049968,16,3,26,1503,1,1,1,1,4,482
201600049969,16,3,26,1605,1,1,1,1,2,482
201600049970,16,3,24,1125,1,1,1,1,3,482
201600049971,16,3,28,2315,3,1,1,2,2,482
201600049972,16,4,5,1500,1,1,1,1,4,482
201600049973,16,4,26,925,1,1,1,1,2,218
201600049974,16,5,4,1935,1,1,1,1,4,482
201600049975,16,5,10,1830,1,1,1,1,4,365
201600049976,16,5,14,2050,2,1,1,1,7,49
201600049977,16,5,23,1500,1,1,1,2,4,482
201600049978,16,5,30,900,1,1,1,2,4,482
201600049979,16,6,9,1710,1,1,1,1,4,43
201600049980,16,6,30,650,2,1,1,1,6,551
201600049981,16,7,4,815,1,1,1,1,2,482
201600049982,16,6,28,1110,1,1,1,1,3,365
201600049983,16,7,7,1800,1,1,1,1,2,218
201600049984,16,7,7,1120,1,1,1,1,5,482
201600049985,16,7,7,925,1,1,1,1,4,49
201600049986,16,7,20,1510,1,1,1,1,7,471
201600049987,16,7,20,1905,1,1,1,1,7,447
201600049988,16,7,19,1140,1,1,1,1,2,482
201600049989,16,7,26,735,1,1,1,1,7,482
201600049990,16,8,19,1410,1,1,1,1,3,482
201600049991,16,8,20,1815,1,1,1,2,6,152
201600049992,16,8,13,950,1,1,1,1,7,389
201600049993,16,8,23,2145,4,1,1,1,7,482
201600049994,16,9,6,1655,1,1,1,1,4,218
201600049995,16,9,5,820,1,1,1,1,7,218
201600049996,16,9,8,1525,1,1,1,1,3,309
201600049997,16,9,7,1840,1,1,1,1,4,152
201600049998,16,9,6,830,1,1,1,1,2,218
201600049999,16,9,12,1750,1,1,1,1,5,482
201600050000,16,9,17,440,3,1,1,1,2,218
201600050001,16,9,13,830,1,1,1,1,4,482
201600050002,16,9,19,2000,3,1,1,1,2,218
201600050003,16,9,27,1810,1,1,1,1,4,365
201600050004,16,9,30,1235,1,1,1,1,2,482
201600050005,16,10,2,15,3,1,1,8,7,482
201600050006,16,9,30,1825,2,1,1,1,3,471
201600050007,16,10,24,1315,1,1,1,1,7,482
201600050008,16,10,25,2015,3,1,1,1,4,482
201600050009,16,10,28,1855,3,1,1,1,2,482
201600050010,16,11,10,905,1,1,1,1,6,152
201600050011,16,11,15,925,1,1,1,2,2,152
201600050012,16,11,15,1630,1,1,1,8,6,152
201600050013,16,11,18,1845,3,1,1,1,4,482
201600050014,16,11,18,1815,3,1,1,1,4,43
201600050015,16,11,28,1400,1,1,1,1,2,482
201600050016,16,12,4,800,1,1,1,1,2,365
201600050017,16,12,5,730,2,1,1,8,4,365
201600050018,16,12,9,1930,3,1,1,1,4,218
201600050019,16,12,13,215,3,1,1,5,1,389
201600050020,16,12,10,1400,1,1,1,1,4,152
201600050021,16,1,1,1220,1,1,1,5,2,547
201600050022,16,12,25,1840,3,1,1,1,6,123
201600050023,16,1,2,1740,2,1,1,1,2,328
201600050024,16,1,3,1510,1,1,1,1,4,232
201600050025,16,1,4,845,1,1,1,1,4,232
201600050026,16,1,5,820,2,1,1,2,2,150
201600050027,16,1,14,1810,3,1,1,4,6,547
201600050028,16,1,28,800,1,1,1,3,5,483
201600050029,16,1,27,1755,3,1,1,1,3,357
201600050030,16,3,3,1618,1,1,1,2,4,304
201600050031,16,4,15,1200,1,1,1,8,3,90
201600050032,16,4,25,840,1,1,1,1,4,357
201600050033,16,6,14,1815,1,1,1,1,4,328
201600050034,16,6,22,30,3,1,1,1,2,31
201600050035,16,7,12,1420,1,1,1,1,4,320
201600050036,16,7,14,1725,1,1,1,3,6,197
201600050037,16,7,18,1340,1,1,1,1,6,167
201600050038,16,8,15,1655,1,1,1,1,6,197
201600050039,16,8,29,1015,1,1,1,1,4,197
201600050040,16,8,29,935,1,1,9,1,4,257
201600050041,16,9,8,1800,1,1,1,1,2,304
201600050042,16,9,14,840,1,1,1,1,4,123
201600050043,16,9,13,2140,3,1,1,1,6,90
201600050044,16,9,25,555,3,1,1,1,6,304
201600050045,16,9,19,845,1,1,1,1,2,328
201600050046,16,11,10,1925,3,1,1,2,4,304
201600050047,16,10,26,1415,1,1,1,1,7,232
201600050048,16,11,1,345,3,1,1,1,6,557
201600050049,16,11,10,1300,1,1,1,2,1,547
201600050050,16,11,8,1107,1,1,1,1,3,150
201600050051,16,11,8,1830,3,1,1,1,2,357
201600050052,16,11,28,120,3,1,1,1,3,90
201600050053,16,12,28,1120,1,1,1,1,3,115
201600050054,16,1,20,605,3,1,1,4,2,463
201600050055,16,1,21,2016,3,1,1,1,6,283
201600050056,16,1,26,1745,3,1,1,1,3,480
201600050057,16,2,12,615,3,1,1,1,6,356
201600050058,16,2,24,1125,1,1,1,1,3,463
201600050059,16,2,25,1250,1,1,1,1,6,343
201600050060,16,3,8,900,1,1,1,1,2,206
201600050061,16,3,14,2118,3,1,1,1,3,663
201600050062,16,3,24,1820,1,1,1,1,4,666
201600050063,16,3,24,2015,3,1,1,1,6,498
201600050064,16,3,30,1425,1,1,1,1,6,666
201600050065,16,4,9,1335,1,1,1,1,2,672
201600050066,16,4,12,615,3,1,1,1,6,487
201600050067,16,4,15,610,3,1,1,1,2,303
201600050068,16,4,18,745,3,1,1,1,2,463
201600050069,16,4,26,1812,1,2,1,2,4,412
201600050070,16,4,26,1735,1,1,1,3,2,666
201600050071,16,5,5,1905,1,1,1,1,3,194
201600050072,16,5,8,535,3,1,1,1,7,433
201600050073,16,5,13,1900,1,1,1,1,5,343
201600050074,16,5,11,810,1,1,1,1,4,463
201600050075,16,5,25,725,1,1,1,1,6,306
201600050076,16,5,30,1740,1,1,1,2,2,672
201600050077,16,5,26,1740,1,1,1,8,3,480
201600050078,16,6,1,1800,1,1,1,1,4,39
201600050079,16,6,1,1600,1,2,1,1,6,306
201600050080,16,6,9,820,1,1,1,1,3,764
201600050081,16,6,15,510,2,1,1,1,3,666
201600050082,16,6,21,820,1,1,1,1,3,356
201600050083,16,7,5,1832,1,1,1,1,3,751
201600050084,16,7,5,1940,1,1,1,1,3,343
201600050085,16,7,8,1625,1,1,1,1,6,194
201600050086,16,7,25,815,1,1,1,1,3,582
201600050087,16,7,27,1520,1,1,1,1,2,221
201600050088,16,8,5,435,3,1,1,1,3,433
201600050089,16,8,14,430,3,1,1,1,2,306
201600050090,16,9,2,815,1,1,1,1,4,474
201600050091,16,9,1,245,3,1,1,1,6,343
201600050092,16,9,9,1845,1,1,1,1,5,206
201600050093,16,9,16,1555,1,1,1,1,4,487
201600050094,16,9,21,1645,1,1,1,1,2,672
201600050095,16,9,22,735,2,1,1,1,4,356
201600050096,16,9,26,1755,1,1,1,1,7,498
201600050097,16,10,12,600,3,1,1,1,3,764
201600050098,16,10,16,2047,3,1,1,1,2,212
201600050099,16,10,21,1650,1,1,1,1,1,67
201600050100,16,11,12,148,3,1,1,1,2,582
201600050101,16,11,13,1325,1,1,1,1,7,39
201600050102,16,11,14,1100,1,1,1,1,6,764
201600050103,16,12,9,1755,3,1,1,1,4,39
201600050104,16,12,15,240,3,1,1,1,5,663
201600050105,16,12,22,1710,2,1,1,1,3,534
201600050106,16,11,27,725,1,1,1,1,6,218
201600050107,16,1,2,2230,3,1,1,8,6,228
201600050108,16,1,12,1800,1,1,1,1,4,218
201600050109,16,1,7,1800,3,1,1,1,4,218
201600050110,16,2,9,2255,3,1,1,2,2,95
201600050111,16,2,9,2300,3,1,1,2,2,95
201600050112,16,2,19,845,1,1,1,1,2,218
201600050113,16,2,21,1715,1,1,1,1,7,110
201600050114,16,3,1,1252,1,1,1,1,2,218
201600050115,16,3,29,2210,3,1,1,1,2,218
201600050116,16,3,30,1115,1,1,1,1,6,218
201600050117,16,3,26,1345,1,1,1,1,2,44
201600050118,16,4,11,547,5,1,1,1,2,218
201600050119,16,4,17,1010,1,1,1,1,6,218
201600050120,16,4,10,1145,1,1,1,1,7,207
201600050121,16,4,29,415,3,1,1,1,7,97
201600050122,16,5,4,1615,1,1,1,1,4,91
201600050123,16,5,11,1555,1,1,1,3,4,95
201600050124,16,5,6,1910,1,1,1,1,2,95
201600050125,16,4,22,800,1,1,1,1,2,97
201600050126,16,5,11,1720,1,1,1,3,3,97
201600050127,16,5,29,1845,1,1,1,1,2,95
201600050128,16,5,31,1140,1,1,1,1,6,237
201600050129,16,6,8,1740,1,1,1,1,4,213
201600050130,16,6,13,1900,1,1,1,2,3,237
201600050131,16,6,22,830,1,1,1,1,4,218
201600050132,16,6,30,940,1,1,1,1,3,207
201600050133,16,6,29,2115,2,1,1,3,7,242
201600050134,16,7,7,830,1,1,1,1,3,110
201600050135,16,7,5,1900,1,1,1,1,1,307
201600050136,16,7,24,620,2,1,1,1,3,228
201600050137,16,8,6,1200,1,1,1,1,3,183
201600050138,16,8,14,1800,1,1,1,1,5,44
201600050139,16,9,4,455,5,1,1,1,3,218
201600050140,16,9,8,1110,1,1,1,1,2,97
201600050141,16,9,3,430,3,1,1,1,7,186
201600050142,16,9,22,1215,1,1,1,1,6,237
201600050143,16,9,16,530,4,1,1,2,2,218
201600050144,16,9,26,2340,3,1,1,1,5,207
201600050145,16,10,1,35,3,1,1,1,2,207
201600050146,16,10,10,830,1,1,1,1,5,97
201600050147,16,10,8,250,5,1,1,1,2,218
201600050148,16,10,20,1545,1,1,1,1,5,183
201600050149,16,10,21,1750,1,1,9,1,4,218
201600050150,16,10,31,1010,1,1,1,1,3,275
201600050151,16,9,22,1640,1,1,1,1,4,330
201600050152,16,10,28,1810,1,1,1,1,3,186
201600050153,16,11,12,1445,1,1,1,1,7,218
201600050154,16,11,8,1715,2,1,1,1,2,218
201600050155,16,10,27,1500,1,1,1,1,6,97
201600050156,16,12,18,1100,1,1,1,1,6,218
201600050157,16,2,14,1235,1,1,1,1,3,237
201600050158,16,1,2,545,3,1,1,2,6,296
201600050159,16,1,6,2215,5,1,1,1,2,382
201600050160,16,1,9,1350,1,1,1,1,7,544
201600050161,16,1,10,550,5,1,1,2,7,81
201600050162,16,1,11,1930,3,1,1,1,3,382
201600050163,16,1,15,1050,1,1,1,1,3,297
201600050164,16,1,19,850,2,1,1,1,4,385
201600050165,16,1,13,2330,4,1,1,8,6,271
201600050166,16,1,22,500,3,1,1,1,7,281
201600050167,16,1,23,1500,1,1,1,1,2,72
201600050168,16,1,15,840,1,1,1,1,2,290
201600050169,16,1,23,836,2,1,9,1,7,29
201600050170,16,1,16,1615,1,1,1,1,4,290
201600050171,16,1,24,500,5,2,1,1,3,544
201600050172,16,1,31,1900,3,1,6,2,7,5
201600050173,16,1,30,2025,5,1,1,1,3,266
201600050174,16,2,7,130,5,1,1,1,2,388
201600050175,16,2,9,925,1,1,1,1,3,199
201600050176,16,2,9,2240,5,1,1,2,2,382
201600050177,16,2,14,2345,3,1,1,1,1,259
201600050178,16,2,15,2240,5,1,1,1,3,199
201600050179,16,2,14,640,5,1,1,1,3,266
201600050180,16,2,11,1150,1,1,9,5,4,277
201600050181,16,2,14,1020,1,1,1,1,3,29
201600050182,16,2,15,1800,3,1,1,1,4,204
201600050183,16,2,22,1240,1,1,1,1,4,266
201600050184,16,2,24,2030,5,1,1,1,2,382
201600050185,16,2,28,100,3,1,1,1,4,277
201600050186,16,3,4,2240,3,1,1,3,3,7
201600050187,16,2,28,605,5,1,1,2,6,266
201600050188,16,3,2,2240,5,1,1,1,6,259
201600050189,16,3,8,845,1,1,1,1,4,275
201600050190,16,3,7,2010,3,1,1,1,3,275
201600050191,16,3,9,755,1,1,1,1,2,382
201600050192,16,2,28,1830,1,1,1,1,7,184
201600050193,16,3,10,930,1,1,1,1,4,256
201600050194,16,3,15,1030,1,1,1,1,4,256
201600050195,16,3,16,2010,3,1,1,2,4,290
201600050196,16,3,17,1700,1,1,1,1,2,283
201600050197,16,3,18,1335,1,1,1,1,4,193
201600050198,16,3,17,710,1,1,1,1,2,81
201600050199,16,3,19,1949,5,1,1,1,3,29
201600050200,16,3,2,2230,5,1,1,2,2,286
201600050201,16,3,22,855,1,1,1,1,2,290
201600050202,16,3,23,825,1,1,1,1,6,266
201600050203,16,3,23,1715,1,1,1,1,3,385
201600050204,16,3,18,1915,2,1,1,1,2,286
201600050205,16,3,26,5,5,2,1,1,6,544
201600050206,16,3,26,1610,1,1,1,1,2,152
201600050207,16,3,27,1340,1,1,1,1,4,199
201600050208,16,3,27,1550,1,1,1,1,3,297
201600050209,16,3,28,1200,1,1,1,1,7,199
201600050210,16,3,29,730,1,1,1,1,3,276
201600050211,16,3,29,2115,3,1,1,1,4,288
201600050212,16,3,30,930,1,1,1,1,4,34
201600050213,16,3,30,1430,1,1,1,1,5,87
201600050214,16,3,2,1900,5,1,1,1,4,290
201600050215,16,3,6,520,3,1,1,2,2,29
201600050216,16,3,29,1605,1,1,1,1,5,297
201600050217,16,4,1,1810,1,1,1,1,4,272
201600050218,16,4,4,1930,1,1,1,1,6,271
201600050219,16,2,23,830,1,1,1,3,3,282
201600050220,16,4,7,850,1,1,1,1,4,34
201600050221,16,4,7,1750,1,1,1,1,2,290
201600050222,16,4,8,1600,1,1,1,1,5,266
201600050223,16,4,6,800,1,1,1,1,2,199
201600050224,16,3,24,834,1,1,1,1,2,55
201600050225,16,4,14,805,1,1,1,1,5,256
201600050226,16,4,17,530,3,1,1,2,5,296
201600050227,16,4,18,1224,1,1,1,1,5,544
201600050228,16,4,22,1440,1,1,1,1,6,266
201600050229,16,4,20,1615,1,1,1,1,4,382
201600050230,16,4,9,1425,1,1,1,1,4,72
201600050231,16,4,27,1508,1,1,1,1,7,199
201600050232,16,4,27,1645,1,1,1,1,2,283
201600050233,16,4,18,1114,1,1,1,4,4,297
201600050234,16,4,29,800,1,1,1,1,2,29
201600050235,16,4,30,1325,1,1,1,3,5,382
201600050236,16,5,4,1250,1,1,1,1,2,290
201600050237,16,5,9,850,1,1,1,2,2,266
201600050238,16,5,8,735,1,1,1,1,7,40
201600050239,16,5,11,1005,1,1,1,2,7,266
201600050240,16,5,11,1600,1,1,1,2,2,72
201600050241,16,5,11,1110,1,1,9,2,6,244
201600050242,16,4,13,1345,1,1,1,3,5,27
201600050243,16,5,13,1430,1,1,1,1,1,266
201600050244,16,5,15,245,3,1,1,1,3,544
201600050245,16,5,14,1410,1,1,1,8,6,204
201600050246,16,5,21,340,3,1,1,1,6,487
201600050247,16,5,21,224,3,1,1,1,1,290
201600050248,16,4,24,545,3,1,1,1,7,297
201600050249,16,5,24,335,3,1,1,1,2,297
201600050250,16,5,25,1935,1,1,1,1,3,297
201600050251,16,5,28,1847,1,1,1,1,6,248
201600050252,16,5,29,1840,1,1,1,2,3,278
201600050253,16,5,29,2130,2,1,1,2,4,29
201600050254,16,5,30,120,5,1,1,3,6,29
201600050255,16,5,27,1245,1,1,1,1,2,29
201600050256,16,5,30,400,5,1,1,2,6,261
201600050257,16,5,30,845,1,1,1,2,6,81
201600050258,16,5,31,805,1,1,1,2,7,273
201600050259,16,5,28,710,1,1,1,1,2,125
201600050260,16,5,11,1230,1,1,1,1,6,288
201600050261,16,6,2,1740,1,1,1,3,3,29
201600050262,16,6,3,1600,1,1,1,1,4,297
201600050263,16,5,31,210,3,1,1,3,6,276
201600050264,16,6,6,800,1,1,1,1,3,256
201600050265,16,6,2,1235,1,1,1,2,4,152
201600050266,16,6,6,1600,1,1,1,1,5,7
201600050267,16,6,3,915,1,1,9,1,4,152
201600050268,16,3,2,2245,3,1,1,1,2,152
201600050269,16,6,5,1605,1,1,1,1,1,276
201600050270,16,6,13,1130,1,1,4,1,5,389
201600050271,16,6,13,1735,1,1,1,2,4,152
201600050272,16,6,20,935,1,1,1,1,3,266
201600050273,16,6,22,1245,1,1,1,1,2,256
201600050274,16,6,7,1618,1,1,1,1,3,385
201600050275,16,6,29,335,3,1,1,1,6,281
201600050276,16,6,29,2050,2,1,1,2,6,297
201600050277,16,4,30,35,3,1,1,1,2,288
201600050278,16,6,24,2225,3,1,1,3,2,296
201600050279,16,6,28,1540,1,1,1,1,2,295
201600050280,16,7,4,2250,4,2,2,1,3,544
201600050281,16,7,1,1845,1,1,1,1,3,152
201600050282,16,7,9,420,5,1,1,1,6,259
201600050283,16,7,5,1210,1,1,1,1,2,29
201600050284,16,6,30,1920,1,1,1,1,2,29
201600050285,16,7,14,750,1,1,1,1,6,297
201600050286,16,7,19,715,1,1,1,1,5,290
201600050287,16,6,27,1850,1,1,1,1,3,336
201600050288,16,7,14,1933,1,1,1,1,2,290
201600050289,16,7,14,650,2,1,1,1,6,199
201600050290,16,7,22,1950,1,1,1,2,2,199
201600050291,16,7,24,215,3,1,1,1,5,388
201600050292,16,7,27,845,1,1,1,1,6,40
201600050293,16,7,26,1740,1,1,1,1,2,199
201600050294,16,7,28,10,3,1,1,1,2,152
201600050295,16,7,19,1910,1,1,1,1,2,152
201600050296,16,7,31,645,1,1,1,8,6,152
201600050297,16,8,1,2155,4,1,1,1,5,152
201600050298,16,8,3,1320,1,1,1,1,6,259
201600050299,16,8,1,915,1,1,4,1,6,487
201600050300,16,8,6,600,3,1,1,1,2,184
201600050301,16,8,7,445,3,1,1,1,6,276
201600050302,16,8,8,800,1,1,1,1,5,266
201600050303,16,8,8,1830,1,1,1,1,2,544
201600050304,16,8,9,115,3,1,1,1,2,290
201600050305,16,6,29,2005,1,1,1,2,1,115
201600050306,16,8,12,2000,1,1,1,1,6,81
201600050307,16,8,17,1135,1,1,1,8,7,382
201600050308,16,8,19,840,1,1,1,1,6,116
201600050309,16,8,20,1240,1,1,1,2,3,152
201600050310,16,8,17,1140,1,2,1,2,3,544
201600050311,16,8,8,627,1,1,1,1,3,297
201600050312,16,8,31,2115,3,1,1,1,2,152
201600050313,16,8,29,1710,1,1,1,1,5,259
201600050314,16,9,11,1810,1,1,1,1,2,275
201600050315,16,9,12,1740,1,1,1,1,1,286
201600050316,16,9,10,1830,1,1,1,1,6,193
201600050317,16,9,18,1930,1,1,1,3,7,249
201600050318,16,9,18,1050,1,1,1,2,1,281
201600050319,16,9,18,2020,3,1,1,2,2,266