Num_Acc,an,mois,jour,hrmn,lum,agg,int,atm,col,com
201600050320,16,9,18,1200,1,1,1,3,7,199
201600050321,16,9,23,600,5,1,1,1,6,81
201600050322,16,9,28,30,5,1,1,1,5,266
201600050323,16,9,23,1120,1,2,2,1,1,544
201600050324,16,10,6,800,1,1,1,1,2,290
201600050325,16,10,1,1240,1,1,1,2,6,297
201600050326,16,10,15,840,1,1,1,2,7,275
201600050327,16,10,15,2032,5,1,1,1,6,259
201600050328,16,10,15,2125,5,1,1,1,5,259
201600050329,16,10,13,1615,1,1,1,2,4,199
201600050330,16,10,15,1915,2,1,1,1,7,256
201600050331,16,9,17,2145,4,1,1,2,5,266
201600050332,16,10,23,505,3,1,1,1,7,116
201600050333,16,10,24,1,3,1,1,1,6,9
201600050334,16,10,17,1915,5,1,1,1,1,29
201600050335,16,10,17,1320,1,1,1,1,7,295
201600050336,16,10,28,2310,3,1,1,1,1,152
201600050337,16,11,8,651,3,1,1,1,2,273
201600050338,16,11,10,2010,5,1,1,2,4,266
201600050339,16,11,6,621,3,1,1,2,2,259
201600050340,16,11,9,725,2,1,1,1,4,204
201600050341,16,11,20,425,3,1,1,6,2,283
201600050342,16,11,20,2058,3,1,1,1,4,276
201600050343,16,11,23,700,3,1,1,5,6,449
201600050344,16,11,16,1840,2,1,1,1,4,297
201600050345,16,11,26,200,3,1,1,1,7,281
201600050346,16,11,23,1330,1,1,1,1,2,297
201600050347,16,11,28,630,3,1,1,1,2,288
201600050348,16,11,29,1745,3,1,1,1,3,276
201600050349,16,12,5,835,1,1,1,5,6,290
201600050350,16,12,3,2330,3,1,1,1,2,287
201600050351,16,12,6,1140,1,1,1,1,3,297
201600050352,16,10,18,1725,1,1,1,1,2,29
201600050353,16,12,13,1800,5,1,1,1,4,276
201600050354,16,12,28,1805,5,1,1,1,5,266
201600050355,16,11,13,1220,1,1,1,2,2,199
201600050356,16,1,12,1458,1,1,1,1,2,144
201600050357,16,1,12,1712,1,1,1,1,6,137
201600050358,16,1,13,1100,1,1,1,1,6,144
201600050359,16,1,25,830,1,1,1,1,6,35
201600050360,16,1,25,1115,1,1,1,1,6,23
201600050361,16,1,26,1624,1,1,1,1,2,144
201600050362,16,1,28,1835,3,1,1,1,3,126
201600050363,16,1,30,1820,3,1,1,1,3,137
201600050364,16,1,30,1905,5,1,1,1,4,144
201600050365,16,2,4,820,1,1,1,1,3,28
201600050366,16,2,10,1011,1,1,1,1,2,137
201600050367,16,2,17,1905,5,1,1,1,3,144
201600050368,16,2,25,1800,1,1,1,1,6,27
201600050369,16,3,2,820,1,1,1,1,3,144
201600050370,16,3,4,2012,5,1,1,1,4,144
201600050371,16,3,5,1516,1,1,1,1,4,137
201600050372,16,3,10,1958,3,1,1,1,2,62
201600050373,16,3,11,1620,1,1,1,1,6,90
201600050374,16,3,15,1716,1,1,1,1,3,137
201600050375,16,3,18,1600,1,1,1,1,7,137
201600050376,16,3,23,1710,1,1,1,2,2,123
201600050377,16,3,25,1320,1,1,1,1,4,137
201600050378,16,3,28,12,3,1,1,1,6,62
201600050379,16,3,28,1205,1,1,1,1,6,23
201600050380,16,4,6,1400,1,1,1,1,2,144
201600050381,16,4,19,1110,1,1,1,1,2,137
201600050382,16,4,27,1939,1,1,1,1,6,144
201600050383,16,4,29,940,1,1,1,1,2,137
201600050384,16,4,30,405,3,1,1,1,6,123
201600050385,16,5,3,1230,1,1,1,1,7,137
201600050386,16,5,4,1015,1,1,1,1,6,47
201600050387,16,5,4,1025,1,1,1,1,6,23
201600050388,16,5,5,730,1,1,1,1,2,123
201600050389,16,5,6,1708,1,1,1,1,2,126
201600050390,16,5,8,2038,2,1,1,2,4,144
201600050391,16,5,11,745,1,1,1,2,6,123
201600050392,16,5,17,825,1,1,1,1,3,62
201600050393,16,5,20,845,1,1,1,1,3,62
201600050394,16,5,22,140,3,1,1,1,2,112
201600050395,16,5,23,1704,1,1,1,1,5,62
201600050396,16,5,23,1858,1,1,1,1,2,90
201600050397,16,5,27,830,1,1,1,1,2,137
201600050398,16,6,3,1648,1,1,1,1,2,137
201600050399,16,6,5,1320,1,1,1,1,6,28
201600050400,16,6,8,805,1,1,1,1,7,137
201600050401,16,6,11,1520,1,1,1,1,2,131
201600050402,16,6,13,2,3,1,1,1,2,27
201600050403,16,6,13,1650,1,1,1,1,4,137
201600050404,16,6,23,1135,1,1,1,1,3,137
201600050405,16,6,28,2225,3,1,1,1,6,28
201600050406,16,7,11,840,1,1,1,1,4,144
201600050407,16,7,13,1135,1,1,1,1,3,137
201600050408,16,7,19,1355,1,1,1,1,2,137
201600050409,16,7,30,2308,3,1,1,1,4,27
201600050410,16,7,31,2328,3,1,1,1,3,112
201600050411,16,8,4,1135,1,1,1,1,2,137
201600050412,16,8,17,230,3,1,1,1,6,69
201600050413,16,8,22,158,3,1,1,1,6,144
201600050414,16,8,30,1935,1,1,1,1,2,137
201600050415,16,9,8,745,1,1,1,1,2,137
201600050416,16,9,16,1905,1,1,1,1,4,137
201600050417,16,9,19,730,1,1,1,1,5,137
201600050418,16,9,26,935,1,1,1,1,3,137
201600050419,16,10,1,1035,1,1,1,2,2,126
201600050420,16,10,7,1440,1,1,1,1,7,144
201600050421,16,10,14,725,3,1,1,3,6,137
201600050422,16,10,14,1510,1,1,1,2,5,137
201600050423,16,10,16,630,5,1,1,1,6,144
201600050424,16,10,24,850,1,1,1,1,2,69
201600050425,16,10,24,1545,1,1,1,1,4,144
201600050426,16,10,25,1213,1,1,1,2,2,144
201600050427,16,10,26,1729,1,1,1,1,2,144
201600050428,16,10,28,740,1,1,1,1,6,137
201600050429,16,10,28,920,1,1,1,1,2,69
201600050430,16,10,29,1650,1,1,1,1,2,28
201600050431,16,10,30,1525,1,1,1,1,5,123
201600050432,16,10,30,1902,3,1,1,1,2,137
201600050433,16,10,31,1750,5,1,1,1,5,137
201600050434,16,10,31,1808,5,1,1,1,3,137
201600050435,16,11,4,1030,1,1,1,1,2,62
201600050436,16,11,16,1410,1,1,1,1,4,137
201600050437,16,11,23,1750,3,1,1,1,3,144
201600050438,16,12,2,2355,5,1,1,1,3,144
201600050439,16,12,12,1343,1,1,1,1,4,137
201600050440,16,12,12,1855,3,1,1,1,4,137
201600050441,16,12,13,835,1,1,1,1,5,123
201600050442,16,12,13,1617,1,1,1,1,2,144
201600050443,16,12,15,900,1,1,1,1,4,129
201600050444,16,12,15,1828,3,1,1,2,4,144
201600050445,16,12,21,1610,2,1,1,1,2,144
201600050446,16,12,21,1815,3,1,1,1,5,144
201600050447,16,12,22,1700,2,1,1,1,3,137
201600050448,16,1,2,2115,3,1,1,1,6,71
201600050449,16,1,3,507,3,1,1,1,6,55
201600050450,16,1,2,1110,1,1,1,2,6,55
201600050451,16,1,3,1800,3,1,1,1,6,19
201600050452,16,1,3,1900,3,1,1,1,4,56
201600050453,16,1,4,2300,3,1,1,2,6,55
201600050454,16,1,5,1707,1,1,1,1,6,26
201600050455,16,1,5,820,1,1,1,1,4,1
201600050456,16,1,6,1615,1,1,1,1,2,5
201600050457,16,1,6,2200,3,1,1,1,6,22
201600050458,16,1,6,1250,1,1,1,1,3,55
201600050459,16,1,4,1710,1,1,1,1,4,55
201600050460,16,1,8,835,1,1,1,1,2,55
201600050461,16,1,12,1815,3,1,1,1,4,71
201600050462,16,1,10,1345,1,1,1,1,7,117
201600050463,16,1,14,1940,4,1,1,1,2,55
201600050464,16,1,14,2145,3,1,1,1,6,55
201600050465,16,1,14,1040,1,1,1,2,7,26
201600050466,16,1,14,1045,1,1,1,2,6,85
201600050467,16,1,15,1145,1,1,1,1,3,71
201600050468,16,1,11,1245,1,1,1,2,7,81
201600050469,16,1,15,1910,3,1,1,1,4,71
201600050470,16,1,15,1850,3,1,1,1,4,71
201600050471,16,1,15,1830,3,1,1,1,3,19
201600050472,16,1,20,715,3,1,1,8,5,117
201600050473,16,1,20,1335,1,1,1,1,5,55
201600050474,16,1,17,1815,3,1,1,1,2,55
201600050475,16,1,21,940,1,1,1,1,2,5
201600050476,16,1,21,1905,3,1,1,1,2,56
201600050477,16,1,18,645,3,1,1,1,7,43
201600050478,16,1,23,905,1,1,1,1,3,56
201600050479,16,1,24,1725,1,1,1,1,4,55
201600050480,16,1,22,740,1,1,1,1,2,43
201600050481,16,1,25,245,3,1,1,1,6,85
201600050482,16,1,25,2145,3,1,1,1,6,1
201600050483,16,1,29,850,1,1,1,5,2,1
201600050484,16,1,29,1758,3,1,1,1,2,15
201600050485,16,1,19,1415,1,1,1,1,4,117
201600050486,16,2,2,1500,1,1,1,1,7,55
201600050487,16,2,2,1840,2,1,1,1,7,55
201600050488,16,2,3,835,1,1,1,1,6,70
201600050489,16,2,5,1610,1,1,1,1,4,55
201600050490,16,2,5,1635,1,1,1,1,7,15
201600050491,16,2,5,2245,3,1,1,1,6,70
201600050492,16,2,7,1000,1,1,1,3,2,19
201600050493,16,1,14,1910,3,1,1,1,6,1
201600050494,16,2,7,1615,1,1,1,1,6,5
201600050495,16,2,6,2035,3,1,1,1,7,55
201600050496,16,2,3,1700,1,1,1,1,2,5
201600050497,16,2,5,1710,1,1,1,1,2,70
201600050498,16,2,5,1830,3,1,1,1,4,55
201600050499,16,2,10,905,1,1,1,1,7,71
201600050500,16,2,7,1830,2,1,1,1,2,71
201600050501,16,2,7,1750,2,1,1,1,4,55
201600050502,16,2,11,715,3,1,1,1,4,81
201600050503,16,2,12,125,3,1,1,1,7,5
201600050504,16,2,12,1715,2,1,1,1,7,55
201600050505,16,2,13,1400,1,1,1,2,6,5
201600050506,16,2,13,2030,3,1,1,2,2,85
201600050507,16,2,14,20,3,1,1,3,6,55
201600050508,16,2,11,1215,1,1,1,1,3,55
201600050509,16,2,14,415,4,1,1,2,6,55
201600050510,16,2,16,725,1,1,1,1,2,85
201600050511,16,2,16,1710,1,1,1,1,2,71
201600050512,16,2,16,1053,1,1,1,1,7,55
201600050513,16,1,31,1845,2,1,1,1,4,15
201600050514,16,2,19,2315,3,1,1,1,7,55
201600050515,16,2,21,1145,1,1,1,1,4,55
201600050516,16,2,20,1830,1,1,1,1,7,55
201600050517,16,2,22,742,1,1,1,5,2,71
201600050518,16,2,22,845,1,1,1,2,7,5
201600050519,16,2,23,910,1,1,1,1,2,55
201600050520,16,2,23,1615,1,1,1,1,2,55
201600050521,16,2,23,905,1,1,1,1,4,55
201600050522,16,2,24,2100,3,1,1,1,5,71
201600050523,16,2,25,945,1,1,1,1,2,55
201600050524,16,2,27,235,3,1,1,8,6,55
201600050525,16,2,26,1850,2,1,1,2,4,15
201600050526,16,2,27,1420,1,1,1,2,7,55
201600050527,16,2,27,2330,3,1,1,2,2,19
201600050528,16,2,28,1420,1,1,1,1,7,85
201600050529,16,2,26,1610,1,1,1,2,4,28
201600050530,16,2,25,1720,1,1,1,1,6,117
201600050531,16,3,2,1830,3,1,1,8,4,55
201600050532,16,3,3,40,3,1,1,6,6,55
201600050533,16,2,28,1320,1,1,1,2,7,55
201600050534,16,2,29,1155,1,1,1,1,7,71
201600050535,16,3,3,810,1,1,1,1,3,70
201600050536,16,3,4,835,1,1,1,1,3,5
201600050537,16,3,5,45,3,1,1,2,6,88
201600050538,16,3,5,50,3,1,1,2,6,117
201600050539,16,3,4,745,1,1,1,1,3,55
201600050540,16,3,6,2110,3,1,1,1,4,117
201600050541,16,3,7,745,1,1,1,1,2,117
201600050542,16,3,6,1920,2,1,1,1,6,71
201600050543,16,3,8,750,1,1,1,1,3,70
201600050544,16,3,9,1000,1,1,1,1,4,1
201600050545,16,3,10,2200,3,1,1,1,4,55
201600050546,16,3,7,810,1,1,1,1,2,88
201600050547,16,3,11,1340,1,1,1,1,7,117
201600050548,16,3,12,1540,1,1,1,1,5,55
201600050549,16,3,11,2250,3,1,1,1,2,15
201600050550,16,3,9,1700,1,1,1,1,3,85
201600050551,16,3,8,1515,1,1,1,1,3,71
201600050552,16,3,7,1750,1,1,1,1,4,5
201600050553,16,3,9,1920,3,1,1,1,4,106
201600050554,16,3,14,2135,3,1,1,2,7,1
201600050555,16,3,15,615,2,1,1,1,6,85
201600050556,16,3,12,1820,1,1,1,1,5,71
201600050557,16,3,15,2350,3,1,1,1,6,55
201600050558,16,3,16,1105,1,1,1,2,7,85
201600050559,16,3,1,750,1,1,1,1,7,55
201600050560,16,3,17,715,1,1,1,1,4,55
201600050561,16,3,17,700,1,1,1,1,7,85
201600050562,16,3,11,1045,1,1,1,1,2,5
201600050563,16,3,18,1454,1,1,1,1,4,71
201600050564,16,3,18,1855,2,1,1,1,4,55
201600050565,16,3,18,2120,3,1,1,1,6,55
201600050566,16,3,14,1500,1,1,1,1,4,71
201600050567,16,3,19,630,1,1,1,1,3,26
201600050568,16,3,16,1650,1,1,1,1,2,55
201600050569,16,3,19,915,1,1,1,1,2,85
201600050570,16,3,18,1440,1,1,1,1,4,55
201600050571,16,3,17,715,1,1,1,1,7,5
201600050572,16,3,22,1310,1,1,1,1,6,55
201600050573,16,3,23,735,1,1,1,1,7,106
201600050574,16,3,24,1730,1,1,1,1,3,70
201600050575,16,3,24,915,1,1,1,1,4,71
201600050576,16,3,24,900,1,1,1,1,3,55
201600050577,16,3,24,830,1,1,1,1,4,56
201600050578,16,3,16,1730,1,1,1,1,2,5
201600050579,16,3,24,1505,1,1,1,1,4,71
201600050580,16,3,27,2135,3,1,1,1,2,55
201600050581,16,3,28,1500,1,1,1,1,3,55
201600050582,16,3,27,2100,3,1,1,1,5,22
201600050583,16,3,29,1520,1,1,1,1,2,55
201600050584,16,3,29,1630,1,1,1,1,6,71
201600050585,16,3,30,2100,3,1,1,1,4,55
201600050586,16,4,1,1320,1,1,1,2,6,85
201600050587,16,3,8,1600,1,1,1,1,7,1
201600050588,16,4,1,1435,1,1,1,1,7,5
201600050589,16,4,1,1145,1,1,1,2,7,56
201600050590,16,4,2,1250,1,1,1,1,4,71
201600050591,16,4,4,730,1,1,1,1,2,71
201600050592,16,4,4,945,1,1,1,1,4,55
201600050593,16,4,5,500,1,1,1,1,2,71
201600050594,16,4,5,930,1,1,1,2,1,71
201600050595,16,4,5,1400,1,1,1,1,2,55
201600050596,16,4,5,1720,1,1,1,1,3,55
201600050597,16,4,3,1700,1,1,1,2,7,56
201600050598,16,3,25,1735,1,1,1,1,2,15
201600050599,16,4,8,800,1,1,1,1,6,55
201600050600,16,4,9,720,2,1,1,2,6,56
201600050601,16,4,8,1800,1,1,1,1,3,55
201600050602,16,4,11,700,1,1,1,1,2,71
201600050603,16,4,10,1745,1,1,1,1,4,55
201600050604,16,2,18,1615,1,1,1,1,2,55
201600050605,16,3,4,1840,3,1,1,1,4,71
201600050606,16,3,16,1530,1,1,1,2,7,55
201600050607,16,4,14,5,3,1,1,1,6,106
201600050608,16,4,14,500,3,1,1,1,2,15
201600050609,16,4,14,1815,1,1,1,1,7,71
201600050610,16,4,15,1540,1,1,1,1,2,55
201600050611,16,4,15,1945,1,1,1,1,5,71
201600050612,16,4,17,1750,1,1,1,1,4,55
201600050613,16,1,7,1315,1,1,1,1,6,5
201600050614,16,4,15,1900,1,1,1,1,2,5
201600050615,16,4,19,745,1,1,1,1,4,55
201600050616,16,4,13,1450,1,1,1,1,3,55
201600050617,16,4,20,1930,1,1,1,1,5,55
201600050618,16,4,21,2010,1,1,1,8,2,55
201600050619,16,4,21,1045,1,1,1,8,6,71
201600050620,16,4,22,1730,1,1,1,1,6,71
201600050621,16,4,13,1820,1,1,1,1,7,55
201600050622,16,4,22,1040,1,1,1,1,4,1
201600050623,16,4,22,830,1,1,1,1,5,55
201600050624,16,4,22,1800,1,1,1,1,3,55
201600050625,16,4,25,800,1,1,1,1,2,5
201600050626,16,4,26,40,3,1,1,1,7,88
201600050627,16,4,26,1015,1,1,1,1,2,15
201600050628,16,4,15,1000,1,1,1,1,4,55
201600050629,16,4,21,935,1,1,1,1,4,117
201600050630,16,4,27,1315,1,1,1,1,7,55
201600050631,16,4,28,1415,1,1,1,1,4,55
201600050632,16,4,28,1715,1,1,1,1,5,71
201600050633,16,4,28,800,2,1,1,1,5,55
201600050634,16,4,28,750,1,1,1,1,4,55
201600050635,16,4,29,1040,1,1,1,1,2,55
201600050636,16,4,29,2110,3,1,1,1,6,55
201600050637,16,5,1,229,3,1,1,1,7,55
201600050638,16,4,30,445,5,1,1,1,7,55
201600050639,16,5,1,1345,1,1,1,1,6,71
201600050640,16,4,30,1758,1,1,1,1,5,15
201600050641,16,4,26,1745,1,1,1,1,4,55
201600050642,16,4,27,1930,1,1,1,1,2,55
201600050643,16,4,29,1740,1,1,1,1,4,1
201600050644,16,4,29,1800,1,1,1,1,3,55
201600050645,16,5,2,915,1,1,1,1,4,71
201600050646,16,5,3,825,1,1,1,1,5,55
201600050647,16,5,4,1740,1,1,1,1,4,71
201600050648,16,5,4,1740,1,1,1,1,2,55
201600050649,16,5,5,2105,3,1,1,1,2,71
201600050650,16,5,6,725,1,1,1,1,7,71
201600050651,16,5,7,1920,1,1,1,1,7,1
201600050652,16,5,7,2000,1,1,1,1,2,55
201600050653,16,5,10,1430,1,1,1,1,3,1
201600050654,16,5,11,100,3,1,1,2,7,56
201600050655,16,5,9,1200,1,1,1,1,2,55
201600050656,16,5,11,640,1,1,1,1,6,106
201600050657,16,5,10,740,1,1,1,1,3,15
201600050658,16,5,1,1855,1,1,1,1,3,55
201600050659,16,5,11,920,1,1,1,2,6,5
201600050660,16,5,11,840,1,1,1,1,3,55
201600050661,16,5,12,810,1,1,1,1,2,106
201600050662,16,5,12,615,1,1,1,2,4,71
201600050663,16,5,12,1225,1,1,1,1,6,70
201600050664,16,5,14,2329,3,1,1,1,6,26
201600050665,16,5,12,1910,1,1,1,1,3,55
201600050666,16,5,17,835,1,1,1,1,4,55
201600050667,16,5,19,120,3,1,1,1,2,55
201600050668,16,5,20,150,3,1,1,1,7,1
201600050669,16,4,13,1545,1,1,1,1,1,71
201600050670,16,5,20,1730,1,1,1,1,2,71
201600050671,16,5,3,1230,1,1,1,1,3,71
201600050672,16,5,21,2010,1,1,1,1,7,55
201600050673,16,4,27,1345,1,1,1,1,6,55
201600050674,16,5,22,1655,1,1,1,1,2,106
201600050675,16,5,23,920,1,1,1,1,2,55
201600050676,16,5,23,1610,1,1,1,1,4,71
201600050677,16,5,12,815,1,1,1,1,6,106
201600050678,16,5,24,840,1,1,1,1,6,55
201600050679,16,5,24,1615,1,1,1,1,2,5
201600050680,16,5,13,1700,1,1,1,2,2,55
201600050681,16,5,26,735,1,1,1,1,2,55
201600050682,16,5,26,750,1,1,1,1,6,55
201600050683,16,5,26,1630,1,1,1,1,3,71
201600050684,16,5,27,1730,1,1,1,1,2,55
201600050685,16,5,29,755,2,1,1,2,2,117
201600050686,16,5,28,1935,1,1,1,1,3,117
201600050687,16,5,29,230,3,1,1,2,2,19
201600050688,16,5,29,950,1,1,1,2,6,55
201600050689,16,6,2,415,3,1,1,1,6,1
201600050690,16,6,2,2040,1,1,1,1,2,71
201600050691,16,6,2,740,1,1,9,1,3,71
201600050692,16,6,3,1450,1,1,1,1,6,71
201600050693,16,6,4,530,2,1,1,1,2,71
201600050694,16,6,3,2045,2,1,1,1,2,43
201600050695,16,6,4,1305,1,1,1,1,7,26
201600050696,16,6,7,1513,1,1,1,1,6,5
201600050697,16,6,9,710,1,1,1,1,6,106
201600050698,16,6,9,730,1,1,1,1,7,56
201600050699,16,6,6,1920,1,1,1,1,3,117
201600050700,16,6,6,1900,1,1,1,1,6,5
201600050701,16,6,10,915,1,1,1,1,4,1
201600050702,16,6,10,1350,1,1,1,1,2,55
201600050703,16,6,11,1225,1,1,1,1,6,26
201600050704,16,6,11,1500,1,1,1,1,3,55
201600050705,16,6,8,1740,1,1,1,1,7,33
201600050706,16,6,12,350,5,1,1,1,7,55
201600050707,16,6,13,35,4,1,1,1,2,81
201600050708,16,6,13,900,1,1,1,1,2,55
201600050709,16,6,14,1615,1,1,1,1,4,71
201600050710,16,6,14,30,3,1,1,1,6,55
201600050711,16,6,15,855,1,1,1,8,4,71
201600050712,16,6,16,1620,1,1,1,1,6,55
201600050713,16,6,15,1900,1,1,1,2,6,85
201600050714,16,6,11,1810,1,1,1,1,3,55
201600050715,16,6,17,1430,1,1,1,1,4,55
201600050716,16,6,10,2155,3,1,1,2,7,15
201600050717,16,6,11,1855,1,1,1,1,2,55
201600050718,16,6,17,1720,1,1,1,1,2,88
201600050719,16,6,16,1100,1,1,1,1,6,56
201600050720,16,6,19,455,3,1,1,1,2,117
201600050721,16,6,19,1305,1,1,1,1,1,5
201600050722,16,6,19,2050,1,1,1,1,6,71
201600050723,16,6,9,1205,1,1,1,1,6,88
201600050724,16,6,21,1925,1,1,1,1,3,5
201600050725,16,6,22,1530,1,1,1,1,1,55
201600050726,16,6,17,1525,1,1,1,1,7,26
201600050727,16,6,21,2055,2,1,1,1,5,71
201600050728,16,6,23,930,1,1,1,1,1,55
201600050729,16,6,22,2320,3,1,1,1,7,81
201600050730,16,6,24,1430,1,1,1,1,7,117
201600050731,16,6,26,515,3,1,1,1,6,55
201600050732,16,6,26,110,3,1,1,1,7,55
201600050733,16,6,27,2110,1,1,1,1,6,5
201600050734,16,6,28,1810,1,1,1,1,2,55
201600050735,16,6,29,545,3,1,1,1,7,5
201600050736,16,6,30,957,1,1,1,1,5,15
201600050737,16,6,19,1850,1,1,1,1,6,71
201600050738,16,6,30,1945,1,1,1,1,2,19
201600050739,16,6,30,1920,1,1,1,1,3,55
201600050740,16,7,1,1500,1,1,1,1,3,71
201600050741,16,7,1,1950,1,1,1,1,6,55
201600050742,16,7,2,230,3,1,1,1,1,55
201600050743,16,7,1,915,1,1,1,1,2,55
201600050744,16,7,1,1720,1,1,1,1,5,55
201600050745,16,7,2,1315,1,1,1,1,7,55
201600050746,16,6,29,1630,1,1,1,1,4,55
201600050747,16,6,30,1615,1,1,1,1,7,55
201600050748,16,7,3,2250,3,1,1,1,6,55
201600050749,16,7,5,800,1,1,1,1,4,55
201600050750,16,7,5,1410,1,1,1,1,6,5
201600050751,16,7,5,1515,1,1,1,1,7,55
201600050752,16,7,6,1530,1,1,1,1,5,71
201600050753,16,7,5,1850,1,1,1,1,2,117
201600050754,16,7,7,2320,3,1,1,1,6,55
201600050755,16,7,7,1330,1,1,1,1,7,55
201600050756,16,7,7,830,1,1,1,1,2,55
201600050757,16,7,8,1235,1,1,1,1,2,106
201600050758,16,7,9,1330,1,2,1,1,2,55
201600050759,16,7,9,1910,1,1,1,1,4,1
201600050760,16,7,10,330,3,1,1,1,2,71
201600050761,16,7,10,1410,1,1,1,1,2,85
201600050762,16,7,10,415,3,1,1,1,7,33
201600050763,16,7,7,1630,1,1,1,1,2,55
201600050764,16,7,11,1820,1,1,1,1,2,71
201600050765,16,7,11,1800,1,1,1,1,2,55
201600050766,16,7,12,1710,1,1,1,1,5,55
201600050767,16,7,13,830,1,1,1,1,3,71
201600050768,16,7,13,759,1,1,1,1,4,55
201600050769,16,7,13,1015,1,1,1,1,2,71
201600050770,16,7,8,1830,1,1,1,1,2,33
201600050771,16,7,13,1840,1,1,1,1,2,55
201600050772,16,7,14,2030,1,1,1,1,1,71
201600050773,16,7,15,723,1,1,1,1,2,1
201600050774,16,7,12,1450,1,1,1,1,7,71
201600050775,16,7,16,145,3,1,1,1,3,15
201600050776,16,7,16,1940,1,1,1,1,7,19
201600050777,16,7,17,1920,1,1,1,1,2,55
201600050778,16,7,19,800,1,1,1,1,7,55
201600050779,16,7,19,1720,1,1,1,1,2,55
201600050780,16,7,20,1030,1,1,1,1,7,55
201600050781,16,7,19,1830,1,1,1,1,4,71
201600050782,16,7,20,1715,1,1,1,1,3,26
201600050783,16,7,11,930,1,1,1,1,2,55
201600050784,16,7,20,750,1,1,1,1,2,55
201600050785,16,7,23,1430,1,1,1,2,2,55
201600050786,16,7,23,1500,1,1,1,3,7,5
201600050787,16,7,23,1630,1,1,1,1,3,55
201600050788,16,7,24,715,2,1,1,1,7,1
201600050789,16,7,23,1810,1,1,1,1,2,55
201600050790,16,7,23,2150,3,1,1,1,7,71
201600050791,16,7,22,1820,1,1,1,1,2,15
201600050792,16,7,25,2150,2,1,1,1,2,55
201600050793,16,7,26,100,3,1,1,1,7,88
201600050794,16,7,26,900,1,1,1,1,2,55
201600050795,16,7,26,1530,1,1,1,1,3,1
201600050796,16,7,27,850,1,1,1,1,3,15
201600050797,16,7,27,1525,1,1,1,1,4,71
201600050798,16,7,24,1850,1,1,1,1,2,15
201600050799,16,7,28,820,1,1,1,1,3,22
201600050800,16,7,28,1750,1,1,1,1,4,55
201600050801,16,6,17,1525,1,1,1,1,5,71
201600050802,16,7,26,1800,1,1,1,1,7,85
201600050803,16,7,28,1900,1,1,1,1,6,19
201600050804,16,7,31,1820,1,1,1,1,5,55
201600050805,16,7,31,1840,1,1,1,1,1,5
201600050806,16,8,2,1730,1,1,1,1,4,33
201600050807,16,7,28,2330,3,1,1,1,5,1
201600050808,16,8,2,2330,3,1,1,1,6,55
201600050809,16,8,2,1805,1,1,1,1,2,106
201600050810,16,8,3,1920,1,1,1,1,2,43
201600050811,16,8,4,700,1,1,1,1,2,55
201600050812,16,8,4,620,2,1,1,1,6,5
201600050813,16,8,4,500,3,1,1,1,6,55
201600050814,16,7,31,1740,1,1,1,1,2,55
201600050815,16,8,1,1450,1,1,1,1,4,55
201600050816,16,8,5,30,3,1,1,2,2,71
201600050817,16,8,7,355,3,1,1,1,2,55
201600050818,16,8,7,1815,1,1,1,1,1,55
201600050819,16,8,7,2005,1,1,1,1,2,71
201600050820,16,8,5,1800,1,1,1,1,6,1
201600050821,16,7,4,1905,1,1,1,1,2,106
201600050822,16,8,9,1920,1,1,1,1,2,55
201600050823,16,8,10,910,1,1,1,1,4,71
201600050824,16,8,11,20,3,1,1,1,2,15
201600050825,16,8,12,1310,1,1,1,1,7,55
201600050826,16,8,13,715,1,1,1,1,6,5
201600050827,16,8,13,805,1,2,1,1,6,55
201600050828,16,8,14,430,5,1,1,1,2,55
201600050829,16,8,14,2152,3,1,1,1,4,71
201600050830,16,8,16,2050,2,1,1,1,2,1
201600050831,16,8,17,530,3,1,1,1,6,55
201600050832,16,8,12,1630,1,1,1,1,2,55
201600050833,16,8,18,550,3,1,1,1,2,1
201600050834,16,8,18,1515,1,1,1,1,7,71
201600050835,16,8,19,1655,1,1,1,1,2,71
201600050836,16,8,18,1815,1,1,1,1,4,71
201600050837,16,8,21,15,4,1,1,1,5,55
201600050838,16,8,20,500,3,1,1,1,7,22
201600050839,16,8,21,1,5,1,1,1,3,55
201600050840,16,8,22,555,3,1,1,1,2,117
201600050841,16,8,23,2130,3,1,1,1,6,15
201600050842,16,8,24,1235,1,1,1,1,7,15
201600050843,16,8,24,910,1,1,1,1,7,85
201600050844,16,8,25,855,1,1,1,1,2,55
201600050845,16,8,25,1400,1,1,1,1,2,55
201600050846,16,8,23,1730,1,1,1,1,4,71
201600050847,16,8,27,520,3,1,1,1,2,106
201600050848,16,8,25,1140,1,1,1,1,2,55
201600050849,16,8,29,1000,1,1,1,1,2,55
201600050850,16,8,30,1700,1,1,1,1,4,55
201600050851,16,8,30,1230,1,1,1,1,4,71
201600050852,16,8,30,645,1,1,1,1,3,15
201600050853,16,8,30,2120,3,1,1,1,2,28
201600050854,16,8,31,1810,1,1,1,1,2,55
201600050855,16,8,30,2118,3,1,1,1,7,22
201600050856,16,8,31,820,1,1,1,1,6,55
201600050857,16,9,6,930,1,1,1,1,4,55
201600050858,16,9,7,840,1,1,1,1,5,55
201600050859,16,9,7,1845,1,1,1,1,4,15
201600050860,16,9,8,2200,3,1,1,1,7,1
201600050861,16,8,31,1745,1,1,1,1,2,55
201600050862,16,9,6,1650,1,1,1,1,3,5
201600050863,16,9,11,730,2,1,1,1,7,71
201600050864,16,9,10,1100,1,1,1,1,6,56
201600050865,16,9,8,1630,1,1,1,1,4,70
201600050866,16,9,8,1835,1,1,1,1,3,55
201600050867,16,9,8,1800,1,1,1,1,3,55
201600050868,16,9,12,840,1,1,1,1,3,55
201600050869,16,9,12,1330,1,1,1,1,2,55