Num_Acc,an,mois,jour,hrmn,lum,agg,int,atm,col,com
201600050870,16,9,12,2330,3,1,1,1,6,117
201600050871,16,9,14,2100,3,1,1,2,7,55
201600050872,16,9,12,1140,1,1,1,1,4,71
201600050873,16,9,15,845,1,1,1,1,5,5
201600050874,16,9,14,2355,3,1,1,1,7,71
201600050875,16,9,15,1430,1,1,1,1,7,1
201600050876,16,9,5,1745,1,1,1,1,2,55
201600050877,16,9,6,1430,1,1,1,1,4,55
201600050878,16,9,17,2010,5,1,1,1,2,55
201600050879,16,9,17,1745,1,1,1,1,6,55
201600050880,16,9,18,1900,1,1,1,1,2,71
201600050881,16,9,17,2230,3,1,1,1,7,88
201600050882,16,9,19,840,1,1,1,1,6,71
201600050883,16,9,18,415,3,1,1,1,4,26
201600050884,16,9,19,1310,1,1,1,1,6,5
201600050885,16,9,20,1750,1,1,1,1,1,55
201600050886,16,9,20,1300,1,1,9,1,7,1
201600050887,16,9,16,1020,1,1,1,2,6,5
201600050888,16,9,21,10,3,1,1,1,6,85
201600050889,16,9,20,900,1,1,1,1,4,71
201600050890,16,9,23,730,1,1,1,1,4,55
201600050891,16,9,23,830,1,1,1,1,3,71
201600050892,16,9,23,850,1,1,1,1,6,55
201600050893,16,9,23,1820,1,1,1,1,2,70
201600050894,16,9,24,1415,1,1,1,1,5,71
201600050895,16,9,25,1400,1,1,1,1,6,19
201600050896,16,9,25,1450,1,1,1,1,4,19
201600050897,16,9,25,1030,1,1,1,1,6,26
201600050898,16,9,25,1840,1,1,1,1,6,43
201600050899,16,9,26,1610,1,1,1,1,1,55
201600050900,16,9,26,1615,1,1,1,1,2,55
201600050901,16,9,26,1725,1,1,1,1,7,85
201600050902,16,9,26,1845,1,1,1,1,4,55
201600050903,16,9,27,15,3,1,1,1,2,81
201600050904,16,9,27,1850,2,1,1,3,7,71
201600050905,16,9,27,1710,1,1,1,1,3,55
201600050906,16,9,28,1310,1,1,9,1,7,81
201600050907,16,9,5,1710,1,1,1,1,4,55
201600050908,16,9,5,1800,1,1,1,1,4,55
201600050909,16,9,30,810,1,1,1,1,5,106
201600050910,16,10,1,540,5,1,1,1,3,55
201600050911,16,10,2,955,1,1,1,1,5,26
201600050912,16,10,3,845,1,1,1,1,4,5
201600050913,16,9,26,845,1,1,1,1,3,55
201600050914,16,8,24,1725,1,1,1,1,6,55
201600050915,16,9,30,1435,1,1,1,2,6,55
201600050916,16,10,4,945,1,1,1,1,4,55
201600050917,16,10,4,630,3,1,1,1,7,33
201600050918,16,10,4,930,1,1,1,1,2,55
201600050919,16,10,5,900,1,1,1,1,2,106
201600050920,16,10,5,930,1,1,1,1,4,19
201600050921,16,10,5,1610,1,1,1,1,6,55
201600050922,16,10,7,1820,1,1,1,1,4,71
201600050923,16,10,6,1720,1,1,1,1,2,117
201600050924,16,8,22,1600,1,1,1,1,3,5
201600050925,16,9,10,1850,1,1,1,1,4,55
201600050926,16,10,11,815,1,1,1,1,4,71
201600050927,16,10,11,835,1,1,1,8,7,55
201600050928,16,10,11,1745,1,1,1,1,1,55
201600050929,16,10,11,855,1,1,1,1,2,5
201600050930,16,10,11,1550,1,1,1,1,3,55
201600050931,16,10,11,1800,1,1,1,1,2,81
201600050932,16,10,12,800,1,1,1,1,2,81
201600050933,16,10,13,210,5,1,1,1,3,55
201600050934,16,10,14,735,3,1,1,2,2,43
201600050935,16,10,14,1425,1,1,1,2,6,55
201600050936,16,10,14,1445,1,1,1,2,6,117
201600050937,16,10,14,1620,1,1,1,3,1,56
201600050938,16,10,14,1715,1,1,1,1,1,55
201600050939,16,10,15,1600,1,1,1,1,7,71
201600050940,16,10,12,1620,1,1,1,1,3,15
201600050941,16,10,14,1720,1,1,1,1,5,55
201600050942,16,10,19,905,1,1,1,1,6,55
201600050943,16,10,20,750,1,1,1,1,3,55
201600050944,16,10,11,905,1,1,1,1,4,55
201600050945,16,10,20,1955,3,1,1,1,6,70
201600050946,16,10,18,1640,1,1,1,1,4,55
201600050947,16,10,22,1845,2,1,1,2,4,55
201600050948,16,10,23,615,3,1,1,2,6,19
201600050949,16,10,23,10,3,1,1,1,2,55
201600050950,16,10,23,1450,1,1,1,2,6,71
201600050951,16,10,23,1800,1,1,1,1,3,55
201600050952,16,10,25,1215,1,1,1,8,6,1
201600050953,16,10,27,822,1,1,1,1,7,26
201600050954,16,10,27,1615,1,1,1,1,6,71
201600050955,16,10,27,1110,1,1,1,1,7,106
201600050956,16,10,28,800,1,1,1,1,4,55
201600050957,16,10,29,1100,1,1,1,1,7,71
201600050958,16,10,30,1925,2,1,1,1,4,33
201600050959,16,10,30,2040,3,1,1,1,4,106
201600050960,16,10,28,1650,2,1,1,1,7,55
201600050961,16,11,1,310,3,1,1,1,2,55
201600050962,16,10,31,1850,3,1,1,1,2,33
201600050963,16,11,1,1500,1,1,1,1,6,81
201600050964,16,11,1,2115,3,1,1,1,2,43
201600050965,16,10,30,1435,1,1,1,1,7,55
201600050966,16,11,2,715,1,1,1,1,2,15
201600050967,16,11,3,840,1,1,1,1,3,55
201600050968,16,10,22,1825,2,1,1,2,7,19
201600050969,16,11,3,830,1,1,1,1,2,71
201600050970,16,11,3,1220,1,1,1,1,4,55
201600050971,16,10,29,1655,1,1,1,1,6,71
201600050972,16,11,5,130,3,1,1,2,2,5
201600050973,16,11,3,1330,1,1,1,1,3,55
201600050974,16,11,5,715,2,1,1,2,6,85
201600050975,16,11,5,1320,1,1,1,8,7,85
201600050976,16,11,6,905,1,1,1,1,7,85
201600050977,16,11,7,950,1,1,1,1,2,71
201600050978,16,11,8,810,1,1,1,1,5,55
201600050979,16,11,8,905,1,1,1,1,6,106
201600050980,16,11,8,845,1,1,1,1,4,117
201600050981,16,10,21,30,3,1,1,1,7,1
201600050982,16,11,9,1145,1,1,1,2,7,5
201600050983,16,11,10,1945,3,1,1,1,4,71
201600050984,16,11,10,948,1,1,1,1,4,55
201600050985,16,11,12,1530,1,1,1,1,6,55
201600050986,16,11,13,100,5,1,1,1,6,55
201600050987,16,11,13,555,3,1,1,1,2,88
201600050988,16,11,12,1820,5,1,1,1,4,55
201600050989,16,11,14,25,3,1,1,2,5,5
201600050990,16,11,14,755,1,1,1,2,2,55
201600050991,16,11,11,1800,3,1,1,1,3,55
201600050992,16,11,15,1615,1,1,1,1,7,88
201600050993,16,11,15,1830,3,1,1,1,7,55
201600050994,16,11,16,845,1,1,1,1,2,55
201600050995,16,11,16,910,1,1,1,1,2,55
201600050996,16,11,16,1815,3,1,1,1,7,5
201600050997,16,11,17,2300,5,1,1,1,6,55
201600050998,16,11,17,945,1,1,1,1,4,71
201600050999,16,11,18,1420,1,1,1,1,5,55
201600051000,16,11,15,1845,3,1,1,1,5,81
201600051001,16,11,20,225,4,1,1,1,6,55
201600051002,16,11,21,715,2,1,1,2,4,55
201600051003,16,11,21,800,1,1,1,3,4,26
201600051004,16,11,21,1530,1,1,1,2,2,55
201600051005,16,11,17,900,1,1,9,1,3,55
201600051006,16,11,18,1045,1,1,1,1,6,55
201600051007,16,11,22,1945,3,1,1,1,6,55
201600051008,16,11,22,955,1,1,1,2,6,55
201600051009,16,11,22,1130,1,1,1,2,7,56
201600051010,16,11,25,1150,1,1,1,1,7,55
201600051011,16,11,24,1810,3,1,1,1,4,55
201600051012,16,11,25,110,3,1,1,3,6,5
201600051013,16,11,26,235,3,1,1,1,1,55
201600051014,16,11,26,2020,3,1,1,1,2,106
201600051015,16,11,26,435,3,1,1,1,6,56
201600051016,16,11,27,2220,3,1,1,1,6,88
201600051017,16,11,27,1930,3,1,1,1,4,55
201600051018,16,11,25,1705,3,1,1,2,3,55
201600051019,16,11,29,905,1,1,1,1,4,55
201600051020,16,11,30,905,1,1,1,1,1,71
201600051021,16,11,24,320,3,1,1,1,6,1
201600051022,16,11,30,2250,3,1,1,1,6,55
201600051023,16,11,30,1245,1,1,1,1,2,55
201600051024,16,11,15,1805,3,1,1,1,3,55
201600051025,16,12,2,1700,2,1,1,1,4,88
201600051026,16,12,2,1700,1,1,1,1,4,55
201600051027,16,12,3,1645,1,1,1,2,6,88
201600051028,16,12,5,855,1,1,1,1,4,55
201600051029,16,12,5,1400,1,1,1,1,5,71
201600051030,16,12,5,420,3,1,1,1,2,43
201600051031,16,12,6,1500,1,1,1,1,6,55
201600051032,16,12,6,730,2,1,1,1,2,70
201600051033,16,12,7,730,3,1,1,1,4,71
201600051034,16,12,6,1750,3,1,1,1,4,55
201600051035,16,12,6,1835,3,1,1,1,4,71
201600051036,16,12,7,1800,3,1,1,1,4,71
201600051037,16,12,7,1250,1,1,1,1,4,117
201600051038,16,12,8,1500,1,1,1,1,2,55
201600051039,16,12,8,845,1,1,1,1,2,71
201600051040,16,12,8,742,1,1,1,1,2,71
201600051041,16,12,9,1610,1,1,1,1,4,55
201600051042,16,11,21,805,1,1,1,2,1,85
201600051043,16,12,10,1945,3,1,1,1,2,55
201600051044,16,12,11,720,1,1,1,1,7,85
201600051045,16,12,11,450,5,1,1,1,6,55
201600051046,16,12,11,105,5,1,1,1,7,55
201600051047,16,12,12,1400,1,1,1,1,6,71
201600051048,16,12,13,800,1,1,1,1,2,55
201600051049,16,12,13,920,1,1,1,1,4,55
201600051050,16,12,13,1205,1,1,1,1,2,81
201600051051,16,12,14,1415,1,1,1,1,1,1
201600051052,16,12,14,1935,3,1,1,1,6,19
201600051053,16,12,15,1830,3,1,1,1,2,55
201600051054,16,12,16,2330,3,1,1,1,6,26
201600051055,16,12,17,555,3,1,1,1,6,15
201600051056,16,12,16,1245,1,1,1,1,2,55
201600051057,16,12,17,345,3,1,1,1,3,55
201600051058,16,12,17,1950,5,1,1,1,2,55
201600051059,16,12,18,1645,1,1,1,1,2,55
201600051060,16,12,18,1645,1,1,1,1,2,55
201600051061,16,12,15,1830,4,1,1,1,2,71
201600051062,16,12,18,2200,3,1,1,1,6,33
201600051063,16,12,19,2015,3,1,1,2,6,55
201600051064,16,12,20,1815,3,1,1,2,6,71
201600051065,16,12,11,1805,3,1,1,1,5,71
201600051066,16,12,20,1850,3,1,1,2,2,71
201600051067,16,12,21,1735,3,1,1,1,4,55
201600051068,16,12,21,1830,3,1,1,1,3,106
201600051069,16,12,16,920,1,1,1,1,4,1
201600051070,16,12,5,650,3,1,1,1,2,26
201600051071,16,12,22,1730,3,1,1,1,2,117
201600051072,16,12,23,1415,1,1,1,1,4,55
201600051073,16,12,23,1930,3,1,1,1,2,26
201600051074,16,12,24,200,3,1,1,1,2,117
201600051075,16,12,24,1330,1,1,1,1,3,55
201600051076,16,12,24,440,3,1,1,1,2,26
201600051077,16,12,25,1745,3,1,1,1,6,71
201600051078,16,12,25,1200,1,1,1,1,4,55
201600051079,16,12,27,1530,1,1,1,1,4,71
201600051080,16,12,27,1545,1,1,1,1,4,19
201600051081,16,12,28,455,3,1,1,1,3,19
201600051082,16,12,28,1320,1,1,1,1,6,26
201600051083,16,12,29,40,3,1,1,1,2,15
201600051084,16,12,30,1155,1,1,1,1,2,55
201600051085,16,8,26,1032,1,2,1,1,6,54
201600051086,16,1,3,1015,1,2,7,2,3,101
201600051087,16,1,5,1710,5,2,4,1,3,101
201600051088,16,1,11,1030,1,2,3,2,3,101
201600051089,16,1,21,1230,1,2,2,1,6,101
201600051090,16,1,24,445,5,2,7,2,3,101
201600051091,16,1,29,1220,1,2,2,1,6,102
201600051092,16,2,2,630,5,2,2,1,3,101
201600051093,16,2,9,610,5,2,2,3,6,101
201600051094,16,2,12,1200,1,2,3,2,7,101
201600051095,16,2,14,1020,1,2,2,1,7,101
201600051096,16,2,18,1400,1,2,7,2,6,101
201600051097,16,2,29,1515,1,2,1,1,6,101
201600051098,16,3,7,1326,1,2,7,8,7,101
201600051099,16,3,10,900,1,2,7,1,2,108
201600051100,16,3,16,1010,1,2,3,1,2,101
201600051101,16,3,22,1250,1,2,7,1,7,101
201600051102,16,3,23,1000,1,2,5,1,3,101
201600051103,16,3,23,1735,1,2,1,1,3,101
201600051104,16,3,24,925,1,2,7,1,3,101
201600051105,16,3,27,130,5,2,4,3,6,101
201600051106,16,4,2,1330,1,2,4,1,6,101
201600051107,16,4,5,1500,1,2,1,1,3,101
201600051108,16,4,5,2325,5,2,5,1,3,101
201600051109,16,4,7,1010,1,2,1,1,2,101
201600051110,16,4,9,45,5,2,3,1,2,104
201600051111,16,4,10,1115,1,2,3,1,2,101
201600051112,16,4,11,845,1,2,2,2,3,101
201600051113,16,4,13,1130,1,2,3,1,3,101
201600051114,16,4,13,1145,1,2,1,1,7,101
201600051115,16,4,26,1450,1,2,2,2,3,101
201600051116,16,5,11,1120,1,2,7,1,7,101
201600051117,16,5,14,630,2,2,2,1,3,101
201600051118,16,5,11,1840,1,2,3,1,3,101
201600051119,16,5,16,1745,1,2,3,1,6,101
201600051120,16,5,17,1224,1,2,1,1,3,101
201600051121,16,5,18,1530,1,2,2,1,6,101
201600051122,16,5,19,1036,1,2,2,1,3,101
201600051123,16,5,22,1100,1,2,2,2,7,101
201600051124,16,5,27,1515,1,2,1,1,2,101
201600051125,16,6,2,1620,1,2,2,2,3,101
201600051126,16,6,3,1500,1,2,3,1,3,101
201600051127,16,6,6,1410,1,2,1,1,2,101
201600051128,16,6,10,345,5,2,2,1,3,101
201600051129,16,6,15,245,5,2,1,1,6,103
201600051130,16,6,16,1810,1,2,2,1,2,101
201600051131,16,6,19,1040,1,2,2,1,6,102
201600051132,16,6,22,100,5,2,1,1,6,101
201600051133,16,6,25,1500,1,2,3,1,7,101
201600051134,16,7,1,1130,1,2,3,1,2,101
201600051135,16,7,1,1730,1,2,1,1,2,101
201600051136,16,7,3,1245,1,2,1,1,6,101
201600051137,16,7,4,835,1,2,1,1,7,101
201600051138,16,7,4,1300,1,2,1,1,6,101
201600051139,16,7,6,1830,1,2,1,1,2,101
201600051140,16,7,7,2306,5,2,1,1,2,101
201600051141,16,7,11,1230,1,2,2,1,6,101
201600051142,16,7,11,1840,1,2,3,1,6,101
201600051143,16,7,12,3,5,2,2,1,3,101
201600051144,16,7,15,1120,1,2,3,1,3,101
201600051145,16,7,16,2115,2,2,2,7,6,101
201600051146,16,7,20,1330,1,2,4,1,6,101
201600051147,16,7,25,1110,1,2,1,1,6,102
201600051148,16,7,28,835,1,2,1,2,3,101
201600051149,16,7,28,1830,1,2,1,1,3,101
201600051150,16,7,29,240,5,2,7,1,6,108
201600051151,16,8,3,2010,2,2,3,1,2,103
201600051152,16,8,4,1130,1,2,7,2,7,102
201600051153,16,8,5,540,2,2,7,1,3,101
201600051154,16,8,6,200,5,2,3,1,2,101
201600051155,16,8,9,754,1,2,7,1,2,101
201600051156,16,8,13,1915,1,2,1,1,2,101
201600051157,16,8,16,1300,1,2,7,1,7,101
201600051158,16,8,16,1540,1,2,2,1,3,101
201600051159,16,8,24,1135,1,2,3,1,6,101
201600051160,16,8,31,1620,1,2,3,1,2,101
201600051161,16,9,9,1700,1,2,7,1,6,101
201600051162,16,9,10,315,5,2,3,1,3,101
201600051163,16,9,19,1650,1,2,7,1,6,101
201600051164,16,9,28,1155,1,2,3,1,2,102
201600051165,16,10,3,1320,1,2,1,1,6,101
201600051166,16,10,13,1600,1,2,3,2,3,101
201600051167,16,10,14,1545,1,2,7,2,7,101
201600051168,16,10,18,1310,1,2,2,1,3,101
201600051169,16,10,20,1750,1,2,7,2,7,101
201600051170,16,10,21,1100,1,2,5,1,3,102
201600051171,16,10,25,1700,1,2,2,1,2,101
201600051172,16,11,3,1505,1,2,2,1,3,101
201600051173,16,11,7,1205,1,2,2,2,6,101
201600051174,16,11,9,955,1,2,3,3,6,101
201600051175,16,11,10,1505,1,2,3,8,2,101
201600051176,16,11,11,210,5,2,3,2,3,102
201600051177,16,11,14,1710,2,2,1,1,6,101
201600051178,16,11,15,150,5,2,3,2,6,101
201600051179,16,11,17,1116,1,2,2,1,3,101
201600051180,16,11,30,1200,1,2,2,1,3,101
201600051181,16,12,4,630,5,2,3,1,2,101
201600051182,16,12,5,845,1,2,2,1,6,102
201600051183,16,12,5,1340,1,2,7,1,3,101
201600051184,16,12,8,1150,1,2,2,1,7,101
201600051185,16,12,20,1220,1,2,7,1,6,101
201600051186,16,12,27,1900,1,2,1,1,6,101
201600051187,16,1,3,20,5,2,1,1,6,103
201600051188,16,1,5,1145,1,2,2,2,3,102
201600051189,16,1,7,1355,1,2,2,1,3,103
201600051190,16,1,11,1445,1,2,1,8,3,101
201600051191,16,1,11,2050,5,2,2,2,3,102
201600051192,16,1,12,1700,2,2,2,1,7,102
201600051193,16,1,14,840,1,2,5,3,7,103
201600051194,16,1,15,1505,1,2,4,1,2,102
201600051195,16,1,16,1820,5,2,2,1,6,101
201600051196,16,1,18,1700,2,2,2,1,3,101
201600051197,16,1,20,320,5,2,1,1,7,102
201600051198,16,1,20,1150,1,2,2,1,6,102
201600051199,16,1,21,740,2,2,2,8,3,109
201600051200,16,1,22,840,1,2,3,1,7,101
201600051201,16,1,24,400,5,2,2,2,6,102
201600051202,16,1,24,705,5,2,1,2,3,101
201600051203,16,1,29,1600,1,2,5,1,6,102
201600051204,16,1,31,240,5,2,2,2,7,102
201600051205,16,1,31,1800,2,2,4,2,3,102
201600051206,16,2,1,1830,1,2,1,1,3,102
201600051207,16,2,3,950,1,2,3,1,3,101
201600051208,16,2,3,1440,1,2,7,2,3,102
201600051209,16,2,7,450,5,2,1,1,4,101
201600051210,16,2,7,2035,5,2,2,1,3,101
201600051211,16,2,8,1155,1,2,3,2,6,102
201600051212,16,2,17,1650,1,2,7,1,3,109
201600051213,16,2,23,1320,1,2,2,1,3,109
201600051214,16,2,28,140,5,2,2,1,7,102
201600051215,16,2,29,1235,1,2,2,1,3,102
201600051216,16,3,1,2235,3,2,2,2,6,102
201600051217,16,3,3,1105,1,2,2,1,6,102
201600051218,16,3,7,1940,5,2,5,2,6,102
201600051219,16,3,11,1900,1,2,1,1,6,101
201600051220,16,3,15,1240,1,2,1,1,6,109
201600051221,16,3,18,2015,5,2,1,1,3,116
201600051222,16,3,22,1500,1,2,2,1,2,102
201600051223,16,3,27,2040,5,2,1,1,2,101
201600051224,16,3,31,50,5,2,1,2,6,101
201600051225,16,4,4,900,1,2,7,1,3,102
201600051226,16,4,4,1010,1,2,2,1,3,102
201600051227,16,4,7,1400,1,2,1,1,2,102
201600051228,16,4,7,2010,2,2,2,1,6,101
201600051229,16,4,8,357,5,2,2,1,3,109
201600051230,16,4,9,1550,1,2,4,2,6,101
201600051231,16,4,9,1925,2,2,1,2,2,102
201600051232,16,4,14,1030,1,2,3,1,3,102
201600051233,16,4,14,1330,1,2,2,1,6,102
201600051234,16,4,15,1440,1,2,5,1,2,102
201600051235,16,4,25,1210,1,2,7,1,6,109
201600051236,16,4,25,1830,2,2,4,2,3,101
201600051237,16,5,3,1630,1,2,2,1,3,102
201600051238,16,5,13,1120,1,2,3,1,6,102
201600051239,16,5,19,1030,1,2,2,2,6,102
201600051240,16,5,22,240,5,2,2,2,6,102
201600051241,16,5,26,2120,5,2,1,1,7,102
201600051242,16,6,1,1750,1,2,2,1,3,102
201600051243,16,6,4,1945,1,2,7,1,6,102
201600051244,16,6,8,1005,1,2,3,1,2,103
201600051245,16,6,10,1145,1,2,7,1,6,101
201600051246,16,6,11,1310,1,2,5,8,3,102
201600051247,16,6,14,955,1,2,1,1,6,102
201600051248,16,6,15,1430,1,2,1,1,6,102
201600051249,16,6,18,1920,1,2,1,8,6,102
201600051250,16,6,23,15,5,2,1,1,3,109
201600051251,16,6,23,940,1,2,1,1,2,102
201600051252,16,6,23,2300,5,2,3,1,6,102
201600051253,16,7,1,1250,1,2,1,1,3,102
201600051254,16,7,2,1440,1,2,2,1,3,102
201600051255,16,7,26,1720,1,2,7,1,3,102
201600051256,16,8,23,1420,1,2,5,1,2,102
201600051257,16,9,5,1935,2,2,2,2,6,102
201600051258,16,9,6,1520,1,2,5,1,3,102
201600051259,16,9,8,1935,2,2,2,1,3,102
201600051260,16,9,29,900,1,2,2,8,3,102
201600051261,16,9,30,1415,1,2,1,1,6,102
201600051262,16,10,3,1730,1,2,3,1,6,103
201600051263,16,10,4,1015,1,2,2,1,6,102
201600051264,16,10,4,1220,1,2,3,1,6,104
201600051265,16,10,8,1930,5,2,3,1,3,104
201600051266,16,10,11,1310,1,2,5,1,3,109
201600051267,16,10,12,1815,1,2,2,1,6,101
201600051268,16,10,14,1110,1,2,1,8,3,102
201600051269,16,10,14,1235,1,2,2,1,6,102
201600051270,16,10,14,2250,5,2,7,2,7,102
201600051271,16,10,29,310,5,2,2,1,2,104
201600051272,16,11,1,2340,5,2,2,1,3,109
201600051273,16,11,5,50,5,2,1,2,2,109
201600051274,16,11,5,1840,2,2,2,1,6,102
201600051275,16,11,8,2241,5,2,2,2,6,101
201600051276,16,11,9,735,1,2,3,3,2,101
201600051277,16,11,10,1845,5,2,2,3,1,102
201600051278,16,1,14,32,5,2,5,1,3,102
201600051279,16,11,15,1715,2,2,1,2,6,101
201600051280,16,11,18,49,5,2,7,2,3,102
201600051281,16,11,17,2105,5,2,3,1,7,102
201600051282,16,11,20,550,5,2,2,2,3,101
201600051283,16,11,24,1400,1,2,1,1,6,102
201600051284,16,12,9,25,5,2,1,1,6,102
201600051285,16,12,12,2135,5,2,2,9,7,102
201600051286,16,12,15,1803,5,2,3,1,3,101
201600051287,16,12,26,1535,1,2,3,1,6,102
201600051288,16,1,4,1640,2,2,7,1,3,102
201600051289,16,1,6,1730,5,2,1,9,6,103
201600051290,16,1,8,1100,1,2,2,1,3,103
201600051291,16,1,11,1325,1,2,7,1,6,103
201600051292,16,1,16,1130,1,2,1,1,7,102
201600051293,16,1,19,1710,2,2,1,1,6,103
201600051294,16,1,19,2225,5,2,2,1,6,103
201600051295,16,1,20,1010,1,2,1,1,3,103
201600051296,16,1,21,755,5,2,1,1,7,101
201600051297,16,1,22,1400,1,2,5,3,3,103
201600051298,16,1,24,630,5,2,7,1,3,101
201600051299,16,1,26,1500,1,2,3,1,6,103
201600051300,16,2,1,1540,1,2,3,8,6,103
201600051301,16,2,6,1645,1,2,3,1,7,103
201600051302,16,2,7,329,5,2,2,3,6,103
201600051303,16,2,12,1345,1,2,1,3,6,103
201600051304,16,2,17,101,5,2,3,1,2,103
201600051305,16,2,17,2200,5,2,2,1,3,103
201600051306,16,2,19,1350,1,2,2,1,3,103
201600051307,16,2,19,1550,1,2,1,1,3,103
201600051308,16,2,24,2145,5,2,1,1,6,109
201600051309,16,2,25,925,1,2,2,1,6,103
201600051310,16,2,27,1125,1,2,1,1,6,103
201600051311,16,2,29,1940,5,2,7,1,3,104
201600051312,16,3,3,201,5,2,7,2,2,103
201600051313,16,3,4,1505,1,2,2,2,6,103
201600051314,16,3,9,1345,1,2,7,1,6,103
201600051315,16,3,9,1930,2,2,5,1,3,101
201600051316,16,3,10,2040,5,2,4,1,6,103
201600051317,16,3,12,1245,1,2,2,1,2,101
201600051318,16,3,16,1836,5,2,1,1,2,101
201600051319,16,3,16,2253,5,2,2,1,2,103
201600051320,16,3,20,150,5,2,1,1,4,103
201600051321,16,3,23,1535,1,2,1,1,3,103
201600051322,16,3,25,810,1,2,2,2,6,109
201600051323,16,3,29,915,1,2,3,1,6,104
201600051324,16,3,31,1147,1,2,4,3,6,103
201600051325,16,4,4,1820,1,2,1,1,6,103
201600051326,16,4,5,1330,1,2,7,1,6,109
201600051327,16,4,7,1640,1,2,1,2,6,103
201600051328,16,4,9,2140,5,2,2,1,6,103
201600051329,16,4,13,1640,1,2,5,2,3,103
201600051330,16,4,21,2125,5,2,2,1,2,104
201600051331,16,4,26,1840,1,2,2,2,6,102
201600051332,16,4,27,20,5,2,1,8,3,103
201600051333,16,4,29,10,5,2,2,1,6,102
201600051334,16,4,30,100,5,2,3,1,3,103
201600051335,16,4,30,1405,1,2,2,8,3,103
201600051336,16,5,7,1210,1,2,2,1,3,102
201600051337,16,5,9,1740,1,2,5,1,3,103
201600051338,16,5,10,1215,1,2,3,1,6,103
201600051339,16,5,13,940,1,2,3,1,3,103
201600051340,16,5,22,105,5,2,2,1,3,103
201600051341,16,5,23,1,5,2,4,3,2,103
201600051342,16,5,27,830,1,2,5,1,3,101
201600051343,16,5,27,1530,1,2,2,1,6,103
201600051344,16,5,28,2330,5,2,2,1,2,103
201600051345,16,5,31,2115,5,2,1,2,6,103
201600051346,16,6,5,225,5,2,4,2,3,103
201600051347,16,6,7,1845,1,2,3,1,7,103
201600051348,16,6,9,850,1,2,3,1,6,103
201600051349,16,6,9,1925,1,2,3,1,6,103
201600051350,16,6,10,1450,1,2,1,1,7,103
201600051351,16,6,10,1545,1,2,3,1,2,103
201600051352,16,6,11,1520,1,2,1,1,6,103
201600051353,16,6,15,1505,1,2,2,1,6,103
201600051354,16,6,18,2020,1,2,1,1,2,103
201600051355,16,6,20,1110,1,2,1,1,6,103
201600051356,16,6,29,1725,1,2,3,1,2,103
201600051357,16,6,30,1420,1,2,1,8,3,103
201600051358,16,7,4,825,1,2,3,1,6,102
201600051359,16,7,5,1130,1,2,3,1,6,103
201600051360,16,7,5,2130,5,2,1,1,2,103
201600051361,16,7,8,120,3,2,1,1,2,103
201600051362,16,7,10,1400,1,2,1,1,7,103
201600051363,16,7,13,1830,1,2,2,1,3,103
201600051364,16,7,18,1305,1,2,2,7,3,103
201600051365,16,7,20,2320,5,2,2,1,6,104
201600051366,16,7,21,920,1,2,2,1,3,103
201600051367,16,7,22,2050,2,2,7,1,6,103
201600051368,16,7,27,1455,1,2,1,1,5,103
201600051369,16,7,27,1955,1,2,2,1,3,103
201600051370,16,7,31,2035,2,2,3,1,2,103
201600051371,16,8,2,1125,1,2,2,2,5,103
201600051372,16,8,3,1845,1,2,3,2,6,103
201600051373,16,8,6,810,1,2,3,1,6,104
201600051374,16,8,18,1640,1,2,2,8,7,103
201600051375,16,8,23,1500,1,2,2,1,3,103
201600051376,16,8,29,1700,1,2,3,1,2,103
201600051377,16,9,2,930,1,2,3,1,6,103
201600051378,16,9,5,10,5,2,2,2,3,103
201600051379,16,9,6,1925,1,2,2,2,7,103
201600051380,16,9,7,1150,1,2,5,1,3,103
201600051381,16,9,7,1720,1,2,2,1,6,103
201600051382,16,9,8,1140,1,2,1,1,6,103
201600051383,16,9,8,2125,5,2,1,1,3,103
201600051384,16,9,10,1535,1,2,3,1,2,103
201600051385,16,9,15,15,5,2,2,3,5,103
201600051386,16,9,17,1425,1,2,2,1,6,103
201600051387,16,9,19,2125,5,2,2,1,6,101
201600051388,16,9,22,1035,1,2,1,1,2,103
201600051389,16,9,26,750,1,2,5,1,6,103
201600051390,16,9,27,1430,1,2,2,1,2,103
201600051391,16,9,28,945,1,2,2,1,3,103
201600051392,16,10,3,1015,1,2,1,1,6,103
201600051393,16,10,3,2010,5,2,7,1,6,103
201600051394,16,10,5,840,1,2,1,1,6,101
201600051395,16,10,7,1740,1,2,2,1,6,104
201600051396,16,10,8,1915,2,2,7,1,3,103
201600051397,16,10,9,1510,1,2,3,1,6,103
201600051398,16,10,10,1440,1,2,1,1,6,103
201600051399,16,10,11,1700,1,2,1,1,6,103
201600051400,16,10,13,1800,1,2,2,1,6,103
201600051401,16,10,14,615,5,2,2,1,6,103
201600051402,16,10,14,1615,1,2,3,1,6,103
201600051403,16,10,15,2110,5,2,1,1,3,104
201600051404,16,10,17,858,1,2,1,1,6,103
201600051405,16,10,18,1120,1,2,3,1,3,103
201600051406,16,10,19,1730,1,2,5,3,2,101
201600051407,16,10,21,1640,1,2,3,2,7,101