Num_Acc,an,mois,jour,hrmn,lum,agg,int,atm,col,com
201600051408,16,10,24,1400,1,2,2,2,6,103
201600051409,16,11,2,1445,1,2,2,1,6,103
201600051410,16,11,4,1940,5,2,1,2,6,103
201600051411,16,11,8,910,1,2,3,1,2,103
201600051412,16,11,10,1440,1,2,2,2,2,103
201600051413,16,11,10,2025,5,2,2,3,6,103
201600051414,16,11,12,1730,5,2,1,2,6,111
201600051415,16,11,15,430,5,2,4,2,6,103
201600051416,16,11,15,1255,1,2,2,1,7,103
201600051417,16,11,21,845,1,2,1,2,3,101
201600051418,16,11,21,2055,5,2,3,1,3,103
201600051419,16,11,24,920,1,2,2,1,3,102
201600051420,16,11,24,1835,5,2,4,1,3,103
201600051421,16,11,24,1950,5,2,2,1,3,103
201600051422,16,11,26,1845,5,2,5,1,3,102
201600051423,16,11,27,25,5,2,7,1,6,101
201600051424,16,11,30,800,1,2,2,1,3,104
201600051425,16,12,1,800,1,2,1,1,2,104
201600051426,16,12,2,1335,1,2,2,1,3,102
201600051427,16,12,3,415,5,2,5,1,5,103
201600051428,16,12,3,1915,5,2,2,1,6,102
201600051429,16,12,8,1500,1,2,5,1,2,109
201600051430,16,12,8,1855,5,2,2,1,6,103
201600051431,16,12,8,2110,5,2,1,1,1,103
201600051432,16,12,12,1635,5,2,3,2,3,103
201600051433,16,12,15,815,1,2,2,1,3,101
201600051434,16,12,15,1830,5,2,3,1,2,103
201600051435,16,12,17,1440,1,2,1,1,6,104
201600051436,16,12,17,1525,1,2,3,1,7,103
201600051437,16,12,18,1730,5,2,3,1,3,103
201600051438,16,12,20,1525,1,2,1,1,3,103
201600051439,16,12,20,2105,5,2,2,1,6,103
201600051440,16,12,26,1445,1,2,2,1,3,102
201600051441,16,12,28,1745,5,2,2,1,3,102
201600051442,16,12,30,1915,5,2,1,1,6,104
201600051443,16,1,4,2100,5,2,3,1,6,104
201600051444,16,1,7,1130,1,2,1,2,2,104
201600051445,16,1,9,425,5,2,2,1,6,104
201600051446,16,1,10,915,1,2,1,1,2,104
201600051447,16,1,15,2210,5,2,2,1,2,104
201600051448,16,1,16,1150,1,2,2,1,6,102
201600051449,16,1,16,2045,5,2,2,1,3,104
201600051450,16,1,18,1815,5,2,1,1,2,104
201600051451,16,1,26,1325,1,2,2,1,3,101
201600051452,16,1,26,1535,1,2,1,1,2,104
201600051453,16,1,27,2010,5,2,1,2,2,104
201600051454,16,1,31,555,5,2,1,2,6,104
201600051455,16,2,1,1410,1,2,4,1,6,104
201600051456,16,2,2,2221,5,2,7,8,3,104
201600051457,16,2,10,1727,2,2,1,8,3,104
201600051458,16,2,11,1915,5,2,2,1,3,104
201600051459,16,2,17,1425,1,2,2,1,3,103
201600051460,16,2,18,1615,1,2,7,2,3,104
201600051461,16,2,20,2050,5,2,1,1,6,104
201600051462,16,2,21,1220,1,2,1,1,6,104
201600051463,16,2,26,1900,5,2,3,1,4,104
201600051464,16,2,29,1500,1,2,1,1,6,104
201600051465,16,3,1,830,1,2,7,1,3,101
201600051466,16,3,2,1935,5,2,7,8,6,104
201600051467,16,3,4,2000,5,2,5,2,3,104
201600051468,16,3,5,130,5,2,1,2,6,104
201600051469,16,3,5,2020,2,2,2,1,3,109
201600051470,16,3,5,2130,5,2,4,1,3,103
201600051471,16,3,8,25,5,2,2,1,3,104
201600051472,16,3,11,1730,1,2,2,1,6,104
201600051473,16,3,11,1930,5,2,2,1,1,104
201600051474,16,3,12,1315,1,2,1,1,6,103
201600051475,16,3,17,950,1,2,3,1,2,101
201600051476,16,3,17,1920,5,2,1,1,3,104
201600051477,16,3,21,1630,1,2,2,1,3,104
201600051478,16,3,23,1825,2,2,2,1,2,104
201600051479,16,3,24,1530,1,2,1,1,3,101
201600051480,16,3,30,1830,2,2,1,2,2,104
201600051481,16,4,2,1040,1,2,3,1,3,104
201600051482,16,4,3,1215,1,2,1,1,7,104
201600051483,16,4,6,935,1,2,5,1,2,104
201600051484,16,4,8,900,1,2,3,1,6,104
201600051485,16,4,14,1420,1,2,7,1,3,104
201600051486,16,4,14,2318,5,2,7,2,3,104
201600051487,16,4,18,845,1,2,2,1,6,104
201600051488,16,4,20,2055,5,2,1,1,3,104
201600051489,16,4,22,1100,1,2,2,1,3,104
201600051490,16,4,21,2105,5,2,3,1,1,104
201600051491,16,4,26,830,1,2,5,8,3,101
201600051492,16,4,29,1410,1,2,3,1,3,104
201600051493,16,5,2,1130,1,2,4,1,2,104
201600051494,16,5,2,1930,1,2,7,2,3,101
201600051495,16,5,4,1545,1,2,2,1,3,104
201600051496,16,5,5,1630,1,2,1,1,2,104
201600051497,16,5,9,1140,1,2,1,1,4,103
201600051498,16,5,12,2000,2,2,7,2,6,104
201600051499,16,5,18,1805,1,2,2,3,2,104
201600051500,16,5,19,835,1,2,1,2,2,104
201600051501,16,5,19,1410,1,2,2,2,3,104
201600051502,16,5,20,856,1,2,3,1,2,104
201600051503,16,5,21,1430,1,2,1,1,6,104
201600051504,16,5,21,1955,1,2,7,1,3,104
201600051505,16,5,21,2100,2,2,2,1,2,104
201600051506,16,5,23,1820,1,2,2,1,6,104
201600051507,16,5,23,1830,1,2,7,1,6,104
201600051508,16,5,25,625,1,2,3,1,7,104
201600051509,16,5,25,1620,1,2,7,1,3,104
201600051510,16,5,30,755,1,2,3,3,1,101
201600051511,16,5,31,910,1,2,3,3,7,109
201600051512,16,6,1,1410,1,2,1,1,6,104
201600051513,16,6,2,1110,1,2,2,8,3,109
201600051514,16,6,2,1618,1,2,3,1,6,104
201600051515,16,6,7,1755,1,2,7,1,3,104
201600051516,16,6,8,200,5,2,2,1,3,104
201600051517,16,6,9,1415,1,2,2,1,3,104
201600051518,16,6,10,1515,1,2,1,1,6,104
201600051519,16,6,15,745,1,2,1,2,6,104
201600051520,16,6,15,1445,1,2,1,1,6,104
201600051521,16,6,15,2345,5,2,5,1,3,104
201600051522,16,6,16,1330,1,2,2,2,2,104
201600051523,16,6,19,40,5,2,3,1,6,104
201600051524,16,6,27,1845,1,2,2,2,6,101
201600051525,16,6,28,2100,2,2,2,1,6,104
201600051526,16,7,1,1910,1,2,4,1,3,104
201600051527,16,7,6,1210,1,2,1,1,6,104
201600051528,16,7,6,1520,1,2,3,1,6,104
201600051529,16,7,7,210,5,2,7,1,6,104
201600051530,16,7,7,730,1,2,3,1,6,101
201600051531,16,7,7,2020,1,2,2,1,3,104
201600051532,16,7,8,220,5,2,2,1,3,104
201600051533,16,7,8,2320,5,2,2,1,7,104
201600051534,16,7,10,1130,1,2,1,1,6,104
201600051535,16,7,12,1245,1,2,5,1,6,104
201600051536,16,7,12,1855,1,2,1,1,6,104
201600051537,16,7,10,2140,2,2,2,1,7,104
201600051538,16,7,17,1030,1,2,3,1,6,104
201600051539,16,7,20,1815,1,2,2,1,3,104
201600051540,16,7,20,1700,1,2,3,1,3,104
201600051541,16,7,21,1750,1,2,3,1,6,104
201600051542,16,7,23,1530,1,2,3,1,6,104
201600051543,16,7,25,940,1,2,4,1,3,104
201600051544,16,7,25,1735,1,2,3,1,3,104
201600051545,16,7,25,1820,1,2,2,1,3,104
201600051546,16,7,29,240,5,2,7,1,6,103
201600051547,16,7,30,510,5,2,1,1,6,104
201600051548,16,8,4,1200,1,2,1,1,3,104
201600051549,16,8,6,210,5,2,2,1,3,104
201600051550,16,8,10,2045,2,2,2,1,3,103
201600051551,16,8,14,737,1,2,7,1,6,104
201600051552,16,8,14,1350,1,2,3,1,6,104
201600051553,16,8,18,1635,1,2,3,8,7,104
201600051554,16,8,19,1435,1,2,1,2,2,104
201600051555,16,8,20,1740,1,2,3,1,6,104
201600051556,16,8,22,1215,1,2,2,1,3,102
201600051557,16,8,22,1635,1,2,1,1,6,104
201600051558,16,8,22,2115,5,2,3,1,6,102
201600051559,16,8,23,1645,1,2,5,1,3,104
201600051560,16,8,24,950,1,2,1,1,6,101
201600051561,16,8,24,1630,1,2,4,1,3,102
201600051562,16,8,25,1025,1,2,2,1,3,104
201600051563,16,8,26,300,4,2,2,1,6,104
201600051564,16,8,26,2055,5,2,7,1,2,101
201600051565,16,8,29,2005,2,2,7,1,3,104
201600051566,16,8,31,1440,1,2,1,1,6,101
201600051567,16,9,2,705,1,2,2,1,6,109
201600051568,16,9,2,1700,1,2,2,1,6,104
201600051569,16,9,7,1115,1,2,1,1,3,104
201600051570,16,9,6,2140,5,2,2,1,2,104
201600051571,16,9,8,830,1,2,1,1,6,104
201600051572,16,9,8,1600,1,2,7,1,3,104
201600051573,16,9,9,1120,1,2,3,1,3,104
201600051574,16,9,11,300,5,2,2,1,6,104
201600051575,16,9,15,1015,1,2,3,3,7,104
201600051576,16,9,15,1225,1,2,1,8,3,104
201600051577,16,9,17,655,1,2,3,1,6,104
201600051578,16,9,21,1645,1,2,1,1,6,104
201600051579,16,9,23,2230,5,2,7,1,4,104
201600051580,16,9,24,2230,5,2,1,1,3,104
201600051581,16,9,28,2125,2,2,1,1,6,104
201600051582,16,9,30,1315,1,2,2,1,3,104
201600051583,16,10,2,1213,1,2,3,1,5,104
201600051584,16,10,7,1605,1,2,1,1,6,104
201600051585,16,10,10,1840,1,2,1,2,7,104
201600051586,16,10,11,1250,1,2,2,1,6,104
201600051587,16,10,15,1525,1,2,3,1,3,101
201600051588,16,10,16,2225,5,2,2,1,3,104
201600051589,16,10,21,1000,1,2,1,8,2,103
201600051590,16,10,27,1220,1,2,2,1,3,104
201600051591,16,11,5,700,5,2,7,2,6,104
201600051592,16,11,9,1135,1,2,2,2,6,104
201600051593,16,11,10,1900,5,2,3,2,6,104
201600051594,16,11,12,1310,1,2,2,1,3,104
201600051595,16,11,16,1925,5,2,2,1,3,104
201600051596,16,11,23,1100,1,2,3,1,3,103
201600051597,16,11,28,1700,2,2,3,1,3,104
201600051598,16,11,29,1820,2,2,3,1,2,104
201600051599,16,11,30,1240,1,2,1,1,6,104
201600051600,16,12,1,1100,1,2,2,1,3,104
201600051601,16,12,4,1640,2,2,7,1,3,104
201600051602,16,12,5,2210,5,2,1,1,6,104
201600051603,16,12,8,1610,1,2,1,1,6,104
201600051604,16,12,9,420,5,2,1,1,6,104
201600051605,16,12,10,1950,5,2,2,1,3,104
201600051606,16,12,13,2310,5,2,1,1,2,104
201600051607,16,12,15,1100,1,2,1,1,6,104
201600051608,16,12,19,1510,1,2,3,1,3,104
201600051609,16,12,21,920,1,2,2,1,3,101
201600051610,16,12,22,240,5,2,2,2,3,104
201600051611,16,12,22,1230,1,2,3,1,2,104
201600051612,16,12,23,105,5,2,7,1,3,104
201600051613,16,12,27,1315,1,2,7,1,3,104
201600051614,16,12,27,2355,5,2,2,1,2,101
201600051615,16,1,3,110,5,2,2,1,6,105
201600051616,16,1,5,1750,2,2,2,1,1,105
201600051617,16,1,8,1320,1,2,1,1,6,105
201600051618,16,1,11,1425,1,2,5,8,2,105
201600051619,16,1,14,1832,5,2,1,2,2,105
201600051620,16,1,14,1830,5,2,3,2,6,105
201600051621,16,1,16,1035,1,2,2,1,6,105
201600051622,16,1,16,1150,1,2,2,1,3,105
201600051623,16,1,17,1525,1,2,5,1,3,105
201600051624,16,1,17,2000,3,2,2,1,2,105
201600051625,16,1,26,100,5,2,1,1,6,105
201600051626,16,1,28,1900,5,2,3,1,6,105
201600051627,16,1,29,920,1,2,1,1,2,105
201600051628,16,1,30,100,5,2,3,2,2,105
201600051629,16,1,30,1,5,2,1,1,6,105
201600051630,16,2,5,807,1,2,1,1,3,105
201600051631,16,2,6,1125,1,2,7,1,6,105
201600051632,16,2,6,2015,5,2,2,1,3,105
201600051633,16,2,9,2005,1,2,2,1,2,105
201600051634,16,2,10,945,1,2,7,1,4,105
201600051635,16,2,12,1200,1,2,1,2,6,105
201600051636,16,2,14,550,5,2,1,1,6,105
201600051637,16,2,15,1240,1,2,3,1,3,105
201600051638,16,2,16,1230,1,2,4,1,7,105
201600051639,16,2,18,1820,5,2,2,1,3,105
201600051640,16,2,18,2155,5,2,2,8,3,105
201600051641,16,2,20,520,5,2,1,2,6,105
201600051642,16,2,25,917,1,2,2,7,3,105
201600051643,16,2,27,1525,1,2,1,1,3,105
201600051644,16,2,27,1930,5,2,1,1,3,105
201600051645,16,2,29,743,1,2,2,1,3,105
201600051646,16,3,2,1640,1,2,7,4,6,105
201600051647,16,3,3,2045,5,2,3,1,3,105
201600051648,16,3,4,1310,1,2,3,1,6,105
201600051649,16,3,4,2135,5,2,2,3,3,105
201600051650,16,3,8,1050,1,2,5,1,2,105
201600051651,16,3,8,1100,1,2,2,1,2,105
201600051652,16,3,8,1850,5,2,3,1,6,105
201600051653,16,3,8,1850,2,2,1,1,3,105
201600051654,16,3,14,1010,1,2,7,1,2,105
201600051655,16,3,14,1820,2,2,3,1,2,105
201600051656,16,3,15,1840,2,2,1,1,2,105
201600051657,16,3,17,2216,5,2,3,1,3,105
201600051658,16,3,23,1429,1,2,2,1,6,105
201600051659,16,3,25,900,1,2,2,2,3,105
201600051660,16,3,31,1239,1,2,1,2,6,105
201600051661,16,4,5,1605,1,2,2,1,6,105
201600051662,16,4,5,2030,5,2,2,1,3,105
201600051663,16,4,6,2035,5,2,4,2,3,105
201600051664,16,4,11,1730,1,2,2,8,3,105
201600051665,16,4,13,1300,1,2,1,1,7,105
201600051666,16,4,14,10,5,2,2,1,2,105
201600051667,16,4,15,130,5,2,4,1,3,105
201600051668,16,4,20,139,5,2,1,1,6,105
201600051669,16,4,20,900,1,2,7,1,6,105
201600051670,16,4,21,1450,1,2,2,1,6,105
201600051671,16,5,1,1340,1,2,2,1,3,105
201600051672,16,5,2,1700,1,2,1,1,3,105
201600051673,16,5,7,1305,1,2,2,1,3,105
201600051674,16,5,8,1707,1,2,5,1,6,105
201600051675,16,5,11,1505,1,2,2,3,6,105
201600051676,16,5,12,920,1,2,5,1,6,105
201600051677,16,5,12,1530,1,2,2,3,3,105
201600051678,16,5,13,1255,1,2,4,1,3,105
201600051679,16,5,13,1455,1,2,7,1,6,105
201600051680,16,5,15,1335,1,2,2,1,6,105
201600051681,16,5,16,940,1,2,2,1,6,105
201600051682,16,5,17,2115,5,2,2,1,3,105
201600051683,16,5,18,1200,1,2,2,8,6,106
201600051684,16,5,23,1250,1,2,3,2,6,105
201600051685,16,5,28,2325,5,2,1,1,3,105
201600051686,16,5,31,1450,1,2,2,2,6,105
201600051687,16,6,1,1800,1,2,2,1,3,105
201600051688,16,6,2,20,5,2,2,3,3,105
201600051689,16,6,3,150,5,2,2,1,3,105
201600051690,16,6,3,1510,1,2,7,1,5,105
201600051691,16,6,4,550,2,2,2,1,6,105
201600051692,16,6,7,1625,1,2,7,1,3,105
201600051693,16,6,8,1615,1,2,3,1,3,105
201600051694,16,6,8,2225,5,2,1,1,3,105
201600051695,16,6,9,1213,1,2,2,1,6,105
201600051696,16,6,12,717,1,2,2,8,3,105
201600051697,16,6,12,1650,1,2,3,1,1,105
201600051698,16,6,13,1100,1,2,5,1,3,105
201600051699,16,6,13,1350,1,2,2,1,6,105
201600051700,16,6,14,1700,1,2,2,1,6,105
201600051701,16,6,16,830,1,2,1,1,3,105
201600051702,16,6,16,2117,1,2,3,1,4,105
201600051703,16,6,21,1945,1,2,2,1,6,105
201600051704,16,6,22,1400,1,2,3,1,3,105
201600051705,16,6,22,2000,1,2,2,1,6,105
201600051706,16,6,25,456,5,2,1,1,6,105
201600051707,16,6,25,1130,1,2,3,1,6,105
201600051708,16,6,27,830,1,2,2,2,2,105
201600051709,16,6,28,2040,1,2,2,1,6,105
201600051710,16,6,29,1610,1,2,1,1,2,105
201600051711,16,6,29,1945,1,2,1,1,3,105
201600051712,16,6,30,15,5,2,1,1,6,105
201600051713,16,6,30,820,1,2,2,8,3,105
201600051714,16,7,1,150,5,2,2,1,3,105
201600051715,16,7,1,1815,1,2,7,8,3,105
201600051716,16,7,4,1345,1,2,7,1,3,105
201600051717,16,7,6,950,1,2,7,1,3,105
201600051718,16,7,6,2040,2,2,2,7,6,105
201600051719,16,7,7,1405,1,2,2,1,3,105
201600051720,16,7,7,2300,5,2,2,1,3,105
201600051721,16,7,12,1444,1,2,1,1,3,105
201600051722,16,7,13,1920,1,2,1,1,3,105
201600051723,16,7,19,2036,1,2,3,1,2,105
201600051724,16,7,23,850,1,2,1,1,3,105
201600051725,16,7,27,2000,1,2,2,1,3,105
201600051726,16,7,29,1732,1,2,2,1,3,105
201600051727,16,7,29,1845,1,2,1,1,3,105
201600051728,16,7,29,2050,2,2,1,1,3,105
201600051729,16,7,30,2340,5,2,2,1,3,105
201600051730,16,7,30,2000,1,2,3,1,3,105
201600051731,16,7,31,1335,1,2,7,1,3,105
201600051732,16,8,1,2015,1,2,1,1,6,105
201600051733,16,8,4,1820,1,2,2,1,3,105
201600051734,16,8,4,2150,5,2,7,8,6,105
201600051735,16,8,5,1400,1,2,2,1,2,105
201600051736,16,8,8,840,1,2,2,1,6,105
201600051737,16,8,12,2225,5,2,3,1,2,105
201600051738,16,8,13,2140,5,2,1,1,6,105
201600051739,16,8,16,2100,2,2,2,1,3,105
201600051740,16,8,16,2220,5,2,2,1,6,105
201600051741,16,8,22,939,1,2,3,1,6,105
201600051742,16,8,25,1740,1,2,2,1,3,105
201600051743,16,8,26,1810,1,2,5,1,3,105
201600051744,16,8,28,1345,1,2,2,1,3,105
201600051745,16,8,28,1755,1,2,7,1,6,105
201600051746,16,8,31,1010,1,2,5,1,3,105
201600051747,16,8,31,1420,1,2,7,1,3,105
201600051748,16,9,2,1010,1,2,1,1,6,105
201600051749,16,9,4,615,5,2,5,2,3,105
201600051750,16,9,7,1914,1,2,2,1,3,105
201600051751,16,9,8,340,5,2,7,1,7,105
201600051752,16,9,9,2120,5,2,4,1,6,105
201600051753,16,9,10,1745,1,2,1,1,2,105
201600051754,16,9,13,814,1,2,4,1,3,105
201600051755,16,9,15,1340,1,2,1,8,6,105
201600051756,16,9,16,1900,2,2,3,3,6,105
201600051757,16,9,18,1453,1,2,5,8,3,105
201600051758,16,9,21,1710,1,2,1,1,3,105
201600051759,16,9,22,2210,5,2,2,1,3,105
201600051760,16,9,25,100,5,2,2,1,3,105
201600051761,16,9,26,1040,1,2,4,1,3,113
201600051762,16,9,27,1800,1,2,2,1,6,105
201600051763,16,9,28,2315,5,2,3,1,2,105
201600051764,16,10,3,1730,1,2,7,1,6,105
201600051765,16,10,6,1920,5,2,5,1,2,105
201600051766,16,10,7,700,2,2,2,1,6,105
201600051767,16,10,9,1355,1,2,5,1,6,105
201600051768,16,10,12,225,5,2,7,1,3,105
201600051769,16,10,13,805,1,2,2,1,6,105
201600051770,16,10,13,1920,2,2,5,2,6,105
201600051771,16,10,13,2030,5,2,3,1,2,106
201600051772,16,10,15,1433,1,2,2,1,3,105
201600051773,16,10,20,1830,2,2,5,1,3,105
201600051774,16,10,23,1928,5,2,2,2,3,105
201600051775,16,10,30,1438,1,2,1,1,6,105
201600051776,16,11,1,1530,1,2,5,1,6,105
201600051777,16,11,1,1910,5,2,1,1,3,105
201600051778,16,11,10,1355,1,2,4,2,6,105
201600051779,16,11,10,2045,5,2,7,2,6,105
201600051780,16,11,11,1857,2,2,1,1,3,105
201600051781,16,11,12,2140,5,2,2,2,1,105
201600051782,16,11,13,420,5,2,7,2,3,105
201600051783,16,11,16,1940,5,2,1,1,6,105
201600051784,16,11,17,1400,1,2,1,1,6,105
201600051785,16,11,18,1220,1,2,4,1,3,105
201600051786,16,11,20,52,5,2,1,2,6,105
201600051787,16,11,23,155,5,2,7,3,6,105
201600051788,16,11,23,850,1,2,5,2,3,105
201600051789,16,11,25,1930,5,2,2,1,3,105
201600051790,16,11,28,1040,1,2,2,1,2,105
201600051791,16,11,29,1603,1,2,2,1,6,105
201600051792,16,11,30,1530,1,2,1,1,7,105
201600051793,16,11,30,1750,5,2,2,1,6,105
201600051794,16,12,1,2010,5,2,1,1,6,105
201600051795,16,12,1,2300,5,2,5,1,6,105
201600051796,16,12,6,420,5,2,7,1,3,105
201600051797,16,12,7,2130,5,2,3,1,6,105
201600051798,16,12,10,2325,5,2,2,1,3,105
201600051799,16,12,13,2300,5,2,7,1,6,105
201600051800,16,12,19,2045,5,2,5,1,6,105
201600051801,16,12,21,1800,5,2,2,2,6,105
201600051802,16,12,24,1030,1,2,3,1,2,105
201600051803,16,12,26,1910,5,2,3,8,3,105
201600051804,16,12,27,830,1,2,7,1,2,105
201600051805,16,12,30,737,5,2,2,5,2,105
201600051806,16,12,30,1305,1,2,5,1,6,105
201600051807,16,12,31,1805,5,2,5,8,6,105
201600051808,16,1,5,800,2,2,7,2,6,105
201600051809,16,1,5,1820,5,2,3,1,6,106
201600051810,16,1,6,720,2,2,1,1,6,106
201600051811,16,1,7,1228,1,2,2,2,3,106
201600051812,16,1,7,1630,1,2,3,8,6,106
201600051813,16,1,8,1250,1,2,3,1,6,106
201600051814,16,1,9,1335,1,2,2,1,6,106
201600051815,16,1,11,1320,1,2,2,1,3,106
201600051816,16,1,15,2030,5,2,2,1,3,106
201600051817,16,1,16,1515,1,2,2,1,2,106
201600051818,16,1,18,1415,1,2,2,1,4,106
201600051819,16,1,19,1120,1,2,2,1,2,106
201600051820,16,1,20,1300,1,2,7,1,6,106
201600051821,16,1,21,153,5,2,1,1,6,106
201600051822,16,1,22,1505,1,2,1,1,2,106
201600051823,16,1,23,2150,5,2,5,1,6,106
201600051824,16,1,25,1230,1,2,7,1,3,106
201600051825,16,1,25,1750,5,2,4,1,6,106
201600051826,16,1,29,1935,5,2,7,1,6,106
201600051827,16,2,6,1445,1,2,1,1,6,106
201600051828,16,2,8,1835,5,2,1,1,3,106
201600051829,16,2,12,1840,5,2,5,1,6,106
201600051830,16,2,13,935,1,2,7,2,6,106
201600051831,16,2,15,1505,1,2,2,1,6,106
201600051832,16,2,15,1600,1,2,7,1,3,106
201600051833,16,2,16,1010,1,2,2,1,3,106
201600051834,16,2,16,1600,1,2,3,1,2,106
201600051835,16,2,17,1350,1,2,3,1,3,106
201600051836,16,3,1,1740,1,2,4,2,6,106
201600051837,16,3,1,1645,1,2,5,2,3,106
201600051838,16,3,1,2359,5,2,5,2,3,106
201600051839,16,3,2,1240,1,2,3,1,6,106
201600051840,16,3,3,2200,5,2,7,1,3,106
201600051841,16,3,4,1610,1,2,1,1,3,106
201600051842,16,3,7,1355,1,2,7,1,2,106
201600051843,16,3,10,1425,1,2,7,1,7,106
201600051844,16,3,16,2230,5,2,1,1,2,106
201600051845,16,3,17,745,1,2,2,1,6,106
201600051846,16,3,18,2100,5,2,5,1,3,106
201600051847,16,3,19,200,5,2,1,1,6,106
201600051848,16,3,19,1330,1,2,5,1,3,106
201600051849,16,3,28,1220,1,2,7,2,2,105
201600051850,16,3,29,1930,1,2,7,2,6,105
201600051851,16,3,31,1145,1,2,1,2,2,106
201600051852,16,4,7,1850,1,2,2,1,3,106
201600051853,16,4,8,1710,1,2,1,1,3,106
201600051854,16,4,10,2340,5,2,7,1,3,106
201600051855,16,4,11,833,1,2,4,1,3,106
201600051856,16,4,11,1325,1,2,3,2,2,106
201600051857,16,4,11,1755,1,2,5,8,7,106
201600051858,16,4,12,1520,1,2,1,1,3,106
201600051859,16,4,12,2340,5,2,2,1,3,106
201600051860,16,4,14,815,1,2,3,1,6,106
201600051861,16,4,15,1730,1,2,2,1,6,106
201600051862,16,4,18,2045,2,2,2,1,6,106
201600051863,16,4,19,1015,1,2,7,1,2,106
201600051864,16,4,19,1513,1,2,2,1,3,106
201600051865,16,4,22,1023,1,2,2,1,3,106
201600051866,16,4,27,805,1,2,1,1,6,106
201600051867,16,4,28,1425,1,2,5,1,6,106
201600051868,16,5,1,420,5,2,2,1,3,106
201600051869,16,5,7,1620,1,2,7,1,7,106
201600051870,16,5,9,725,1,2,1,1,2,106
201600051871,16,5,10,700,2,2,3,8,3,106
201600051872,16,5,10,910,1,2,4,8,6,106
201600051873,16,5,10,2230,5,2,1,2,6,106
201600051874,16,5,13,1305,1,2,5,1,3,106
201600051875,16,5,20,905,1,2,5,8,6,106
201600051876,16,5,20,1915,1,2,1,1,6,106
201600051877,16,5,21,945,1,2,7,1,3,106
201600051878,16,5,21,1630,1,2,1,1,6,106
201600051879,16,5,23,1705,1,2,2,8,6,106
201600051880,16,5,26,824,1,2,5,1,3,106
201600051881,16,6,2,905,1,2,2,1,3,106
201600051882,16,6,4,1600,1,2,2,1,3,106
201600051883,16,6,12,1725,1,2,2,1,6,106
201600051884,16,6,16,835,1,2,4,1,3,106
201600051885,16,6,24,2230,5,2,2,1,3,106
201600051886,16,6,25,1930,1,2,5,1,3,106
201600051887,16,6,26,1720,1,2,3,1,6,106
201600051888,16,6,27,1440,1,2,4,8,3,106
201600051889,16,6,28,850,1,2,2,1,6,106
201600051890,16,6,30,820,1,2,1,1,3,106
201600051891,16,6,30,1105,1,2,5,1,3,106
201600051892,16,7,3,2324,5,2,3,2,7,106
201600051893,16,7,6,1115,1,2,1,1,2,106
201600051894,16,7,6,1245,1,2,1,1,3,106
201600051895,16,7,11,1655,1,2,1,1,3,106
201600051896,16,7,13,1150,1,2,2,1,6,106
201600051897,16,7,13,2115,2,2,5,1,3,106
201600051898,16,7,17,250,5,2,1,1,3,106
201600051899,16,7,19,1315,1,2,1,1,3,106
201600051900,16,7,21,1445,1,2,7,1,2,106
201600051901,16,7,22,1740,1,2,3,1,6,106
201600051902,16,7,25,1020,1,2,3,1,6,106
201600051903,16,7,29,1600,1,2,2,1,6,106
201600051904,16,8,1,2210,5,2,2,1,6,106
201600051905,16,8,8,1150,1,2,1,1,6,106
201600051906,16,8,16,1740,1,2,7,1,6,106
201600051907,16,8,18,1255,1,2,5,1,7,106
201600051908,16,8,22,1715,1,2,4,1,6,106
201600051909,16,9,2,405,5,2,1,1,6,106
201600051910,16,9,2,1835,1,2,2,1,6,106
201600051911,16,9,5,950,1,2,2,2,3,106
201600051912,16,9,6,1843,2,2,7,1,6,106
201600051913,16,9,9,1635,1,2,1,1,6,106
201600051914,16,9,14,1020,1,2,2,1,6,106
201600051915,16,9,14,930,1,2,2,1,6,106
201600051916,16,9,14,1200,1,2,2,1,3,106
201600051917,16,9,15,1425,1,2,5,8,6,106
201600051918,16,9,16,1725,1,2,2,2,3,106
201600051919,16,9,21,840,1,2,1,1,3,106
201600051920,16,9,23,1915,1,2,3,1,6,106
201600051921,16,9,24,1710,1,2,7,1,6,106
201600051922,16,9,24,2010,5,2,3,1,2,106
201600051923,16,9,30,1705,1,2,1,2,6,106
201600051924,16,10,1,1510,1,2,2,1,6,106
201600051925,16,10,5,1340,1,2,1,1,3,106
201600051926,16,10,6,945,1,2,4,1,6,106
201600051927,16,10,8,550,5,2,2,1,7,106
201600051928,16,10,8,2045,2,2,3,1,7,106
201600051929,16,10,10,910,1,2,1,1,6,106
201600051930,16,10,13,1100,1,2,2,1,4,106
201600051931,16,10,15,1050,1,2,3,1,3,105
201600051932,16,10,27,1240,1,2,3,1,6,106
201600051933,16,10,28,1935,5,2,2,1,3,106
201600051934,16,10,29,1522,1,2,5,1,6,106
201600051935,16,10,31,930,1,2,1,1,3,106
201600051936,16,11,3,1340,1,2,1,8,6,106
201600051937,16,11,4,1035,1,2,2,2,7,106
201600051938,16,11,4,2030,5,2,2,2,2,106
201600051939,16,11,7,830,1,2,7,3,6,106
201600051940,16,11,7,1245,1,2,7,7,7,106
201600051941,16,11,8,1915,5,2,2,1,3,106
201600051942,16,11,9,1340,1,2,2,2,2,106