Num_Acc,an,mois,jour,hrmn,lum,agg,int,atm,col,com
201600051943,16,11,10,1101,1,2,7,1,4,106
201600051944,16,11,10,1605,1,2,1,2,6,106
201600051945,16,11,10,1830,5,2,2,3,3,106
201600051946,16,11,16,1930,5,2,2,1,6,106
201600051947,16,11,17,2120,5,2,2,1,3,106
201600051948,16,11,24,1405,1,2,7,1,6,106
201600051949,16,11,27,1445,1,2,3,1,3,106
201600051950,16,11,28,1710,5,2,3,1,3,106
201600051951,16,12,2,745,1,2,2,1,3,106
201600051952,16,12,6,2045,5,2,5,1,6,106
201600051953,16,12,7,1650,2,2,3,1,3,106
201600051954,16,12,13,1702,5,2,3,1,3,106
201600051955,16,12,16,1022,1,2,3,1,6,106
201600051956,16,12,16,2100,5,2,4,1,7,106
201600051957,16,12,23,1115,1,2,5,1,6,106
201600051958,16,12,28,1110,1,2,2,1,2,106
201600051959,16,12,31,616,5,2,2,8,3,106
201600051960,16,12,31,1827,5,2,2,1,3,106
201600051961,16,1,3,317,5,2,2,1,6,107
201600051962,16,1,7,1800,5,2,1,1,6,107
201600051963,16,1,8,1945,5,2,1,1,6,107
201600051964,16,1,10,410,5,2,2,2,3,107
201600051965,16,1,14,935,1,2,3,3,2,107
201600051966,16,1,15,1705,2,2,2,1,3,107
201600051967,16,1,19,920,1,2,1,1,2,107
201600051968,16,1,19,1750,5,2,7,1,3,107
201600051969,16,1,19,1854,5,2,2,1,3,107
201600051970,16,1,20,1540,1,2,3,1,6,107
201600051971,16,1,21,1630,1,2,1,1,2,107
201600051972,16,1,21,1850,5,2,1,1,6,107
201600051973,16,1,22,2303,5,2,7,2,6,107
201600051974,16,1,26,1500,1,2,2,1,7,107
201600051975,16,1,28,2250,5,2,3,1,3,107
201600051976,16,1,29,750,2,2,3,1,3,107
201600051977,16,2,2,1320,1,2,7,2,6,107
201600051978,16,2,3,1135,1,2,1,1,3,107
201600051979,16,2,3,1545,1,2,1,2,3,107
201600051980,16,2,3,1835,5,2,2,1,2,107
201600051981,16,2,6,1755,1,2,7,1,3,107
201600051982,16,2,7,640,5,2,7,1,6,107
201600051983,16,2,9,1320,1,2,3,2,7,107
201600051984,16,2,10,1305,1,2,1,1,3,107
201600051985,16,2,14,1930,5,2,2,1,3,107
201600051986,16,2,16,1440,1,2,2,1,2,107
201600051987,16,2,19,1055,1,2,7,1,2,107
201600051988,16,2,20,2130,3,2,7,1,2,107
201600051989,16,2,21,312,5,2,2,1,6,107
201600051990,16,2,25,2000,5,2,2,1,3,107
201600051991,16,2,26,105,5,2,1,1,6,107
201600051992,16,2,26,1335,1,2,1,1,3,107
201600051993,16,3,3,1030,1,2,1,1,2,107
201600051994,16,3,4,35,5,2,1,1,4,107
201600051995,16,3,5,1900,5,2,1,1,6,107
201600051996,16,3,6,855,1,2,1,1,6,107
201600051997,16,3,7,940,1,2,2,2,7,107
201600051998,16,3,7,1320,1,2,3,1,6,107
201600051999,16,3,8,1145,1,2,1,1,6,107
201600052000,16,3,8,1405,1,2,2,1,6,107
201600052001,16,3,9,930,1,2,3,3,6,107
201600052002,16,3,9,1215,1,2,2,2,3,107
201600052003,16,3,11,834,1,2,2,1,3,107
201600052004,16,3,12,1225,1,2,1,1,3,107
201600052005,16,3,16,1530,1,2,3,1,6,107
201600052006,16,3,17,915,1,2,5,1,3,107
201600052007,16,3,20,1205,1,2,1,1,2,107
201600052008,16,3,21,850,1,2,2,1,2,107
201600052009,16,3,23,1220,1,2,3,1,6,107
201600052010,16,3,24,935,1,2,5,8,2,107
201600052011,16,3,25,340,5,2,2,2,3,107
201600052012,16,3,25,950,1,2,7,2,7,107
201600052013,16,3,29,955,1,2,7,8,3,107
201600052014,16,3,31,1730,1,2,2,2,6,107
201600052015,16,4,2,15,5,2,5,1,3,107
201600052016,16,4,6,1825,1,2,1,3,6,107
201600052017,16,4,7,1210,1,2,1,1,3,107
201600052018,16,4,8,148,5,2,7,1,6,107
201600052019,16,4,14,1550,1,2,5,1,3,107
201600052020,16,4,14,1720,1,2,2,2,6,107
201600052021,16,4,17,600,2,2,7,1,3,107
201600052022,16,4,19,1600,1,2,1,1,7,107
201600052023,16,4,25,1555,1,2,5,1,6,107
201600052024,16,4,26,1830,1,2,2,1,7,107
201600052025,16,4,28,1742,1,2,2,8,3,107
201600052026,16,5,1,1235,1,2,2,1,6,107
201600052027,16,5,2,800,1,2,3,1,6,107
201600052028,16,5,2,1015,1,2,3,1,6,107
201600052029,16,5,2,1705,1,2,3,1,3,107
201600052030,16,5,3,900,1,2,7,1,6,107
201600052031,16,5,3,1023,1,2,5,1,3,107
201600052032,16,5,3,1850,1,2,7,1,6,107
201600052033,16,5,10,810,1,2,7,8,7,107
201600052034,16,5,14,10,5,2,7,1,6,107
201600052035,16,5,16,425,5,2,1,1,6,107
201600052036,16,5,17,1010,1,2,1,1,2,107
201600052037,16,5,17,1740,1,2,1,1,3,107
201600052038,16,5,18,1845,1,2,1,2,6,107
201600052039,16,5,19,915,1,2,2,2,6,107
201600052040,16,5,22,1715,1,2,7,2,7,107
201600052041,16,5,23,935,1,2,1,3,6,107
201600052042,16,5,23,2330,5,2,2,1,6,107
201600052043,16,5,26,910,1,2,2,1,3,107
201600052044,16,5,26,1520,1,2,2,1,2,107
201600052045,16,5,26,2005,1,2,1,1,3,107
201600052046,16,5,26,2220,5,2,3,1,3,107
201600052047,16,5,30,1045,1,2,1,3,6,107
201600052048,16,5,31,938,1,2,2,3,7,107
201600052049,16,6,2,1805,1,2,1,8,6,107
201600052050,16,6,2,2110,2,2,5,8,3,115
201600052051,16,6,3,50,5,2,3,2,3,107
201600052052,16,6,3,1600,1,2,1,8,3,107
201600052053,16,6,4,1235,1,2,5,1,3,107
201600052054,16,6,8,904,1,2,2,1,3,107
201600052055,16,6,9,1515,1,2,1,1,3,107
201600052056,16,6,10,1555,1,2,3,1,6,107
201600052057,16,6,11,1743,1,2,4,1,1,107
201600052058,16,6,13,1430,1,2,1,1,6,107
201600052059,16,6,16,1915,1,2,1,8,2,107
201600052060,16,6,16,2235,5,2,1,1,7,107
201600052061,16,6,18,1159,1,2,3,1,3,107
201600052062,16,6,19,1830,1,2,7,1,3,107
201600052063,16,6,21,1910,1,2,3,1,3,107
201600052064,16,6,21,2308,5,2,2,1,6,115
201600052065,16,6,26,825,1,2,2,1,6,107
201600052066,16,6,29,1025,1,2,2,1,3,107
201600052067,16,6,29,1830,1,2,7,1,2,115
201600052068,16,7,4,1910,1,2,7,1,2,107
201600052069,16,7,6,1800,1,2,3,1,2,107
201600052070,16,7,11,22,5,2,2,1,6,107
201600052071,16,7,11,1100,1,2,1,1,3,107
201600052072,16,7,12,2050,1,2,1,1,6,107
201600052073,16,7,15,2100,1,2,4,1,6,107
201600052074,16,7,16,230,5,2,2,1,6,107
201600052075,16,7,16,1305,1,2,3,1,3,107
201600052076,16,7,18,1100,1,2,5,1,2,107
201600052077,16,7,19,2100,1,2,2,1,6,107
201600052078,16,7,23,1605,1,2,2,1,3,107
201600052079,16,7,25,1315,1,2,3,1,6,107
201600052080,16,7,28,1500,1,2,1,1,6,107
201600052081,16,7,29,955,1,2,1,1,3,107
201600052082,16,8,1,2034,2,2,3,1,7,107
201600052083,16,8,1,2035,3,2,1,1,2,107
201600052084,16,8,4,2150,5,2,3,1,2,107
201600052085,16,8,16,2330,5,2,2,1,2,107
201600052086,16,8,24,1200,1,2,1,1,3,107
201600052087,16,8,25,30,5,2,2,1,3,107
201600052088,16,8,25,900,1,2,5,1,3,107
201600052089,16,8,29,2332,5,2,2,1,3,107
201600052090,16,8,30,1110,1,2,1,1,3,107
201600052091,16,9,1,1120,1,2,3,1,6,107
201600052092,16,9,2,1928,2,2,3,1,3,107
201600052093,16,9,3,425,5,2,7,1,6,107
201600052094,16,9,5,950,1,2,1,2,2,107
201600052095,16,9,5,1930,1,2,2,2,7,107
201600052096,16,9,8,915,1,2,1,1,1,107
201600052097,16,9,14,1707,1,2,1,1,2,107
201600052098,16,9,18,1925,2,2,2,3,3,107
201600052099,16,9,19,1000,1,2,1,8,3,107
201600052100,16,9,19,1400,1,2,2,2,6,107
201600052101,16,9,24,1550,1,2,3,1,6,107
201600052102,16,9,29,900,1,2,3,1,6,107
201600052103,16,9,29,1200,1,2,1,1,3,107
201600052104,16,10,4,1112,1,2,2,1,2,107
201600052105,16,10,4,1312,1,2,3,1,3,107
201600052106,16,10,6,740,1,2,4,1,2,107
201600052107,16,10,6,1521,1,2,1,1,3,107
201600052108,16,10,9,2345,5,2,2,1,3,115
201600052109,16,10,10,1633,1,2,3,2,7,107
201600052110,16,10,10,1850,2,2,3,8,4,107
201600052111,16,10,11,1105,1,2,1,1,1,107
201600052112,16,10,11,1145,1,2,2,1,6,107
201600052113,16,10,12,845,1,2,7,1,7,115
201600052114,16,10,13,1235,1,2,2,1,3,107
201600052115,16,10,14,1515,1,2,7,2,3,107
201600052116,16,10,16,930,1,2,3,1,6,107
201600052117,16,10,24,1625,1,2,2,2,4,107
201600052118,16,10,25,1900,5,2,1,1,6,107
201600052119,16,10,27,1145,1,2,2,1,3,107
201600052120,16,10,27,2025,5,2,1,1,2,107
201600052121,16,11,4,1620,1,2,3,2,6,107
201600052122,16,11,10,42,5,2,3,2,3,107
201600052123,16,11,10,1205,1,2,2,2,2,107
201600052124,16,11,12,625,5,2,2,1,6,107
201600052125,16,11,12,1030,1,2,3,1,3,107
201600052126,16,11,12,500,5,2,1,1,6,107
201600052127,16,11,13,505,5,2,1,2,6,107
201600052128,16,11,14,1816,5,2,2,2,6,107
201600052129,16,11,21,2045,5,2,2,1,6,107
201600052130,16,11,22,1820,5,2,4,1,3,107
201600052131,16,11,23,1005,1,2,3,2,2,107
201600052132,16,11,27,1325,1,2,2,1,3,107
201600052133,16,11,30,910,1,2,1,1,6,107
201600052134,16,11,30,1917,5,2,2,1,3,107
201600052135,16,11,30,1908,5,2,5,1,6,107
201600052136,16,12,1,1315,1,2,1,1,3,107
201600052137,16,12,1,1645,2,2,1,1,7,107
201600052138,16,12,2,1520,1,2,1,1,4,107
201600052139,16,12,5,1215,1,2,2,1,2,107
201600052140,16,12,5,2320,5,2,2,1,6,107
201600052141,16,12,13,905,1,2,1,2,2,107
201600052142,16,12,16,915,1,2,2,1,6,107
201600052143,16,12,19,1128,1,2,7,1,3,107
201600052144,16,12,23,100,5,2,5,1,6,115
201600052145,16,12,27,2035,5,2,1,1,6,107
201600052146,16,12,29,1215,1,2,1,1,2,107
201600052147,16,12,30,2225,5,2,2,1,6,107
201600052148,16,1,2,2000,5,2,4,2,5,108
201600052149,16,1,4,845,1,2,3,1,6,108
201600052150,16,1,5,1210,1,2,7,2,6,108
201600052151,16,1,5,1915,5,2,3,1,6,108
201600052152,16,1,6,1845,5,2,4,1,2,108
201600052153,16,1,8,1430,1,2,5,1,2,108
201600052154,16,1,8,1800,5,2,2,1,6,108
201600052155,16,1,8,1830,5,2,2,1,3,108
201600052156,16,1,9,1720,5,2,7,1,3,108
201600052157,16,1,11,1755,2,2,2,8,6,108
201600052158,16,1,13,1730,4,2,2,1,7,108
201600052159,16,1,13,1830,5,2,3,1,6,108
201600052160,16,1,14,1620,1,2,2,1,3,108
201600052161,16,1,15,1740,3,2,1,1,7,108
201600052162,16,1,14,1205,1,2,2,1,3,108
201600052163,16,1,17,2220,5,2,3,1,2,108
201600052164,16,1,18,2335,5,2,1,1,3,108
201600052165,16,1,19,1240,1,2,1,1,7,108
201600052166,16,1,20,1100,1,2,2,1,6,108
201600052167,16,1,20,1430,1,2,4,1,7,108
201600052168,16,1,21,840,1,2,2,1,6,108
201600052169,16,1,22,1425,1,2,3,3,3,108
201600052170,16,1,25,1230,1,2,5,7,6,108
201600052171,16,1,26,1250,1,2,2,1,6,108
201600052172,16,1,26,1430,1,2,1,1,3,108
201600052173,16,1,26,1915,2,2,2,1,6,108
201600052174,16,1,27,805,1,2,2,2,6,108
201600052175,16,1,27,1930,5,2,2,1,6,108
201600052176,16,1,27,1745,5,2,1,1,7,108
201600052177,16,1,28,1510,1,2,5,1,3,108
201600052178,16,1,28,2150,5,2,2,1,3,108
201600052179,16,1,29,2020,5,2,2,1,3,108
201600052180,16,1,30,420,5,2,7,2,3,108
201600052181,16,1,30,1110,1,2,5,2,6,108
201600052182,16,2,1,626,5,2,5,1,3,108
201600052183,16,2,2,1500,1,2,1,3,6,108
201600052184,16,2,3,1210,1,2,1,1,3,108
201600052185,16,2,3,1745,1,2,5,8,3,108
201600052186,16,2,9,1010,1,2,7,2,7,108
201600052187,16,2,10,2030,5,2,7,8,3,108
201600052188,16,2,12,1130,1,2,7,2,3,108
201600052189,16,2,12,1800,2,2,1,2,3,108
201600052190,16,2,12,1830,5,2,1,2,2,108
201600052191,16,2,13,240,5,2,2,1,6,117
201600052192,16,2,13,1520,1,2,2,2,6,108
201600052193,16,2,15,845,1,2,4,1,7,108
201600052194,16,2,16,710,1,2,7,1,3,116
201600052195,16,2,16,945,1,2,7,1,6,108
201600052196,16,2,17,846,1,2,7,1,3,108
201600052197,16,2,18,1130,1,2,5,4,3,108
201600052198,16,2,18,1922,5,2,1,2,3,108
201600052199,16,2,19,950,1,2,2,1,2,108
201600052200,16,2,20,2040,5,2,5,1,7,108
201600052201,16,2,22,1120,1,2,2,1,6,108
201600052202,16,2,22,2210,5,2,3,2,3,108
201600052203,16,2,23,840,1,2,2,2,6,108
201600052204,16,2,24,1411,1,2,1,8,6,108
201600052205,16,2,25,1125,1,2,1,1,7,108
201600052206,16,2,25,2225,5,2,3,1,2,108
201600052207,16,2,26,1340,1,2,4,1,3,108
201600052208,16,2,26,1430,1,2,2,1,3,108
201600052209,16,2,27,530,5,2,5,1,6,108
201600052210,16,3,1,1525,1,2,1,2,2,108
201600052211,16,3,1,2024,5,2,1,1,3,108
201600052212,16,3,2,150,5,2,2,2,3,108
201600052213,16,3,2,1030,1,2,5,1,6,108
201600052214,16,3,2,1550,1,2,2,1,3,108
201600052215,16,3,2,1930,5,2,7,2,2,108
201600052216,16,3,2,2007,5,2,7,1,6,108
201600052217,16,3,3,230,5,2,2,2,6,108
201600052218,16,3,3,1550,1,2,2,1,6,108
201600052219,16,3,4,40,5,2,1,2,3,108
201600052220,16,3,6,620,5,2,4,2,6,108
201600052221,16,3,6,1600,1,2,7,1,2,108
201600052222,16,3,7,1700,1,2,2,1,6,108
201600052223,16,3,7,1820,5,2,7,2,3,108
201600052224,16,3,8,1950,5,2,7,1,3,108
201600052225,16,3,9,1018,1,2,2,2,6,108
201600052226,16,3,9,1120,1,2,1,2,2,108
201600052227,16,3,10,940,1,2,7,1,3,108
201600052228,16,3,10,2010,4,2,3,1,2,108
201600052229,16,3,11,1520,1,2,1,1,6,108
201600052230,16,3,13,620,5,2,3,1,6,108
201600052231,16,3,13,811,1,2,6,1,3,108
201600052232,16,3,13,1240,1,2,2,1,3,108
201600052233,16,3,16,1600,1,2,2,1,3,108
201600052234,16,3,17,1540,1,2,2,1,3,108
201600052235,16,3,18,1630,1,2,5,1,6,108
201600052236,16,3,19,1130,1,2,1,1,4,108
201600052237,16,3,23,1030,1,2,7,1,3,108
201600052238,16,3,24,920,1,2,7,1,3,108
201600052239,16,3,24,1404,1,2,2,1,3,108
201600052240,16,3,24,1510,1,2,7,1,3,108
201600052241,16,3,25,915,1,2,7,2,3,108
201600052242,16,3,25,910,1,2,7,6,3,108
201600052243,16,3,25,1150,1,2,4,1,3,108
201600052244,16,3,25,1758,1,2,1,1,2,108
201600052245,16,3,27,1853,1,2,3,1,3,108
201600052246,16,3,28,300,5,2,4,2,6,108
201600052247,16,3,28,2300,5,2,7,2,2,108
201600052248,16,3,29,1740,1,2,2,2,6,108
201600052249,16,3,30,1730,1,2,3,2,3,108
201600052250,16,4,1,630,1,2,7,1,5,108
201600052251,16,4,1,1420,1,2,7,1,2,108
201600052252,16,4,3,1000,1,2,1,1,3,108
201600052253,16,4,1,2130,5,2,7,1,3,108
201600052254,16,4,4,1250,1,2,1,1,1,108
201600052255,16,4,4,2245,5,2,2,2,6,108
201600052256,16,4,5,1415,1,2,5,1,3,108
201600052257,16,4,5,1450,1,2,5,1,6,108
201600052258,16,4,6,1730,1,2,2,1,3,108
201600052259,16,4,7,1210,1,2,7,1,6,108
201600052260,16,4,7,1349,1,2,4,1,7,108
201600052261,16,4,7,1615,1,2,3,2,6,108
201600052262,16,4,7,1815,1,2,7,1,6,108
201600052263,16,4,7,1920,1,2,7,1,6,108
201600052264,16,4,8,1010,1,2,7,1,6,108
201600052265,16,4,8,1737,1,2,7,1,3,108
201600052266,16,4,7,1300,1,2,1,1,6,108
201600052267,16,4,11,910,1,2,5,2,3,108
201600052268,16,4,11,900,1,2,1,2,3,108
201600052269,16,4,11,1020,1,2,2,2,6,108
201600052270,16,4,11,1640,1,2,1,2,7,108
201600052271,16,4,12,1925,1,2,2,1,6,108
201600052272,16,4,13,1120,1,2,5,1,3,108
201600052273,16,4,13,1345,1,2,7,1,3,108
201600052274,16,4,14,1245,1,2,1,1,2,108
201600052275,16,4,14,2100,5,2,2,2,1,108
201600052276,16,4,16,1210,1,2,7,2,2,108
201600052277,16,4,16,1950,1,2,7,1,3,108
201600052278,16,4,17,745,1,2,2,1,3,108
201600052279,16,4,17,1309,1,2,4,1,6,108
201600052280,16,4,19,1025,1,2,2,1,3,108
201600052281,16,4,21,1915,1,2,3,1,2,108
201600052282,16,4,23,220,5,2,2,2,3,108
201600052283,16,4,23,320,5,2,2,3,7,108
201600052284,16,4,23,1815,1,2,4,1,3,108
201600052285,16,4,28,1130,1,2,1,1,3,108
201600052286,16,4,28,1221,1,2,3,1,6,108
201600052287,16,4,28,1910,1,2,4,1,6,108
201600052288,16,4,29,1520,1,2,2,1,2,108
201600052289,16,4,30,250,5,2,2,1,6,108
201600052290,16,4,30,940,1,2,2,2,6,108
201600052291,16,4,30,1330,1,2,2,2,6,108
201600052292,16,4,30,1555,1,2,3,2,2,108
201600052293,16,5,1,1805,1,2,2,1,3,108
201600052294,16,5,2,200,5,2,1,1,3,116
201600052295,16,5,2,950,1,2,1,1,2,108
201600052296,16,5,3,1140,1,2,1,1,4,108
201600052297,16,5,3,1205,1,2,7,1,6,108
201600052298,16,5,3,1500,1,2,1,1,3,108
201600052299,16,5,4,1040,1,2,1,1,3,108
201600052300,16,5,4,2025,2,2,2,1,3,108
201600052301,16,5,5,120,5,2,3,1,7,108
201600052302,16,5,5,2040,1,2,7,1,7,117
201600052303,16,5,6,32,5,2,4,1,6,108
201600052304,16,5,7,1915,1,2,4,1,3,108
201600052305,16,5,8,850,1,2,1,1,3,108
201600052306,16,5,8,2325,5,2,7,1,6,108
201600052307,16,5,9,1200,1,2,2,1,3,108
201600052308,16,5,9,1425,1,2,3,8,6,108
201600052309,16,5,10,300,5,2,7,2,3,108
201600052310,16,5,10,1240,1,2,1,1,2,108
201600052311,16,5,10,2300,5,2,2,2,6,108
201600052312,16,5,11,1220,1,2,7,1,6,108
201600052313,16,5,11,1405,1,2,3,2,1,108
201600052314,16,5,15,1836,1,2,7,1,3,108
201600052315,16,5,17,1645,1,2,4,1,6,116
201600052316,16,5,18,1620,1,2,2,2,3,108
201600052317,16,5,19,35,5,2,7,2,6,108
201600052318,16,5,19,900,1,2,3,2,3,108
201600052319,16,5,19,1800,1,2,7,1,3,108
201600052320,16,5,22,1730,1,2,7,2,6,108
201600052321,16,5,23,840,1,2,2,3,6,108
201600052322,16,5,23,1430,1,2,2,2,3,108
201600052323,16,5,24,1115,1,2,2,1,3,116
201600052324,16,5,25,1630,1,2,7,1,3,108
201600052325,16,5,25,2000,1,2,7,1,6,108
201600052326,16,5,26,2035,1,2,3,1,4,108
201600052327,16,5,27,900,1,2,4,1,2,108
201600052328,16,5,27,2120,1,2,1,1,6,108
201600052329,16,5,28,1700,1,2,2,1,3,108
201600052330,16,5,29,945,1,2,2,1,3,108
201600052331,16,5,30,940,1,2,2,3,3,108
201600052332,16,5,30,2000,1,2,4,2,3,108
201600052333,16,5,30,1940,1,2,2,2,6,108
201600052334,16,5,31,1830,1,2,2,2,2,108
201600052335,16,6,1,1030,1,2,1,1,7,108
201600052336,16,6,1,1155,1,2,7,1,3,108
201600052337,16,6,2,1320,1,2,1,8,3,108
201600052338,16,6,3,1520,1,2,1,1,3,108
201600052339,16,6,3,1620,1,2,7,1,3,108
201600052340,16,6,4,1010,1,2,2,1,2,108
201600052341,16,6,6,855,1,2,1,1,6,108
201600052342,16,6,7,1115,1,2,1,1,6,108
201600052343,16,6,7,1530,1,2,2,1,3,108
201600052344,16,6,10,945,1,2,5,1,2,108
201600052345,16,6,10,1145,1,2,1,1,2,108
201600052346,16,6,10,1530,1,2,1,1,6,108
201600052347,16,6,11,220,5,2,7,1,6,108
201600052348,16,6,11,1700,1,2,7,8,6,108
201600052349,16,6,12,2000,1,2,7,2,2,108
201600052350,16,6,15,815,1,2,2,2,6,117
201600052351,16,6,16,1402,1,2,3,3,3,108
201600052352,16,6,16,2300,1,2,2,1,2,108
201600052353,16,6,17,1145,1,2,1,1,3,108
201600052354,16,6,19,140,5,2,7,1,3,108
201600052355,16,6,19,400,5,2,7,1,3,108
201600052356,16,6,19,630,2,2,7,1,3,108
201600052357,16,6,19,1955,1,2,1,1,6,116
201600052358,16,6,20,1500,1,2,2,3,3,108
201600052359,16,6,21,1130,1,2,1,1,4,108
201600052360,16,6,21,1415,1,2,1,1,4,108
201600052361,16,6,22,1130,1,2,7,1,3,108
201600052362,16,6,22,1320,1,2,7,1,3,108
201600052363,16,6,23,815,1,2,4,1,7,108
201600052364,16,6,24,1010,1,2,7,1,3,108
201600052365,16,6,25,2340,5,2,5,1,3,108
201600052366,16,6,26,1940,1,2,2,1,3,108
201600052367,16,6,27,1750,1,2,2,1,6,108
201600052368,16,6,28,900,1,2,1,1,3,108
201600052369,16,6,29,5,5,2,2,1,3,108
201600052370,16,6,29,1100,1,2,2,1,3,108
201600052371,16,6,29,1200,1,2,1,1,6,108
201600052372,16,6,30,1,5,2,1,1,6,108
201600052373,16,6,30,200,5,2,7,1,2,108
201600052374,16,6,30,400,5,2,7,1,6,108
201600052375,16,6,30,1530,1,2,1,2,3,116
201600052376,16,6,30,2320,5,2,1,1,4,108
201600052377,16,7,1,940,1,2,1,1,3,108
201600052378,16,7,2,2000,1,2,3,1,2,108
201600052379,16,7,4,820,1,2,1,1,3,108
201600052380,16,7,4,926,1,2,2,1,6,108
201600052381,16,7,4,1434,1,2,7,1,4,108
201600052382,16,7,4,1730,1,2,3,1,3,108
201600052383,16,7,5,2000,1,2,7,1,3,108
201600052384,16,7,6,1430,1,2,5,1,3,108
201600052385,16,7,6,1500,1,2,2,1,6,108
201600052386,16,7,7,1,5,2,2,1,3,108
201600052387,16,7,7,920,1,2,1,1,3,117
201600052388,16,7,8,1850,1,2,1,1,3,108
201600052389,16,7,10,1435,1,2,1,1,5,108
201600052390,16,7,11,5,5,2,1,1,6,108
201600052391,16,7,11,1115,1,2,2,1,3,108
201600052392,16,7,11,2330,5,2,1,1,6,108
201600052393,16,7,12,1445,1,2,7,1,3,108
201600052394,16,7,12,2150,2,2,2,1,6,108
201600052395,16,7,13,100,5,2,1,2,6,108
201600052396,16,7,13,1155,1,2,1,1,3,108
201600052397,16,7,13,2220,5,2,2,1,2,108
201600052398,16,7,15,1610,1,2,2,1,2,108
201600052399,16,7,18,1830,1,2,7,7,3,108
201600052400,16,7,21,1300,1,2,7,1,2,108
201600052401,16,7,21,1745,1,2,2,1,6,108
201600052402,16,7,23,1730,1,2,7,1,3,108
201600052403,16,7,24,1045,1,2,2,1,6,108
201600052404,16,7,24,2255,5,2,7,1,6,108
201600052405,16,7,25,1704,1,2,1,2,3,108
201600052406,16,7,26,1250,1,2,7,1,6,108
201600052407,16,7,26,1940,1,2,1,1,3,108
201600052408,16,7,27,1320,1,2,3,1,6,108
201600052409,16,7,27,2346,5,2,3,1,6,108
201600052410,16,7,28,1410,1,2,7,1,6,108
201600052411,16,7,28,1630,1,2,4,1,2,108
201600052412,16,7,29,15,5,2,7,1,3,101
201600052413,16,7,31,20,5,2,7,1,7,108
201600052414,16,7,31,2025,2,2,1,1,2,108
201600052415,16,8,2,1520,1,2,1,2,7,108
201600052416,16,8,3,1500,1,2,1,1,3,116
201600052417,16,8,4,1630,1,2,2,1,3,108
201600052418,16,8,4,2330,5,2,7,1,3,116
201600052419,16,8,5,1830,1,2,2,1,7,108
201600052420,16,8,6,935,1,2,7,1,3,108
201600052421,16,8,7,1,5,2,5,1,6,108
201600052422,16,8,7,1420,1,2,2,1,2,108
201600052423,16,8,9,920,1,2,2,1,3,108
201600052424,16,8,14,1430,1,2,7,1,6,108
201600052425,16,8,18,1400,1,2,7,1,3,108
201600052426,16,8,18,1845,1,2,1,9,7,108
201600052427,16,8,20,2005,1,2,7,8,6,108
201600052428,16,8,21,1340,1,2,7,8,3,108
201600052429,16,8,22,1040,1,2,2,1,3,108
201600052430,16,8,23,1010,1,2,7,1,2,108
201600052431,16,8,23,1230,1,2,5,1,3,108
201600052432,16,8,23,1915,1,2,1,7,2,108
201600052433,16,8,25,1230,1,2,2,1,6,108
201600052434,16,8,26,915,1,2,7,1,3,108
201600052435,16,8,27,1230,1,2,7,1,3,108
201600052436,16,8,27,2105,5,2,1,1,6,108
201600052437,16,8,27,2230,3,2,1,6,6,108
201600052438,16,8,29,230,5,2,7,1,3,108
201600052439,16,8,29,1521,1,2,1,1,2,108
201600052440,16,8,30,935,1,2,2,1,4,108
201600052441,16,8,30,1349,1,2,7,1,6,108
201600052442,16,8,30,1855,1,2,2,1,3,108
201600052443,16,8,31,2310,5,2,2,1,6,108
201600052444,16,9,1,320,5,2,3,1,6,108
201600052445,16,9,1,1500,1,2,1,1,2,108
201600052446,16,9,1,1600,1,2,1,1,3,108
201600052447,16,9,3,2320,5,2,1,1,2,108
201600052448,16,9,5,1330,1,2,2,2,2,108
201600052449,16,9,5,1450,1,2,1,2,4,108
201600052450,16,9,5,1620,1,2,2,2,3,108
201600052451,16,9,6,1100,1,2,3,1,3,108
201600052452,16,9,6,1810,1,2,7,1,2,108
201600052453,16,9,7,815,1,2,7,7,3,108
201600052454,16,9,7,1527,1,2,7,1,3,117
201600052455,16,9,7,1815,1,2,3,1,3,108
201600052456,16,9,7,1900,1,2,2,1,3,108
201600052457,16,9,8,8,5,2,7,1,6,108
201600052458,16,9,8,40,5,2,7,1,2,108
201600052459,16,9,8,1150,1,2,3,1,3,108
201600052460,16,9,8,2215,5,2,4,1,3,108
201600052461,16,9,9,1925,2,2,1,1,6,116
201600052462,16,9,11,2215,4,2,7,1,3,108
201600052463,16,9,12,2130,4,2,1,1,6,116
201600052464,16,9,13,2000,2,2,5,1,3,108
201600052465,16,9,14,910,1,2,2,1,7,108
201600052466,16,9,15,1650,1,2,7,1,6,108
201600052467,16,9,16,1700,1,2,4,2,6,108
201600052468,16,9,17,150,5,2,2,1,6,108
201600052469,16,9,17,1130,1,2,7,2,4,108
201600052470,16,9,20,20,5,2,5,1,3,108
201600052471,16,9,21,1325,1,2,5,1,4,108
201600052472,16,9,22,750,1,2,7,1,3,108
201600052473,16,9,22,1445,1,2,7,1,3,108
201600052474,16,9,22,1745,1,2,2,1,7,108
201600052475,16,9,24,2000,5,2,3,1,6,108
201600052476,16,9,26,1800,1,2,2,1,2,108
201600052477,16,9,27,922,1,2,2,1,6,108
201600052478,16,9,27,2030,5,2,1,1,3,108
201600052479,16,9,28,1235,1,2,5,1,6,108