Num_Acc,an,mois,jour,hrmn,lum,agg,int,atm,col,com
201600052480,16,9,30,1000,1,2,2,1,3,108
201600052481,16,10,1,155,5,2,2,2,6,108
201600052482,16,10,2,314,5,2,2,1,3,108
201600052483,16,10,5,1503,1,2,4,1,3,116
201600052484,16,10,6,740,1,2,2,1,3,108
201600052485,16,10,6,1100,1,2,7,1,3,108
201600052486,16,10,6,1920,1,2,4,1,3,116
201600052487,16,10,7,2350,5,2,2,1,3,108
201600052488,16,10,8,110,5,2,4,1,3,108
201600052489,16,10,8,2200,5,2,1,1,6,108
201600052490,16,10,9,2300,4,2,3,1,2,108
201600052491,16,10,12,1630,1,2,7,1,6,108
201600052492,16,10,13,1433,1,2,3,1,6,108
201600052493,16,10,13,2015,5,2,2,2,6,108
201600052494,16,10,16,1200,1,2,1,1,6,108
201600052495,16,10,17,1230,1,2,7,1,3,108
201600052496,16,10,17,1715,1,2,4,1,6,108
201600052497,16,10,19,820,1,2,4,1,3,108
201600052498,16,10,20,200,5,2,7,1,3,108
201600052499,16,10,20,500,5,2,2,2,6,108
201600052500,16,10,23,1620,1,2,2,2,7,108
201600052501,16,10,25,1030,1,2,7,1,3,108
201600052502,16,10,26,1145,1,2,1,1,2,117
201600052503,16,10,26,2010,5,2,2,1,6,108
201600052504,16,10,27,1755,1,2,7,1,3,108
201600052505,16,10,27,2050,5,2,7,1,6,108
201600052506,16,10,28,1400,1,2,1,1,6,108
201600052507,16,11,1,110,5,2,1,1,6,108
201600052508,16,11,2,1830,5,2,3,1,3,108
201600052509,16,11,2,1930,5,2,1,1,3,108
201600052510,16,11,4,830,2,2,1,2,2,108
201600052511,16,11,4,1300,1,2,1,2,3,108
201600052512,16,11,4,1850,4,2,2,1,6,116
201600052513,16,11,4,2340,5,2,2,3,3,108
201600052514,16,11,7,845,1,2,7,2,3,108
201600052515,16,11,7,1700,5,2,1,1,4,108
201600052516,16,11,9,840,1,2,2,1,3,108
201600052517,16,11,9,915,1,2,1,3,2,108
201600052518,16,11,9,1620,1,2,7,2,3,108
201600052519,16,11,10,2345,5,2,7,2,2,108
201600052520,16,11,11,2348,5,2,1,1,4,108
201600052521,16,11,13,703,1,2,1,1,7,108
201600052522,16,11,14,1019,1,2,2,1,3,108
201600052523,16,11,14,2030,5,2,7,1,6,108
201600052524,16,11,15,1355,1,2,1,1,3,108
201600052525,16,11,16,1250,1,2,2,1,2,108
201600052526,16,11,16,1600,1,2,7,1,3,108
201600052527,16,11,16,1425,1,2,1,8,2,108
201600052528,16,11,16,1740,5,2,3,1,6,108
201600052529,16,11,17,2240,5,2,7,1,3,108
201600052530,16,11,17,320,5,2,7,3,3,108
201600052531,16,11,19,1845,5,2,2,1,6,108
201600052532,16,11,20,730,5,2,7,2,3,108
201600052533,16,11,21,1155,1,2,2,2,2,108
201600052534,16,11,22,1310,1,2,1,1,2,108
201600052535,16,11,23,810,1,2,2,2,7,108
201600052536,16,11,23,1930,5,2,7,2,3,108
201600052537,16,11,24,1500,1,2,2,1,3,108
201600052538,16,11,25,340,5,2,2,1,6,108
201600052539,16,11,26,227,5,2,5,1,3,108
201600052540,16,11,26,630,5,2,2,1,3,108
201600052541,16,11,27,10,5,2,1,1,3,108
201600052542,16,11,28,1010,1,2,3,1,3,108
201600052543,16,11,29,1320,1,2,3,1,6,108
201600052544,16,12,2,1110,1,2,7,1,6,108
201600052545,16,12,2,1620,5,2,4,1,4,108
201600052546,16,12,3,120,5,2,2,1,4,108
201600052547,16,12,6,1020,1,2,7,1,3,108
201600052548,16,12,7,1710,5,2,2,1,6,108
201600052549,16,12,7,2320,5,2,7,1,3,108
201600052550,16,12,9,1020,1,2,7,1,6,108
201600052551,16,12,10,1045,1,2,7,1,3,108
201600052552,16,12,10,2000,5,2,4,1,6,108
201600052553,16,12,11,1230,1,2,1,1,3,108
201600052554,16,12,12,935,1,2,7,8,3,108
201600052555,16,12,13,850,1,2,1,2,3,108
201600052556,16,12,15,1840,5,2,1,1,6,108
201600052557,16,12,15,2300,5,2,1,1,6,108
201600052558,16,12,21,1325,1,2,3,1,3,117
201600052559,16,12,22,840,1,2,1,2,2,108
201600052560,16,12,22,1530,1,2,1,2,6,108
201600052561,16,12,22,1730,2,2,2,1,6,108
201600052562,16,12,23,1745,5,2,7,8,3,108
201600052563,16,12,28,940,1,2,7,1,2,108
201600052564,16,12,28,1155,1,2,2,1,2,108
201600052565,16,12,28,2355,5,2,7,1,2,108
201600052566,16,12,29,1030,1,2,2,1,3,108
201600052567,16,12,29,1928,5,2,2,1,3,108
201600052568,16,1,6,905,1,2,2,2,6,109
201600052569,16,1,7,845,1,2,7,3,6,109
201600052570,16,1,10,2310,5,2,2,1,6,109
201600052571,16,1,12,1030,1,2,2,2,3,109
201600052572,16,1,12,1940,5,2,3,1,6,109
201600052573,16,1,14,805,1,2,1,3,6,109
201600052574,16,1,15,2018,5,2,5,1,2,109
201600052575,16,1,19,1000,1,2,3,9,6,109
201600052576,16,1,21,2000,5,2,1,1,6,109
201600052577,16,1,22,50,5,2,1,1,6,109
201600052578,16,1,28,1735,1,2,2,1,2,109
201600052579,16,1,30,1330,1,2,7,3,3,102
201600052580,16,2,1,1730,2,2,3,1,6,109
201600052581,16,2,5,330,5,2,7,1,6,109
201600052582,16,2,6,2000,5,2,3,1,3,109
201600052583,16,2,11,1535,1,2,5,1,6,109
201600052584,16,2,12,2240,5,2,1,1,6,109
201600052585,16,2,17,2100,5,2,3,1,6,109
201600052586,16,2,18,1510,1,2,1,2,6,109
201600052587,16,2,23,1100,1,2,7,1,3,109
201600052588,16,2,27,925,1,2,2,1,3,109
201600052589,16,2,29,1350,1,2,1,1,6,109
201600052590,16,3,1,935,1,2,1,2,2,109
201600052591,16,3,2,1630,1,2,2,4,6,109
201600052592,16,3,3,1235,1,2,2,1,3,109
201600052593,16,3,4,640,2,2,4,2,6,101
201600052594,16,3,4,2204,5,2,3,2,6,101
201600052595,16,3,7,1245,1,2,1,8,6,109
201600052596,16,3,7,1640,1,2,5,1,3,109
201600052597,16,3,8,730,1,2,1,1,2,109
201600052598,16,3,11,930,1,2,3,1,3,109
201600052599,16,3,15,1350,1,2,1,1,6,109
201600052600,16,3,17,2015,5,2,1,1,3,109
201600052601,16,3,24,935,1,2,3,1,6,109
201600052602,16,3,25,1530,1,2,5,1,3,109
201600052603,16,3,29,2136,5,2,7,2,3,109
201600052604,16,3,29,2320,5,2,7,2,3,109
201600052605,16,3,30,1655,1,2,1,2,3,109
201600052606,16,4,3,620,2,2,2,1,3,109
201600052607,16,4,4,2220,5,2,5,1,7,109
201600052608,16,4,4,1310,1,2,1,1,3,109
201600052609,16,4,5,825,1,2,7,1,3,109
201600052610,16,4,9,1425,1,2,2,2,6,109
201600052611,16,4,11,1350,1,2,2,2,6,109
201600052612,16,4,13,647,1,2,2,2,6,109
201600052613,16,4,16,2135,5,2,4,1,3,103
201600052614,16,4,18,1130,1,2,1,1,3,109
201600052615,16,4,22,2230,5,2,1,2,3,109
201600052616,16,4,25,2015,5,2,1,2,3,102
201600052617,16,4,26,1500,1,2,7,2,3,109
201600052618,16,4,29,20,5,2,2,1,3,101
201600052619,16,4,30,625,2,2,5,1,3,109
201600052620,16,5,6,320,5,2,2,1,3,109
201600052621,16,5,6,850,1,2,7,1,6,109
201600052622,16,5,7,1715,1,2,2,1,3,109
201600052623,16,5,8,200,5,2,2,1,3,102
201600052624,16,5,9,1450,1,2,3,8,3,109
201600052625,16,5,14,359,5,2,2,1,2,108
201600052626,16,5,14,1510,1,2,7,1,3,109
201600052627,16,5,15,545,2,2,7,1,6,109
201600052628,16,5,16,1405,1,2,5,1,2,102
201600052629,16,5,18,910,1,2,1,1,3,103
201600052630,16,5,17,2000,1,2,1,1,6,109
201600052631,16,5,20,1015,1,2,2,1,3,109
201600052632,16,5,22,410,5,2,7,2,6,109
201600052633,16,5,25,2305,5,2,7,1,3,109
201600052634,16,5,26,1610,1,2,1,1,6,109
201600052635,16,5,29,755,1,2,1,2,2,109
201600052636,16,5,31,915,1,2,7,3,2,102
201600052637,16,5,30,1910,1,2,2,2,3,109
201600052638,16,6,1,1100,1,2,1,1,6,109
201600052639,16,6,7,2000,1,2,7,1,3,109
201600052640,16,6,9,1525,1,2,7,1,6,109
201600052641,16,6,11,1300,1,2,1,2,6,109
201600052642,16,6,12,1705,1,2,2,1,3,109
201600052643,16,6,19,230,5,2,2,1,3,109
201600052644,16,6,23,1245,1,2,2,1,3,109
201600052645,16,6,24,900,1,2,1,1,3,109
201600052646,16,6,24,1250,1,2,1,1,6,109
201600052647,16,6,25,130,5,2,5,1,2,109
201600052648,16,6,25,1315,1,2,5,1,3,109
201600052649,16,6,28,930,1,2,2,1,3,109
201600052650,16,6,28,1230,1,2,1,1,2,109
201600052651,16,7,2,2315,5,2,5,1,6,109
201600052652,16,7,3,2235,5,2,1,2,6,109
201600052653,16,7,4,905,1,2,7,1,3,109
201600052654,16,7,7,20,5,2,4,1,6,109
201600052655,16,7,10,540,2,2,1,1,6,116
201600052656,16,7,10,1625,1,2,5,1,3,109
201600052657,16,7,19,1400,1,2,7,1,3,109
201600052658,16,7,20,2330,5,2,5,1,6,109
201600052659,16,7,21,230,5,2,7,1,3,109
201600052660,16,7,21,2250,5,2,5,1,2,109
201600052661,16,7,25,1000,1,2,2,1,3,109
201600052662,16,7,25,1545,1,2,2,1,3,109
201600052663,16,7,27,1315,1,2,7,1,6,109
201600052664,16,7,28,245,5,2,3,1,6,109
201600052665,16,7,30,1130,1,2,1,1,2,109
201600052666,16,8,1,1310,1,2,2,1,3,109
201600052667,16,8,5,945,1,2,2,1,2,109
201600052668,16,8,6,245,5,2,4,1,6,109
201600052669,16,8,19,1445,1,2,2,1,6,109
201600052670,16,8,19,2325,5,2,7,1,6,109
201600052671,16,8,22,1845,1,2,5,1,7,109
201600052672,16,8,25,920,1,2,2,1,6,109
201600052673,16,8,25,1957,1,2,7,1,2,109
201600052674,16,8,27,1100,1,2,5,1,6,102
201600052675,16,9,10,1000,1,2,1,1,6,102
201600052676,16,9,10,1315,1,2,5,1,6,109
201600052677,16,9,11,840,1,2,1,2,6,109
201600052678,16,9,13,1218,1,2,3,1,6,109
201600052679,16,9,14,1605,1,2,1,1,6,109
201600052680,16,9,16,610,2,2,2,1,3,109
201600052681,16,9,20,1550,1,2,2,1,6,109
201600052682,16,9,21,1445,1,2,5,1,3,109
201600052683,16,10,1,1140,1,2,4,1,3,109
201600052684,16,10,1,1345,1,2,3,1,3,109
201600052685,16,10,3,1045,1,2,2,1,6,109
201600052686,16,10,4,1358,1,2,7,1,6,109
201600052687,16,9,30,1326,1,2,5,1,6,109
201600052688,16,10,7,1305,1,2,2,1,2,109
201600052689,16,10,11,1600,1,2,1,1,3,109
201600052690,16,10,14,715,2,2,4,8,6,109
201600052691,16,10,14,850,1,2,5,1,3,102
201600052692,16,10,16,1848,2,2,1,1,6,109
201600052693,16,10,20,1944,2,2,2,1,5,104
201600052694,16,10,22,1055,1,2,1,1,6,109
201600052695,16,10,22,1540,1,2,2,1,3,109
201600052696,16,10,27,645,5,2,2,8,6,109
201600052697,16,10,29,245,5,2,5,1,2,109
201600052698,16,10,31,920,1,2,1,1,3,109
201600052699,16,11,1,1800,2,2,1,1,2,109
201600052700,16,11,2,1030,1,2,7,1,6,109
201600052701,16,11,4,40,5,2,1,1,6,109
201600052702,16,11,5,800,2,2,2,1,3,109
201600052703,16,11,8,1525,1,2,1,1,6,109
201600052704,16,11,9,910,1,2,4,3,7,104
201600052705,16,11,11,430,5,2,2,2,7,109
201600052706,16,11,11,1852,5,2,3,1,3,109
201600052707,16,11,12,1815,5,2,2,2,6,109
201600052708,16,11,16,1930,5,2,1,1,6,109
201600052709,16,11,17,1215,1,2,1,1,6,109
201600052710,16,11,18,1410,1,2,2,1,7,109
201600052711,16,11,19,1710,2,2,3,1,6,109
201600052712,16,11,18,1330,1,2,2,1,2,109
201600052713,16,11,21,1155,1,2,2,9,6,109
201600052714,16,11,22,2320,5,2,2,1,2,104
201600052715,16,11,25,1140,1,2,2,8,6,109
201600052716,16,11,26,2230,5,2,1,1,2,101
201600052717,16,11,27,440,5,2,1,1,6,104
201600052718,16,11,28,1955,5,2,2,1,3,101
201600052719,16,12,1,1330,1,2,7,1,3,109
201600052720,16,12,2,658,5,2,3,1,6,109
201600052721,16,12,2,1430,1,2,1,1,6,109
201600052722,16,12,2,1355,1,2,7,1,6,109
201600052723,16,12,5,1023,1,2,7,1,2,109
201600052724,16,12,6,705,5,2,1,1,6,109
201600052725,16,12,7,1440,1,2,2,1,6,109
201600052726,16,12,10,225,5,2,2,1,6,109
201600052727,16,12,14,515,5,2,2,1,6,109
201600052728,16,12,16,915,1,2,1,1,6,109
201600052729,16,12,18,1845,5,2,1,1,3,109
201600052730,16,12,27,1400,1,2,1,1,6,109
201600052731,16,12,28,2150,5,2,5,1,2,109
201600052732,16,12,29,1235,1,2,2,1,2,109
201600052733,16,12,31,2110,5,2,1,1,6,110
201600052734,16,1,4,1620,1,2,7,1,7,110
201600052735,16,1,5,1710,2,2,1,8,6,110
201600052736,16,1,7,426,5,2,2,2,3,110
201600052737,16,1,12,2100,5,2,3,2,6,110
201600052738,16,1,14,620,5,2,2,2,3,110
201600052739,16,1,16,1430,1,2,2,1,2,110
201600052740,16,1,21,210,5,2,5,1,6,110
201600052741,16,1,21,1025,1,2,1,1,6,110
201600052742,16,1,21,1145,1,2,3,7,6,110
201600052743,16,1,22,1350,1,2,1,2,3,110
201600052744,16,1,22,1525,1,2,2,2,6,110
201600052745,16,1,23,905,1,2,5,1,7,110
201600052746,16,1,23,1545,1,2,3,1,7,110
201600052747,16,1,23,2200,5,2,1,1,6,110
201600052748,16,1,25,1700,2,2,5,1,3,110
201600052749,16,1,25,1730,5,2,1,1,3,110
201600052750,16,1,26,2045,5,2,5,1,6,110
201600052751,16,1,28,1115,1,2,2,1,6,110
201600052752,16,1,28,2150,5,2,1,1,7,110
201600052753,16,1,30,1550,1,2,2,2,6,110
201600052754,16,1,31,1630,1,2,2,2,3,110
201600052755,16,1,31,1825,5,2,5,2,6,110
201600052756,16,2,1,1755,3,2,3,1,3,110
201600052757,16,2,2,915,1,2,3,1,6,110
201600052758,16,2,2,1940,5,2,7,1,6,110
201600052759,16,2,3,1030,1,2,2,1,3,110
201600052760,16,2,3,1950,5,2,2,1,6,110
201600052761,16,2,5,305,5,2,5,8,6,110
201600052762,16,2,5,2230,5,2,1,1,6,110
201600052763,16,2,7,1420,1,2,2,1,3,110
201600052764,16,2,8,1830,5,2,1,1,3,110
201600052765,16,2,10,725,1,2,2,1,6,110
201600052766,16,2,11,1000,1,2,3,1,2,110
201600052767,16,2,12,1120,1,2,3,2,6,110
201600052768,16,2,13,2010,5,2,1,2,6,110
201600052769,16,2,16,120,5,2,1,1,6,110
201600052770,16,2,17,2020,5,2,3,1,2,110
201600052771,16,2,20,5,5,2,1,1,6,110
201600052772,16,2,22,2235,5,2,1,2,6,110
201600052773,16,2,24,1000,1,2,2,1,6,110
201600052774,16,2,29,1025,1,2,1,1,2,110
201600052775,16,3,2,35,5,2,4,2,6,110
201600052776,16,3,2,1700,1,2,5,8,7,110
201600052777,16,3,1,1830,2,2,1,1,3,110
201600052778,16,3,4,1530,1,2,1,2,6,110
201600052779,16,3,5,10,5,2,2,2,2,110
201600052780,16,3,5,1150,1,2,1,2,6,110
201600052781,16,3,8,1000,1,2,1,1,3,110
201600052782,16,3,8,1105,1,2,1,1,6,110
201600052783,16,3,11,200,5,2,2,1,7,110
201600052784,16,3,11,1140,1,2,3,1,2,110
201600052785,16,3,12,950,1,2,1,1,2,110
201600052786,16,3,14,1855,1,2,1,1,2,110
201600052787,16,3,18,1420,1,2,2,1,3,110
201600052788,16,3,18,1500,1,2,2,1,2,110
201600052789,16,3,21,2020,5,2,2,1,6,110
201600052790,16,3,22,1,5,2,2,1,7,110
201600052791,16,3,23,1530,1,2,4,1,3,110
201600052792,16,3,28,125,5,2,1,1,6,110
201600052793,16,3,30,2030,5,2,1,1,7,110
201600052794,16,4,4,1855,1,2,4,1,6,110
201600052795,16,4,5,2025,5,2,3,1,6,110
201600052796,16,4,7,830,1,2,5,1,6,110
201600052797,16,4,8,1140,1,2,1,1,7,110
201600052798,16,4,9,50,5,2,2,1,6,110
201600052799,16,4,9,325,5,2,1,1,2,110
201600052800,16,4,11,1410,1,2,2,1,3,110
201600052801,16,4,13,900,1,2,1,8,3,110
201600052802,16,4,14,1100,1,2,2,1,2,110
201600052803,16,4,14,2010,2,2,5,2,3,110
201600052804,16,4,16,1810,1,2,2,1,3,110
201600052805,16,4,20,1105,1,2,2,1,6,110
201600052806,16,4,23,1905,1,2,2,1,3,110
201600052807,16,4,28,1150,1,2,2,1,6,110
201600052808,16,4,28,1745,1,2,3,1,6,110
201600052809,16,4,29,2030,2,2,3,2,6,110
201600052810,16,4,30,30,5,2,2,2,2,110
201600052811,16,4,30,1730,1,2,2,2,6,110
201600052812,16,5,2,2230,5,2,2,1,6,110
201600052813,16,5,3,1,5,2,2,1,3,110
201600052814,16,5,3,1635,1,2,1,1,3,110
201600052815,16,5,5,1548,1,2,3,1,6,110
201600052816,16,5,6,830,1,2,3,1,3,110
201600052817,16,5,8,125,5,2,2,1,6,110
201600052818,16,5,8,1345,1,2,3,1,6,110
201600052819,16,5,9,1300,1,2,1,1,6,110
201600052820,16,5,9,2150,5,2,1,2,6,110
201600052821,16,5,10,2030,2,2,2,2,3,110
201600052822,16,5,11,1435,1,2,1,3,6,110
201600052823,16,5,11,1740,1,2,7,1,3,119
201600052824,16,5,14,1610,1,2,1,1,3,110
201600052825,16,5,14,2000,1,2,2,1,6,110
201600052826,16,5,16,2245,5,2,1,1,6,110
201600052827,16,5,16,2340,5,2,1,1,7,110
201600052828,16,5,18,1640,1,2,2,2,2,110
201600052829,16,5,21,115,5,2,7,1,6,110
201600052830,16,5,21,2030,2,2,1,1,6,110
201600052831,16,5,22,2300,5,2,1,1,6,110
201600052832,16,5,23,1015,1,2,1,3,6,119
201600052833,16,5,24,855,1,2,3,1,6,110
201600052834,16,5,25,2010,1,2,3,1,6,110
201600052835,16,5,27,1100,1,2,2,1,6,110
201600052836,16,5,29,2350,5,2,1,3,6,102
201600052837,16,5,30,1715,1,2,1,3,3,110
201600052838,16,5,30,1915,1,2,1,3,6,110
201600052839,16,6,2,1455,1,2,1,2,6,110
201600052840,16,6,3,1540,1,2,1,1,3,110
201600052841,16,6,4,1650,1,2,2,1,3,110
201600052842,16,6,6,1730,1,2,1,1,3,110
201600052843,16,6,10,2025,1,2,5,1,6,110
201600052844,16,6,11,1350,1,2,5,1,6,110
201600052845,16,6,15,125,5,2,1,1,6,110
201600052846,16,6,17,1115,1,2,1,1,6,110
201600052847,16,6,18,1056,1,2,2,1,6,110
201600052848,16,6,18,1115,1,2,2,1,2,110
201600052849,16,6,19,1330,1,2,1,1,5,110
201600052850,16,6,20,1720,1,2,2,3,1,110
201600052851,16,6,21,1250,1,2,2,1,6,110
201600052852,16,6,22,1220,1,2,1,1,6,110
201600052853,16,6,25,130,5,2,7,1,2,110
201600052854,16,6,27,1410,1,2,2,1,3,110
201600052855,16,6,28,1205,1,2,2,1,6,110
201600052856,16,6,29,1700,1,2,4,1,2,110
201600052857,16,7,1,915,1,2,4,1,6,110
201600052858,16,7,2,1935,1,2,5,3,3,110
201600052859,16,7,4,1830,1,2,3,1,6,110
201600052860,16,7,4,2110,1,2,7,1,6,110
201600052861,16,7,6,1145,1,2,2,1,3,110
201600052862,16,7,7,1805,1,2,1,1,6,110
201600052863,16,7,8,220,5,2,2,1,3,110
201600052864,16,7,9,220,5,2,3,1,3,110
201600052865,16,7,9,1340,1,2,2,1,6,110
201600052866,16,7,11,50,5,2,7,1,6,110
201600052867,16,7,11,1355,1,2,1,1,3,110
201600052868,16,7,11,2130,2,2,1,1,6,110
201600052869,16,7,13,1615,1,2,1,1,7,110
201600052870,16,7,19,1650,1,2,1,1,6,110
201600052871,16,7,20,1720,1,2,3,1,3,110
201600052872,16,7,24,230,5,2,1,1,6,110
201600052873,16,7,25,1155,1,2,5,1,3,110
201600052874,16,7,28,20,5,2,4,1,3,110
201600052875,16,8,1,805,1,2,5,1,3,110
201600052876,16,8,1,1530,1,2,1,1,3,110
201600052877,16,8,3,1640,1,2,7,1,6,110
201600052878,16,8,7,555,2,2,1,1,6,110
201600052879,16,8,13,130,5,2,2,1,3,110
201600052880,16,8,13,1120,1,2,2,1,3,110
201600052881,16,8,23,1655,1,2,1,1,6,110
201600052882,16,8,25,1133,1,2,3,1,6,110
201600052883,16,8,29,1905,1,2,1,1,6,110
201600052884,16,9,1,1600,1,2,2,1,6,110
201600052885,16,9,5,900,1,2,1,2,7,110
201600052886,16,9,5,1400,1,2,3,2,3,110
201600052887,16,9,7,1820,1,2,4,1,3,109
201600052888,16,9,9,230,5,2,4,1,6,110
201600052889,16,9,9,2020,5,2,1,1,3,110
201600052890,16,9,10,1830,1,2,2,1,2,110
201600052891,16,9,13,1817,1,2,4,1,2,110
201600052892,16,9,14,420,5,2,2,1,6,110
201600052893,16,9,16,1450,1,2,2,1,3,110
201600052894,16,9,17,1120,1,2,1,1,6,110
201600052895,16,9,21,1820,1,2,3,1,6,110
201600052896,16,9,22,1420,1,2,1,1,6,110
201600052897,16,9,22,1620,1,2,3,1,6,110
201600052898,16,9,24,1850,1,2,1,1,7,110
201600052899,16,9,27,910,1,2,1,1,6,110
201600052900,16,9,27,1650,1,2,2,1,6,110
201600052901,16,9,28,815,1,2,2,1,3,110
201600052902,16,9,28,1245,1,2,1,1,6,110
201600052903,16,9,29,1650,1,2,3,1,6,110
201600052904,16,9,30,1125,1,2,1,1,3,110
201600052905,16,10,1,555,2,2,1,1,2,110
201600052906,16,10,4,1655,1,2,3,1,5,110
201600052907,16,10,6,1700,1,2,1,1,7,110
201600052908,16,10,6,2140,1,2,5,1,6,110
201600052909,16,10,6,2250,5,2,2,1,3,110
201600052910,16,10,12,1140,1,2,1,1,6,110
201600052911,16,10,13,950,1,2,1,1,2,110
201600052912,16,10,16,1350,1,2,1,1,6,110
201600052913,16,10,18,1105,1,2,1,1,6,110
201600052914,16,10,18,1630,1,2,1,1,6,110
201600052915,16,10,26,1905,5,2,1,1,6,110
201600052916,16,10,28,900,1,2,2,1,2,110
201600052917,16,11,2,745,1,2,2,1,6,110
201600052918,16,11,3,935,1,2,1,1,6,110
201600052919,16,11,3,1437,1,2,7,1,2,110
201600052920,16,11,4,830,1,2,1,1,2,110
201600052921,16,11,5,1835,2,2,5,1,6,110
201600052922,16,11,8,2100,5,2,2,2,3,110
201600052923,16,11,10,1130,1,2,1,1,3,103
201600052924,16,11,10,1415,1,2,2,2,6,110
201600052925,16,11,12,2110,5,2,1,2,7,110
201600052926,16,11,15,845,1,2,1,8,3,110
201600052927,16,11,15,1845,5,2,1,2,3,110
201600052928,16,11,17,410,5,2,1,1,6,110
201600052929,16,11,19,320,5,2,1,1,6,110
201600052930,16,11,19,1411,1,2,2,1,3,110
201600052931,16,11,19,1920,5,2,1,1,6,110
201600052932,16,11,19,1940,5,2,3,1,3,110
201600052933,16,11,23,1530,1,2,1,1,6,110
201600052934,16,11,25,1850,5,2,1,1,6,110
201600052935,16,11,28,1000,1,2,1,1,6,110
201600052936,16,11,28,1425,1,2,5,1,3,110
201600052937,16,11,28,1948,5,2,2,1,7,110
201600052938,16,11,29,2220,5,2,2,1,3,110
201600052939,16,11,29,2335,5,2,1,1,2,110
201600052940,16,12,2,2220,5,2,2,1,6,110
201600052941,16,12,4,400,5,2,1,1,6,110
201600052942,16,12,5,1215,1,2,1,1,3,110
201600052943,16,12,10,1622,2,2,1,1,6,110
201600052944,16,12,14,850,1,2,1,1,2,110
201600052945,16,12,15,1830,2,2,2,1,6,110
201600052946,16,12,17,2100,5,2,1,1,6,110
201600052947,16,12,18,145,5,2,2,1,3,110
201600052948,16,12,19,830,1,2,3,2,3,110
201600052949,16,12,22,1615,2,2,1,8,7,110
201600052950,16,12,23,1210,1,2,1,5,6,110
201600052951,16,12,30,1920,5,2,1,1,3,110
201600052952,16,12,30,2130,5,2,1,1,6,110
201600052953,16,1,5,950,1,2,1,2,6,111
201600052954,16,1,7,330,3,2,3,2,6,111
201600052955,16,1,8,1135,1,2,2,1,6,111
201600052956,16,1,12,1740,2,2,1,1,7,111
201600052957,16,1,12,2055,5,2,7,1,6,111
201600052958,16,1,10,150,5,2,1,2,3,103
201600052959,16,1,14,2155,5,2,2,1,2,111
201600052960,16,1,15,250,5,2,5,1,2,110
201600052961,16,1,15,1455,1,2,1,1,3,111
201600052962,16,1,20,1545,1,2,3,1,6,111
201600052963,16,1,20,1850,5,2,1,1,2,111
201600052964,16,1,21,910,1,2,4,1,3,111
201600052965,16,1,21,1620,1,2,7,1,6,111
201600052966,16,1,22,1820,5,2,7,2,6,111
201600052967,16,1,24,400,5,2,7,2,3,111
201600052968,16,1,28,1950,5,2,1,1,6,111
201600052969,16,1,29,435,5,2,1,1,6,111
201600052970,16,1,29,1000,1,2,1,1,3,111
201600052971,16,1,29,1945,5,2,2,1,6,111
201600052972,16,1,30,55,5,2,1,2,2,111
201600052973,16,1,30,1025,1,2,2,2,6,111
201600052974,16,1,31,615,5,2,2,2,6,111
201600052975,16,1,31,1225,1,2,3,1,6,111
201600052976,16,1,31,1500,1,2,2,1,6,111
201600052977,16,2,1,1955,5,2,2,1,3,111
201600052978,16,2,2,1600,1,2,5,1,7,111
201600052979,16,2,3,1820,5,2,2,8,7,111
201600052980,16,2,3,1905,5,2,5,1,3,111
201600052981,16,2,4,1020,1,2,1,2,3,111
201600052982,16,2,5,1543,1,2,1,1,3,111
201600052983,16,2,5,1545,1,2,1,1,6,111
201600052984,16,2,6,620,5,2,2,1,6,111
201600052985,16,2,8,830,1,2,1,1,2,111
201600052986,16,2,8,1030,1,2,2,1,4,111
201600052987,16,2,8,1715,1,2,7,2,3,111
201600052988,16,2,8,1750,2,2,3,2,6,111
201600052989,16,2,9,740,5,2,1,3,2,111
201600052990,16,2,9,1250,1,2,2,2,6,111
201600052991,16,2,11,1840,5,2,3,1,3,111
201600052992,16,2,12,1020,1,2,3,2,3,111
201600052993,16,2,12,1100,1,2,3,2,6,111
201600052994,16,2,16,1649,1,2,1,1,6,111
201600052995,16,2,17,1745,1,2,1,1,6,111
201600052996,16,2,18,1305,1,2,1,2,3,111
201600052997,16,2,18,2028,5,2,1,2,3,111
201600052998,16,2,19,1110,1,2,1,1,2,111
201600052999,16,2,21,423,5,2,2,1,6,111
201600053000,16,2,23,900,1,2,5,3,6,111
201600053001,16,2,26,955,1,2,2,1,3,111
201600053002,16,2,29,2010,5,2,7,1,3,111
201600053003,16,3,1,1300,1,2,3,2,2,111
201600053004,16,3,2,950,1,2,3,1,5,111
201600053005,16,3,2,1140,1,2,3,1,3,111
201600053006,16,3,3,2255,5,2,2,1,6,111
201600053007,16,3,4,230,5,2,2,3,2,111
201600053008,16,3,4,1200,1,2,2,1,6,111
201600053009,16,3,5,1950,4,2,1,1,2,111
201600053010,16,3,5,2205,5,2,1,1,3,111
201600053011,16,3,6,1420,1,2,3,1,6,111
201600053012,16,3,8,235,5,2,7,1,6,111
201600053013,16,3,8,1045,1,2,2,1,3,111
201600053014,16,3,10,1640,1,2,1,1,3,111