Num_Acc,an,mois,jour,hrmn,lum,agg,int,atm,col,com
201600053015,16,3,11,500,1,2,2,1,3,111
201600053016,16,3,12,910,1,2,5,1,6,111
201600053017,16,3,14,1315,1,2,3,1,3,111
201600053018,16,3,16,1510,1,2,1,1,6,111
201600053019,16,3,16,1720,1,2,7,1,3,111
201600053020,16,3,16,1922,5,2,4,1,6,111
201600053021,16,3,17,1215,1,2,2,1,6,111
201600053022,16,3,19,2030,5,2,5,1,3,111
201600053023,16,3,20,240,5,2,2,1,2,111
201600053024,16,3,20,330,5,2,1,1,6,111
201600053025,16,3,20,600,5,2,1,1,7,111
201600053026,16,3,21,1750,1,2,2,1,7,111
201600053027,16,3,23,1313,1,2,7,1,3,111
201600053028,16,3,24,840,1,2,2,1,3,111
201600053029,16,3,24,1355,1,2,2,1,3,111
201600053030,16,3,24,2025,5,2,1,1,6,111
201600053031,16,3,24,2210,5,2,1,1,3,111
201600053032,16,3,25,410,5,2,1,2,3,111
201600053033,16,3,27,1440,1,2,7,1,3,111
201600053034,16,3,29,1530,1,2,1,2,4,111
201600053035,16,3,29,1935,1,2,3,2,7,111
201600053036,16,3,31,1950,2,2,3,2,7,111
201600053037,16,4,1,2010,2,2,3,1,2,111
201600053038,16,4,5,1335,1,2,5,1,6,111
201600053039,16,4,5,1715,1,2,7,1,6,111
201600053040,16,4,6,1635,1,2,2,1,6,111
201600053041,16,4,7,1620,1,2,2,1,1,111
201600053042,16,4,8,1135,1,2,2,1,3,111
201600053043,16,4,9,1515,1,2,1,1,6,111
201600053044,16,4,10,520,5,2,2,1,3,111
201600053045,16,4,10,1710,1,2,1,1,4,112
201600053046,16,4,11,1615,1,2,2,2,2,111
201600053047,16,4,18,905,1,2,1,1,3,111
201600053048,16,4,21,1044,1,2,5,1,3,111
201600053049,16,4,22,200,5,2,2,1,3,111
201600053050,16,4,22,1220,1,2,3,1,4,111
201600053051,16,4,22,1755,1,2,2,1,3,111
201600053052,16,4,25,1630,1,2,3,1,6,111
201600053053,16,4,25,1715,1,2,3,2,3,111
201600053054,16,4,26,2010,1,2,2,2,7,111
201600053055,16,4,26,2300,5,2,2,1,3,111
201600053056,16,4,27,1650,1,2,1,1,6,111
201600053057,16,4,29,650,2,2,7,1,3,111
201600053058,16,4,30,1420,1,2,3,2,3,111
201600053059,16,5,2,820,1,2,2,1,1,112
201600053060,16,5,4,1805,1,2,7,1,3,111
201600053061,16,5,5,1755,1,2,4,1,6,111
201600053062,16,5,7,1406,1,2,2,1,6,111
201600053063,16,5,8,615,5,2,1,1,6,111
201600053064,16,5,10,1740,1,2,1,2,2,111
201600053065,16,5,10,2030,2,2,3,2,2,111
201600053066,16,5,11,1350,1,2,2,2,7,111
201600053067,16,5,11,1825,1,2,1,1,3,111
201600053068,16,5,12,1400,1,2,5,2,3,111
201600053069,16,5,13,145,5,2,2,2,6,111
201600053070,16,5,14,1130,1,2,1,1,3,111
201600053071,16,5,16,420,5,2,1,1,6,111
201600053072,16,5,16,2245,5,2,1,1,6,111
201600053073,16,5,18,1355,1,2,3,1,6,111
201600053074,16,5,18,1730,1,2,2,2,7,111
201600053075,16,5,19,1130,1,2,1,2,6,111
201600053076,16,5,19,1220,1,2,1,2,3,111
201600053077,16,5,19,1355,1,2,1,2,2,111
201600053078,16,5,20,1835,1,2,3,1,3,111
201600053079,16,5,21,1530,1,2,3,1,3,111
201600053080,16,5,23,1620,1,2,1,1,6,111
201600053081,16,5,24,1,5,2,1,1,7,111
201600053082,16,5,25,830,1,2,3,1,3,111
201600053083,16,5,27,130,5,2,2,1,1,111
201600053084,16,5,30,1650,1,2,3,3,2,111
201600053085,16,6,1,900,1,2,2,2,3,111
201600053086,16,6,1,1044,1,2,2,1,6,111
201600053087,16,6,1,1700,1,2,3,2,6,111
201600053088,16,6,1,2125,5,2,3,2,3,111
201600053089,16,6,4,5,5,2,1,1,6,111
201600053090,16,6,4,1610,1,2,7,1,3,111
201600053091,16,6,6,900,1,2,3,1,3,111
201600053092,16,6,7,1825,1,2,1,1,6,111
201600053093,16,6,7,2027,1,2,7,1,3,111
201600053094,16,6,7,1340,1,2,2,1,6,111
201600053095,16,6,9,1555,1,2,1,1,3,111
201600053096,16,6,9,1610,1,2,3,1,3,111
201600053097,16,6,9,1355,1,2,5,1,3,111
201600053098,16,6,12,1230,1,2,3,3,7,111
201600053099,16,6,13,10,5,2,1,2,3,111
201600053100,16,6,13,940,1,2,1,8,6,111
201600053101,16,6,16,1224,1,2,3,1,6,111
201600053102,16,6,17,2300,5,2,5,2,2,111
201600053103,16,6,18,1315,1,2,2,1,2,111
201600053104,16,6,18,1915,1,2,4,3,6,111
201600053105,16,6,19,1110,1,2,7,1,3,111
201600053106,16,6,21,605,2,2,1,1,6,111
201600053107,16,6,22,420,5,2,1,1,6,111
201600053108,16,6,22,850,1,2,2,1,3,111
201600053109,16,6,22,1305,1,2,3,1,6,111
201600053110,16,6,23,910,1,2,1,1,2,111
201600053111,16,6,24,1900,1,2,1,1,2,111
201600053112,16,6,25,2300,5,2,1,1,3,111
201600053113,16,6,26,613,2,2,2,1,3,111
201600053114,16,6,26,1845,1,2,2,1,6,111
201600053115,16,6,27,1830,1,2,3,1,6,111
201600053116,16,6,28,1240,1,2,2,2,6,111
201600053117,16,6,28,1505,1,2,2,1,3,111
201600053118,16,6,28,1700,1,2,2,1,2,111
201600053119,16,6,30,850,1,2,1,1,6,111
201600053120,16,6,30,1300,1,2,2,1,4,111
201600053121,16,7,2,1030,1,2,5,1,3,111
201600053122,16,7,2,1645,1,2,1,1,6,111
201600053123,16,7,2,2020,1,2,3,1,7,111
201600053124,16,7,5,1735,1,2,7,1,6,111
201600053125,16,7,5,1800,1,2,3,1,6,111
201600053126,16,7,5,2325,5,2,1,1,3,111
201600053127,16,7,10,230,5,2,5,1,3,111
201600053128,16,7,11,2025,1,2,2,1,2,111
201600053129,16,7,12,1230,1,2,2,1,3,111
201600053130,16,7,12,1520,1,2,2,1,3,111
201600053131,16,7,12,2016,1,2,3,2,6,111
201600053132,16,7,14,1915,1,2,2,1,6,111
201600053133,16,7,16,2030,1,2,1,1,3,111
201600053134,16,7,17,2020,1,2,1,1,2,111
201600053135,16,7,18,1355,1,2,1,1,3,111
201600053136,16,7,19,845,1,2,7,1,3,111
201600053137,16,7,20,930,1,2,2,1,3,111
201600053138,16,7,20,2215,5,2,2,1,3,111
201600053139,16,7,21,1240,1,2,5,1,3,111
201600053140,16,7,21,1455,1,2,2,1,3,111
201600053141,16,7,22,1050,1,2,1,1,6,111
201600053142,16,7,22,1100,1,2,1,1,2,111
201600053143,16,7,22,1715,1,2,3,1,3,111
201600053144,16,7,22,1900,1,2,2,1,6,111
201600053145,16,7,23,1110,1,2,2,1,3,111
201600053146,16,7,24,1423,1,2,2,1,3,111
201600053147,16,7,24,2230,5,2,3,1,3,111
201600053148,16,7,25,1035,1,2,7,1,7,111
201600053149,16,7,25,1520,1,2,5,1,7,111
201600053150,16,7,25,2235,5,2,2,1,3,111
201600053151,16,7,26,1755,1,2,2,1,6,111
201600053152,16,7,26,1900,1,2,2,1,3,111
201600053153,16,7,27,1320,1,2,2,1,3,111
201600053154,16,7,27,2235,5,2,5,1,3,111
201600053155,16,7,28,920,1,2,3,1,6,111
201600053156,16,7,28,1410,1,2,3,1,6,111
201600053157,16,8,2,1520,1,2,2,2,6,111
201600053158,16,8,2,1552,1,2,7,2,6,111
201600053159,16,8,4,1540,1,2,7,1,3,111
201600053160,16,8,6,20,5,2,3,1,3,112
201600053161,16,8,6,2040,1,2,1,1,5,111
201600053162,16,8,7,258,5,2,5,1,3,111
201600053163,16,8,10,1850,1,2,1,1,6,111
201600053164,16,8,10,1950,1,2,3,1,6,111
201600053165,16,8,12,1625,1,2,2,1,3,111
201600053166,16,8,16,1310,1,2,2,1,6,111
201600053167,16,8,17,1920,1,2,2,1,6,111
201600053168,16,8,18,45,5,2,2,1,3,112
201600053169,16,8,18,755,1,2,3,2,7,111
201600053170,16,8,18,855,1,2,4,2,6,111
201600053171,16,8,20,1912,1,2,2,1,3,111
201600053172,16,8,20,2025,1,2,1,1,6,111
201600053173,16,8,22,1735,1,2,2,1,6,111
201600053174,16,8,23,1910,1,2,1,1,3,111
201600053175,16,8,30,1505,1,2,2,1,6,111
201600053176,16,9,1,826,1,2,2,1,3,111
201600053177,16,9,2,1715,1,2,1,1,3,111
201600053178,16,9,5,923,1,2,3,2,7,111
201600053179,16,9,5,1715,1,2,7,2,6,111
201600053180,16,9,9,925,1,2,3,1,3,111
201600053181,16,9,9,1340,1,2,1,1,7,111
201600053182,16,9,10,1150,1,2,2,1,6,111
201600053183,16,9,10,1800,1,2,2,1,6,111
201600053184,16,9,12,1740,1,2,1,1,6,111
201600053185,16,9,13,1915,1,2,1,1,3,111
201600053186,16,9,14,2005,5,2,2,2,3,111
201600053187,16,9,15,515,5,2,4,3,6,120
201600053188,16,9,15,1120,1,2,2,2,6,120
201600053189,16,9,15,1525,1,2,2,1,6,111
201600053190,16,9,15,2145,5,2,2,1,3,111
201600053191,16,9,16,50,4,2,1,1,6,111
201600053192,16,9,18,2105,5,2,3,1,6,111
201600053193,16,9,19,1750,1,2,3,1,6,111
201600053194,16,9,21,1445,1,2,2,1,6,111
201600053195,16,9,21,1345,1,2,1,1,3,111
201600053196,16,9,22,1545,1,2,2,1,7,111
201600053197,16,9,23,1820,2,2,1,1,4,111
201600053198,16,9,23,2100,5,2,3,1,2,111
201600053199,16,9,25,540,5,2,2,1,6,111
201600053200,16,9,16,1735,1,2,7,2,3,103
201600053201,16,9,26,1635,1,2,5,1,2,111
201600053202,16,9,29,2230,5,2,3,1,6,111
201600053203,16,9,30,1321,1,2,3,1,6,111
201600053204,16,9,30,1505,1,2,2,1,6,111
201600053205,16,9,30,1800,1,2,2,2,3,111
201600053206,16,9,30,2250,5,2,4,2,6,111
201600053207,16,10,1,1630,1,2,4,1,3,112
201600053208,16,10,1,2320,5,2,3,1,3,111
201600053209,16,10,2,1550,1,2,2,1,3,111
201600053210,16,10,4,1450,1,2,2,1,6,111
201600053211,16,10,5,915,1,2,1,1,3,111
201600053212,16,10,6,750,1,2,4,1,6,111
201600053213,16,10,6,1645,1,2,5,1,6,111
201600053214,16,10,6,1737,1,2,2,1,3,111
201600053215,16,10,7,910,1,2,1,8,3,111
201600053216,16,10,7,1110,1,2,3,1,3,111
201600053217,16,10,8,630,5,2,1,1,6,111
201600053218,16,10,10,1645,1,2,2,2,3,111
201600053219,16,10,10,1735,1,2,1,2,7,111
201600053220,16,10,11,845,1,2,3,8,7,111
201600053221,16,10,12,915,1,2,1,1,7,111
201600053222,16,10,13,835,1,2,2,1,3,112
201600053223,16,10,13,1250,1,2,4,1,4,111
201600053224,16,10,13,1615,1,2,2,2,3,111
201600053225,16,10,13,2120,5,2,2,2,3,111
201600053226,16,10,15,30,5,2,2,2,6,111
201600053227,16,10,17,750,5,2,2,1,3,111
201600053228,16,10,17,2330,5,2,4,1,3,111
201600053229,16,10,18,910,1,2,1,1,3,111
201600053230,16,10,18,1250,1,2,7,1,3,111
201600053231,16,10,18,1250,1,2,2,1,7,111
201600053232,16,10,18,2010,5,2,3,1,3,111
201600053233,16,10,19,1005,1,2,5,1,6,111
201600053234,16,10,19,2200,3,2,2,1,3,111
201600053235,16,10,20,1750,1,2,3,2,6,111
201600053236,16,10,20,1955,5,2,3,1,6,111
201600053237,16,10,21,30,5,2,2,1,3,111
201600053238,16,10,23,900,1,2,3,1,3,111
201600053239,16,10,23,1900,5,2,1,2,3,111
201600053240,16,10,24,1550,1,2,1,1,6,111
201600053241,16,10,24,1605,1,2,2,2,3,111
201600053242,16,10,26,1220,1,2,2,1,3,111
201600053243,16,10,26,2325,5,2,1,1,3,111
201600053244,16,10,28,1320,1,2,1,1,6,111
201600053245,16,10,30,830,1,2,2,1,6,111
201600053246,16,10,31,1805,5,2,1,1,3,111
201600053247,16,11,2,1920,3,2,5,1,3,111
201600053248,16,11,3,1225,1,2,1,1,2,111
201600053249,16,11,3,1325,1,2,7,1,6,111
201600053250,16,11,4,940,1,2,2,2,7,111
201600053251,16,11,4,1315,1,2,1,2,6,111
201600053252,16,11,4,1850,5,2,2,2,6,111
201600053253,16,11,8,1435,1,2,3,8,7,111
201600053254,16,11,8,1820,5,2,2,1,6,111
201600053255,16,11,8,2000,5,2,1,1,6,111
201600053256,16,11,10,305,5,2,3,2,6,111
201600053257,16,11,10,1925,5,2,3,3,6,111
201600053258,16,11,12,415,5,2,2,1,3,111
201600053259,16,11,12,2250,5,2,3,2,7,111
201600053260,16,11,14,825,1,2,1,8,3,111
201600053261,16,11,14,940,1,2,2,1,3,111
201600053262,16,11,14,1255,1,2,1,1,3,111
201600053263,16,11,16,1935,5,2,3,8,2,111
201600053264,16,11,19,320,3,2,2,1,3,112
201600053265,16,11,19,2045,5,2,3,1,3,111
201600053266,16,11,19,2120,5,2,1,1,6,111
201600053267,16,11,21,1915,5,2,1,1,2,111
201600053268,16,11,23,1420,1,2,3,1,3,111
201600053269,16,11,25,220,5,2,1,8,6,111
201600053270,16,11,25,2227,5,2,1,1,3,111
201600053271,16,11,28,1140,1,2,1,1,3,111
201600053272,16,11,29,1550,1,2,1,1,3,111
201600053273,16,12,1,1853,5,2,1,1,6,111
201600053274,16,12,1,2355,5,2,1,1,3,111
201600053275,16,12,4,1400,1,2,4,1,3,111
201600053276,16,12,5,2205,5,2,2,1,6,111
201600053277,16,12,6,1205,1,2,5,1,6,111
201600053278,16,12,6,1200,1,2,1,1,3,111
201600053279,16,12,7,1400,1,2,1,1,6,111
201600053280,16,12,9,1845,5,2,1,1,6,111
201600053281,16,12,13,850,1,2,2,2,3,111
201600053282,16,12,16,2330,5,2,1,1,6,111
201600053283,16,12,16,1750,5,2,2,1,3,111
201600053284,16,12,17,700,5,2,1,1,6,111
201600053285,16,12,21,1145,1,2,2,1,6,111
201600053286,16,12,21,2020,5,2,1,2,6,111
201600053287,16,12,22,1810,5,2,3,1,6,111
201600053288,16,12,13,300,5,2,3,1,6,111
201600053289,16,12,23,1350,1,2,4,1,7,111
201600053290,16,12,23,1704,2,2,1,1,3,111
201600053291,16,12,24,950,1,2,1,1,6,118
201600053292,16,12,25,1430,1,2,1,1,2,111
201600053293,16,12,27,1955,5,2,1,1,2,111
201600053294,16,1,2,230,5,2,1,2,6,112
201600053295,16,1,1,1221,1,2,2,1,6,112
201600053296,16,1,3,1640,2,2,3,3,6,112
201600053297,16,1,3,2220,5,2,1,1,3,112
201600053298,16,12,21,1940,5,2,1,2,2,112
201600053299,16,1,4,1500,1,2,5,1,3,112
201600053300,16,1,5,1520,1,2,1,1,3,112
201600053301,16,1,6,1545,1,2,3,8,6,112
201600053302,16,1,7,2346,5,2,2,1,3,112
201600053303,16,1,9,855,1,2,5,1,3,112
201600053304,16,1,10,2025,5,2,4,8,6,112
201600053305,16,1,11,1130,1,2,1,2,6,112
201600053306,16,1,11,1240,1,2,4,2,6,112
201600053307,16,1,10,2125,5,2,2,1,3,112
201600053308,16,1,12,1235,1,2,1,1,6,112
201600053309,16,1,12,1630,1,2,2,1,6,112
201600053310,16,1,14,1630,5,2,2,1,2,112
201600053311,16,1,14,1845,5,2,2,2,6,112
201600053312,16,1,14,2205,5,2,1,1,6,112
201600053313,16,1,17,115,5,2,5,1,6,112
201600053314,16,1,17,2000,5,2,7,1,7,112
201600053315,16,1,19,1840,5,2,2,1,2,112
201600053316,16,1,19,2000,5,2,1,1,2,112
201600053317,16,1,20,1136,1,2,1,1,2,112
201600053318,16,1,19,2156,5,2,7,1,7,112
201600053319,16,1,21,615,5,2,1,1,3,112
201600053320,16,1,21,1630,2,2,1,1,6,112
201600053321,16,1,23,1555,1,2,1,8,3,112
201600053322,16,1,23,2000,5,2,1,1,6,112
201600053323,16,1,25,900,1,2,7,1,6,112
201600053324,16,1,25,1530,1,2,1,1,6,112
201600053325,16,1,26,1415,1,2,5,1,3,112
201600053326,16,1,27,1640,2,2,1,8,6,112
201600053327,16,1,28,830,1,2,1,1,7,112
201600053328,16,1,30,1430,1,2,1,3,6,112
201600053329,16,1,31,2000,5,2,1,1,3,112
201600053330,16,2,1,745,1,2,1,1,3,112
201600053331,16,2,2,1545,1,2,1,2,2,112
201600053332,16,2,2,2035,1,2,1,1,6,112
201600053333,16,2,3,2235,5,2,5,1,6,112
201600053334,16,2,4,1405,1,2,3,1,6,112
201600053335,16,2,4,1640,1,2,4,2,2,112
201600053336,16,2,7,1325,1,2,4,1,3,112
201600053337,16,2,8,1040,1,2,3,1,6,112
201600053338,16,2,8,1945,5,2,1,1,2,112
201600053339,16,2,9,950,1,2,1,2,2,112
201600053340,16,2,9,1500,1,2,7,2,6,112
201600053341,16,2,11,1146,1,2,4,1,3,112
201600053342,16,2,12,720,4,2,1,2,6,112
201600053343,16,2,13,20,5,2,7,1,3,112
201600053344,16,2,15,800,1,2,1,1,6,112
201600053345,16,2,14,2030,5,2,2,2,3,112
201600053346,16,2,15,2235,5,2,2,1,6,112
201600053347,16,2,16,850,1,2,3,1,2,112
201600053348,16,2,17,830,1,2,7,1,3,112
201600053349,16,2,19,1955,5,2,1,1,6,112
201600053350,16,2,20,240,5,2,2,2,1,112
201600053351,16,2,20,1550,1,2,5,1,6,112
201600053352,16,2,21,35,5,2,2,1,3,112
201600053353,16,2,20,2155,5,2,7,1,2,112
201600053354,16,2,22,1450,1,2,2,1,6,112
201600053355,16,2,22,1835,5,2,2,2,3,112
201600053356,16,2,23,840,1,2,7,2,7,112
201600053357,16,2,25,1625,1,2,1,1,6,112
201600053358,16,2,26,1225,1,2,3,1,3,112
201600053359,16,2,26,1350,1,2,7,1,3,112
201600053360,16,2,28,1345,1,2,7,1,3,112
201600053361,16,2,29,120,5,2,7,1,6,112
201600053362,16,3,1,1230,1,2,2,1,6,112
201600053363,16,3,1,1515,1,2,5,2,7,112
201600053364,16,3,4,2050,5,2,2,2,6,112
201600053365,16,3,5,1930,5,2,1,1,6,112
201600053366,16,3,6,1350,1,2,7,1,3,112
201600053367,16,3,7,1000,1,2,1,1,7,112
201600053368,16,3,9,1215,1,2,3,2,7,112
201600053369,16,3,9,1520,1,2,4,1,3,112
201600053370,16,3,9,1615,1,2,1,1,3,112
201600053371,16,3,9,1900,2,2,1,1,6,112
201600053372,16,3,10,2235,5,2,2,1,3,112
201600053373,16,3,11,2135,5,2,1,1,7,112
201600053374,16,3,12,2135,5,2,1,1,6,112
201600053375,16,3,13,2240,5,2,2,1,6,112
201600053376,16,3,14,1700,1,2,7,1,3,112
201600053377,16,3,15,815,1,2,3,1,2,112
201600053378,16,3,20,1740,1,2,2,1,6,112
201600053379,16,3,21,1810,1,2,1,1,3,112
201600053380,16,3,22,1445,1,2,2,1,3,112
201600053381,16,3,22,1900,2,2,3,1,2,112
201600053382,16,3,23,615,2,2,1,1,6,112
201600053383,16,3,24,1050,1,2,7,1,6,112
201600053384,16,3,24,1815,2,2,1,1,6,112
201600053385,16,3,25,2000,5,2,1,1,4,112
201600053386,16,3,27,1415,1,2,7,1,2,112
201600053387,16,3,28,1,5,2,5,1,3,112
201600053388,16,3,28,1000,1,2,1,2,3,111
201600053389,16,3,29,1330,1,2,3,1,6,112
201600053390,16,3,29,1835,1,2,1,1,3,112
201600053391,16,3,30,1430,1,2,1,2,7,112
201600053392,16,3,30,2155,1,2,2,2,7,112
201600053393,16,3,31,1930,1,2,1,2,2,112
201600053394,16,4,1,1020,1,2,1,1,3,112
201600053395,16,4,1,1745,1,2,7,1,3,112
201600053396,16,4,4,1750,1,2,3,1,6,112
201600053397,16,4,5,1150,1,2,1,1,6,112
201600053398,16,4,5,1700,1,2,1,7,6,112
201600053399,16,4,5,1555,1,2,1,1,4,112
201600053400,16,4,6,930,1,2,1,1,6,112
201600053401,16,4,6,2130,5,2,2,1,3,112
201600053402,16,4,7,1930,1,2,1,1,6,112
201600053403,16,4,8,436,5,2,1,1,6,112
201600053404,16,4,8,1945,2,2,2,1,3,112
201600053405,16,4,9,1250,1,2,7,1,3,112
201600053406,16,4,9,1800,1,2,1,3,3,112
201600053407,16,4,11,2315,5,2,2,2,3,112
201600053408,16,4,13,830,1,2,1,1,4,112
201600053409,16,4,14,1645,1,2,1,1,3,112
201600053410,16,4,14,1950,1,2,3,2,6,112
201600053411,16,4,14,1315,1,2,1,1,3,112
201600053412,16,4,15,1350,1,2,1,1,3,112
201600053413,16,4,15,2300,5,2,1,1,6,112
201600053414,16,4,16,5,5,2,7,1,3,112
201600053415,16,4,16,1610,1,2,1,1,6,112
201600053416,16,4,17,235,5,2,1,1,6,112
201600053417,16,4,18,1130,1,2,1,1,6,112
201600053418,16,4,19,1045,1,2,2,1,3,112
201600053419,16,4,20,1050,1,2,7,1,6,112
201600053420,16,4,20,1235,1,2,1,1,2,112
201600053421,16,4,21,1440,1,2,1,1,6,112
201600053422,16,4,25,810,1,2,1,1,4,112
201600053423,16,4,26,915,1,2,2,8,7,112
201600053424,16,4,28,740,1,2,4,1,3,112
201600053425,16,4,28,1720,1,2,1,1,6,112
201600053426,16,4,30,700,1,2,1,2,4,112
201600053427,16,5,1,1140,1,2,1,1,3,112
201600053428,16,5,3,900,1,2,2,1,7,112
201600053429,16,5,5,300,5,2,7,1,6,112
201600053430,16,5,5,1045,1,2,1,1,6,112
201600053431,16,5,5,1945,1,2,2,1,3,112
201600053432,16,5,7,1230,1,2,1,1,2,112
201600053433,16,5,8,900,1,2,1,1,6,112
201600053434,16,5,8,2220,5,2,1,1,6,112
201600053435,16,5,9,2335,5,2,7,2,6,112
201600053436,16,5,10,740,1,2,7,8,3,112
201600053437,16,5,10,950,1,2,3,1,3,112
201600053438,16,5,10,2125,5,2,5,2,6,112
201600053439,16,5,11,1200,1,2,1,1,2,112
201600053440,16,5,11,1645,1,2,1,2,6,112
201600053441,16,5,13,1618,1,2,2,1,3,112
201600053442,16,5,14,1840,1,2,1,1,6,112
201600053443,16,5,15,1700,1,2,2,1,6,112
201600053444,16,5,15,1715,1,2,2,1,3,112
201600053445,16,5,15,1940,1,2,3,1,6,112
201600053446,16,5,16,1755,1,2,7,1,3,112
201600053447,16,5,17,1200,1,2,2,1,6,112
201600053448,16,5,19,1730,1,2,3,1,3,112
201600053449,16,5,21,1230,1,2,2,1,3,112
201600053450,16,5,21,2200,5,2,2,2,3,112
201600053451,16,5,21,2300,5,2,1,1,2,112
201600053452,16,5,22,1815,1,2,1,2,2,112
201600053453,16,5,23,1030,1,2,1,3,4,112
201600053454,16,5,23,1715,1,2,1,1,3,112
201600053455,16,5,25,348,5,2,2,1,3,112
201600053456,16,5,25,1800,1,2,3,1,3,112
201600053457,16,5,26,2015,2,2,2,1,3,112
201600053458,16,5,27,1320,1,2,3,1,6,112
201600053459,16,5,28,733,1,2,7,1,3,112
201600053460,16,5,28,1235,1,2,4,1,2,112
201600053461,16,5,28,1735,1,2,9,8,7,112
201600053462,16,5,28,1755,1,2,1,8,6,112
201600053463,16,5,29,320,5,2,4,1,6,112
201600053464,16,5,30,820,1,2,1,3,7,112
201600053465,16,5,30,840,1,2,1,2,7,112
201600053466,16,5,31,920,1,2,7,3,6,112
201600053467,16,5,31,1730,1,2,3,2,6,112
201600053468,16,6,1,1940,1,2,4,2,3,112
201600053469,16,6,4,100,5,2,7,1,6,112
201600053470,16,6,4,2045,2,2,3,1,3,112
201600053471,16,6,6,1400,1,2,1,1,3,112
201600053472,16,6,7,830,1,2,2,6,6,112
201600053473,16,6,7,1815,1,2,1,1,3,110
201600053474,16,6,7,2000,1,2,4,1,3,112
201600053475,16,6,7,2320,5,2,4,1,3,112
201600053476,16,6,8,1305,1,2,2,1,3,112
201600053477,16,6,10,1200,1,2,1,1,6,112
201600053478,16,6,11,1720,1,2,2,1,3,112
201600053479,16,6,12,355,5,2,1,1,6,112
201600053480,16,6,13,1635,1,2,1,1,2,120
201600053481,16,6,15,210,5,2,1,1,6,112
201600053482,16,6,15,840,1,2,2,1,2,112
201600053483,16,6,15,1240,1,2,1,1,2,111
201600053484,16,6,15,1630,1,2,1,1,6,112
201600053485,16,6,15,1930,1,2,1,1,3,112
201600053486,16,6,15,2050,2,2,2,1,6,112
201600053487,16,6,16,1405,1,2,3,1,2,112
201600053488,16,6,16,1915,1,2,2,1,3,112
201600053489,16,6,16,2205,5,2,2,2,3,112
201600053490,16,6,17,1130,1,2,4,1,2,112
201600053491,16,6,17,1625,1,2,1,1,3,112
201600053492,16,6,17,2300,5,2,5,1,3,112
201600053493,16,6,18,1245,1,2,1,1,2,112
201600053494,16,6,19,110,5,2,2,1,3,112
201600053495,16,6,20,1130,1,2,2,2,6,112
201600053496,16,6,22,435,5,2,1,1,6,112
201600053497,16,6,23,1120,1,2,1,1,3,112
201600053498,16,6,23,1320,1,2,2,1,6,112
201600053499,16,6,23,1635,1,2,2,1,6,112
201600053500,16,6,23,1920,1,2,1,1,6,112
201600053501,16,6,24,1230,1,2,2,1,3,112
201600053502,16,6,24,1515,1,2,7,1,7,112
201600053503,16,6,24,1955,1,2,1,1,3,112
201600053504,16,6,25,100,5,2,1,1,6,112
201600053505,16,6,26,1825,1,2,1,1,2,112
201600053506,16,6,27,1850,1,2,7,1,3,111
201600053507,16,6,28,1825,1,2,3,1,2,112
201600053508,16,6,28,2100,2,2,7,1,3,112
201600053509,16,6,29,1615,1,2,1,1,4,112
201600053510,16,6,30,320,5,2,2,1,6,112
201600053511,16,7,1,110,4,2,1,1,6,112
201600053512,16,7,1,2205,5,2,2,2,3,112
201600053513,16,7,2,2025,2,2,5,1,6,112
201600053514,16,7,4,2105,1,2,3,1,3,112
201600053515,16,7,5,2005,1,2,7,1,5,112
201600053516,16,7,5,2230,4,2,5,1,6,112
201600053517,16,7,6,1800,1,2,1,1,6,120
201600053518,16,7,6,1845,1,2,1,1,3,112
201600053519,16,7,8,915,1,2,5,1,3,112
201600053520,16,7,8,1110,1,2,7,1,6,112
201600053521,16,7,9,2010,1,2,1,1,6,112
201600053522,16,7,11,335,5,2,7,1,6,112
201600053523,16,7,11,1045,1,2,3,1,3,112
201600053524,16,7,12,1150,1,2,7,1,4,112
201600053525,16,7,16,2346,5,2,1,1,3,111
201600053526,16,7,19,1330,1,2,2,1,6,112
201600053527,16,7,19,1530,1,2,2,1,6,112
201600053528,16,7,19,1845,1,2,1,1,6,112
201600053529,16,7,22,735,1,2,7,1,6,112
201600053530,16,7,25,205,5,2,3,1,6,112
201600053531,16,7,26,1350,1,2,2,1,3,112
201600053532,16,7,26,1850,1,2,1,1,6,112
201600053533,16,7,28,840,1,2,2,1,3,112
201600053534,16,7,28,1440,1,2,1,1,3,112
201600053535,16,7,29,1010,1,2,3,1,6,112
201600053536,16,7,29,1225,1,2,2,1,6,112
201600053537,16,7,30,1145,1,2,5,1,6,112
201600053538,16,7,30,1835,1,2,4,1,6,112
201600053539,16,8,1,2,5,2,4,1,6,112
201600053540,16,8,3,1415,1,2,3,1,6,112
201600053541,16,8,3,1350,1,2,5,1,4,112
201600053542,16,8,3,2005,1,2,1,1,6,112
201600053543,16,8,4,930,1,2,2,1,7,112
201600053544,16,8,6,1710,1,2,2,1,3,112
201600053545,16,8,6,1840,1,2,5,1,3,112
201600053546,16,8,7,1715,1,2,2,1,6,112
201600053547,16,8,7,1930,1,2,3,1,6,112
201600053548,16,8,8,855,1,2,2,1,6,112
201600053549,16,8,8,1800,1,2,2,1,3,112