Num_Acc,an,mois,jour,hrmn,lum,agg,int,atm,col,com
201600053550,16,8,10,1250,1,2,1,1,2,112
201600053551,16,8,10,2316,5,2,7,1,2,112
201600053552,16,8,12,730,1,2,1,1,3,112
201600053553,16,8,12,1020,1,2,2,1,6,112
201600053554,16,8,15,2040,2,2,1,1,6,112
201600053555,16,8,24,900,1,2,2,1,3,112
201600053556,16,8,24,1120,1,2,1,1,7,112
201600053557,16,8,24,1431,1,2,2,1,3,112
201600053558,16,8,24,1910,2,2,2,1,6,112
201600053559,16,8,25,515,5,2,7,1,6,112
201600053560,16,8,25,1530,1,2,1,1,3,112
201600053561,16,8,25,1815,1,2,2,1,5,112
201600053562,16,8,27,1710,1,2,1,1,6,112
201600053563,16,8,28,845,1,2,1,1,6,112
201600053564,16,8,28,1835,1,2,5,1,6,112
201600053565,16,8,28,2005,1,2,1,1,2,112
201600053566,16,8,30,908,1,2,5,1,3,112
201600053567,16,8,30,1705,1,2,2,1,3,112
201600053568,16,8,30,2050,3,2,1,1,3,112
201600053569,16,9,2,1715,1,2,1,1,3,112
201600053570,16,9,4,310,5,2,7,1,6,112
201600053571,16,9,5,1240,1,2,3,2,2,112
201600053572,16,9,5,1510,1,2,1,2,4,112
201600053573,16,9,6,1925,1,2,5,1,6,112
201600053574,16,9,6,2330,5,2,1,1,3,112
201600053575,16,9,7,1930,1,2,1,1,6,112
201600053576,16,9,8,940,1,2,1,1,6,112
201600053577,16,9,8,1710,1,2,3,1,6,112
201600053578,16,9,9,150,5,2,1,1,6,112
201600053579,16,9,9,1045,1,2,5,1,2,112
201600053580,16,9,9,1940,1,2,2,1,3,112
201600053581,16,9,10,30,5,2,1,1,6,112
201600053582,16,9,9,2100,5,2,7,1,7,112
201600053583,16,9,12,805,1,2,3,1,7,112
201600053584,16,9,12,2015,5,2,3,1,2,112
201600053585,16,9,13,845,1,2,5,1,6,112
201600053586,16,9,13,1515,1,2,1,1,6,112
201600053587,16,9,13,1927,1,2,3,1,6,112
201600053588,16,9,14,800,1,2,7,1,2,112
201600053589,16,9,14,1440,1,2,1,1,3,112
201600053590,16,9,15,1030,1,2,1,2,3,112
201600053591,16,9,15,1200,1,2,3,1,3,112
201600053592,16,9,16,1900,1,2,3,3,6,112
201600053593,16,9,17,35,5,2,3,2,3,112
201600053594,16,9,18,310,5,2,1,1,6,112
201600053595,16,9,19,1207,1,2,2,1,6,112
201600053596,16,9,19,1620,1,2,2,1,6,112
201600053597,16,9,19,2015,5,2,1,1,6,112
201600053598,16,9,20,331,5,2,1,1,6,112
201600053599,16,9,21,1530,1,2,1,1,5,112
201600053600,16,9,21,1710,1,2,7,1,3,112
201600053601,16,9,22,1050,1,2,1,1,3,112
201600053602,16,9,22,1505,1,2,1,1,2,112
201600053603,16,9,23,850,1,2,4,1,3,112
201600053604,16,9,23,1427,1,2,1,1,3,112
201600053605,16,9,23,1415,1,2,3,1,3,112
201600053606,16,9,23,2100,5,2,1,1,2,112
201600053607,16,9,24,30,5,2,2,1,3,112
201600053608,16,9,24,1645,1,2,3,1,6,112
201600053609,16,9,25,1700,1,2,7,1,6,112
201600053610,16,9,26,1020,1,2,3,1,7,112
201600053611,16,9,28,1645,1,2,1,1,6,112
201600053612,16,9,29,1100,1,2,3,1,3,112
201600053613,16,9,29,1035,1,2,1,1,6,112
201600053614,16,9,29,2115,5,2,7,1,3,112
201600053615,16,9,29,1350,1,2,3,1,3,112
201600053616,16,9,30,1120,1,2,5,1,3,112
201600053617,16,10,2,2125,5,2,2,1,2,112
201600053618,16,10,4,122,5,2,7,1,6,112
201600053619,16,10,4,930,1,2,4,1,3,112
201600053620,16,10,2,345,5,2,1,1,2,112
201600053621,16,10,5,242,5,2,7,1,2,112
201600053622,16,10,6,811,1,2,2,1,6,112
201600053623,16,10,6,950,1,2,1,1,7,112
201600053624,16,10,6,1034,1,2,4,1,6,112
201600053625,16,10,6,1724,1,2,5,1,3,112
201600053626,16,10,6,1805,1,2,4,1,3,112
201600053627,16,10,6,2105,5,2,4,1,3,112
201600053628,16,10,8,2110,5,2,2,1,3,112
201600053629,16,10,9,2040,5,2,3,1,2,112
201600053630,16,10,9,2305,5,2,1,1,6,112
201600053631,16,10,9,2326,5,2,5,1,6,112
201600053632,16,10,10,1040,1,2,2,1,2,112
201600053633,16,10,12,1335,1,2,3,1,6,112
201600053634,16,10,12,1605,1,2,5,1,6,113
201600053635,16,10,12,1640,1,2,2,1,6,112
201600053636,16,10,13,812,1,2,3,1,2,112
201600053637,16,10,14,1525,1,2,1,2,7,112
201600053638,16,10,14,1900,5,2,1,2,3,112
201600053639,16,10,15,1425,1,2,2,1,3,112
201600053640,16,10,17,1515,1,2,1,1,6,112
201600053641,16,10,17,1600,1,2,1,1,6,112
201600053642,16,10,17,1825,2,2,1,1,6,112
201600053643,16,10,19,810,1,2,1,1,6,112
201600053644,16,10,19,1215,1,2,7,1,6,112
201600053645,16,10,20,1040,1,2,7,8,2,112
201600053646,16,10,20,1600,1,2,5,8,6,112
201600053647,16,10,20,2230,5,2,1,1,3,112
201600053648,16,10,21,810,2,2,4,8,2,112
201600053649,16,10,21,950,1,2,4,1,6,112
201600053650,16,10,21,1545,1,2,2,1,2,112
201600053651,16,10,22,110,5,2,2,1,7,112
201600053652,16,10,23,30,5,2,1,1,6,112
201600053653,16,10,23,1655,1,2,2,3,7,112
201600053654,16,10,28,2235,5,2,7,1,6,112
201600053655,16,10,29,120,5,2,5,1,7,112
201600053656,16,10,29,1855,2,2,1,1,3,112
201600053657,16,10,29,2115,5,2,5,1,3,112
201600053658,16,10,30,1440,1,2,1,1,3,112
201600053659,16,10,31,910,1,2,4,1,2,112
201600053660,16,10,31,1400,1,2,1,1,6,112
201600053661,16,10,28,1340,1,2,1,1,3,112
201600053662,16,10,31,1750,5,2,1,1,4,112
201600053663,16,11,1,1920,5,2,1,1,6,112
201600053664,16,11,2,1100,1,2,7,1,6,112
201600053665,16,11,2,1815,5,2,2,1,2,112
201600053666,16,11,3,1205,1,2,1,1,6,112
201600053667,16,11,4,230,5,2,1,1,6,112
201600053668,16,11,4,1335,1,2,2,2,3,111
201600053669,16,11,5,520,5,2,7,2,3,112
201600053670,16,11,5,1800,5,2,1,2,7,112
201600053671,16,11,6,25,4,2,1,1,4,112
201600053672,16,11,6,1130,1,2,2,1,3,112
201600053673,16,11,6,1310,1,2,1,1,2,112
201600053674,16,11,6,1854,5,2,5,1,6,112
201600053675,16,11,7,730,1,2,1,3,7,112
201600053676,16,11,7,835,2,2,2,2,6,112
201600053677,16,11,7,730,5,2,4,3,6,112
201600053678,16,11,8,1605,1,2,2,1,3,112
201600053679,16,11,8,1730,2,2,1,1,6,112
201600053680,16,11,8,1740,2,2,2,1,3,112
201600053681,16,11,10,915,1,2,7,2,7,112
201600053682,16,11,10,1145,1,2,4,2,6,112
201600053683,16,11,13,20,5,2,4,2,6,112
201600053684,16,11,14,2050,5,2,1,1,6,112
201600053685,16,11,15,725,1,2,3,2,3,112
201600053686,16,11,16,2320,5,2,7,8,6,112
201600053687,16,11,17,615,5,2,1,1,6,112
201600053688,16,11,17,2335,5,2,7,2,6,112
201600053689,16,11,18,918,1,2,1,1,4,112
201600053690,16,11,19,1145,1,2,1,1,6,112
201600053691,16,11,19,2000,5,2,1,1,2,112
201600053692,16,11,21,810,2,2,4,2,6,112
201600053693,16,11,22,1140,1,2,2,8,2,112
201600053694,16,11,22,1815,5,2,1,1,6,112
201600053695,16,11,23,1425,1,2,3,1,3,112
201600053696,16,11,23,1745,5,2,3,2,2,112
201600053697,16,11,24,1700,2,2,2,1,6,112
201600053698,16,11,25,1620,2,2,5,1,3,112
201600053699,16,11,25,2135,5,2,1,1,4,112
201600053700,16,11,27,510,5,2,3,1,6,112
201600053701,16,11,28,1530,1,2,1,1,6,112
201600053702,16,11,28,1830,5,2,5,1,3,112
201600053703,16,11,28,2200,5,2,4,1,2,120
201600053704,16,11,29,800,2,2,7,1,3,112
201600053705,16,11,29,1115,1,2,3,1,6,112
201600053706,16,11,29,2025,5,2,4,1,3,112
201600053707,16,12,1,1845,5,2,1,1,3,112
201600053708,16,12,2,1830,1,2,5,1,6,112
201600053709,16,12,2,2125,5,2,1,1,2,112
201600053710,16,12,5,1245,1,2,5,1,3,112
201600053711,16,12,5,1400,1,2,2,1,3,112
201600053712,16,12,6,845,1,2,1,1,7,112
201600053713,16,12,7,1345,1,2,2,1,3,112
201600053714,16,12,7,1710,5,2,2,1,3,112
201600053715,16,12,8,1235,1,2,4,1,3,112
201600053716,16,12,8,1315,1,2,7,1,3,112
201600053717,16,12,10,1530,1,2,1,1,6,112
201600053718,16,12,11,1030,1,2,5,1,6,112
201600053719,16,12,11,1120,1,2,2,1,3,112
201600053720,16,12,11,2345,5,2,1,1,6,112
201600053721,16,12,12,1815,5,2,2,2,3,112
201600053722,16,12,13,935,1,2,3,1,2,112
201600053723,16,12,13,1820,5,2,1,1,6,112
201600053724,16,12,14,655,5,2,7,1,6,112
201600053725,16,12,14,1425,1,2,2,1,6,112
201600053726,16,12,15,2120,5,2,1,1,4,112
201600053727,16,12,15,2345,5,2,3,1,1,112
201600053728,16,12,16,2325,5,2,1,1,6,112
201600053729,16,12,17,1245,1,2,7,1,3,112
201600053730,16,12,17,1400,1,2,1,1,3,112
201600053731,16,12,20,1845,5,2,1,1,6,112
201600053732,16,12,21,1930,5,2,7,2,3,112
201600053733,16,12,22,750,2,2,3,3,6,112
201600053734,16,12,22,1025,1,2,2,1,6,112
201600053735,16,12,22,1400,1,2,1,1,6,112
201600053736,16,12,22,1725,5,2,1,1,6,112
201600053737,16,12,26,1525,1,2,1,1,4,112
201600053738,16,12,26,1925,5,2,1,1,3,112
201600053739,16,12,27,1950,5,2,3,1,2,112
201600053740,16,12,28,1055,1,2,1,1,7,112
201600053741,16,12,28,1628,1,2,4,1,3,112
201600053742,16,12,29,1800,5,2,1,1,6,112
201600053743,16,12,31,205,5,2,2,5,3,112
201600053744,16,1,1,1355,1,2,5,1,6,113
201600053745,16,1,1,2105,5,2,1,2,6,113
201600053746,16,1,4,1430,1,2,1,1,3,113
201600053747,16,1,5,1150,1,2,2,1,6,113
201600053748,16,1,5,1305,1,2,4,1,3,113
201600053749,16,1,6,2040,5,2,2,1,3,113
201600053750,16,1,7,900,1,2,5,3,6,113
201600053751,16,1,8,1230,1,2,1,1,2,113
201600053752,16,1,8,2235,5,2,7,1,7,113
201600053753,16,1,9,1310,1,2,1,1,6,113
201600053754,16,1,10,1310,1,2,3,2,2,113
201600053755,16,1,10,1800,3,2,4,1,3,113
201600053756,16,1,13,1610,1,2,3,1,3,113
201600053757,16,1,13,1650,2,2,3,1,3,113
201600053758,16,1,14,850,1,2,1,2,2,113
201600053759,16,1,14,1910,5,2,5,2,6,105
201600053760,16,1,14,2030,5,2,2,1,2,113
201600053761,16,1,15,1020,1,2,3,1,6,113
201600053762,16,1,18,1935,5,2,1,1,6,113
201600053763,16,1,19,950,1,2,2,1,3,113
201600053764,16,1,20,1230,1,2,3,1,3,113
201600053765,16,1,22,1455,1,2,3,3,3,113
201600053766,16,1,22,1830,5,2,2,3,6,113
201600053767,16,1,22,1855,5,2,7,2,6,113
201600053768,16,1,25,1915,5,2,1,1,7,113
201600053769,16,1,25,1940,5,2,3,1,6,113
201600053770,16,1,26,1850,5,2,5,1,6,113
201600053771,16,1,29,1950,5,2,3,1,6,113
201600053772,16,2,1,1420,1,2,4,1,6,113
201600053773,16,2,1,1815,5,2,4,1,3,113
201600053774,16,2,2,1550,1,2,2,2,3,113
201600053775,16,2,3,900,1,2,2,1,6,113
201600053776,16,2,3,1315,1,2,7,1,3,113
201600053777,16,2,6,155,5,2,7,1,6,113
201600053778,16,2,6,2135,5,2,1,1,6,113
201600053779,16,2,8,845,1,2,2,1,3,113
201600053780,16,2,8,1055,1,2,3,1,3,113
201600053781,16,2,9,1615,1,2,1,2,3,113
201600053782,16,2,9,1830,5,2,2,3,6,113
201600053783,16,2,10,800,1,2,2,1,3,113
201600053784,16,2,11,545,5,2,2,2,7,113
201600053785,16,2,12,1800,5,2,5,2,2,113
201600053786,16,2,13,1825,5,2,2,2,6,113
201600053787,16,2,13,1945,5,2,1,2,3,113
201600053788,16,2,16,1850,5,2,7,1,4,113
201600053789,16,2,19,1525,1,2,2,1,2,113
201600053790,16,2,21,645,5,2,2,2,6,113
201600053791,16,2,22,1245,1,2,3,1,3,113
201600053792,16,2,23,1040,1,2,3,8,2,113
201600053793,16,2,23,2145,5,2,2,1,3,113
201600053794,16,2,26,1825,5,2,1,1,6,113
201600053795,16,2,26,1900,2,2,2,1,3,113
201600053796,16,2,27,1250,1,2,2,1,3,113
201600053797,16,2,29,1249,1,2,2,1,3,113
201600053798,16,3,1,2255,5,2,4,2,3,113
201600053799,16,3,2,1640,1,2,3,1,6,113
201600053800,16,3,3,1915,5,2,3,1,6,113
201600053801,16,3,4,930,1,2,2,3,6,113
201600053802,16,3,4,1140,1,2,2,1,2,113
201600053803,16,3,4,2300,5,2,2,2,6,113
201600053804,16,3,5,655,2,2,4,2,3,113
201600053805,16,3,8,1605,1,2,3,1,2,113
201600053806,16,3,8,2030,5,2,5,1,6,113
201600053807,16,3,11,2115,5,2,1,1,3,113
201600053808,16,3,12,930,1,2,2,1,6,113
201600053809,16,3,16,2220,5,2,3,1,6,113
201600053810,16,3,17,1425,1,2,2,1,6,113
201600053811,16,3,17,1610,1,2,7,1,6,113
201600053812,16,3,18,1450,1,2,1,1,6,113
201600053813,16,3,18,1850,1,2,3,1,6,113
201600053814,16,3,19,1205,1,2,1,1,6,113
201600053815,16,3,20,450,5,2,1,1,6,113
201600053816,16,3,22,2225,5,2,1,1,2,113
201600053817,16,3,25,2150,5,2,3,1,6,113
201600053818,16,3,26,1540,1,2,3,1,6,113
201600053819,16,3,27,730,2,2,3,1,1,113
201600053820,16,3,27,710,2,2,1,1,6,113
201600053821,16,3,29,1640,1,2,7,2,3,113
201600053822,16,3,29,1730,1,2,2,8,3,113
201600053823,16,3,30,615,5,2,3,3,3,113
201600053824,16,3,31,1425,1,2,2,3,6,113
201600053825,16,3,31,2140,5,2,7,2,3,113
201600053826,16,4,1,1515,1,2,4,1,3,113
201600053827,16,4,4,1105,1,2,3,1,3,113
201600053828,16,4,5,1415,1,2,3,1,3,113
201600053829,16,4,5,2300,5,2,1,1,6,113
201600053830,16,4,6,35,5,2,2,1,3,106
201600053831,16,4,6,1530,1,2,2,1,6,113
201600053832,16,4,6,1900,2,2,4,2,6,113
201600053833,16,4,6,2145,5,2,2,9,3,113
201600053834,16,4,7,1440,1,2,1,1,6,113
201600053835,16,4,8,55,5,2,1,1,6,113
201600053836,16,4,8,955,1,2,5,1,3,113
201600053837,16,4,8,1150,1,2,4,1,6,113
201600053838,16,4,8,1845,1,2,2,1,1,113
201600053839,16,4,10,1050,1,2,7,1,3,113
201600053840,16,4,11,1740,1,2,1,2,7,113
201600053841,16,4,12,1425,1,2,1,1,3,113
201600053842,16,4,12,1725,1,2,1,1,6,113
201600053843,16,4,13,1912,1,2,1,1,4,113
201600053844,16,4,14,1611,1,2,1,2,3,113
201600053845,16,4,15,918,1,2,2,1,6,105
201600053846,16,4,17,1610,1,2,1,1,7,113
201600053847,16,4,21,840,1,2,3,1,3,113
201600053848,16,4,21,1540,1,2,2,1,7,113
201600053849,16,4,21,1935,1,2,1,1,2,113
201600053850,16,4,26,740,1,2,1,1,3,113
201600053851,16,4,26,1930,1,2,4,1,4,113
201600053852,16,4,28,1925,1,2,3,1,3,113
201600053853,16,5,1,1735,1,2,4,1,3,113
201600053854,16,5,3,910,1,2,1,1,3,113
201600053855,16,5,3,930,1,2,1,1,6,113
201600053856,16,5,3,1105,1,2,5,1,3,113
201600053857,16,5,4,825,1,2,3,1,6,113
201600053858,16,5,3,905,1,2,5,1,6,113
201600053859,16,5,4,1200,1,2,3,1,6,113
201600053860,16,5,4,1315,1,2,2,1,6,113
201600053861,16,5,5,1655,1,2,2,1,6,113
201600053862,16,5,6,1300,1,2,1,1,6,113
201600053863,16,5,6,1600,1,2,1,1,3,113
201600053864,16,5,6,2115,2,2,1,1,3,113
201600053865,16,5,7,1115,1,2,5,1,6,113
201600053866,16,5,8,220,5,2,3,1,6,113
201600053867,16,5,10,1600,1,2,1,2,3,113
201600053868,16,5,10,1720,1,2,7,2,6,113
201600053869,16,5,11,905,1,2,5,1,7,113
201600053870,16,5,11,1830,1,2,3,1,6,113
201600053871,16,5,12,1330,1,2,4,1,6,113
201600053872,16,5,12,1700,1,2,3,3,6,113
201600053873,16,5,12,1800,1,2,7,3,7,113
201600053874,16,5,14,2325,5,2,3,1,3,113
201600053875,16,5,15,700,1,2,3,1,3,113
201600053876,16,5,16,255,5,2,3,1,7,113
201600053877,16,5,16,900,1,2,5,1,4,113
201600053878,16,5,16,1810,1,2,3,1,3,113
201600053879,16,5,18,730,1,2,7,1,3,113
201600053880,16,5,18,2245,5,2,4,2,6,113
201600053881,16,5,19,700,1,2,3,1,3,113
201600053882,16,5,19,1900,1,2,3,1,3,113
201600053883,16,5,20,230,5,2,5,1,7,113
201600053884,16,5,20,1000,1,2,3,2,6,113
201600053885,16,5,20,1040,1,2,1,1,3,113
201600053886,16,5,25,1500,1,2,3,1,6,113
201600053887,16,5,26,2345,5,2,3,1,3,113
201600053888,16,5,27,1415,1,2,4,1,2,113
201600053889,16,5,27,2015,1,2,3,1,3,113
201600053890,16,5,28,800,1,2,2,1,3,113
201600053891,16,5,29,255,5,2,5,1,3,106
201600053892,16,5,30,1345,1,2,7,3,5,113
201600053893,16,5,30,1545,1,2,5,2,6,113
201600053894,16,5,30,2030,1,2,2,2,3,113
201600053895,16,5,31,1418,1,2,2,2,6,113
201600053896,16,6,2,1500,1,2,1,2,6,113
201600053897,16,6,2,1750,1,2,5,8,6,113
201600053898,16,6,3,1246,1,2,3,1,4,113
201600053899,16,6,4,344,5,2,1,1,6,113
201600053900,16,6,5,240,5,2,3,1,7,113
201600053901,16,6,8,900,1,2,1,1,3,113
201600053902,16,6,9,1930,2,2,4,1,2,113
201600053903,16,6,12,1504,1,2,5,2,7,113
201600053904,16,6,12,2040,1,2,1,2,6,113
201600053905,16,6,13,1115,1,2,2,1,6,113
201600053906,16,6,13,1800,1,2,2,1,3,113
201600053907,16,6,14,1825,1,2,2,1,6,113
201600053908,16,6,14,1830,1,2,7,8,3,113
201600053909,16,6,15,1320,1,2,3,1,6,113
201600053910,16,6,16,1850,1,2,1,1,3,113
201600053911,16,6,17,1035,1,2,3,1,6,113
201600053912,16,6,22,115,5,2,1,1,2,113
201600053913,16,6,22,330,5,2,1,1,6,113
201600053914,16,6,23,1615,1,2,2,1,6,113
201600053915,16,6,24,735,1,2,1,1,6,113
201600053916,16,6,25,1255,1,2,1,1,6,106
201600053917,16,6,26,1315,1,2,3,1,3,113
201600053918,16,6,26,1900,1,2,3,1,7,113
201600053919,16,6,27,1445,1,2,4,1,3,113
201600053920,16,6,28,1350,1,2,2,1,6,113
201600053921,16,6,28,1800,1,2,2,1,3,113
201600053922,16,6,28,1900,1,2,5,1,2,113
201600053923,16,6,29,2020,1,2,1,1,3,113
201600053924,16,6,30,1730,1,2,1,1,3,113
201600053925,16,7,1,1200,1,2,7,1,3,113
201600053926,16,7,2,1525,1,2,1,1,3,113
201600053927,16,7,4,1340,1,2,2,1,3,113
201600053928,16,7,5,745,1,2,1,1,3,113
201600053929,16,7,5,1300,1,2,1,1,6,113
201600053930,16,7,6,940,1,2,1,1,4,113
201600053931,16,7,9,1340,1,2,2,1,3,113
201600053932,16,7,9,1610,1,2,2,1,4,113
201600053933,16,7,10,1945,1,2,1,1,6,113
201600053934,16,7,11,750,1,2,2,1,3,113
201600053935,16,7,11,1610,1,2,4,1,6,113
201600053936,16,7,11,1640,1,2,5,1,6,113
201600053937,16,7,11,1745,1,2,3,1,6,113
201600053938,16,7,13,1845,1,2,5,1,6,113
201600053939,16,7,16,1005,1,2,4,1,6,113
201600053940,16,7,17,430,5,2,1,1,6,113
201600053941,16,7,18,1830,1,2,3,1,2,113
201600053942,16,7,22,115,5,2,1,1,3,113
201600053943,16,7,22,1910,1,2,4,1,3,113
201600053944,16,7,23,150,4,2,3,1,3,113
201600053945,16,7,25,1115,1,2,1,1,5,113
201600053946,16,7,25,1152,1,2,4,1,2,113
201600053947,16,7,25,2055,2,2,1,1,7,113
201600053948,16,7,26,830,1,2,1,1,3,113
201600053949,16,7,26,830,1,2,2,1,3,113
201600053950,16,7,27,2230,5,2,3,1,3,113
201600053951,16,7,29,1510,1,2,1,1,6,113
201600053952,16,7,30,1900,1,2,3,1,3,113
201600053953,16,7,31,2305,5,2,3,1,3,113
201600053954,16,8,1,2220,5,2,2,1,4,113
201600053955,16,8,2,1145,1,2,1,2,6,113
201600053956,16,8,6,1910,1,2,2,1,6,113
201600053957,16,8,7,200,5,2,3,1,3,113
201600053958,16,8,7,433,5,2,3,1,7,113
201600053959,16,8,11,920,1,2,2,1,3,113
201600053960,16,8,12,1620,1,2,1,1,6,113
201600053961,16,8,14,130,5,2,1,1,3,113
201600053962,16,8,14,745,1,2,1,1,6,113
201600053963,16,8,16,950,1,2,1,1,3,113
201600053964,16,8,19,1250,1,2,2,1,3,113
201600053965,16,8,19,2020,2,2,1,2,7,113
201600053966,16,8,21,640,2,2,4,1,6,113
201600053967,16,8,22,1730,1,2,1,1,3,113
201600053968,16,8,23,2045,2,2,3,1,6,113
201600053969,16,8,25,135,5,2,5,1,6,113
201600053970,16,8,26,140,5,2,7,1,6,105
201600053971,16,8,27,1705,1,2,1,1,6,113
201600053972,16,8,28,1535,1,2,5,1,3,113
201600053973,16,8,28,2130,5,2,1,1,2,113
201600053974,16,8,30,1945,2,2,1,1,2,113
201600053975,16,8,31,910,1,2,2,1,2,113
201600053976,16,8,31,810,1,2,4,1,2,113
201600053977,16,9,1,2250,5,2,2,1,3,113
201600053978,16,9,2,2045,5,2,2,1,6,113
201600053979,16,9,3,140,5,2,3,1,2,113
201600053980,16,9,3,1740,1,2,1,1,3,113
201600053981,16,9,4,1340,1,2,3,1,6,113
201600053982,16,9,5,2020,5,2,2,2,2,113
201600053983,16,9,6,610,5,2,5,1,6,113
201600053984,16,9,7,850,1,2,3,1,3,113
201600053985,16,9,7,1130,1,2,1,1,2,113
201600053986,16,9,13,1147,1,2,1,1,3,113
201600053987,16,9,14,1520,1,2,1,1,6,113
201600053988,16,9,14,2010,1,2,2,2,6,113
201600053989,16,9,15,750,1,2,1,2,6,113
201600053990,16,9,16,1105,1,2,1,2,6,113
201600053991,16,9,16,1445,1,2,1,1,2,113
201600053992,16,9,16,1745,1,2,1,1,3,113
201600053993,16,9,19,1750,1,2,1,1,6,113
201600053994,16,9,22,1810,1,2,1,1,3,113
201600053995,16,9,22,2000,5,2,1,1,2,113
201600053996,16,9,22,2135,5,2,2,1,3,113
201600053997,16,9,21,2300,5,2,1,1,6,113
201600053998,16,9,23,1205,1,2,1,1,2,113
201600053999,16,9,24,325,5,2,3,1,6,105
201600054000,16,9,24,540,5,2,2,1,2,113
201600054001,16,9,24,1200,1,2,1,1,6,113
201600054002,16,9,26,1245,1,2,1,1,6,113
201600054003,16,9,26,2255,5,2,3,1,6,113
201600054004,16,9,29,1800,1,2,2,1,3,113
201600054005,16,9,29,2040,5,2,1,1,2,113
201600054006,16,9,30,5,5,2,5,1,3,113
201600054007,16,9,30,1650,1,2,1,8,3,113
201600054008,16,10,2,655,1,2,2,1,3,113
201600054009,16,10,2,1900,2,2,2,1,6,113
201600054010,16,10,4,1000,1,2,5,1,6,113
201600054011,16,10,4,2030,5,2,4,1,6,113
201600054012,16,10,4,2350,5,2,1,1,6,113
201600054013,16,10,5,915,1,2,3,1,3,113
201600054014,16,10,6,647,5,2,1,1,6,113
201600054015,16,10,6,1810,1,2,7,1,3,113
201600054016,16,10,6,2000,5,2,3,1,6,113
201600054017,16,10,9,1950,5,2,3,1,2,113
201600054018,16,10,10,1655,1,2,7,2,6,113
201600054019,16,10,10,1730,1,2,1,3,6,113
201600054020,16,10,10,2115,5,2,3,1,1,113
201600054021,16,10,10,2220,5,2,5,1,3,113
201600054022,16,10,11,1130,1,2,2,1,3,113
201600054023,16,10,11,1820,2,2,3,1,3,113
201600054024,16,10,12,953,1,2,1,1,3,113
201600054025,16,10,12,1500,1,2,2,1,3,113
201600054026,16,10,13,1900,2,2,1,1,6,113
201600054027,16,10,15,200,5,2,1,8,2,113
201600054028,16,10,16,1645,1,2,1,1,6,113
201600054029,16,10,17,200,5,2,3,1,3,113
201600054030,16,10,19,855,1,2,3,1,6,113
201600054031,16,10,19,1408,1,2,7,1,6,113
201600054032,16,10,19,2125,5,2,2,1,6,113
201600054033,16,10,19,2110,5,2,1,1,3,113
201600054034,16,10,20,1016,1,2,2,1,6,113
201600054035,16,10,20,1610,1,2,1,2,3,113
201600054036,16,10,21,1240,1,2,3,1,3,113
201600054037,16,10,21,1605,1,2,4,2,4,114
201600054038,16,10,22,214,5,2,1,1,6,113
201600054039,16,10,23,1115,1,2,2,1,6,113
201600054040,16,10,24,1245,1,2,2,2,7,113
201600054041,16,10,24,1610,1,2,3,2,2,113
201600054042,16,10,25,1115,1,2,2,6,5,113
201600054043,16,10,25,1505,1,2,4,1,6,113
201600054044,16,10,26,1115,1,2,4,1,3,113
201600054045,16,10,28,2225,5,2,3,1,3,113
201600054046,16,10,30,430,5,2,1,1,2,113
201600054047,16,10,30,530,5,2,4,1,6,113
201600054048,16,10,31,340,5,2,2,1,3,113
201600054049,16,11,1,1600,1,2,5,1,6,113
201600054050,16,11,2,1100,1,2,3,1,2,113
201600054051,16,11,2,1820,5,2,2,1,6,113
201600054052,16,11,2,1850,5,2,2,1,6,113
201600054053,16,11,2,2200,5,2,7,1,3,113
201600054054,16,11,3,705,1,2,2,1,3,113
201600054055,16,11,3,930,1,2,2,1,2,113
201600054056,16,11,3,1350,1,2,2,1,6,113
201600054057,16,11,4,2200,5,2,1,2,6,113
201600054058,16,11,5,150,5,2,2,2,3,111
201600054059,16,11,5,2050,5,2,2,2,3,113
201600054060,16,11,5,2225,5,2,2,1,3,113
201600054061,16,11,6,220,5,2,5,1,6,113
201600054062,16,11,7,750,1,2,3,4,4,113
201600054063,16,11,7,1335,1,2,1,2,6,113
201600054064,16,11,7,1445,1,2,5,2,6,113
201600054065,16,11,7,1810,5,2,2,2,6,113
201600054066,16,11,9,1420,1,2,2,2,2,113
201600054067,16,11,9,1550,1,2,1,3,4,113
201600054068,16,11,10,1100,1,2,2,1,3,113
201600054069,16,11,11,1935,5,2,1,1,3,113
201600054070,16,11,13,1540,1,2,2,8,6,113
201600054071,16,11,13,1950,5,2,5,2,3,113
201600054072,16,11,14,2215,5,2,3,1,6,113
201600054073,16,11,15,530,5,2,1,2,3,113
201600054074,16,11,15,2330,5,2,5,2,7,113
201600054075,16,11,16,710,2,2,1,2,3,113
201600054076,16,11,17,1820,5,2,1,1,6,113
201600054077,16,11,18,910,1,2,3,1,2,113
201600054078,16,11,18,1205,1,2,1,1,6,113
201600054079,16,11,18,1515,1,2,1,1,2,113
201600054080,16,11,18,1650,1,2,1,1,2,113
201600054081,16,11,19,1321,1,2,1,1,3,113
201600054082,16,11,21,510,5,2,2,2,6,113
201600054083,16,11,23,800,1,2,2,1,7,113