Num_Acc,an,mois,jour,hrmn,lum,agg,int,atm,col,com
201600054084,16,11,24,1545,1,2,2,1,6,113
201600054085,16,11,25,100,5,2,5,1,6,113
201600054086,16,11,25,850,1,2,5,1,6,113
201600054087,16,11,27,1050,1,2,2,1,6,113
201600054088,16,11,27,1230,1,2,2,1,3,113
201600054089,16,11,28,745,1,2,1,1,6,113
201600054090,16,11,30,825,1,2,1,1,6,113
201600054091,16,12,1,845,1,2,5,1,3,113
201600054092,16,12,1,1023,1,2,1,1,3,113
201600054093,16,12,1,2345,3,2,2,1,3,113
201600054094,16,12,4,1730,5,2,1,1,3,114
201600054095,16,12,6,1040,1,2,2,1,6,113
201600054096,16,12,6,1819,5,2,2,1,6,113
201600054097,16,12,7,1740,5,2,2,1,6,113
201600054098,16,12,8,1905,5,2,5,1,3,113
201600054099,16,12,12,1605,1,2,5,2,6,113
201600054100,16,12,13,2015,5,2,2,1,3,113
201600054101,16,12,13,2115,5,2,5,1,3,113
201600054102,16,12,14,1115,1,2,2,1,6,113
201600054103,16,12,14,1840,5,2,2,1,3,113
201600054104,16,12,14,2045,5,2,2,1,3,113
201600054105,16,12,15,1800,2,2,1,1,6,113
201600054106,16,12,16,1605,1,2,1,1,3,113
201600054107,16,12,17,315,5,2,3,1,6,113
201600054108,16,12,19,1520,1,2,2,1,6,113
201600054109,16,12,20,1630,2,2,3,1,6,113
201600054110,16,12,21,2000,5,2,1,2,6,113
201600054111,16,12,22,915,1,2,1,8,3,113
201600054112,16,12,22,1750,5,2,1,1,6,113
201600054113,16,12,23,1320,1,2,1,1,3,113
201600054114,16,12,25,2100,5,2,2,1,6,113
201600054115,16,12,26,930,1,2,4,8,2,113
201600054116,16,12,27,1520,1,2,3,1,6,113
201600054117,16,12,27,1925,5,2,1,1,2,113
201600054118,16,1,6,800,2,2,3,1,3,114
201600054119,16,1,9,630,5,2,7,2,2,114
201600054120,16,1,9,1010,1,2,1,1,6,107
201600054121,16,1,12,1730,2,2,4,1,3,114
201600054122,16,1,16,2040,5,2,1,1,2,115
201600054123,16,1,19,1845,5,2,1,1,3,114
201600054124,16,1,25,1330,1,2,3,1,6,114
201600054125,16,1,26,700,2,2,3,1,2,114
201600054126,16,1,26,1000,1,2,7,1,3,114
201600054127,16,1,26,1530,1,2,7,1,2,114
201600054128,16,1,26,1745,2,2,2,1,6,114
201600054129,16,1,27,750,1,2,3,2,3,114
201600054130,16,1,27,1230,1,2,1,1,6,114
201600054131,16,1,29,5,5,2,7,1,2,114
201600054132,16,2,1,930,1,2,1,1,6,114
201600054133,16,2,2,1720,2,2,2,2,3,114
201600054134,16,2,2,1850,5,2,2,2,6,114
201600054135,16,2,2,2120,5,2,1,2,2,114
201600054136,16,2,3,1455,1,2,2,1,6,107
201600054137,16,2,4,1920,5,2,2,2,6,114
201600054138,16,2,6,1150,1,2,3,1,6,114
201600054139,16,2,8,2340,3,2,3,1,3,114
201600054140,16,2,9,945,1,2,3,2,6,114
201600054141,16,2,10,1155,1,2,1,1,6,114
201600054142,16,2,12,1350,1,2,1,3,6,114
201600054143,16,2,13,1850,5,2,3,2,6,107
201600054144,16,2,15,1410,1,2,1,1,4,114
201600054145,16,2,17,1155,1,2,2,1,3,114
201600054146,16,2,18,1350,1,2,3,2,6,114
201600054147,16,2,19,845,1,2,1,1,5,114
201600054148,16,2,20,1325,1,2,2,1,6,114
201600054149,16,2,20,1400,1,2,5,1,3,114
201600054150,16,2,23,715,5,2,4,2,6,114
201600054151,16,2,23,1646,1,2,3,1,6,114
201600054152,16,2,25,1950,5,2,3,1,6,114
201600054153,16,3,1,1330,1,2,3,2,3,114
201600054154,16,3,1,1955,2,2,3,2,3,115
201600054155,16,3,2,2145,5,2,2,1,3,114
201600054156,16,3,2,1750,1,2,1,2,6,114
201600054157,16,3,2,2145,5,2,7,2,3,114
201600054158,16,3,10,1200,1,2,1,1,6,114
201600054159,16,3,12,143,5,2,2,1,3,114
201600054160,16,3,15,1450,1,2,7,1,6,114
201600054161,16,3,18,1940,5,2,1,1,2,114
201600054162,16,3,20,100,5,2,2,1,6,114
201600054163,16,3,22,1815,2,2,1,1,3,115
201600054164,16,3,22,2110,5,2,2,1,6,114
201600054165,16,3,25,40,5,2,4,2,6,114
201600054166,16,3,25,830,1,2,3,2,6,114
201600054167,16,3,26,1130,1,2,1,1,6,114
201600054168,16,3,26,1605,1,2,5,8,3,114
201600054169,16,3,29,1905,1,2,1,2,7,114
201600054170,16,3,31,1430,1,2,2,3,6,114
201600054171,16,4,1,45,5,2,7,1,6,114
201600054172,16,3,31,2050,5,2,1,1,2,114
201600054173,16,4,1,2010,2,2,4,1,7,114
201600054174,16,4,1,2200,5,2,1,1,6,114
201600054175,16,4,7,1,5,2,2,1,6,114
201600054176,16,4,7,1255,1,2,4,1,6,114
201600054177,16,4,7,1815,1,2,5,1,3,114
201600054178,16,4,10,1925,1,2,2,1,3,114
201600054179,16,4,11,1930,1,2,2,1,3,114
201600054180,16,4,13,2345,5,2,3,1,2,114
201600054181,16,4,14,1525,1,2,3,1,2,114
201600054182,16,4,15,850,1,2,2,1,3,114
201600054183,16,4,15,1935,1,2,5,1,6,114
201600054184,16,4,17,45,5,2,1,1,3,114
201600054185,16,4,17,1405,1,2,2,1,6,114
201600054186,16,4,17,1900,1,2,7,1,3,114
201600054187,16,4,17,2200,4,2,2,1,2,114
201600054188,16,4,18,850,1,2,7,1,6,114
201600054189,16,4,18,950,1,2,7,1,2,114
201600054190,16,4,20,1415,1,2,1,1,3,114
201600054191,16,4,21,730,1,2,1,1,7,114
201600054192,16,4,21,1430,1,2,2,1,3,114
201600054193,16,4,22,730,1,2,3,1,3,114
201600054194,16,4,24,1645,1,2,4,1,3,114
201600054195,16,4,29,2125,5,2,3,3,6,114
201600054196,16,4,30,1430,1,2,1,2,7,114
201600054197,16,5,1,1820,1,2,2,1,3,114
201600054198,16,5,2,850,1,2,2,1,2,114
201600054199,16,5,4,935,1,2,1,1,2,114
201600054200,16,5,4,2215,5,2,1,1,6,114
201600054201,16,5,5,1820,1,2,5,1,6,114
201600054202,16,5,8,1420,1,2,1,1,6,114
201600054203,16,5,8,1800,1,2,3,1,6,114
201600054204,16,5,8,2135,1,2,2,1,2,114
201600054205,16,5,11,1420,1,2,1,3,6,114
201600054206,16,5,13,1632,1,2,5,1,2,114
201600054207,16,5,18,1815,1,2,4,2,6,114
201600054208,16,5,22,1215,1,2,5,2,7,114
201600054209,16,5,22,2315,5,2,3,1,7,114
201600054210,16,5,23,1850,1,2,1,1,6,114
201600054211,16,5,24,555,1,2,3,1,6,114
201600054212,16,5,25,1530,1,2,3,1,6,114
201600054213,16,5,25,1745,1,2,2,1,6,114
201600054214,16,5,28,255,5,2,7,1,3,114
201600054215,16,5,28,1830,1,2,1,1,6,114
201600054216,16,6,1,105,5,2,1,2,6,114
201600054217,16,6,1,1115,1,2,1,1,3,114
201600054218,16,6,3,1715,1,2,1,1,6,114
201600054219,16,6,5,1920,1,2,2,1,6,114
201600054220,16,6,8,955,1,2,2,1,7,114
201600054221,16,6,8,1135,1,2,2,1,6,114
201600054222,16,6,9,1915,1,2,1,1,2,114
201600054223,16,6,10,720,1,2,1,1,3,114
201600054224,16,6,10,1910,1,2,1,1,6,114
201600054225,16,6,10,1924,1,2,1,1,6,114
201600054226,16,6,11,23,5,2,3,1,6,114
201600054227,16,6,13,230,5,2,2,1,3,114
201600054228,16,6,14,1045,1,2,2,1,3,114
201600054229,16,6,14,1149,1,2,2,1,6,114
201600054230,16,6,14,1430,1,2,1,1,3,114
201600054231,16,6,15,815,1,2,1,2,7,114
201600054232,16,6,16,1345,1,2,1,2,2,114
201600054233,16,6,17,1600,1,2,3,1,6,114
201600054234,16,6,19,1310,1,2,1,1,3,107
201600054235,16,6,19,1425,1,2,2,1,6,114
201600054236,16,6,20,2335,5,2,2,1,6,114
201600054237,16,6,22,115,5,2,3,1,2,114
201600054238,16,6,22,1345,1,2,2,1,7,114
201600054239,16,6,22,1945,1,2,2,1,3,114
201600054240,16,6,26,1941,1,2,2,1,3,114
201600054241,16,6,27,630,1,2,4,2,6,114
201600054242,16,6,27,1450,1,2,3,1,3,114
201600054243,16,6,29,215,5,2,5,1,6,114
201600054244,16,6,29,1845,1,2,1,1,6,114
201600054245,16,6,30,945,1,2,1,1,3,114
201600054246,16,6,30,1940,1,2,2,1,3,114
201600054247,16,7,2,945,1,2,2,1,7,114
201600054248,16,7,2,1830,1,2,7,1,1,114
201600054249,16,7,5,1720,1,2,2,1,6,114
201600054250,16,7,6,1540,1,2,2,1,6,114
201600054251,16,7,7,1605,1,2,4,1,3,114
201600054252,16,7,9,1200,1,2,1,1,6,114
201600054253,16,7,8,1900,1,2,7,1,2,107
201600054254,16,7,10,1250,1,2,2,1,6,114
201600054255,16,7,10,2223,5,2,2,1,3,115
201600054256,16,7,13,1454,1,2,5,1,3,114
201600054257,16,7,13,1635,1,2,1,1,6,114
201600054258,16,7,13,1920,1,2,5,1,6,114
201600054259,16,7,14,400,3,2,7,1,7,114
201600054260,16,7,15,2040,1,2,4,1,6,114
201600054261,16,7,18,1655,1,2,3,1,3,114
201600054262,16,7,18,1910,1,2,1,1,3,114
201600054263,16,7,18,1300,1,2,2,1,6,114
201600054264,16,7,19,1035,1,2,3,1,6,114
201600054265,16,7,19,1650,1,2,1,1,6,114
201600054266,16,7,20,1030,1,2,1,1,6,114
201600054267,16,7,22,550,2,2,2,1,7,114
201600054268,16,7,23,1040,1,2,1,1,4,114
201600054269,16,7,25,816,1,2,5,1,3,114
201600054270,16,7,25,1910,1,2,1,1,3,114
201600054271,16,7,26,1930,1,2,2,1,3,114
201600054272,16,7,26,1955,1,2,1,1,6,114
201600054273,16,7,27,2020,2,2,3,1,3,114
201600054274,16,7,31,1855,1,2,7,1,7,114
201600054275,16,7,31,2215,5,2,2,1,7,114
201600054276,16,8,3,1100,1,2,1,1,6,114
201600054277,16,8,4,1900,1,2,1,1,6,114
201600054278,16,8,5,2320,5,2,4,1,4,114
201600054279,16,8,10,1445,1,2,3,1,3,114
201600054280,16,8,12,2240,5,2,5,1,2,114
201600054281,16,8,15,930,1,2,2,1,3,114
201600054282,16,8,16,1555,1,2,1,7,6,107
201600054283,16,8,20,1930,2,2,5,7,6,114
201600054284,16,8,23,1415,1,2,2,1,3,114
201600054285,16,8,25,1630,1,2,1,1,2,114
201600054286,16,8,26,1000,1,2,1,1,3,114
201600054287,16,8,29,1740,1,2,7,1,3,114
201600054288,16,9,2,1138,1,2,1,1,6,114
201600054289,16,9,3,1855,1,2,7,1,3,114
201600054290,16,9,4,1830,1,2,1,1,3,114
201600054291,16,9,5,815,1,2,3,2,6,114
201600054292,16,9,5,2130,5,2,1,8,3,114
201600054293,16,9,9,1900,1,2,1,1,2,114
201600054294,16,9,10,1010,1,2,1,1,2,115
201600054295,16,9,10,2000,5,2,2,1,3,114
201600054296,16,9,11,450,5,2,1,2,7,114
201600054297,16,9,12,755,1,2,1,1,6,114
201600054298,16,9,12,1445,1,2,3,1,3,114
201600054299,16,9,13,1715,1,2,1,1,2,114
201600054300,16,9,14,1710,1,2,1,1,6,114
201600054301,16,9,14,1700,1,2,2,1,3,114
201600054302,16,9,15,825,1,2,7,2,6,115
201600054303,16,9,15,1005,1,2,7,2,2,114
201600054304,16,9,17,120,5,2,1,2,3,114
201600054305,16,9,19,1045,1,2,1,1,7,114
201600054306,16,9,20,1845,1,2,2,1,6,114
201600054307,16,9,21,1200,1,2,1,1,7,114
201600054308,16,9,21,1415,1,2,4,1,6,114
201600054309,16,9,21,1750,1,2,1,1,2,114
201600054310,16,9,22,910,1,2,1,1,6,114
201600054311,16,9,22,1440,1,2,2,1,6,114
201600054312,16,9,23,1250,1,2,2,1,3,114
201600054313,16,9,23,1405,1,2,1,1,2,114
201600054314,16,9,25,600,5,2,2,1,6,114
201600054315,16,9,27,1630,1,2,7,1,3,114
201600054316,16,9,30,1015,1,2,2,1,6,114
201600054317,16,10,3,1700,1,2,5,1,6,114
201600054318,16,10,3,1720,1,2,3,1,2,115
201600054319,16,10,4,935,1,2,1,1,6,114
201600054320,16,10,4,920,1,2,1,1,3,114
201600054321,16,10,4,1800,1,2,3,1,6,114
201600054322,16,10,6,1730,1,2,1,1,7,115
201600054323,16,10,8,1010,1,2,1,1,6,114
201600054324,16,10,9,1430,1,2,3,1,3,114
201600054325,16,10,9,1730,1,2,2,1,3,114
201600054326,16,10,9,2020,5,2,1,1,4,114
201600054327,16,10,10,1330,1,2,2,1,6,114
201600054328,16,10,11,1145,1,2,2,1,6,107
201600054329,16,10,11,1755,1,2,1,1,6,114
201600054330,16,10,11,1800,1,2,3,1,6,114
201600054331,16,10,12,850,1,2,1,1,3,115
201600054332,16,10,13,825,1,2,1,1,7,114
201600054333,16,10,13,2300,5,2,2,2,2,114
201600054334,16,10,14,1724,1,2,3,2,2,114
201600054335,16,10,14,2135,5,2,1,3,3,114
201600054336,16,10,14,2350,5,2,2,1,3,114
201600054337,16,10,15,25,5,2,3,2,7,114
201600054338,16,10,15,620,5,2,3,2,6,114
201600054339,16,10,18,1410,1,2,2,1,3,114
201600054340,16,10,18,1910,5,2,4,2,2,115
201600054341,16,10,19,1340,1,2,7,1,3,114
201600054342,16,10,23,2015,5,2,5,2,3,114
201600054343,16,10,25,1610,1,2,1,1,6,114
201600054344,16,10,25,1718,1,2,7,8,6,114
201600054345,16,10,25,1810,1,2,5,1,6,114
201600054346,16,10,25,1615,1,2,3,1,3,114
201600054347,16,10,25,2300,5,2,2,1,6,114
201600054348,16,10,26,1225,1,2,1,1,3,114
201600054349,16,10,26,1250,1,2,7,1,3,114
201600054350,16,10,27,1925,5,2,1,1,3,114
201600054351,16,10,29,700,5,2,7,1,6,114
201600054352,16,10,31,1000,1,2,1,1,6,114
201600054353,16,10,31,1250,1,2,1,1,2,114
201600054354,16,10,31,1705,2,2,1,1,3,114
201600054355,16,11,3,1955,5,2,1,1,3,114
201600054356,16,11,6,1606,1,2,2,1,3,114
201600054357,16,11,9,920,1,2,1,2,2,114
201600054358,16,11,9,1805,5,2,1,2,3,107
201600054359,16,11,12,215,5,2,1,1,6,114
201600054360,16,11,12,1715,5,2,1,2,6,114
201600054361,16,11,14,830,1,2,3,8,3,114
201600054362,16,11,14,900,1,2,4,8,3,114
201600054363,16,11,14,1715,2,2,1,1,6,114
201600054364,16,11,14,2245,5,2,3,1,6,114
201600054365,16,11,15,955,1,2,1,1,2,114
201600054366,16,11,14,1825,4,2,1,2,6,114
201600054367,16,11,15,2024,5,2,1,2,3,114
201600054368,16,11,15,2200,5,2,1,2,6,114
201600054369,16,11,16,1120,1,2,2,1,2,114
201600054370,16,11,17,540,5,2,1,1,6,114
201600054371,16,11,17,850,1,2,1,1,3,114
201600054372,16,11,17,1500,1,2,2,1,2,114
201600054373,16,11,18,905,1,2,1,1,6,114
201600054374,16,11,18,1055,1,2,1,1,6,114
201600054375,16,11,18,1235,1,2,1,1,7,114
201600054376,16,11,18,1831,5,2,1,1,6,114
201600054377,16,11,18,1705,2,2,1,1,6,115
201600054378,16,11,19,2225,5,2,7,1,2,114
201600054379,16,11,20,445,5,2,1,6,6,114
201600054380,16,11,20,1410,1,2,1,2,3,114
201600054381,16,11,20,1945,5,2,3,2,6,114
201600054382,16,11,21,900,1,2,2,2,6,114
201600054383,16,11,23,720,5,2,2,3,6,114
201600054384,16,11,26,1028,1,2,5,1,2,114
201600054385,16,11,26,1550,1,2,5,8,6,114
201600054386,16,11,28,1230,1,2,1,1,6,114
201600054387,16,11,30,845,1,2,1,1,6,114
201600054388,16,11,30,920,1,2,3,1,6,114
201600054389,16,12,1,1005,1,2,1,1,6,114
201600054390,16,12,1,1820,5,2,1,1,6,114
201600054391,16,12,2,1120,1,2,1,1,2,114
201600054392,16,12,3,1840,5,2,1,1,3,114
201600054393,16,12,9,1134,1,2,7,1,6,114
201600054394,16,12,10,2030,5,2,4,1,2,114
201600054395,16,12,10,2320,5,2,3,1,3,114
201600054396,16,12,12,735,2,2,1,8,6,114
201600054397,16,12,13,945,1,2,1,2,2,114
201600054398,16,12,13,1600,1,2,1,1,2,114
201600054399,16,12,14,721,5,2,3,1,3,114
201600054400,16,12,14,1425,1,2,2,1,3,114
201600054401,16,12,15,2030,5,2,3,1,6,114
201600054402,16,12,16,1200,1,2,1,1,3,114
201600054403,16,12,16,1310,1,2,4,1,6,114
201600054404,16,12,18,430,5,2,4,1,6,114
201600054405,16,12,20,1510,1,2,4,1,6,114
201600054406,16,12,22,1908,5,2,2,1,3,114
201600054407,16,12,24,1715,2,2,1,1,6,114
201600054408,16,12,25,1505,1,2,2,1,3,114
201600054409,16,12,26,1630,1,2,1,1,6,114
201600054410,16,12,26,2155,5,2,2,1,3,114
201600054411,16,12,30,2200,5,2,7,2,3,114
201600054412,16,1,2,2000,5,2,3,2,3,115
201600054413,16,1,3,655,5,2,1,8,6,115
201600054414,16,1,5,815,1,2,3,2,6,115
201600054415,16,1,7,25,5,2,1,1,6,115
201600054416,16,1,7,730,4,2,7,3,6,115
201600054417,16,1,7,930,1,2,2,2,3,115
201600054418,16,1,7,1330,1,2,1,1,2,115
201600054419,16,1,7,1240,1,2,2,1,2,115
201600054420,16,1,7,1750,5,2,2,1,6,115
201600054421,16,1,8,800,5,2,3,1,6,115
201600054422,16,1,13,1515,1,2,2,1,2,115
201600054423,16,1,13,1950,5,2,1,1,7,115
201600054424,16,1,14,110,5,2,1,1,7,115
201600054425,16,1,17,1420,1,2,2,1,4,115
201600054426,16,1,20,1800,5,2,2,1,3,115
201600054427,16,1,21,1530,1,2,5,1,6,115
201600054428,16,1,21,1845,5,2,3,1,6,115
201600054429,16,1,24,1550,1,2,1,1,3,115
201600054430,16,1,25,1200,1,2,2,1,6,115
201600054431,16,1,28,130,5,2,2,2,3,115
201600054432,16,1,28,1935,5,2,3,1,6,115
201600054433,16,2,3,1645,5,2,2,2,2,107
201600054434,16,2,3,1920,4,2,5,1,6,115
201600054435,16,2,4,845,1,2,3,1,6,115
201600054436,16,2,6,2320,5,2,3,1,6,115
201600054437,16,2,7,2340,5,2,2,1,3,115
201600054438,16,2,7,2320,5,2,7,1,6,115
201600054439,16,2,8,230,5,2,5,2,3,115
201600054440,16,2,9,800,2,2,3,2,7,115
201600054441,16,2,10,1430,1,2,1,1,3,115
201600054442,16,2,10,1615,1,2,5,1,4,115
201600054443,16,2,11,710,2,2,7,2,1,115
201600054444,16,2,12,920,1,2,1,1,2,115
201600054445,16,2,12,935,1,2,7,2,3,115
201600054446,16,2,12,2245,5,2,1,1,6,115
201600054447,16,2,12,2325,5,2,3,1,6,115
201600054448,16,2,13,338,5,2,7,1,3,115
201600054449,16,2,13,1755,2,2,2,3,6,115
201600054450,16,2,17,1430,1,2,2,1,3,115
201600054451,16,2,18,1455,1,2,7,2,6,115
201600054452,16,2,18,1915,5,2,4,8,3,115
201600054453,16,2,19,1115,1,2,2,1,2,115
201600054454,16,2,19,1935,5,2,1,1,7,115
201600054455,16,2,20,1315,1,2,1,2,6,115
201600054456,16,2,21,1600,1,2,3,1,2,115
201600054457,16,2,23,1000,1,2,2,2,6,115
201600054458,16,2,24,1015,1,2,3,1,3,115
201600054459,16,2,24,2215,3,2,2,1,3,115
201600054460,16,2,26,1700,1,2,5,8,6,115
201600054461,16,2,25,1950,5,2,7,1,3,115
201600054462,16,2,28,1250,1,2,2,1,3,115
201600054463,16,2,29,1800,1,2,1,1,6,115
201600054464,16,3,1,1915,5,2,5,2,6,115
201600054465,16,3,2,925,1,2,3,1,6,115
201600054466,16,3,4,910,1,2,4,2,2,115
201600054467,16,3,5,110,5,2,3,8,6,115
201600054468,16,3,5,1230,1,2,5,8,6,115
201600054469,16,3,7,830,1,2,3,1,6,115
201600054470,16,3,7,1140,1,2,1,2,1,115
201600054471,16,3,8,1855,5,2,1,1,6,115
201600054472,16,3,8,2120,5,2,2,1,3,115
201600054473,16,3,9,1950,5,2,3,2,2,115
201600054474,16,3,11,1210,1,2,3,1,2,115
201600054475,16,3,11,1930,4,2,1,1,2,107
201600054476,16,3,12,725,2,2,5,1,3,115
201600054477,16,3,13,1421,1,2,2,1,6,115
201600054478,16,3,14,805,1,2,1,1,2,115
201600054479,16,3,15,815,1,2,2,1,3,115
201600054480,16,3,15,1910,5,2,2,1,6,115
201600054481,16,3,16,252,5,2,4,1,6,115
201600054482,16,3,17,1650,1,2,1,1,6,115
201600054483,16,3,18,820,1,2,1,1,6,114
201600054484,16,3,18,1505,1,2,2,1,3,115
201600054485,16,3,19,1130,1,2,2,1,3,115
201600054486,16,3,23,1100,1,2,2,1,3,115
201600054487,16,3,23,2040,5,2,2,1,6,115
201600054488,16,3,24,1250,1,2,2,1,6,115
201600054489,16,3,24,1615,1,2,2,1,6,115
201600054490,16,3,25,1328,1,2,1,1,1,115
201600054491,16,3,29,1040,1,2,2,1,6,115
201600054492,16,3,30,845,1,2,2,2,7,115
201600054493,16,3,30,1250,1,2,1,2,6,115
201600054494,16,3,31,1945,5,2,2,2,3,115
201600054495,16,4,1,1245,1,2,2,1,6,115
201600054496,16,4,3,2200,5,2,3,1,3,115
201600054497,16,4,5,1015,1,2,1,1,3,115
201600054498,16,4,5,1900,1,2,2,1,6,115
201600054499,16,4,8,1530,1,2,4,1,3,115
201600054500,16,4,10,935,1,2,2,1,6,115
201600054501,16,4,11,1125,1,2,7,2,2,115
201600054502,16,4,11,1400,1,2,2,2,6,115
201600054503,16,4,11,1545,1,2,2,2,3,115
201600054504,16,4,14,940,1,2,1,1,6,115
201600054505,16,4,14,2130,5,2,2,2,6,115
201600054506,16,4,15,1119,1,2,2,1,6,115
201600054507,16,4,17,600,5,2,1,1,6,115
201600054508,16,4,19,1430,1,2,2,1,7,115
201600054509,16,4,20,910,1,2,1,1,2,116
201600054510,16,4,21,1245,1,2,3,1,3,115
201600054511,16,4,22,1235,1,2,2,8,6,115
201600054512,16,4,23,315,5,2,1,2,3,115
201600054513,16,4,23,1330,1,2,2,1,3,115
201600054514,16,4,25,750,1,2,2,1,6,115
201600054515,16,4,26,1700,1,2,4,2,3,115
201600054516,16,4,27,1245,1,2,2,1,2,115
201600054517,16,4,29,1105,1,2,3,1,2,115
201600054518,16,4,29,2243,5,2,2,2,3,115
201600054519,16,4,30,1055,1,2,2,2,2,115
201600054520,16,5,2,1720,1,2,5,1,2,115
201600054521,16,5,4,1400,1,2,1,1,3,115
201600054522,16,5,4,1825,1,2,2,1,6,115
201600054523,16,5,8,315,5,2,1,1,6,115
201600054524,16,5,9,1158,1,2,2,1,6,115
201600054525,16,5,9,1240,1,2,2,1,3,115
201600054526,16,5,9,2130,5,2,7,2,3,115
201600054527,16,5,10,1645,1,2,2,2,7,115
201600054528,16,5,12,1010,1,2,1,1,6,115
201600054529,16,5,13,820,1,2,1,8,6,115
201600054530,16,5,13,1400,1,2,1,1,3,115
201600054531,16,5,15,45,5,2,7,1,2,115
201600054532,16,5,15,1330,1,2,4,1,2,115
201600054533,16,5,15,2040,2,2,7,1,3,115
201600054534,16,5,16,740,1,2,2,1,3,115
201600054535,16,5,17,140,4,2,1,1,7,115
201600054536,16,5,17,1958,1,2,3,1,6,115
201600054537,16,5,18,1900,1,2,1,1,6,115
201600054538,16,5,19,1330,1,2,7,1,7,115
201600054539,16,5,20,820,1,2,7,1,7,115
201600054540,16,5,20,2200,5,2,3,1,3,115
201600054541,16,5,20,2330,5,2,1,1,3,115
201600054542,16,5,22,1940,1,2,2,8,3,115
201600054543,16,5,24,1100,1,2,2,1,3,115
201600054544,16,5,25,1140,1,2,3,1,6,115
201600054545,16,5,25,1220,1,2,1,1,4,115
201600054546,16,5,26,1600,1,2,1,1,7,106
201600054547,16,5,27,640,1,2,3,1,6,115
201600054548,16,5,27,1745,1,2,2,1,3,115
201600054549,16,5,27,1145,1,2,3,1,6,115
201600054550,16,5,28,1315,1,2,1,1,6,115
201600054551,16,5,28,1930,1,2,1,1,6,115
201600054552,16,5,29,2330,5,2,2,3,3,115
201600054553,16,5,30,740,1,2,5,3,2,115
201600054554,16,5,30,1045,1,2,1,3,3,115
201600054555,16,5,30,1840,1,2,3,3,2,115
201600054556,16,5,31,1210,1,2,3,2,6,115
201600054557,16,6,1,1040,1,2,2,2,3,115
201600054558,16,6,1,1140,1,2,3,8,3,115
201600054559,16,6,4,1600,1,2,1,1,6,115
201600054560,16,6,5,1610,1,2,4,1,6,115
201600054561,16,6,6,1500,1,2,1,1,4,115
201600054562,16,6,7,730,1,2,4,1,3,115
201600054563,16,6,8,1850,1,2,2,1,3,115
201600054564,16,6,8,2325,5,2,2,1,3,115
201600054565,16,6,10,1600,1,2,2,1,6,115
201600054566,16,6,10,1730,1,2,1,1,2,115
201600054567,16,6,12,545,2,2,3,1,6,115
201600054568,16,6,12,1245,1,2,1,1,3,115
201600054569,16,6,14,1740,1,2,3,1,6,115
201600054570,16,6,15,1030,1,2,2,1,3,107
201600054571,16,6,15,2030,2,2,2,1,3,115
201600054572,16,6,16,1510,1,2,3,2,3,115
201600054573,16,6,17,1120,1,2,5,1,4,115
201600054574,16,6,20,900,1,2,2,2,6,115
201600054575,16,6,21,905,1,2,1,8,4,115
201600054576,16,6,22,2030,2,2,1,1,6,115
201600054577,16,6,23,850,1,2,2,1,6,115
201600054578,16,6,23,1030,1,2,3,1,3,115
201600054579,16,6,24,1850,1,2,2,1,6,115
201600054580,16,6,25,1025,1,2,1,1,3,115
201600054581,16,6,25,1320,1,2,2,1,2,115
201600054582,16,6,26,135,5,2,7,1,2,115
201600054583,16,6,26,1310,1,2,1,1,2,115
201600054584,16,6,26,1320,1,2,3,8,3,115
201600054585,16,6,27,1300,1,2,4,1,6,115
201600054586,16,6,27,1720,1,2,1,2,6,115
201600054587,16,6,28,1830,1,2,3,1,6,115
201600054588,16,6,29,400,5,2,2,1,2,115
201600054589,16,6,29,1900,1,2,4,1,6,115
201600054590,16,6,29,2145,1,2,1,2,3,115
201600054591,16,7,1,930,1,2,5,1,6,115
201600054592,16,7,3,2325,5,2,3,2,6,115
201600054593,16,7,4,945,1,2,1,1,6,115
201600054594,16,7,5,856,1,2,3,1,2,115
201600054595,16,7,5,2340,3,2,1,1,6,115
201600054596,16,7,6,1245,1,2,1,1,6,115
201600054597,16,7,7,1345,1,2,1,1,3,115
201600054598,16,7,7,2015,2,2,1,1,6,115
201600054599,16,7,8,550,1,2,1,1,7,115
201600054600,16,7,8,1540,1,2,5,1,6,115
201600054601,16,7,8,1640,1,2,3,1,3,115
201600054602,16,7,8,2035,1,2,1,1,3,115
201600054603,16,7,11,10,5,2,5,1,6,115
201600054604,16,7,11,550,2,2,2,1,3,115
201600054605,16,7,11,1650,1,2,2,1,3,115
201600054606,16,7,12,1640,1,2,2,1,2,115
201600054607,16,7,13,730,1,2,3,1,7,115
201600054608,16,7,14,2355,5,2,1,1,7,115
201600054609,16,7,15,1705,1,2,3,1,6,115
201600054610,16,7,15,2320,5,2,1,1,6,115
201600054611,16,7,17,1525,1,2,3,1,3,115
201600054612,16,7,19,1215,1,2,7,1,6,115
201600054613,16,7,21,1705,1,2,3,1,6,115
201600054614,16,7,21,2025,1,2,2,1,3,115
201600054615,16,7,23,1535,1,2,3,1,2,115
201600054616,16,7,24,1245,1,2,1,1,2,115
201600054617,16,7,26,805,1,2,2,1,3,115