Num_Acc,an,mois,jour,hrmn,lum,agg,int,atm,col,com
201600054618,16,7,26,1630,1,2,2,1,3,115
201600054619,16,7,26,1945,1,2,5,1,3,115
201600054620,16,7,28,1255,1,2,2,1,6,115
201600054621,16,7,28,1800,1,2,5,1,6,115
201600054622,16,8,1,1430,1,2,2,1,2,115
201600054623,16,8,4,1540,1,2,2,1,7,115
201600054624,16,8,5,120,5,2,2,1,3,115
201600054625,16,8,5,1750,1,2,2,1,6,115
201600054626,16,8,10,920,1,2,3,1,6,115
201600054627,16,8,18,1710,1,2,2,2,6,115
201600054628,16,8,19,1710,1,2,4,2,3,115
201600054629,16,8,20,1215,1,2,3,1,3,115
201600054630,16,8,21,1615,1,2,7,1,2,115
201600054631,16,8,21,2135,5,2,5,1,6,115
201600054632,16,8,23,745,1,2,2,1,6,115
201600054633,16,8,23,950,1,2,1,1,6,115
201600054634,16,8,23,1335,1,2,3,1,7,115
201600054635,16,8,26,110,5,2,4,1,4,115
201600054636,16,8,27,1,5,2,5,1,3,115
201600054637,16,8,27,2020,2,2,2,1,3,115
201600054638,16,8,28,255,5,2,3,1,6,115
201600054639,16,8,29,845,1,2,2,1,2,115
201600054640,16,8,30,1035,1,2,3,1,3,115
201600054641,16,9,1,1000,1,2,1,1,3,115
201600054642,16,9,1,1800,1,2,1,1,3,115
201600054643,16,9,4,1,5,2,1,1,3,115
201600054644,16,9,4,1255,1,2,2,1,7,115
201600054645,16,9,4,1645,1,2,1,1,2,115
201600054646,16,9,6,1820,1,2,2,1,6,115
201600054647,16,9,7,805,1,2,2,1,3,115
201600054648,16,9,7,1750,1,2,2,1,4,115
201600054649,16,9,7,2215,3,2,5,1,7,115
201600054650,16,9,8,2320,5,2,2,1,6,115
201600054651,16,9,9,1710,1,2,2,1,3,115
201600054652,16,9,12,1700,1,2,3,1,6,115
201600054653,16,9,12,1915,2,2,1,1,2,115
201600054654,16,9,13,1425,1,2,2,1,3,115
201600054655,16,9,13,2300,4,2,7,1,3,115
201600054656,16,9,14,1036,1,2,2,1,6,107
201600054657,16,9,14,1435,1,2,2,1,3,115
201600054658,16,9,14,1730,1,2,2,1,2,115
201600054659,16,9,15,953,1,2,2,3,3,115
201600054660,16,9,15,1145,1,2,1,2,3,115
201600054661,16,9,16,1340,1,2,3,1,6,115
201600054662,16,9,16,1620,1,2,2,2,2,115
201600054663,16,9,17,30,5,2,2,2,2,115
201600054664,16,9,20,1700,1,2,2,1,3,115
201600054665,16,9,20,1450,1,2,2,1,3,115
201600054666,16,9,20,2140,5,2,3,1,3,115
201600054667,16,9,23,1140,1,2,1,1,6,115
201600054668,16,9,23,1450,1,2,2,1,3,115
201600054669,16,9,24,455,5,2,5,1,2,114
201600054670,16,9,26,730,1,2,2,1,3,105
201600054671,16,9,26,1840,1,2,2,1,6,115
201600054672,16,9,27,2035,5,2,5,1,6,115
201600054673,16,9,27,2344,5,2,2,1,3,115
201600054674,16,9,30,1410,1,2,1,1,5,115
201600054675,16,9,30,1950,5,2,4,2,6,115
201600054676,16,10,3,1530,1,2,1,1,2,115
201600054677,16,10,3,2200,5,2,1,1,3,115
201600054678,16,10,4,1710,1,2,2,1,6,107
201600054679,16,10,5,1215,1,2,4,1,3,115
201600054680,16,10,6,730,1,2,3,1,6,115
201600054681,16,10,6,1300,1,2,1,1,6,107
201600054682,16,10,6,1355,1,2,2,1,6,115
201600054683,16,10,6,1537,1,2,3,1,2,115
201600054684,16,10,6,1820,5,2,2,1,6,115
201600054685,16,10,6,1545,1,2,1,7,4,115
201600054686,16,10,6,1855,2,2,2,1,3,115
201600054687,16,10,7,940,1,2,7,1,6,115
201600054688,16,10,7,940,1,2,7,1,6,115
201600054689,16,10,7,1330,1,2,3,1,6,115
201600054690,16,10,7,1515,1,2,1,8,3,115
201600054691,16,10,8,1040,1,2,1,1,2,115
201600054692,16,10,11,640,2,2,2,1,3,115
201600054693,16,10,13,1800,5,2,1,1,5,115
201600054694,16,10,14,955,1,2,2,1,7,115
201600054695,16,10,15,1755,1,2,3,1,6,115
201600054696,16,10,16,1630,1,2,4,1,6,115
201600054697,16,10,17,1915,5,2,2,8,6,115
201600054698,16,10,18,1210,1,2,2,1,6,115
201600054699,16,10,19,1920,5,2,1,2,6,115
201600054700,16,10,21,1435,1,2,5,3,6,115
201600054701,16,10,21,2120,5,2,2,1,3,115
201600054702,16,10,23,1950,5,2,3,3,2,115
201600054703,16,10,25,1040,1,2,4,1,2,115
201600054704,16,10,25,1905,2,2,3,1,3,115
201600054705,16,10,27,1850,5,2,3,1,3,115
201600054706,16,10,27,1820,1,2,2,1,3,115
201600054707,16,10,28,1805,2,2,1,1,6,115
201600054708,16,10,29,1450,1,2,1,1,2,115
201600054709,16,10,30,150,5,2,2,1,6,115
201600054710,16,10,31,905,1,2,2,1,6,115
201600054711,16,10,31,910,1,2,3,1,3,115
201600054712,16,10,31,1120,1,2,1,1,3,115
201600054713,16,10,31,1225,1,2,1,1,2,115
201600054714,16,11,2,1740,5,2,2,1,6,115
201600054715,16,11,2,2115,5,2,2,1,3,115
201600054716,16,11,4,900,1,2,1,2,3,115
201600054717,16,11,4,1155,1,2,3,2,7,115
201600054718,16,11,4,1050,1,2,3,2,7,115
201600054719,16,11,4,1215,1,2,5,2,6,115
201600054720,16,11,6,5,5,2,1,2,6,115
201600054721,16,11,6,2000,5,2,1,1,2,115
201600054722,16,11,6,2120,5,2,1,1,6,115
201600054723,16,11,10,730,1,2,1,1,6,115
201600054724,16,11,10,1500,1,2,2,1,3,115
201600054725,16,11,10,1645,1,2,2,2,6,115
201600054726,16,11,14,820,1,2,2,1,3,107
201600054727,16,11,15,655,5,2,2,2,6,115
201600054728,16,11,16,907,1,2,2,1,3,115
201600054729,16,11,17,850,1,2,3,1,6,115
201600054730,16,11,17,1653,5,2,2,1,6,115
201600054731,16,11,17,1950,5,2,2,2,3,115
201600054732,16,11,18,1040,1,2,1,1,6,115
201600054733,16,11,18,2345,5,2,2,1,6,115
201600054734,16,11,19,1245,1,2,2,1,6,115
201600054735,16,11,20,1430,1,2,1,2,7,115
201600054736,16,11,20,1445,1,2,2,2,3,115
201600054737,16,11,20,1945,5,2,2,2,3,115
201600054738,16,11,21,1500,1,2,2,1,2,115
201600054739,16,11,22,1230,1,2,1,1,3,115
201600054740,16,11,23,815,1,2,2,8,6,115
201600054741,16,11,24,900,1,2,1,8,2,115
201600054742,16,11,24,1750,5,2,3,1,3,115
201600054743,16,11,25,930,1,2,1,1,3,115
201600054744,16,11,26,1345,1,2,2,1,6,115
201600054745,16,11,27,1425,1,2,1,1,6,115
201600054746,16,11,29,1015,1,2,7,1,3,115
201600054747,16,11,29,1045,1,2,4,1,3,115
201600054748,16,11,29,1430,1,2,2,1,6,115
201600054749,16,11,29,1915,5,2,2,1,6,115
201600054750,16,11,29,2115,5,2,3,1,7,115
201600054751,16,11,30,1238,1,2,1,1,6,115
201600054752,16,11,30,1930,5,2,2,1,3,115
201600054753,16,12,3,1600,1,2,2,7,6,115
201600054754,16,12,3,1830,1,2,5,1,1,115
201600054755,16,12,3,2015,5,2,3,1,3,115
201600054756,16,12,4,1210,1,2,5,1,3,115
201600054757,16,12,5,1320,1,2,3,1,6,115
201600054758,16,12,6,1650,2,2,2,1,3,115
201600054759,16,12,7,2000,5,2,1,1,3,115
201600054760,16,12,8,1250,1,2,3,1,6,115
201600054761,16,12,9,1545,1,2,1,1,6,115
201600054762,16,12,12,1115,1,2,2,1,3,115
201600054763,16,12,12,1500,1,2,1,1,6,115
201600054764,16,12,13,820,1,2,2,2,3,115
201600054765,16,12,13,810,2,2,2,3,6,115
201600054766,16,12,13,1000,1,2,4,2,3,115
201600054767,16,12,15,2130,5,2,3,1,6,115
201600054768,16,12,16,1900,5,2,7,1,6,115
201600054769,16,12,16,2220,5,2,1,1,6,115
201600054770,16,12,19,1448,1,2,1,1,6,115
201600054771,16,12,19,1810,5,2,1,1,5,115
201600054772,16,12,22,1035,1,2,2,8,6,115
201600054773,16,12,22,1855,5,2,3,1,2,115
201600054774,16,12,23,2355,5,2,2,1,3,115
201600054775,16,12,25,1755,5,2,2,1,6,115
201600054776,16,12,26,1505,1,2,2,1,6,115
201600054777,16,12,27,1520,1,2,1,1,6,115
201600054778,16,12,27,2100,5,2,5,1,6,115
201600054779,16,12,29,1400,1,2,1,1,2,115
201600054780,16,1,1,250,5,2,1,1,6,116
201600054781,16,1,1,540,5,2,5,1,7,116
201600054782,16,1,2,2210,5,2,7,2,3,116
201600054783,16,1,2,2245,5,2,2,2,6,116
201600054784,16,1,3,100,5,2,3,1,3,116
201600054785,16,1,5,940,1,2,1,2,7,116
201600054786,16,1,5,955,1,2,2,2,6,116
201600054787,16,1,5,1500,1,2,1,1,6,116
201600054788,16,1,5,1400,1,2,1,8,3,116
201600054789,16,1,5,2020,1,2,1,1,6,116
201600054790,16,1,6,150,4,2,7,1,6,116
201600054791,16,1,6,745,2,2,7,2,3,116
201600054792,16,1,6,1300,1,2,7,1,6,116
201600054793,16,1,6,1750,5,2,7,1,6,116
201600054794,16,1,6,1900,5,2,3,1,6,108
201600054795,16,1,8,2255,5,2,3,1,3,116
201600054796,16,1,10,210,5,2,2,3,2,116
201600054797,16,1,11,935,1,2,4,1,3,116
201600054798,16,1,11,1830,5,2,1,1,2,116
201600054799,16,1,14,1445,1,2,1,1,6,116
201600054800,16,1,14,2318,5,2,2,1,3,116
201600054801,16,1,15,2300,5,2,6,1,3,116
201600054802,16,1,16,10,5,2,1,1,6,116
201600054803,16,1,16,1325,1,2,3,1,2,116
201600054804,16,1,16,1635,1,2,2,1,3,116
201600054805,16,1,17,115,5,2,1,1,6,116
201600054806,16,1,19,20,5,2,3,1,6,116
201600054807,16,1,20,1815,5,2,2,1,6,116
201600054808,16,1,20,1320,1,2,3,1,6,116
201600054809,16,1,21,1550,1,2,4,7,2,116
201600054810,16,1,21,2335,5,2,2,1,7,116
201600054811,16,1,22,355,5,2,3,1,6,116
201600054812,16,1,24,1240,1,2,7,1,3,116
201600054813,16,1,25,1015,1,2,1,1,2,116
201600054814,16,1,25,1710,2,2,3,1,3,116
201600054815,16,1,26,830,1,2,1,1,2,116
201600054816,16,1,27,750,5,2,2,2,3,116
201600054817,16,1,27,1740,2,2,1,1,2,108
201600054818,16,1,27,950,1,2,4,1,7,116
201600054819,16,1,29,1640,1,2,5,8,3,116
201600054820,16,1,30,530,5,2,4,1,6,116
201600054821,16,2,1,1130,1,2,5,1,6,116
201600054822,16,2,2,300,5,2,1,1,7,116
201600054823,16,2,3,745,2,2,1,2,6,116
201600054824,16,2,4,1730,2,2,5,2,6,116
201600054825,16,2,5,1010,1,2,1,1,2,116
201600054826,16,2,5,1800,5,2,2,1,6,116
201600054827,16,2,7,1515,1,2,1,1,3,116
201600054828,16,2,8,1700,2,2,7,2,1,116
201600054829,16,2,8,2320,5,2,3,1,3,116
201600054830,16,2,10,1345,1,2,1,1,4,116
201600054831,16,2,11,1220,1,2,3,1,6,116
201600054832,16,2,10,2200,5,2,7,1,3,116
201600054833,16,2,15,630,5,2,2,1,6,116
201600054834,16,2,16,923,1,2,3,1,3,116
201600054835,16,2,16,1545,1,2,1,1,4,116
201600054836,16,2,17,1115,1,2,1,1,6,116
201600054837,16,2,17,1105,1,2,1,1,2,116
201600054838,16,2,17,2005,5,2,2,1,2,116
201600054839,16,2,16,930,1,2,2,1,6,116
201600054840,16,2,18,1015,1,2,5,1,6,116
201600054841,16,2,18,1500,1,2,1,6,6,116
201600054842,16,2,18,1745,1,2,2,2,3,116
201600054843,16,2,18,1830,5,2,1,2,3,116
201600054844,16,2,18,1950,5,2,7,2,3,116
201600054845,16,2,18,2030,5,2,1,1,3,116
201600054846,16,2,18,1230,1,2,4,2,2,116
201600054847,16,2,19,1045,1,2,2,1,6,116
201600054848,16,2,19,1635,1,2,3,1,3,116
201600054849,16,2,19,2115,4,2,2,1,3,116
201600054850,16,2,20,1830,5,2,7,1,3,108
201600054851,16,2,22,830,1,2,6,1,3,116
201600054852,16,2,22,1810,2,2,1,2,6,116
201600054853,16,2,23,620,5,2,7,2,3,108
201600054854,16,2,28,1120,1,2,1,1,2,116
201600054855,16,3,1,1850,3,2,7,2,6,116
201600054856,16,3,2,1345,1,2,7,2,7,116
201600054857,16,3,2,1735,2,2,2,2,3,116
201600054858,16,3,3,1525,1,2,5,1,6,116
201600054859,16,3,3,1555,1,2,7,1,3,108
201600054860,16,3,4,1740,1,2,1,1,2,116
201600054861,16,3,4,1815,2,2,1,2,6,116
201600054862,16,3,6,1645,1,2,2,2,6,116
201600054863,16,3,6,2210,5,2,2,1,2,116
201600054864,16,3,7,1352,1,2,5,1,2,116
201600054865,16,3,7,1340,1,2,5,2,2,116
201600054866,16,3,8,1930,5,2,1,1,7,117
201600054867,16,3,9,825,1,2,7,3,3,108
201600054868,16,3,9,1010,1,2,7,3,1,116
201600054869,16,3,10,20,5,2,2,1,2,116
201600054870,16,3,10,1915,3,2,1,1,3,116
201600054871,16,3,11,1455,1,2,2,1,6,116
201600054872,16,3,11,1650,1,2,7,1,3,116
201600054873,16,3,12,1705,1,2,2,1,2,116
201600054874,16,3,13,40,5,2,1,1,3,116
201600054875,16,3,12,1300,1,2,4,1,6,116
201600054876,16,3,14,1915,5,2,2,1,3,116
201600054877,16,3,15,930,1,2,1,1,3,116
201600054878,16,3,16,1520,1,2,2,8,2,116
201600054879,16,3,17,1650,1,2,1,1,3,116
201600054880,16,3,17,1905,1,2,7,1,2,116
201600054881,16,3,18,1310,1,2,2,1,6,116
201600054882,16,3,18,1455,1,2,1,1,2,116
201600054883,16,3,18,2340,5,2,6,1,6,116
201600054884,16,3,19,20,5,2,5,1,6,116
201600054885,16,3,21,2045,5,2,1,1,3,116
201600054886,16,3,22,938,1,2,2,1,6,116
201600054887,16,3,22,1750,1,2,1,1,6,116
201600054888,16,3,23,1600,1,2,1,1,2,116
201600054889,16,3,24,815,1,2,4,1,3,116
201600054890,16,3,24,745,1,2,1,1,4,116
201600054891,16,3,24,1050,1,2,5,1,3,116
201600054892,16,3,24,1030,1,2,7,1,3,116
201600054893,16,3,24,1805,2,2,5,1,6,116
201600054894,16,3,25,1430,1,2,5,1,6,116
201600054895,16,3,27,1830,1,2,7,1,6,116
201600054896,16,3,28,2335,5,2,7,1,6,116
201600054897,16,3,29,910,1,2,4,1,2,116
201600054898,16,3,29,1005,1,2,1,1,6,116
201600054899,16,3,26,1250,1,2,1,1,6,116
201600054900,16,3,29,1530,1,2,1,2,2,116
201600054901,16,3,30,30,5,2,2,1,3,116
201600054902,16,4,3,20,5,2,1,2,6,116
201600054903,16,4,3,700,2,2,2,1,7,116
201600054904,16,4,3,2200,5,2,5,1,2,116
201600054905,16,4,4,1020,1,2,1,1,2,116
201600054906,16,4,4,2015,1,2,2,1,3,116
201600054907,16,4,6,1930,5,2,4,2,7,116
201600054908,16,4,6,2300,5,2,1,1,3,116
201600054909,16,4,7,115,5,2,1,1,6,116
201600054910,16,4,7,1820,1,2,1,1,3,116
201600054911,16,4,8,1120,1,2,5,8,3,116
201600054912,16,4,8,1359,1,2,1,1,2,116
201600054913,16,4,8,2315,5,2,5,1,3,116
201600054914,16,4,9,530,5,2,5,1,6,116
201600054915,16,4,11,930,1,2,3,2,6,116
201600054916,16,4,11,1615,1,2,1,2,6,116
201600054917,16,4,12,845,1,2,1,1,6,116
201600054918,16,4,12,1430,1,2,1,1,2,116
201600054919,16,4,13,1955,1,2,2,1,3,116
201600054920,16,4,14,2335,3,2,2,1,3,116
201600054921,16,4,15,2155,5,2,4,1,6,116
201600054922,16,4,18,815,1,2,2,7,6,116
201600054923,16,4,19,1710,1,2,2,1,2,116
201600054924,16,4,19,1945,2,2,3,1,6,116
201600054925,16,4,20,935,1,2,7,1,3,116
201600054926,16,4,20,1257,1,2,7,1,3,116
201600054927,16,4,20,1840,1,2,1,1,2,116
201600054928,16,4,21,15,5,2,1,1,3,116
201600054929,16,4,21,100,5,2,3,1,3,116
201600054930,16,4,23,955,1,2,1,1,6,116
201600054931,16,4,23,1130,1,2,3,1,3,116
201600054932,16,4,26,1040,1,2,3,1,6,116
201600054933,16,4,27,1615,1,2,1,1,6,116
201600054934,16,4,27,1820,1,2,1,1,6,116
201600054935,16,4,27,1830,1,2,5,1,3,116
201600054936,16,4,28,1640,1,2,4,1,6,116
201600054937,16,5,1,1320,1,2,1,1,6,116
201600054938,16,5,3,830,1,2,1,1,3,116
201600054939,16,5,4,1715,1,2,1,1,3,116
201600054940,16,5,6,230,5,2,2,1,3,116
201600054941,16,5,6,930,1,2,1,1,5,116
201600054942,16,5,8,2220,5,2,1,1,3,116
201600054943,16,5,10,1825,1,2,2,2,3,116
201600054944,16,5,10,2356,5,2,2,1,3,116
201600054945,16,5,11,120,5,2,5,1,3,116
201600054946,16,5,12,1315,1,2,2,1,2,116
201600054947,16,5,13,2025,1,2,1,1,3,116
201600054948,16,5,15,30,5,2,3,1,6,116
201600054949,16,5,15,1610,1,2,1,1,3,116
201600054950,16,5,15,2310,5,2,1,1,6,116
201600054951,16,5,16,405,5,2,4,1,1,116
201600054952,16,5,16,1215,1,2,1,1,6,116
201600054953,16,5,16,1250,1,2,1,1,2,116
201600054954,16,5,16,1615,1,2,6,8,3,116
201600054955,16,5,17,1045,1,2,1,1,3,116
201600054956,16,5,17,1220,1,2,3,1,6,117
201600054957,16,5,18,25,5,2,3,1,3,116
201600054958,16,5,18,900,1,2,3,1,3,116
201600054959,16,5,19,1125,1,2,1,1,3,116
201600054960,16,5,19,1240,1,2,2,1,6,116
201600054961,16,5,20,915,1,2,4,1,6,116
201600054962,16,5,20,1945,1,2,4,1,3,116
201600054963,16,5,20,2030,1,2,7,1,3,116
201600054964,16,5,22,2320,5,2,2,2,6,116
201600054965,16,5,23,820,1,2,1,3,3,116
201600054966,16,5,23,2105,3,2,7,1,3,116
201600054967,16,5,24,900,1,2,1,1,3,116
201600054968,16,5,24,1810,1,2,1,1,4,116
201600054969,16,5,24,1930,1,2,2,1,2,116
201600054970,16,5,26,950,1,2,1,1,4,116
201600054971,16,5,27,450,5,2,7,1,3,116
201600054972,16,5,27,1500,1,2,1,1,2,116
201600054973,16,5,27,1517,1,2,7,1,6,116
201600054974,16,5,28,1035,1,2,2,1,2,116
201600054975,16,5,30,2245,5,2,1,3,6,116
201600054976,16,5,31,545,2,2,1,3,6,116
201600054977,16,5,31,1410,1,2,6,2,3,116
201600054978,16,5,31,2320,5,2,4,3,6,116
201600054979,16,6,1,10,5,2,7,1,6,116
201600054980,16,6,1,840,1,2,1,2,2,116
201600054981,16,6,3,1710,1,2,7,1,2,116
201600054982,16,6,4,1508,1,2,1,1,6,116
201600054983,16,6,6,1820,1,2,1,1,3,116
201600054984,16,6,7,1345,1,2,4,1,6,116
201600054985,16,6,8,830,1,2,1,1,6,116
201600054986,16,6,8,955,1,2,2,1,2,116
201600054987,16,6,8,920,1,2,1,1,3,116
201600054988,16,6,8,1445,1,2,1,1,3,116
201600054989,16,6,9,1025,1,2,1,1,3,116
201600054990,16,6,9,1350,1,2,7,1,3,116
201600054991,16,6,10,745,1,2,5,1,3,116
201600054992,16,6,10,1015,1,2,1,1,6,116
201600054993,16,6,10,1225,1,2,1,1,3,116
201600054994,16,6,10,1555,1,2,3,1,5,116
201600054995,16,6,9,2130,2,2,4,1,6,116
201600054996,16,6,10,1630,1,2,1,1,6,116
201600054997,16,6,10,1910,1,2,1,1,3,116
201600054998,16,6,12,605,2,2,2,1,3,116
201600054999,16,6,12,1143,1,2,3,1,3,116
201600055000,16,6,13,130,4,2,2,1,2,116
201600055001,16,6,14,1030,1,2,1,1,2,116
201600055002,16,6,10,1245,1,2,1,8,3,116
201600055003,16,6,14,1120,1,2,1,1,4,117
201600055004,16,6,14,1715,1,2,2,1,3,116
201600055005,16,6,14,2015,1,2,5,1,6,116
201600055006,16,6,14,2250,5,2,1,1,3,116
201600055007,16,6,15,815,1,2,4,2,6,116
201600055008,16,6,16,1330,1,2,1,2,3,116
201600055009,16,6,16,1330,1,2,1,2,5,116
201600055010,16,6,16,1500,1,2,5,2,3,116
201600055011,16,6,18,45,5,2,3,1,2,116
201600055012,16,6,18,1110,1,2,5,1,2,116
201600055013,16,6,18,1515,1,2,1,1,3,116
201600055014,16,6,19,505,5,2,2,1,3,116
201600055015,16,6,19,2300,5,2,2,1,7,116
201600055016,16,6,20,1400,1,2,4,3,3,116
201600055017,16,6,22,50,5,2,1,1,2,116
201600055018,16,6,22,455,5,2,2,1,6,116
201600055019,16,6,22,1530,1,2,1,1,3,116
201600055020,16,6,22,2250,5,2,2,1,4,116
201600055021,16,6,23,830,1,2,7,1,3,116
201600055022,16,6,23,1130,1,2,1,1,4,116
201600055023,16,6,23,1215,1,2,1,1,3,116
201600055024,16,6,23,1800,1,2,3,1,2,116
201600055025,16,6,23,2100,1,2,3,1,3,116
201600055026,16,6,25,2130,1,2,1,1,4,116
201600055027,16,6,25,2240,5,2,2,1,3,116
201600055028,16,6,26,35,5,2,1,1,6,116
201600055029,16,6,26,2340,5,2,1,1,6,116
201600055030,16,6,27,1535,1,2,2,1,2,116
201600055031,16,6,27,1820,1,2,2,8,6,116
201600055032,16,6,28,1845,1,2,1,1,4,116
201600055033,16,6,29,900,1,2,5,1,2,116
201600055034,16,6,29,1302,1,2,2,1,3,116
201600055035,16,6,29,1430,1,2,7,1,3,116
201600055036,16,6,29,1950,1,2,3,1,3,116
201600055037,16,6,29,1830,1,2,1,1,2,116
201600055038,16,6,30,910,1,2,5,1,3,116
201600055039,16,6,30,910,1,2,1,1,3,116
201600055040,16,7,1,100,5,2,7,1,3,116
201600055041,16,6,30,2130,5,2,7,1,2,116
201600055042,16,7,1,1900,1,2,1,1,3,116
201600055043,16,7,3,1045,1,2,1,1,6,116
201600055044,16,7,3,1310,1,2,1,1,6,116
201600055045,16,7,4,100,5,2,1,2,3,116
201600055046,16,7,4,1920,1,2,5,1,6,116
201600055047,16,7,2,1745,1,2,1,1,4,116
201600055048,16,7,5,1420,1,2,1,1,3,116
201600055049,16,7,5,1705,1,2,1,1,6,116
201600055050,16,7,5,2330,5,2,2,1,6,116
201600055051,16,7,6,1215,1,2,1,1,6,116
201600055052,16,7,7,1750,1,2,7,1,2,116
201600055053,16,7,8,200,3,2,2,1,6,116
201600055054,16,7,8,1615,1,2,7,1,3,116
201600055055,16,7,9,1005,1,2,3,7,7,116
201600055056,16,7,9,900,1,2,7,1,7,116
201600055057,16,7,10,1720,1,2,4,1,6,116
201600055058,16,7,12,1950,1,2,4,9,6,116
201600055059,16,7,12,2250,5,2,7,3,3,116
201600055060,16,7,15,940,1,2,4,1,3,116
201600055061,16,7,15,1015,1,2,2,1,2,116
201600055062,16,7,18,1030,1,2,1,1,3,116
201600055063,16,7,19,1150,1,2,7,1,7,116
201600055064,16,7,20,1,5,2,1,1,7,116
201600055065,16,7,20,630,1,2,5,1,3,108
201600055066,16,7,21,120,5,2,1,1,6,116
201600055067,16,7,22,1630,1,2,1,1,3,116
201600055068,16,7,25,1020,1,2,3,1,3,116
201600055069,16,7,27,120,5,2,3,1,6,116
201600055070,16,7,28,1635,1,2,5,1,6,116
201600055071,16,7,29,2145,5,2,3,1,6,116
201600055072,16,7,30,1745,1,2,1,1,6,116
201600055073,16,8,1,640,1,2,1,1,2,116
201600055074,16,8,1,2135,5,2,5,1,3,116
201600055075,16,8,3,1430,1,2,4,1,6,116
201600055076,16,8,3,2030,1,2,4,1,3,117
201600055077,16,8,8,859,1,2,2,1,6,116
201600055078,16,8,10,915,1,2,4,1,2,116
201600055079,16,8,12,1820,1,2,2,1,3,116
201600055080,16,8,12,1910,1,2,3,1,6,116
201600055081,16,8,13,1745,1,2,7,1,3,116
201600055082,16,8,14,1530,1,2,2,1,6,108
201600055083,16,8,15,100,5,2,1,1,2,116
201600055084,16,8,18,850,1,2,7,8,3,116
201600055085,16,8,18,1700,1,2,1,1,6,116
201600055086,16,8,19,1010,1,2,2,1,2,117
201600055087,16,8,19,1623,1,2,1,2,2,116
201600055088,16,8,21,540,1,2,3,1,3,116
201600055089,16,8,21,1915,2,2,1,1,6,116
201600055090,16,8,23,2305,5,2,7,1,3,116
201600055091,16,8,23,1335,1,2,2,1,3,116
201600055092,16,8,24,1515,1,2,1,1,3,116
201600055093,16,8,24,1150,1,2,1,1,3,116
201600055094,16,8,25,2100,2,2,3,1,6,116
201600055095,16,8,26,140,5,2,1,1,6,116
201600055096,16,8,23,2015,2,2,2,1,3,116
201600055097,16,8,26,1645,1,2,7,1,6,116
201600055098,16,8,28,100,5,2,3,1,3,116
201600055099,16,8,28,1520,1,2,1,1,2,116
201600055100,16,8,25,1400,1,2,1,1,3,116
201600055101,16,8,29,1850,1,2,1,1,2,116
201600055102,16,8,31,1005,1,2,2,1,3,116
201600055103,16,8,31,1315,1,2,1,1,6,116
201600055104,16,9,1,845,1,2,1,1,3,116
201600055105,16,9,1,1015,1,2,1,1,2,116
201600055106,16,9,1,1730,1,2,1,1,4,116
201600055107,16,9,2,245,5,2,2,1,6,116
201600055108,16,9,2,845,1,2,2,1,3,116
201600055109,16,9,2,925,1,2,1,1,3,116
201600055110,16,9,2,1210,1,2,1,1,4,116
201600055111,16,9,2,1800,1,2,3,1,2,116
201600055112,16,9,3,938,1,2,1,1,6,116
201600055113,16,9,3,1535,1,2,1,1,2,116
201600055114,16,9,4,500,5,2,3,1,7,116
201600055115,16,9,5,1145,1,2,1,2,6,116
201600055116,16,9,5,1350,1,2,1,8,3,116
201600055117,16,9,5,1930,1,2,1,2,6,116
201600055118,16,9,5,2222,5,2,2,1,3,116
201600055119,16,9,6,55,5,2,5,1,6,116
201600055120,16,9,5,1330,1,2,7,2,7,116
201600055121,16,9,6,1300,1,2,7,1,3,116
201600055122,16,9,7,810,1,2,7,1,6,116
201600055123,16,9,7,805,1,2,7,1,6,116
201600055124,16,9,7,920,1,2,1,1,4,116
201600055125,16,9,7,1815,1,2,1,1,6,116
201600055126,16,9,8,130,5,2,7,1,6,116
201600055127,16,9,8,2150,5,2,3,1,7,116
201600055128,16,9,8,1320,1,2,1,1,2,116
201600055129,16,9,10,30,5,2,5,1,6,116
201600055130,16,9,10,125,5,2,1,1,6,116
201600055131,16,9,11,1645,1,2,1,1,6,116
201600055132,16,9,11,450,5,2,2,1,3,116
201600055133,16,9,12,805,1,2,1,1,6,116
201600055134,16,9,12,1045,1,2,1,1,3,116
201600055135,16,9,13,130,5,2,7,1,6,117
201600055136,16,9,13,2250,5,2,4,1,7,116
201600055137,16,9,13,2255,5,2,4,1,7,116
201600055138,16,9,14,715,1,2,4,1,6,116
201600055139,16,9,14,840,1,2,5,1,6,116
201600055140,16,9,14,1130,1,2,7,1,3,116
201600055141,16,9,14,1800,1,2,5,1,6,116
201600055142,16,9,15,812,1,2,5,2,3,116
201600055143,16,9,15,820,1,2,7,2,6,116
201600055144,16,9,13,1610,1,2,2,1,4,116
201600055145,16,9,15,2050,5,2,7,1,2,116
201600055146,16,9,16,30,5,2,2,1,2,116
201600055147,16,9,17,1340,1,2,1,1,2,116
201600055148,16,9,17,2335,5,2,2,1,3,116
201600055149,16,9,19,945,1,2,1,1,2,116
201600055150,16,9,19,1200,1,2,2,1,6,116
201600055151,16,9,19,805,1,2,3,1,3,116
201600055152,16,9,18,2130,1,2,1,1,7,116
201600055153,16,9,21,1530,1,2,1,1,2,116