Num_Acc,an,mois,jour,hrmn,lum,agg,int,atm,col,com
201600055154,16,9,21,1730,1,2,1,1,2,116
201600055155,16,9,21,1700,1,2,1,1,3,116
201600055156,16,9,22,930,1,2,1,1,1,116
201600055157,16,9,22,910,1,2,1,1,6,116
201600055158,16,9,23,1755,1,2,1,1,3,116
201600055159,16,9,24,1110,1,2,7,1,3,116
201600055160,16,9,25,220,5,2,1,1,2,116
201600055161,16,9,25,550,2,2,1,1,6,116
201600055162,16,9,25,1240,1,2,7,2,3,116
201600055163,16,9,26,1815,1,2,1,1,6,116
201600055164,16,9,27,13,5,2,3,1,3,116
201600055165,16,9,23,1502,1,2,7,1,7,116
201600055166,16,9,27,900,1,2,3,1,6,116
201600055167,16,9,27,1830,1,2,5,1,3,117
201600055168,16,9,27,945,1,2,1,1,6,116
201600055169,16,9,28,1202,1,2,1,1,7,116
201600055170,16,9,28,1900,2,2,1,1,6,116
201600055171,16,9,28,820,1,2,3,1,3,117
201600055172,16,9,29,1650,1,2,2,1,6,116
201600055173,16,9,29,2145,5,2,2,1,6,116
201600055174,16,9,30,1430,1,2,7,1,6,116
201600055175,16,10,1,345,5,2,2,2,6,116
201600055176,16,10,2,1330,1,2,4,1,3,116
201600055177,16,10,2,2000,5,2,1,1,2,116
201600055178,16,10,3,1010,1,2,1,1,3,116
201600055179,16,10,1,1330,1,2,3,1,2,116
201600055180,16,10,3,1130,1,2,2,1,6,116
201600055181,16,10,4,2340,5,2,5,1,3,116
201600055182,16,10,6,830,1,2,4,1,3,116
201600055183,16,10,7,50,5,2,2,1,6,116
201600055184,16,10,4,1000,1,2,5,1,6,116
201600055185,16,10,8,2347,5,2,2,1,3,116
201600055186,16,10,2,1350,1,2,4,1,3,116
201600055187,16,10,11,600,2,2,1,1,6,116
201600055188,16,10,11,830,1,2,2,8,3,116
201600055189,16,10,11,1700,1,2,2,1,6,116
201600055190,16,10,12,2245,5,2,7,1,6,116
201600055191,16,10,13,1940,5,2,1,2,3,116
201600055192,16,10,14,635,2,2,5,1,3,116
201600055193,16,10,14,1940,5,2,1,2,4,116
201600055194,16,10,14,2130,5,2,1,2,3,116
201600055195,16,10,17,630,5,2,2,2,3,116
201600055196,16,10,16,1730,1,2,1,1,6,116
201600055197,16,10,11,1245,1,2,4,1,4,116
201600055198,16,10,17,1910,5,2,7,1,3,116
201600055199,16,10,19,1747,2,2,5,1,3,116
201600055200,16,10,19,2340,5,2,5,1,3,116
201600055201,16,10,20,950,1,2,3,1,4,116
201600055202,16,10,18,2130,5,2,1,1,6,116
201600055203,16,10,21,1740,1,2,4,2,2,116
201600055204,16,10,23,2100,5,2,4,2,6,116
201600055205,16,10,24,745,5,2,7,2,6,116
201600055206,16,10,24,730,5,2,1,2,2,116
201600055207,16,10,24,1010,1,2,1,2,6,116
201600055208,16,10,26,1135,1,2,1,1,2,116
201600055209,16,10,26,1300,1,2,2,1,2,116
201600055210,16,10,26,1320,1,2,5,1,6,116
201600055211,16,10,26,1845,1,2,1,1,3,116
201600055212,16,10,27,1215,1,2,2,1,3,116
201600055213,16,10,31,1700,1,2,2,1,3,116
201600055214,16,10,31,1415,1,2,1,1,2,116
201600055215,16,11,1,325,5,2,2,1,3,116
201600055216,16,11,1,652,2,2,3,1,6,116
201600055217,16,10,30,2030,5,2,5,1,3,117
201600055218,16,11,2,805,1,2,4,2,5,116
201600055219,16,11,2,1200,1,2,7,1,3,116
201600055220,16,11,2,1450,1,2,3,7,6,116
201600055221,16,11,2,1900,5,2,3,1,6,116
201600055222,16,11,2,1230,1,2,1,1,6,116
201600055223,16,11,3,1340,1,2,7,1,3,116
201600055224,16,11,1,1130,1,2,1,1,3,116
201600055225,16,11,4,1900,5,2,5,2,6,116
201600055226,16,11,4,1745,1,2,1,3,6,116
201600055227,16,11,5,1200,1,2,3,1,2,116
201600055228,16,11,5,1630,1,2,3,2,3,116
201600055229,16,11,6,50,5,2,7,2,3,116
201600055230,16,11,8,1330,1,2,1,1,3,116
201600055231,16,11,8,1630,1,2,7,1,6,116
201600055232,16,11,9,45,5,2,2,2,3,102
201600055233,16,11,9,835,2,2,1,2,3,116
201600055234,16,11,9,1445,1,2,7,2,3,116
201600055235,16,11,9,1730,2,2,1,2,3,116
201600055236,16,11,9,2030,3,2,1,2,4,116
201600055237,16,11,10,2015,5,2,2,8,6,116
201600055238,16,11,11,45,5,2,2,2,4,116
201600055239,16,11,11,1525,1,2,7,1,6,116
201600055240,16,11,12,1045,1,2,1,1,2,116
201600055241,16,11,12,1930,5,2,2,2,3,116
201600055242,16,11,12,2030,5,2,1,2,6,116
201600055243,16,11,13,145,5,2,2,3,3,116
201600055244,16,11,14,830,1,2,5,8,3,116
201600055245,16,11,15,740,2,2,1,1,6,116
201600055246,16,11,16,805,1,2,3,2,6,116
201600055247,16,11,17,840,1,2,4,1,2,116
201600055248,16,11,17,1520,1,2,7,1,6,108
201600055249,16,11,20,1115,1,2,2,2,3,116
201600055250,16,11,20,1310,1,2,1,2,6,116
201600055251,16,11,21,655,2,2,2,2,4,116
201600055252,16,11,21,1057,1,2,1,1,7,116
201600055253,16,11,21,1000,1,2,1,1,6,116
201600055254,16,11,21,1915,5,2,3,8,2,116
201600055255,16,11,22,905,1,2,1,1,6,116
201600055256,16,11,23,105,5,2,1,2,6,116
201600055257,16,11,23,1500,1,2,7,8,3,116
201600055258,16,11,23,2210,5,2,1,1,2,116
201600055259,16,11,24,2315,3,2,7,1,3,116
201600055260,16,11,25,2100,5,2,3,1,3,116
201600055261,16,11,25,1950,5,2,1,1,4,116
201600055262,16,11,26,40,5,2,3,1,3,116
201600055263,16,11,27,500,5,2,1,1,6,116
201600055264,16,11,27,1800,5,2,5,1,2,116
201600055265,16,11,28,1850,5,2,5,1,3,116
201600055266,16,11,29,900,1,2,1,1,3,116
201600055267,16,11,29,1340,1,2,4,1,3,116
201600055268,16,11,29,2120,5,2,5,1,4,116
201600055269,16,11,30,920,1,2,5,1,6,116
201600055270,16,11,30,920,1,2,2,7,6,116
201600055271,16,11,30,1100,1,2,1,1,2,116
201600055272,16,11,30,1615,1,2,4,1,6,116
201600055273,16,11,30,1710,2,2,4,1,3,116
201600055274,16,12,1,1515,1,2,1,1,2,116
201600055275,16,12,1,2000,5,2,3,1,3,116
201600055276,16,12,2,136,5,2,4,1,6,116
201600055277,16,12,2,1530,1,2,1,1,6,116
201600055278,16,12,3,220,5,2,4,1,6,116
201600055279,16,12,3,1810,5,2,2,1,6,116
201600055280,16,12,7,700,5,2,1,1,3,116
201600055281,16,12,8,1400,1,2,2,1,3,116
201600055282,16,12,8,2325,5,2,4,1,2,116
201600055283,16,12,9,1730,2,2,1,1,6,116
201600055284,16,12,10,30,5,2,3,1,4,116
201600055285,16,12,10,2010,5,2,1,1,6,116
201600055286,16,12,11,2015,5,2,1,1,3,116
201600055287,16,12,12,1030,1,2,1,1,6,116
201600055288,16,12,12,2020,5,2,1,4,5,108
201600055289,16,12,13,2200,5,2,5,1,6,116
201600055290,16,12,14,2300,5,2,3,1,3,116
201600055291,16,12,15,655,5,2,1,1,3,116
201600055292,16,12,15,1420,1,2,5,1,6,116
201600055293,16,12,17,1245,1,2,2,1,6,116
201600055294,16,12,21,215,5,2,1,1,6,116
201600055295,16,12,21,2250,5,2,7,2,6,116
201600055296,16,12,22,1000,1,2,7,2,6,116
201600055297,16,12,22,900,2,2,1,2,1,116
201600055298,16,12,22,1000,1,2,1,2,6,116
201600055299,16,12,22,1415,1,2,2,2,3,116
201600055300,16,12,22,2130,5,2,2,1,6,116
201600055301,16,12,23,1405,1,2,3,1,3,116
201600055302,16,12,23,1545,1,2,3,1,6,116
201600055303,16,12,25,125,5,2,4,1,2,116
201600055304,16,12,25,2230,5,2,1,1,1,116
201600055305,16,12,26,1940,5,2,1,1,2,116
201600055306,16,12,27,430,5,2,5,1,6,116
201600055307,16,12,28,1830,5,2,2,1,3,116
201600055308,16,12,29,1145,1,2,1,1,6,116
201600055309,16,12,29,1800,5,2,7,1,6,116
201600055310,16,12,30,1110,1,2,1,1,6,116
201600055311,16,12,30,1120,1,2,5,1,5,116
201600055312,16,1,1,235,5,2,2,1,2,117
201600055313,16,1,3,2100,5,2,4,2,6,117
201600055314,16,1,4,215,5,2,5,1,3,117
201600055315,16,1,5,2050,3,2,4,1,2,117
201600055316,16,1,5,2225,5,2,4,2,7,117
201600055317,16,1,6,105,5,2,1,2,3,117
201600055318,16,1,6,2030,5,2,1,1,6,117
201600055319,16,1,7,1530,1,2,7,1,3,117
201600055320,16,1,8,840,1,2,2,1,3,117
201600055321,16,1,12,45,5,2,2,1,3,117
201600055322,16,1,12,1100,1,2,3,2,3,117
201600055323,16,1,12,2045,5,2,1,3,3,117
201600055324,16,1,13,1515,1,2,4,1,6,117
201600055325,16,1,13,2307,5,2,5,1,5,117
201600055326,16,1,14,1955,5,2,4,1,6,117
201600055327,16,1,16,1730,2,2,3,1,2,117
201600055328,16,1,17,540,5,2,1,1,6,117
201600055329,16,1,18,1800,5,2,1,1,6,117
201600055330,16,1,19,1830,5,2,1,1,6,117
201600055331,16,1,20,730,2,2,1,1,6,117
201600055332,16,1,20,1740,5,2,7,1,3,117
201600055333,16,1,22,930,1,2,1,1,2,117
201600055334,16,1,22,1445,1,2,3,3,6,117
201600055335,16,1,22,1620,1,2,2,2,3,117
201600055336,16,1,23,1745,5,2,7,1,3,117
201600055337,16,1,23,2200,5,2,5,1,3,117
201600055338,16,1,25,1940,2,2,5,1,3,117
201600055339,16,1,26,815,1,2,7,1,2,117
201600055340,16,1,26,1010,1,2,5,1,3,117
201600055341,16,1,27,850,2,2,2,2,2,117
201600055342,16,1,27,1215,1,2,1,1,4,117
201600055343,16,1,27,1530,1,2,3,1,3,117
201600055344,16,1,27,1950,5,2,1,1,3,117
201600055345,16,1,28,840,1,2,2,1,3,117
201600055346,16,1,28,945,1,2,3,1,6,117
201600055347,16,1,31,330,5,2,2,2,6,117
201600055348,16,1,31,930,2,2,4,2,3,117
201600055349,16,1,31,1230,1,2,1,1,6,117
201600055350,16,2,1,1240,1,2,2,1,3,117
201600055351,16,2,1,1755,2,2,1,1,3,117
201600055352,16,2,3,800,1,2,1,1,6,117
201600055353,16,2,3,1335,1,2,5,1,6,117
201600055354,16,2,3,1415,1,2,7,1,3,117
201600055355,16,2,4,820,2,2,4,1,6,117
201600055356,16,2,4,1250,1,2,1,2,3,117
201600055357,16,2,4,1500,1,2,1,9,6,117
201600055358,16,2,6,1530,1,2,3,1,6,117
201600055359,16,2,7,205,5,2,1,2,6,117
201600055360,16,2,9,800,2,2,5,6,6,117
201600055361,16,2,10,2350,5,2,2,1,3,108
201600055362,16,2,11,1215,1,2,3,1,2,117
201600055363,16,2,11,1550,1,2,2,1,3,117
201600055364,16,2,11,1510,1,2,3,1,7,117
201600055365,16,2,11,1900,5,2,2,1,6,117
201600055366,16,2,14,115,5,2,2,2,3,117
201600055367,16,2,14,900,1,2,2,1,3,117
201600055368,16,2,15,2150,5,2,2,1,2,117
201600055369,16,2,19,1540,1,2,1,1,4,117
201600055370,16,2,20,630,5,2,2,2,6,108
201600055371,16,2,20,1030,1,2,2,1,3,117
201600055372,16,2,21,900,1,2,1,1,6,117
201600055373,16,2,22,850,1,2,6,1,3,117
201600055374,16,2,22,2100,5,2,1,2,6,117
201600055375,16,2,23,1500,1,2,5,1,6,117
201600055376,16,2,25,1355,1,2,2,1,6,117
201600055377,16,2,25,1730,1,2,4,1,6,117
201600055378,16,2,27,1045,1,2,1,1,3,117
201600055379,16,2,29,800,1,2,7,1,2,117
201600055380,16,2,29,1345,1,2,7,1,2,117
201600055381,16,3,1,1300,1,2,1,1,6,117
201600055382,16,3,2,1150,1,2,5,1,3,117
201600055383,16,3,3,1440,1,2,2,1,3,117
201600055384,16,3,3,1940,5,2,4,1,4,117
201600055385,16,3,4,1210,1,2,2,1,3,117
201600055386,16,3,4,1600,1,2,2,2,3,117
201600055387,16,3,5,530,5,2,2,2,6,117
201600055388,16,3,8,1640,1,2,1,1,6,117
201600055389,16,3,9,2205,5,2,2,1,7,117
201600055390,16,3,10,710,1,2,2,1,6,117
201600055391,16,3,11,800,1,2,3,1,3,117
201600055392,16,3,12,1020,1,2,1,1,6,117
201600055393,16,3,14,920,1,2,2,1,2,117
201600055394,16,3,14,1520,1,2,1,1,7,117
201600055395,16,3,14,1858,5,2,1,1,6,117
201600055396,16,3,14,2130,5,2,2,1,3,117
201600055397,16,3,15,1555,1,2,2,1,6,117
201600055398,16,3,15,1545,1,2,4,1,3,117
201600055399,16,3,16,900,1,2,1,1,2,117
201600055400,16,3,17,5,5,2,2,1,6,117
201600055401,16,3,18,640,2,2,1,1,2,117
201600055402,16,3,18,1830,2,2,1,1,3,117
201600055403,16,3,19,320,5,2,1,1,2,117
201600055404,16,3,21,240,5,2,2,1,3,116
201600055405,16,3,21,1020,1,2,3,1,2,117
201600055406,16,3,21,2115,5,2,1,1,3,117
201600055407,16,3,23,1005,1,2,7,1,6,117
201600055408,16,3,24,1220,1,2,2,1,3,117
201600055409,16,3,25,1150,1,2,7,2,7,117
201600055410,16,3,25,1250,1,2,3,2,3,117
201600055411,16,3,25,1555,1,2,7,1,6,117
201600055412,16,3,26,1050,1,2,1,1,6,117
201600055413,16,3,27,1,5,2,3,3,6,117
201600055414,16,3,27,1140,1,2,4,1,6,117
201600055415,16,3,30,1415,1,2,1,2,6,117
201600055416,16,3,30,1610,1,2,2,2,6,117
201600055417,16,3,31,1050,1,2,1,2,6,117
201600055418,16,3,31,1230,1,2,7,2,6,117
201600055419,16,4,3,1145,1,2,4,1,2,117
201600055420,16,4,3,1755,1,2,7,1,3,117
201600055421,16,4,4,1515,1,2,5,1,6,117
201600055422,16,4,4,1630,1,2,2,1,3,117
201600055423,16,4,5,832,1,2,1,1,2,117
201600055424,16,4,6,1520,1,2,5,1,6,117
201600055425,16,4,6,1730,1,2,7,2,6,117
201600055426,16,4,7,740,1,2,7,1,3,117
201600055427,16,4,7,1440,1,2,1,1,6,117
201600055428,16,4,7,2200,5,2,2,1,3,117
201600055429,16,4,9,1710,1,2,2,2,7,117
201600055430,16,4,13,1000,1,2,7,1,3,117
201600055431,16,4,13,1745,1,2,2,1,2,117
201600055432,16,4,14,1750,1,2,1,2,3,117
201600055433,16,4,15,715,1,2,7,1,6,117
201600055434,16,4,15,1145,1,2,5,1,2,117
201600055435,16,4,15,1350,1,2,1,1,7,117
201600055436,16,4,15,1515,1,2,2,3,6,117
201600055437,16,4,14,2200,5,2,1,1,6,117
201600055438,16,4,16,930,1,2,4,1,1,117
201600055439,16,4,17,100,5,2,4,1,6,117
201600055440,16,4,17,1310,1,2,5,1,7,117
201600055441,16,4,18,1430,1,2,2,1,6,117
201600055442,16,4,18,1600,1,2,1,1,2,117
201600055443,16,4,19,1510,1,2,1,1,2,117
201600055444,16,4,21,1735,1,2,2,1,3,117
201600055445,16,4,23,500,5,2,1,2,2,108
201600055446,16,4,23,1250,1,2,2,1,3,117
201600055447,16,4,23,2040,5,2,2,1,3,117
201600055448,16,4,25,920,1,2,1,1,1,117
201600055449,16,4,25,1250,1,2,1,1,6,117
201600055450,16,4,25,2305,5,2,7,2,3,117
201600055451,16,4,27,1935,1,2,1,1,6,108
201600055452,16,4,27,1910,1,2,7,1,3,108
201600055453,16,4,28,225,5,2,2,1,3,117
201600055454,16,4,29,2245,5,2,5,2,3,117
201600055455,16,5,1,920,1,2,4,1,6,117
201600055456,16,5,1,1815,1,2,1,1,2,117
201600055457,16,4,2,1010,1,2,1,1,3,117
201600055458,16,5,3,1200,1,2,7,1,6,117
201600055459,16,5,4,1150,1,2,1,1,6,117
201600055460,16,5,4,1710,1,2,7,1,2,117
201600055461,16,5,6,100,5,2,3,1,2,117
201600055462,16,5,8,1350,1,2,1,1,3,117
201600055463,16,5,10,1530,1,2,1,2,6,117
201600055464,16,5,10,1655,1,2,1,3,6,117
201600055465,16,5,11,1600,1,2,4,3,3,117
201600055466,16,5,15,545,1,2,5,1,7,117
201600055467,16,5,16,55,5,2,1,1,5,117
201600055468,16,5,16,425,5,2,1,1,6,117
201600055469,16,5,18,1650,1,2,1,3,2,117
201600055470,16,5,19,1230,1,2,7,1,6,117
201600055471,16,5,19,1950,1,2,7,1,2,117
201600055472,16,5,20,1600,1,2,2,1,6,117
201600055473,16,5,21,1830,1,2,7,1,2,117
201600055474,16,5,21,1945,1,2,1,1,3,117
201600055475,16,5,22,1425,1,2,5,3,2,117
201600055476,16,5,25,1310,1,2,3,1,6,117
201600055477,16,5,25,1615,1,2,4,1,3,117
201600055478,16,5,25,1910,1,2,3,1,6,117
201600055479,16,5,27,2015,1,2,4,1,3,117
201600055480,16,5,27,2000,1,2,1,1,3,117
201600055481,16,5,29,1755,1,2,2,2,3,117
201600055482,16,5,29,2045,2,2,2,3,6,117
201600055483,16,5,30,2225,5,2,7,3,6,117
201600055484,16,6,1,1915,1,2,1,2,6,108
201600055485,16,6,6,1705,1,2,4,1,6,117
201600055486,16,6,7,1545,1,2,5,1,3,117
201600055487,16,6,7,2015,2,2,1,1,2,116
201600055488,16,6,9,850,1,2,2,1,3,117
201600055489,16,6,9,1430,1,2,2,1,3,117
201600055490,16,6,9,1920,1,2,1,1,3,117
201600055491,16,6,9,1900,1,2,1,1,3,117
201600055492,16,6,10,1640,1,2,1,1,3,117
201600055493,16,6,10,1910,1,2,1,1,6,117
201600055494,16,6,14,15,5,2,1,1,2,117
201600055495,16,6,15,1200,1,2,2,1,6,117
201600055496,16,6,16,1205,1,2,2,1,3,117
201600055497,16,6,17,1355,1,2,7,2,6,117
201600055498,16,6,17,1655,1,2,1,2,6,117
201600055499,16,6,17,1520,1,2,1,3,6,117
201600055500,16,6,18,1645,1,2,1,1,3,117
201600055501,16,6,19,2015,1,2,1,1,2,117
201600055502,16,6,20,1430,1,2,1,3,3,117
201600055503,16,6,21,930,1,2,7,2,3,116
201600055504,16,6,21,2300,5,2,2,2,6,117
201600055505,16,6,23,1215,1,2,2,1,3,117
201600055506,16,6,23,1920,1,2,2,1,3,117
201600055507,16,6,24,1,5,2,3,1,6,117
201600055508,16,6,24,1330,1,2,3,1,3,117
201600055509,16,6,24,1400,1,2,7,1,3,117
201600055510,16,6,25,1350,1,2,3,1,6,118
201600055511,16,6,25,1910,1,2,1,1,3,117
201600055512,16,6,26,1535,1,2,2,1,6,108
201600055513,16,6,26,1615,1,2,7,1,3,116
201600055514,16,6,27,2050,2,2,1,1,6,117
201600055515,16,6,28,945,1,2,1,1,6,118
201600055516,16,6,28,2050,1,2,3,1,3,117
201600055517,16,6,29,1240,1,2,1,1,6,117
201600055518,16,6,29,1315,1,2,1,1,2,117
201600055519,16,6,29,1600,1,2,1,1,7,117
201600055520,16,6,30,1315,1,2,1,1,3,108
201600055521,16,6,30,2107,1,2,4,1,3,117
201600055522,16,7,3,410,5,2,2,1,6,117
201600055523,16,7,3,1340,1,2,1,2,2,117
201600055524,16,7,3,545,5,2,7,1,6,117
201600055525,16,7,5,1020,1,2,2,1,3,117
201600055526,16,7,6,1330,1,2,1,1,6,117
201600055527,16,7,6,2350,5,2,5,1,6,117
201600055528,16,7,7,1900,1,2,7,1,2,117
201600055529,16,7,7,1930,1,2,7,1,3,101
201600055530,16,7,9,615,1,2,4,1,4,117
201600055531,16,7,9,1300,1,2,3,1,3,117
201600055532,16,7,10,44,5,2,1,1,6,117
201600055533,16,7,10,1100,1,2,1,1,3,117
201600055534,16,7,10,1240,1,2,7,1,6,117
201600055535,16,7,11,845,1,2,2,1,3,117
201600055536,16,7,11,1450,1,2,7,1,3,117
201600055537,16,7,11,1840,1,2,3,1,6,116
201600055538,16,7,11,2252,5,2,5,1,3,117
201600055539,16,7,12,1430,1,2,7,1,3,117
201600055540,16,7,13,56,5,2,1,2,7,117
201600055541,16,7,13,2237,5,2,2,1,1,117
201600055542,16,7,14,1745,1,2,3,1,4,117
201600055543,16,7,15,1245,1,2,5,1,3,117
201600055544,16,7,15,1825,1,2,2,1,3,117
201600055545,16,7,16,10,5,2,3,1,6,117
201600055546,16,7,18,1415,1,2,1,1,6,108
201600055547,16,7,18,1930,1,2,1,1,3,117
201600055548,16,7,19,1430,1,2,3,1,6,117
201600055549,16,7,20,110,5,2,5,1,6,116
201600055550,16,7,20,350,5,2,7,1,6,117
201600055551,16,7,20,1525,1,2,1,1,3,117
201600055552,16,7,20,2250,5,2,5,1,6,117
201600055553,16,7,21,1100,1,2,1,1,3,117
201600055554,16,7,22,2100,1,2,5,1,3,117
201600055555,16,7,23,2350,5,2,3,1,3,117
201600055556,16,7,24,1230,1,2,7,1,3,117
201600055557,16,7,24,1635,1,2,3,1,6,117
201600055558,16,7,24,2310,5,2,3,1,3,117
201600055559,16,7,25,1315,1,2,1,1,4,117
201600055560,16,7,25,1905,1,2,1,1,6,117
201600055561,16,7,25,2030,2,2,2,1,6,117
201600055562,16,7,26,1755,1,2,1,1,6,117
201600055563,16,7,27,830,1,2,7,1,3,117
201600055564,16,7,27,1920,1,2,2,1,3,117
201600055565,16,7,28,145,5,2,1,1,6,117
201600055566,16,7,29,1000,1,2,4,1,6,117
201600055567,16,7,30,1230,1,2,1,1,6,117
201600055568,16,7,30,1530,1,2,2,1,6,117
201600055569,16,7,30,1610,1,2,4,1,3,117
201600055570,16,7,31,1530,1,2,2,1,3,117
201600055571,16,8,1,1115,1,2,1,1,4,117
201600055572,16,8,1,1700,1,2,3,1,3,117
201600055573,16,8,3,915,1,2,1,1,3,117
201600055574,16,8,3,2000,2,2,1,2,6,108
201600055575,16,8,4,1615,1,2,2,1,7,117
201600055576,16,8,9,1045,1,2,2,1,6,117
201600055577,16,8,10,1510,1,2,1,1,7,117
201600055578,16,8,17,1820,1,2,2,1,6,117
201600055579,16,8,18,145,5,2,1,1,2,117
201600055580,16,8,21,2205,5,2,2,1,6,117
201600055581,16,8,22,1910,1,2,2,1,6,117
201600055582,16,8,22,2050,1,2,2,1,6,116
201600055583,16,8,23,1920,1,2,5,1,6,117
201600055584,16,8,24,1220,1,2,1,1,2,117
201600055585,16,8,24,1505,1,2,1,1,3,117
201600055586,16,8,25,800,1,2,3,1,2,117
201600055587,16,8,30,730,1,2,1,1,7,117
201600055588,16,9,4,1250,1,2,1,1,7,117
201600055589,16,9,5,1320,1,2,2,3,6,117
201600055590,16,9,5,1910,1,2,1,2,2,117
201600055591,16,9,6,1625,1,2,2,1,6,117
201600055592,16,9,7,1930,1,2,1,1,2,117
201600055593,16,9,7,2000,5,2,4,1,2,117
201600055594,16,9,10,10,5,2,5,1,7,117
201600055595,16,9,10,2245,5,2,2,1,6,117
201600055596,16,9,11,325,5,2,7,1,6,117
201600055597,16,9,12,1600,1,2,2,1,6,117
201600055598,16,9,13,1,4,2,5,1,3,117
201600055599,16,9,13,1235,1,2,5,1,6,117
201600055600,16,9,13,1645,1,2,4,1,3,117
201600055601,16,9,14,915,1,2,4,1,3,116
201600055602,16,9,14,2100,5,2,3,2,7,117
201600055603,16,9,15,800,1,2,2,2,7,117
201600055604,16,9,16,420,5,2,1,1,6,117
201600055605,16,9,17,30,5,2,7,2,6,117
201600055606,16,9,18,1230,1,2,2,1,3,117
201600055607,16,9,21,1050,1,2,2,1,2,117
201600055608,16,9,21,1705,1,2,2,1,3,117
201600055609,16,9,22,1230,1,2,2,1,6,117
201600055610,16,9,23,1430,1,2,1,1,6,117
201600055611,16,9,23,1825,1,2,1,1,2,117
201600055612,16,9,26,1225,1,2,1,1,1,117
201600055613,16,9,26,1345,1,2,2,1,3,117
201600055614,16,9,26,1430,1,2,3,1,3,117
201600055615,16,9,26,1900,1,2,2,1,6,117
201600055616,16,9,27,1700,1,2,1,1,6,117
201600055617,16,9,28,1500,1,2,5,1,3,117
201600055618,16,9,28,1730,1,2,1,1,6,117
201600055619,16,9,29,2220,5,2,3,1,3,117
201600055620,16,10,1,10,5,2,1,2,3,117
201600055621,16,10,4,1615,1,2,4,1,3,117
201600055622,16,10,5,1415,1,2,7,1,3,117
201600055623,16,10,5,1820,1,2,7,1,3,117
201600055624,16,10,6,1055,1,2,5,7,3,117
201600055625,16,10,6,1215,1,2,1,1,2,117
201600055626,16,10,6,1400,1,2,4,1,6,116
201600055627,16,10,6,2315,5,2,1,1,6,117
201600055628,16,10,7,120,5,2,3,1,3,117
201600055629,16,10,7,1735,1,2,2,1,6,117
201600055630,16,10,8,1045,1,2,2,1,3,117
201600055631,16,10,7,1830,2,2,2,1,2,117
201600055632,16,10,9,420,5,2,2,1,3,117
201600055633,16,10,10,835,1,2,3,1,3,117
201600055634,16,10,10,1450,1,2,2,1,6,117
201600055635,16,10,10,1805,1,2,5,2,3,117
201600055636,16,10,10,1810,2,2,7,2,7,116
201600055637,16,10,11,1235,1,2,1,1,6,117
201600055638,16,10,12,930,1,2,1,1,6,117
201600055639,16,10,13,5,5,2,3,1,3,117
201600055640,16,10,13,1920,5,2,2,1,3,117
201600055641,16,10,15,126,5,2,2,2,6,117
201600055642,16,10,15,1115,1,2,2,1,3,117
201600055643,16,10,16,400,5,2,2,1,6,117
201600055644,16,10,16,2250,5,2,4,1,3,117
201600055645,16,10,17,1540,1,2,3,1,6,117
201600055646,16,10,18,845,1,2,1,1,4,117
201600055647,16,10,18,1155,1,2,1,1,6,117
201600055648,16,10,18,1836,2,2,1,2,6,117
201600055649,16,10,19,910,1,2,1,1,6,117
201600055650,16,10,19,1425,1,2,1,1,4,117
201600055651,16,10,19,2050,5,2,1,1,3,117
201600055652,16,10,20,1430,1,2,7,2,7,117
201600055653,16,10,22,1230,1,2,1,1,6,117
201600055654,16,10,24,5,5,2,2,2,3,116
201600055655,16,10,24,940,1,2,1,2,3,116
201600055656,16,10,24,2310,5,2,1,2,2,117
201600055657,16,10,25,800,1,2,1,1,3,117
201600055658,16,10,28,1945,5,2,3,1,6,117
201600055659,16,10,31,1318,1,2,7,1,3,117
201600055660,16,10,31,1645,1,2,3,1,6,117
201600055661,16,11,1,1,5,2,7,1,2,116
201600055662,16,11,2,920,1,2,5,1,3,117
201600055663,16,11,3,1800,5,2,1,1,6,117
201600055664,16,11,4,1025,1,2,1,2,6,117
201600055665,16,11,4,1310,1,2,1,1,6,117
201600055666,16,11,9,2255,5,2,2,2,3,117
201600055667,16,11,10,250,5,2,1,8,6,117
201600055668,16,11,10,1610,1,2,1,2,3,116
201600055669,16,11,10,2000,5,2,2,3,6,117
201600055670,16,11,14,2218,5,2,1,1,3,117
201600055671,16,11,15,950,1,2,2,8,3,117
201600055672,16,11,15,1250,1,2,3,1,6,117
201600055673,16,11,16,1030,1,2,1,1,2,117
201600055674,16,11,17,820,1,2,3,1,6,117
201600055675,16,11,17,1030,1,2,2,1,3,117
201600055676,16,11,17,1940,5,2,1,1,6,115
201600055677,16,11,17,2045,5,2,1,1,3,117
201600055678,16,11,17,2120,5,2,2,2,3,117
201600055679,16,11,18,740,1,2,4,1,3,117
201600055680,16,11,19,825,1,2,1,1,3,117
201600055681,16,11,21,815,1,2,2,2,6,117
201600055682,16,11,21,750,1,2,3,2,1,117
201600055683,16,11,23,2145,5,2,7,8,3,117
201600055684,16,11,25,1309,1,2,7,1,6,117
201600055685,16,11,25,2000,5,2,1,1,3,117
201600055686,16,11,28,1440,1,2,5,7,6,117