Num_Acc,an,mois,jour,hrmn,lum,agg,int,atm,col,com
201600055687,16,11,28,1700,5,2,4,1,6,117
201600055688,16,11,28,1750,5,2,1,1,6,117
201600055689,16,11,29,825,1,2,3,1,6,117
201600055690,16,11,29,1040,1,2,3,1,6,117
201600055691,16,11,30,1825,5,2,3,1,6,117
201600055692,16,12,1,1500,1,2,1,1,6,117
201600055693,16,12,2,1345,1,2,2,1,6,117
201600055694,16,12,2,1930,2,2,3,1,3,117
201600055695,16,12,3,1600,1,2,1,1,6,117
201600055696,16,12,3,2110,5,2,4,1,6,117
201600055697,16,12,6,1,5,2,7,1,6,117
201600055698,16,12,6,1100,1,2,5,1,3,117
201600055699,16,12,6,1150,1,2,7,1,3,117
201600055700,16,12,7,1800,5,2,2,1,6,117
201600055701,16,12,8,1115,1,2,1,1,6,117
201600055702,16,12,8,1835,5,2,1,1,6,117
201600055703,16,12,8,1850,5,2,1,1,6,117
201600055704,16,12,9,1000,1,2,1,1,2,117
201600055705,16,12,11,1645,2,2,3,1,6,117
201600055706,16,12,12,905,1,2,5,8,6,117
201600055707,16,12,12,1850,5,2,5,2,6,117
201600055708,16,12,13,1640,2,2,1,1,3,117
201600055709,16,12,13,1745,5,2,1,1,6,117
201600055710,16,12,15,850,1,2,3,1,7,117
201600055711,16,12,15,1420,1,2,3,1,6,117
201600055712,16,12,15,1830,5,2,1,1,6,117
201600055713,16,12,16,915,1,2,2,1,3,117
201600055714,16,12,19,1750,5,2,5,1,6,117
201600055715,16,12,19,2130,5,2,2,1,6,117
201600055716,16,12,21,1220,1,2,2,1,2,117
201600055717,16,12,23,1740,5,2,1,1,3,116
201600055718,16,12,23,1810,5,2,7,1,3,117
201600055719,16,12,24,1135,1,2,2,1,3,117
201600055720,16,12,26,1350,1,2,1,1,2,117
201600055721,16,12,27,1655,2,2,2,1,3,117
201600055722,16,12,27,1800,5,2,5,1,3,117
201600055723,16,12,30,1210,1,2,3,1,3,117
201600055724,16,12,30,1730,5,2,1,1,3,117
201600055725,16,12,31,1245,1,2,1,1,2,117
201600055726,16,12,31,1815,5,2,1,1,6,117
201600055727,16,1,5,1505,1,2,5,1,6,118
201600055728,16,1,5,2300,5,2,2,2,3,118
201600055729,16,1,12,2350,5,2,2,1,3,118
201600055730,16,1,14,1030,1,2,2,8,3,118
201600055731,16,1,15,1545,1,2,1,1,2,118
201600055732,16,1,15,2000,5,2,3,1,3,118
201600055733,16,1,16,2025,5,2,6,1,3,118
201600055734,16,1,18,1930,5,2,3,1,3,118
201600055735,16,1,19,600,5,2,2,1,3,118
201600055736,16,1,19,745,1,2,2,1,6,118
201600055737,16,1,20,100,5,2,7,1,3,118
201600055738,16,1,20,1645,1,2,2,1,2,118
201600055739,16,1,20,2100,5,2,3,1,6,118
201600055740,16,1,21,1705,2,2,1,1,3,118
201600055741,16,1,22,1950,5,2,3,2,7,118
201600055742,16,1,23,225,4,2,3,1,6,118
201600055743,16,1,23,820,1,2,7,2,3,118
201600055744,16,1,24,1500,1,2,3,1,7,118
201600055745,16,1,25,115,5,2,1,1,6,118
201600055746,16,1,25,1800,5,2,4,1,3,118
201600055747,16,1,26,2015,1,2,1,1,7,118
201600055748,16,1,28,520,4,2,3,1,6,118
201600055749,16,1,29,1535,1,2,3,1,6,118
201600055750,16,1,29,2127,1,2,5,1,6,118
201600055751,16,1,29,2205,5,2,5,1,6,118
201600055752,16,2,1,1,5,2,2,1,3,118
201600055753,16,2,1,1935,5,2,1,1,3,118
201600055754,16,2,3,830,1,2,3,1,3,118
201600055755,16,2,3,1920,5,2,2,2,3,118
201600055756,16,2,4,1535,1,2,3,8,6,118
201600055757,16,2,4,1730,2,2,1,1,7,118
201600055758,16,2,4,1915,5,2,1,2,5,118
201600055759,16,2,5,1630,1,2,1,1,3,118
201600055760,16,2,7,1515,1,2,1,1,6,118
201600055761,16,2,8,1618,1,2,2,1,6,118
201600055762,16,2,9,1050,1,2,3,2,3,117
201600055763,16,2,9,1745,2,2,1,1,6,118
201600055764,16,2,11,930,1,2,1,1,6,118
201600055765,16,2,11,1200,1,2,4,1,6,118
201600055766,16,2,15,1640,1,2,1,1,3,118
201600055767,16,2,16,1720,1,2,6,1,3,118
201600055768,16,2,17,1800,5,2,3,1,6,118
201600055769,16,2,18,445,5,2,2,1,6,110
201600055770,16,2,20,1800,5,2,1,1,6,118
201600055771,16,2,21,2100,5,2,1,1,3,118
201600055772,16,2,24,905,1,2,2,1,3,118
201600055773,16,2,24,1750,1,2,3,2,6,118
201600055774,16,2,26,1050,1,2,7,1,6,118
201600055775,16,2,26,1435,1,2,1,1,4,118
201600055776,16,2,26,2030,5,2,2,1,3,118
201600055777,16,2,27,1800,2,2,1,1,6,118
201600055778,16,2,27,2135,5,2,1,1,3,118
201600055779,16,2,29,1830,5,2,2,1,6,118
201600055780,16,3,1,800,1,2,1,1,3,118
201600055781,16,3,1,1820,2,2,4,2,3,118
201600055782,16,3,1,2040,5,2,3,2,7,118
201600055783,16,3,1,1950,5,2,3,2,6,118
201600055784,16,3,2,915,1,2,2,1,7,110
201600055785,16,3,2,1515,1,2,5,8,6,118
201600055786,16,3,3,1903,5,2,2,1,3,118
201600055787,16,3,4,1400,1,2,2,1,6,118
201600055788,16,3,6,2110,5,2,3,2,3,118
201600055789,16,3,8,1130,1,2,5,1,3,118
201600055790,16,3,8,1515,1,2,5,1,6,118
201600055791,16,3,8,1620,1,2,2,1,6,118
201600055792,16,3,12,1245,1,2,1,1,2,118
201600055793,16,3,13,1200,1,2,3,1,6,118
201600055794,16,3,14,1145,1,2,1,1,6,118
201600055795,16,3,17,515,5,2,3,1,4,118
201600055796,16,3,17,2115,5,2,7,1,6,118
201600055797,16,3,17,2330,5,2,3,1,6,118
201600055798,16,3,18,2040,5,2,3,1,6,118
201600055799,16,3,19,2300,5,2,2,1,3,118
201600055800,16,3,20,1905,5,2,3,1,6,118
201600055801,16,3,15,2150,5,2,7,1,3,118
201600055802,16,3,22,710,1,2,5,1,7,118
201600055803,16,3,22,930,1,2,1,1,3,118
201600055804,16,3,22,1310,1,2,1,1,3,118
201600055805,16,3,22,1800,1,2,1,1,6,118
201600055806,16,3,23,645,1,2,1,1,7,118
201600055807,16,3,24,1150,1,2,2,1,6,118
201600055808,16,3,25,1550,1,2,1,1,6,118
201600055809,16,3,25,1710,1,2,5,1,3,118
201600055810,16,3,25,1740,1,2,5,1,6,118
201600055811,16,3,26,1235,1,2,3,1,6,118
201600055812,16,3,27,45,5,2,3,3,3,118
201600055813,16,3,27,1930,1,2,3,1,6,118
201600055814,16,3,30,820,1,2,1,2,7,118
201600055815,16,3,30,1821,1,2,1,2,6,118
201600055816,16,3,31,1000,1,2,1,3,2,118
201600055817,16,4,1,145,5,2,3,1,2,118
201600055818,16,4,1,1240,1,2,2,1,7,118
201600055819,16,4,1,2230,5,2,5,1,6,118
201600055820,16,4,2,2038,2,2,7,2,6,118
201600055821,16,4,3,30,5,2,1,2,6,118
201600055822,16,4,3,1910,1,2,3,1,3,118
201600055823,16,4,4,1050,1,2,2,1,6,118
201600055824,16,4,4,2015,2,2,4,1,3,118
201600055825,16,4,4,2055,2,2,7,1,3,118
201600055826,16,4,6,926,1,2,1,1,7,118
201600055827,16,4,6,1640,1,2,1,1,6,118
201600055828,16,4,6,2200,5,2,1,1,7,118
201600055829,16,4,9,150,5,2,3,1,6,118
201600055830,16,4,9,1410,1,2,1,8,6,118
201600055831,16,4,10,1745,1,2,1,1,6,118
201600055832,16,4,11,1920,1,2,1,8,6,118
201600055833,16,4,12,1745,1,2,4,1,6,118
201600055834,16,4,13,615,2,2,1,2,6,118
201600055835,16,4,14,1715,1,2,2,2,6,118
201600055836,16,4,14,1950,2,2,1,2,2,118
201600055837,16,4,14,2245,5,2,1,1,2,118
201600055838,16,4,15,1330,1,2,1,1,3,118
201600055839,16,4,15,1510,1,2,3,3,3,118
201600055840,16,4,15,1700,1,2,1,1,2,118
201600055841,16,4,16,25,5,2,5,1,3,118
201600055842,16,4,16,310,5,2,4,1,6,118
201600055843,16,4,17,1730,1,2,4,1,3,118
201600055844,16,4,18,1350,1,2,1,1,6,118
201600055845,16,4,19,1640,1,2,3,1,6,118
201600055846,16,4,21,915,1,2,5,1,2,118
201600055847,16,4,23,1750,1,2,5,1,2,118
201600055848,16,4,26,1000,1,2,2,1,6,118
201600055849,16,4,27,1620,1,2,1,1,6,118
201600055850,16,4,29,520,5,2,5,1,3,118
201600055851,16,4,29,1040,1,2,5,1,2,118
201600055852,16,4,29,1120,1,2,1,1,6,118
201600055853,16,4,28,1945,1,2,5,1,6,118
201600055854,16,5,2,1355,1,2,7,1,3,118
201600055855,16,5,2,1719,1,2,7,1,3,118
201600055856,16,5,3,1130,1,2,2,1,6,118
201600055857,16,5,3,1108,1,2,5,1,6,118
201600055858,16,5,3,1400,1,2,5,1,2,118
201600055859,16,5,4,50,5,2,4,1,3,118
201600055860,16,5,5,1105,1,2,2,1,7,118
201600055861,16,5,5,1850,1,2,1,1,3,118
201600055862,16,5,5,2030,1,2,3,1,3,118
201600055863,16,5,6,1700,1,2,4,1,6,118
201600055864,16,5,7,1508,1,2,4,1,3,118
201600055865,16,5,9,900,1,2,1,1,6,118
201600055866,16,5,9,1740,1,2,2,1,6,118
201600055867,16,5,10,1530,1,2,1,2,6,118
201600055868,16,5,10,1607,1,2,5,3,6,118
201600055869,16,5,11,1610,1,2,1,2,6,118
201600055870,16,5,11,2210,5,2,3,1,3,118
201600055871,16,5,9,1210,1,2,4,1,3,118
201600055872,16,5,13,2200,5,2,1,1,6,118
201600055873,16,5,14,1950,1,2,3,1,1,118
201600055874,16,5,16,1125,1,2,3,1,3,118
201600055875,16,5,16,2010,1,2,3,1,3,118
201600055876,16,5,17,2028,2,2,3,1,6,118
201600055877,16,5,18,2205,5,2,2,3,6,118
201600055878,16,5,20,545,2,2,7,1,6,118
201600055879,16,5,20,1600,1,2,5,1,3,118
201600055880,16,5,20,2030,2,2,2,1,6,118
201600055881,16,5,21,130,5,2,4,1,6,118
201600055882,16,5,23,1305,1,2,1,2,2,118
201600055883,16,5,25,805,1,2,7,1,6,118
201600055884,16,5,26,1730,1,2,1,1,6,118
201600055885,16,5,26,1705,1,2,2,1,3,118
201600055886,16,5,26,2218,5,2,2,1,6,118
201600055887,16,5,27,1900,1,2,4,1,3,118
201600055888,16,5,28,1112,1,2,1,1,2,118
201600055889,16,5,29,1825,1,2,1,1,3,118
201600055890,16,5,29,2045,2,2,1,3,7,118
201600055891,16,5,29,516,2,2,2,8,3,118
201600055892,16,5,30,1145,1,2,2,3,6,118
201600055893,16,5,31,850,1,2,5,3,3,118
201600055894,16,6,2,1825,1,2,1,1,3,118
201600055895,16,6,2,2045,2,2,1,1,6,118
201600055896,16,6,3,1010,1,2,2,1,6,118
201600055897,16,6,3,1150,1,2,5,1,6,118
201600055898,16,6,3,1735,1,2,1,1,6,118
201600055899,16,6,5,30,5,2,4,2,6,118
201600055900,16,6,6,850,1,2,1,1,6,118
201600055901,16,6,6,2000,1,2,3,1,6,118
201600055902,16,6,7,1700,1,2,7,1,6,118
201600055903,16,6,8,1925,1,2,4,1,6,118
201600055904,16,6,9,1000,1,2,5,1,3,118
201600055905,16,6,9,1700,1,2,3,1,3,118
201600055906,16,6,10,1745,1,2,2,1,6,118
201600055907,16,6,12,1900,1,2,1,2,6,118
201600055908,16,6,13,2045,2,2,3,1,6,119
201600055909,16,6,14,625,1,2,1,1,6,118
201600055910,16,6,14,1530,1,2,1,1,6,118
201600055911,16,6,16,1615,1,2,2,2,1,118
201600055912,16,6,17,1845,1,2,3,2,6,118
201600055913,16,6,18,1645,1,2,1,2,7,118
201600055914,16,6,19,2010,1,2,1,1,6,118
201600055915,16,6,21,1400,1,2,1,1,2,118
201600055916,16,6,23,2230,5,2,3,1,6,118
201600055917,16,6,24,1140,1,2,2,1,3,118
201600055918,16,6,25,1755,1,2,1,1,7,118
201600055919,16,6,26,150,5,2,1,1,6,118
201600055920,16,6,26,705,1,2,3,1,1,118
201600055921,16,6,28,945,1,2,3,1,3,118
201600055922,16,6,28,2125,2,2,3,1,7,118
201600055923,16,6,29,1500,1,2,1,1,6,118
201600055924,16,6,30,1230,1,2,1,1,3,118
201600055925,16,7,1,1245,1,2,3,1,3,118
201600055926,16,7,1,1330,1,2,2,1,6,118
201600055927,16,7,2,2345,1,2,2,1,3,118
201600055928,16,7,3,240,5,2,1,1,6,118
201600055929,16,7,3,1900,1,2,5,2,3,118
201600055930,16,7,5,1258,1,2,5,1,6,118
201600055931,16,7,5,2110,2,2,3,1,3,118
201600055932,16,7,6,1455,1,2,5,1,6,118
201600055933,16,7,6,1835,1,2,1,1,3,118
201600055934,16,7,6,2205,5,2,1,1,6,118
201600055935,16,7,7,55,5,2,1,1,6,118
201600055936,16,7,7,1845,1,2,1,1,3,118
201600055937,16,7,7,1830,1,2,1,1,6,118
201600055938,16,7,7,1720,1,2,2,1,3,118
201600055939,16,7,8,1650,1,2,5,1,6,118
201600055940,16,7,9,1830,1,2,2,1,3,118
201600055941,16,7,10,650,1,2,2,1,3,118
201600055942,16,7,10,1330,1,2,2,1,2,118
201600055943,16,7,11,1230,1,2,1,1,6,118
201600055944,16,7,11,1140,1,2,2,1,6,118
201600055945,16,7,12,2100,1,2,1,1,3,110
201600055946,16,7,13,100,5,2,2,2,3,118
201600055947,16,7,13,1520,1,2,7,1,6,118
201600055948,16,7,16,100,5,2,4,1,2,118
201600055949,16,7,16,2100,1,2,2,1,3,118
201600055950,16,7,17,700,1,2,1,1,6,118
201600055951,16,7,18,1900,1,2,2,1,3,118
201600055952,16,7,19,1915,1,2,2,1,6,118
201600055953,16,7,20,1442,1,2,2,1,3,118
201600055954,16,7,22,1549,1,2,3,1,2,118
201600055955,16,7,23,230,5,2,2,1,6,118
201600055956,16,7,23,1200,1,2,2,1,3,118
201600055957,16,7,25,1215,1,2,1,1,6,118
201600055958,16,7,26,905,1,2,3,1,6,118
201600055959,16,7,30,945,1,2,1,1,2,118
201600055960,16,8,2,300,5,2,5,2,3,118
201600055961,16,8,2,915,1,2,3,2,7,118
201600055962,16,8,3,920,1,2,1,8,7,118
201600055963,16,8,3,2005,1,2,2,1,6,118
201600055964,16,8,3,2330,5,2,1,1,6,118
201600055965,16,8,4,1510,1,2,5,1,3,118
201600055966,16,8,6,805,1,2,2,1,7,118
201600055967,16,8,6,1730,1,2,1,1,6,118
201600055968,16,8,8,1900,1,2,3,1,3,118
201600055969,16,8,8,2010,2,2,1,1,6,118
201600055970,16,8,10,845,1,2,2,1,6,118
201600055971,16,8,10,1055,1,2,3,1,6,118
201600055972,16,8,16,855,1,2,3,7,3,118
201600055973,16,8,16,1230,1,2,7,1,6,118
201600055974,16,8,17,1000,1,2,4,1,3,118
201600055975,16,8,18,455,5,2,4,2,2,118
201600055976,16,8,20,1955,1,2,1,1,6,118
201600055977,16,8,20,2200,5,2,1,2,6,118
201600055978,16,8,23,850,1,2,5,1,6,118
201600055979,16,8,25,1800,1,2,2,1,2,118
201600055980,16,8,31,1500,1,2,5,1,3,118
201600055981,16,9,1,925,1,2,3,1,6,118
201600055982,16,9,4,700,1,2,2,1,6,118
201600055983,16,9,4,2150,5,2,2,2,6,118
201600055984,16,9,5,830,1,2,2,2,6,118
201600055985,16,9,7,1430,1,2,5,1,6,118
201600055986,16,9,7,1840,1,2,5,1,2,118
201600055987,16,9,7,1900,1,2,2,1,6,117
201600055988,16,9,8,1744,1,2,1,1,6,118
201600055989,16,9,9,1230,1,2,3,1,6,118
201600055990,16,9,9,1550,1,2,1,1,3,118
201600055991,16,9,9,1545,1,2,1,1,6,118
201600055992,16,9,9,1705,1,2,2,1,6,118
201600055993,16,9,10,1,5,2,2,1,3,118
201600055994,16,9,11,830,2,2,4,1,6,118
201600055995,16,9,12,1040,1,2,3,1,6,118
201600055996,16,9,16,1130,1,2,2,1,6,118
201600055997,16,9,16,1640,1,2,3,1,7,118
201600055998,16,9,17,1830,2,2,4,1,3,118
201600055999,16,9,18,2045,5,2,1,2,6,118
201600056000,16,9,19,1655,1,2,3,1,2,117
201600056001,16,9,22,835,1,2,4,1,3,118
201600056002,16,9,22,1720,1,2,2,1,3,118
201600056003,16,9,26,850,1,2,1,1,6,118
201600056004,16,9,26,1805,1,2,1,1,3,118
201600056005,16,9,27,845,1,2,3,1,6,118
201600056006,16,9,27,945,1,2,2,1,6,118
201600056007,16,9,29,1340,1,2,2,1,3,118
201600056008,16,9,29,1530,1,2,2,1,6,118
201600056009,16,9,30,1615,1,2,4,1,6,118
201600056010,16,10,1,125,5,2,1,2,2,118
201600056011,16,10,2,2344,5,2,5,1,3,118
201600056012,16,10,3,630,5,2,2,1,6,118
201600056013,16,10,4,1945,2,2,1,1,3,118
201600056014,16,10,6,30,5,2,2,1,3,118
201600056015,16,10,6,5,5,2,1,1,6,118
201600056016,16,10,7,635,5,2,2,1,2,118
201600056017,16,10,9,1835,2,2,3,1,3,118
201600056018,16,10,10,1140,1,2,4,1,6,118
201600056019,16,10,10,1540,1,2,2,1,6,118
201600056020,16,10,11,1030,1,2,2,1,6,118
201600056021,16,10,11,1550,1,2,1,1,6,118
201600056022,16,10,12,1156,1,2,3,1,6,118
201600056023,16,10,13,1220,1,2,3,1,7,118
201600056024,16,10,13,1300,1,2,1,1,4,118
201600056025,16,10,13,2210,5,2,3,2,2,118
201600056026,16,10,14,720,2,2,3,1,6,118
201600056027,16,10,14,2030,5,2,1,2,6,118
201600056028,16,10,14,2115,2,2,2,2,3,118
201600056029,16,10,15,1750,1,2,4,1,3,118
201600056030,16,10,16,5,5,2,1,1,6,118
201600056031,16,10,16,1730,1,2,7,1,6,118
201600056032,16,10,17,1500,1,2,2,1,6,118
201600056033,16,10,19,1045,1,2,2,1,6,118
201600056034,16,10,20,807,1,2,5,2,3,110
201600056035,16,10,20,1325,1,2,3,2,3,118
201600056036,16,10,20,1440,1,2,3,2,6,118
201600056037,16,10,20,1500,1,2,3,2,3,118
201600056038,16,10,21,1302,1,2,4,8,6,118
201600056039,16,10,22,1230,1,2,1,1,6,118
201600056040,16,10,23,240,5,2,5,1,3,112
201600056041,16,10,25,1900,5,2,2,1,7,118
201600056042,16,10,26,910,1,2,1,1,3,118
201600056043,16,10,26,1720,1,2,4,1,6,118
201600056044,16,10,27,135,5,2,6,8,6,118
201600056045,16,10,27,556,5,2,2,5,6,118
201600056046,16,10,28,940,1,2,2,1,3,118
201600056047,16,10,29,109,5,2,2,1,3,118
201600056048,16,10,30,400,5,2,3,1,6,118
201600056049,16,10,30,1830,2,2,1,1,1,118
201600056050,16,11,1,1900,5,2,2,1,6,118
201600056051,16,11,2,1515,1,2,2,1,3,118
201600056052,16,11,4,1341,1,2,1,2,6,118
201600056053,16,11,4,2320,5,2,1,2,6,118
201600056054,16,11,9,740,5,2,1,3,6,118
201600056055,16,11,9,1030,1,2,3,3,3,118
201600056056,16,11,9,1920,4,2,7,2,6,118
201600056057,16,11,11,1825,5,2,1,1,6,118
201600056058,16,11,11,1840,1,2,2,1,6,118
201600056059,16,11,9,1930,5,2,1,3,6,118
201600056060,16,11,12,1600,1,2,1,2,2,118
201600056061,16,11,12,2320,5,2,5,2,6,118
201600056062,16,11,16,1515,1,2,2,8,3,118
201600056063,16,11,16,1725,2,2,2,1,6,118
201600056064,16,11,17,1640,1,2,1,1,6,118
201600056065,16,11,20,45,5,2,5,2,3,118
201600056066,16,11,21,1550,1,2,2,8,6,118
201600056067,16,11,22,710,5,2,3,1,6,118
201600056068,16,11,22,1700,1,2,1,1,6,118
201600056069,16,11,23,1740,2,2,5,1,2,118
201600056070,16,11,26,1120,1,2,5,1,3,118
201600056071,16,11,27,230,5,2,7,1,3,118
201600056072,16,11,27,400,5,2,4,1,2,118
201600056073,16,11,27,1855,5,2,4,1,6,118
201600056074,16,11,28,1800,5,2,1,1,3,118
201600056075,16,11,29,1100,1,2,3,1,6,118
201600056076,16,11,29,2040,5,2,1,1,6,118
201600056077,16,11,30,1630,2,2,1,9,6,118
201600056078,16,11,30,1830,2,2,1,1,3,118
201600056079,16,12,2,1015,1,2,5,8,3,118
201600056080,16,12,3,2201,5,2,3,1,6,118
201600056081,16,12,4,1625,1,2,7,1,2,119
201600056082,16,12,5,1828,5,2,4,1,6,118
201600056083,16,12,5,835,1,2,1,1,6,118
201600056084,16,12,8,1630,1,2,1,1,3,118
201600056085,16,12,9,1450,1,2,3,1,3,118
201600056086,16,12,9,1830,5,2,1,1,6,118
201600056087,16,12,11,1510,1,2,2,1,6,118
201600056088,16,12,12,1800,5,2,2,2,6,118
201600056089,16,12,13,1420,1,2,1,1,7,118
201600056090,16,12,14,1520,1,2,1,1,3,118
201600056091,16,12,15,2000,5,2,2,1,6,118
201600056092,16,12,17,1330,1,2,1,1,6,118
201600056093,16,12,20,1630,2,2,3,1,6,118
201600056094,16,12,21,900,1,2,3,1,3,118
201600056095,16,12,21,2230,5,2,3,2,6,118
201600056096,16,12,22,1600,1,2,2,2,6,118
201600056097,16,12,23,1950,5,2,2,1,3,118
201600056098,16,12,24,930,1,2,4,1,2,118
201600056099,16,12,24,1305,1,2,4,8,6,118
201600056100,16,12,25,1238,1,2,3,1,3,118
201600056101,16,12,25,1810,2,2,5,1,7,118
201600056102,16,12,26,1240,1,2,2,2,3,118
201600056103,16,12,26,1630,1,2,2,1,2,118
201600056104,16,12,29,1030,1,2,3,1,6,118
201600056105,16,12,30,2240,5,2,1,1,3,118
201600056106,16,1,2,1,5,2,7,2,7,119
201600056107,16,1,5,15,5,2,5,1,3,110
201600056108,16,1,5,710,5,2,2,2,3,119
201600056109,16,1,6,1400,1,2,2,1,3,119
201600056110,16,1,7,755,5,2,4,2,6,119
201600056111,16,1,7,1520,1,2,7,1,6,119
201600056112,16,1,7,1840,5,2,2,1,6,119
201600056113,16,1,8,220,5,2,2,1,6,119
201600056114,16,1,8,1430,1,2,4,1,6,119
201600056115,16,1,9,1148,1,2,4,1,1,119
201600056116,16,1,11,1120,1,2,1,2,6,119
201600056117,16,1,13,1240,1,2,2,8,6,119
201600056118,16,1,14,1000,1,2,2,3,6,119
201600056119,16,1,14,1805,2,2,1,2,4,119
201600056120,16,1,15,1250,1,2,5,1,3,119
201600056121,16,1,19,1628,1,2,3,8,6,119
201600056122,16,1,21,1100,1,2,2,1,6,119
201600056123,16,1,22,1010,1,2,6,1,2,119
201600056124,16,1,22,1300,1,2,1,1,3,119
201600056125,16,1,22,2015,5,2,5,1,6,119
201600056126,16,1,26,840,1,2,1,1,3,119
201600056127,16,1,26,1555,1,2,2,1,6,119
201600056128,16,1,27,830,2,2,1,2,6,119
201600056129,16,1,28,105,5,2,2,1,6,119
201600056130,16,1,28,1420,1,2,3,1,2,119
201600056131,16,1,28,1430,1,2,1,1,6,119
201600056132,16,1,28,1600,1,2,5,1,6,119
201600056133,16,1,28,2040,5,2,5,1,3,119
201600056134,16,1,28,1300,1,2,1,1,6,119
201600056135,16,1,29,2220,5,2,1,1,6,119
201600056136,16,1,30,1900,5,2,2,2,3,119
201600056137,16,2,1,1750,5,2,2,1,3,119
201600056138,16,2,4,2230,5,2,5,8,3,119
201600056139,16,2,5,1450,1,2,1,1,3,119
201600056140,16,2,6,125,5,2,1,1,2,119
201600056141,16,2,8,1745,2,2,3,2,3,119
201600056142,16,2,9,1330,1,2,2,1,6,119
201600056143,16,2,9,1915,5,2,2,2,6,119
201600056144,16,2,10,1430,1,2,3,1,6,119
201600056145,16,2,13,1415,1,2,1,3,6,119
201600056146,16,2,13,1530,1,2,1,2,3,119
201600056147,16,2,13,1905,5,2,3,2,3,119
201600056148,16,2,17,1340,1,2,2,1,6,119
201600056149,16,2,17,2230,5,2,2,1,3,119
201600056150,16,2,18,1050,1,2,4,8,6,119
201600056151,16,2,19,150,5,2,1,1,6,119
201600056152,16,2,20,2110,5,2,1,1,2,119
201600056153,16,2,22,1345,1,2,2,1,6,119
201600056154,16,2,24,1045,1,2,7,1,3,119
201600056155,16,2,28,2040,5,2,1,8,3,119
201600056156,16,3,2,1215,1,2,7,1,6,110
201600056157,16,3,3,2040,5,2,1,1,1,119
201600056158,16,3,3,2010,5,2,7,1,7,119
201600056159,16,3,5,130,5,2,5,2,3,119
201600056160,16,3,8,850,1,2,1,1,6,119
201600056161,16,3,11,815,1,2,1,1,2,119
201600056162,16,3,12,1735,1,2,1,1,6,119
201600056163,16,3,12,2340,5,2,1,1,3,119
201600056164,16,3,16,1440,1,2,1,1,6,119
201600056165,16,3,17,1000,1,2,3,1,3,119
201600056166,16,3,18,1400,1,2,2,1,2,119
201600056167,16,3,19,1000,1,2,1,1,3,119
201600056168,16,3,20,1615,1,2,3,8,6,119
201600056169,16,3,22,1610,1,2,2,1,3,119
201600056170,16,3,24,1645,1,2,1,1,6,119
201600056171,16,3,24,2200,5,2,1,1,6,119
201600056172,16,3,27,700,2,2,1,1,6,119
201600056173,16,3,27,1311,1,2,1,1,3,119
201600056174,16,3,29,440,5,2,1,1,6,119
201600056175,16,3,30,950,1,2,3,8,3,119
201600056176,16,3,30,210,5,2,1,2,6,119
201600056177,16,3,31,910,1,2,1,2,7,119
201600056178,16,4,1,1500,1,2,1,1,2,119
201600056179,16,4,1,1800,4,2,1,1,6,119
201600056180,16,4,1,2155,5,2,3,1,6,119
201600056181,16,4,1,1240,1,2,1,1,3,119
201600056182,16,4,2,1533,1,2,3,1,3,119
201600056183,16,4,3,5,5,2,1,2,6,119
201600056184,16,4,3,310,5,2,3,2,3,119
201600056185,16,4,3,1430,1,2,1,1,3,119
201600056186,16,4,4,830,1,2,2,1,6,119
201600056187,16,4,7,1350,1,2,1,1,6,119
201600056188,16,4,8,654,2,2,7,1,3,119
201600056189,16,4,8,655,1,2,7,8,4,119
201600056190,16,4,8,1100,1,2,2,1,7,119
201600056191,16,4,12,1605,1,2,1,1,6,119
201600056192,16,4,13,1215,1,2,5,1,3,119
201600056193,16,4,14,55,5,2,4,1,6,119
201600056194,16,4,14,920,1,2,1,1,3,119
201600056195,16,4,16,240,5,2,3,1,6,119
201600056196,16,4,16,1545,1,2,1,1,6,119
201600056197,16,4,19,644,2,2,5,1,3,119
201600056198,16,4,20,745,1,2,4,1,3,110
201600056199,16,4,20,1545,1,2,2,1,6,119
201600056200,16,4,24,1405,1,2,1,8,3,119
201600056201,16,4,25,1650,1,2,1,1,1,119
201600056202,16,4,28,1045,1,2,1,1,6,119
201600056203,16,4,28,2255,5,2,5,1,3,119
201600056204,16,4,29,1825,1,2,2,1,6,119
201600056205,16,5,4,1910,1,2,3,1,1,119
201600056206,16,5,8,1530,1,2,1,1,3,119
201600056207,16,5,12,1600,1,2,2,8,6,119
201600056208,16,5,14,2245,5,2,7,1,3,119
201600056209,16,5,15,1635,1,2,1,1,3,119
201600056210,16,5,15,2215,5,2,2,1,3,119
201600056211,16,5,16,950,1,2,2,1,3,119
201600056212,16,5,18,1615,1,2,1,2,2,119
201600056213,16,5,21,1630,1,2,1,1,6,118
201600056214,16,5,22,1915,1,2,3,2,2,119
201600056215,16,5,23,1120,1,2,1,2,6,119
201600056216,16,5,23,1400,1,2,2,1,6,119
201600056217,16,5,23,1610,1,2,1,8,3,119
201600056218,16,5,25,1840,1,2,1,1,6,119
201600056219,16,5,26,100,5,2,1,1,2,119
201600056220,16,5,26,1150,1,2,2,1,6,119
201600056221,16,5,27,1550,1,2,5,1,3,119