Num_Acc,an,mois,jour,hrmn,lum,agg,int,atm,col,com
201600056222,16,5,27,1330,1,2,1,1,6,119
201600056223,16,5,30,1230,1,2,3,2,3,119
201600056224,16,5,30,2015,2,2,3,2,3,119
201600056225,16,5,31,230,5,2,1,3,6,119
201600056226,16,5,31,2117,5,2,7,2,6,119
201600056227,16,6,1,1345,1,2,1,1,6,119
201600056228,16,6,2,231,5,2,3,2,6,118
201600056229,16,6,4,1730,1,2,3,1,6,119
201600056230,16,6,8,1605,1,2,1,1,6,119
201600056231,16,6,9,1220,1,2,3,1,6,119
201600056232,16,6,9,1630,1,2,2,1,3,119
201600056233,16,6,10,1800,1,2,3,1,3,119
201600056234,16,6,11,215,5,2,3,1,2,119
201600056235,16,6,11,1615,1,2,4,1,6,119
201600056236,16,6,13,625,1,2,1,1,2,119
201600056237,16,6,15,1800,1,2,1,8,2,119
201600056238,16,6,18,1820,1,2,5,2,6,119
201600056239,16,6,20,1240,1,2,1,2,6,119
201600056240,16,6,20,1400,1,2,1,3,6,119
201600056241,16,6,22,1900,1,2,1,1,6,119
201600056242,16,6,23,730,1,2,1,1,3,119
201600056243,16,6,23,1330,1,2,5,1,4,119
201600056244,16,6,24,1735,1,2,1,1,6,119
201600056245,16,6,25,130,5,2,3,1,1,119
201600056246,16,6,26,1355,1,2,1,1,3,119
201600056247,16,6,26,2255,5,2,1,1,7,119
201600056248,16,6,27,900,1,2,1,2,6,119
201600056249,16,6,28,845,1,2,3,1,3,119
201600056250,16,6,30,2015,1,2,7,1,3,119
201600056251,16,7,1,1725,1,2,1,1,6,119
201600056252,16,7,1,1850,1,2,3,1,6,119
201600056253,16,7,2,34,5,2,3,1,3,119
201600056254,16,7,1,1310,1,2,3,1,3,119
201600056255,16,7,1,2140,2,2,1,1,6,119
201600056256,16,7,4,1030,1,2,1,1,7,119
201600056257,16,7,5,1100,1,2,2,8,6,119
201600056258,16,7,7,1615,1,2,2,1,6,119
201600056259,16,7,7,1835,1,2,3,1,3,119
201600056260,16,7,10,215,5,2,3,1,6,119
201600056261,16,7,10,1040,1,2,3,7,6,118
201600056262,16,7,10,1400,1,2,1,1,3,119
201600056263,16,7,11,114,5,2,2,1,3,119
201600056264,16,7,11,1010,1,2,1,1,6,119
201600056265,16,7,11,2035,1,2,1,1,6,119
201600056266,16,7,11,2045,1,2,5,1,2,119
201600056267,16,7,12,1600,1,2,1,1,6,119
201600056268,16,7,13,850,1,2,7,1,7,119
201600056269,16,7,13,1215,1,2,3,1,4,119
201600056270,16,7,17,1740,1,2,2,1,3,119
201600056271,16,7,21,1242,1,2,1,1,2,119
201600056272,16,7,22,550,1,2,2,1,6,119
201600056273,16,7,22,1320,1,2,1,1,2,119
201600056274,16,7,22,1750,1,2,2,1,6,119
201600056275,16,7,23,1730,1,2,2,1,3,119
201600056276,16,7,25,1115,1,2,1,1,6,119
201600056277,16,7,26,1105,1,2,2,1,2,119
201600056278,16,7,27,1730,1,2,5,1,2,119
201600056279,16,7,27,2113,5,2,1,1,6,119
201600056280,16,7,31,1950,1,2,5,1,3,119
201600056281,16,8,2,915,1,2,3,1,3,119
201600056282,16,8,2,1215,1,2,5,2,7,119
201600056283,16,8,2,1350,1,2,3,2,6,119
201600056284,16,8,2,1825,1,2,7,2,2,119
201600056285,16,8,3,740,1,2,2,2,6,119
201600056286,16,8,3,1405,1,2,2,1,3,119
201600056287,16,8,7,30,5,2,2,1,6,110
201600056288,16,8,10,1610,1,2,1,1,6,119
201600056289,16,8,12,1000,1,2,2,1,2,119
201600056290,16,8,12,1150,1,2,2,1,6,119
201600056291,16,8,20,1825,1,2,3,1,3,119
201600056292,16,8,21,1715,1,2,1,1,6,119
201600056293,16,8,22,1120,1,2,3,1,6,119
201600056294,16,8,24,45,5,2,3,1,2,119
201600056295,16,8,25,1020,1,2,2,1,3,119
201600056296,16,8,27,2000,1,2,3,1,7,119
201600056297,16,8,30,1751,1,2,5,1,2,119
201600056298,16,8,30,1930,1,2,2,1,3,119
201600056299,16,9,2,910,1,2,2,1,6,119
201600056300,16,9,2,845,1,2,1,1,6,119
201600056301,16,9,2,1440,1,2,3,1,6,119
201600056302,16,9,3,1530,1,2,1,1,2,119
201600056303,16,9,4,615,5,2,2,2,7,119
201600056304,16,9,4,1300,1,2,1,1,6,119
201600056305,16,9,9,1130,1,2,1,1,6,119
201600056306,16,9,10,2015,2,2,7,1,6,119
201600056307,16,9,11,1355,1,2,7,2,6,119
201600056308,16,9,11,2050,5,2,1,1,6,119
201600056309,16,9,13,820,1,2,2,1,3,119
201600056310,16,9,14,1445,1,2,1,1,6,119
201600056311,16,9,14,1400,1,2,2,1,3,119
201600056312,16,9,17,1650,1,2,1,1,6,119
201600056313,16,9,18,820,1,2,2,8,3,118
201600056314,16,9,20,1000,1,2,1,1,3,119
201600056315,16,9,21,949,1,2,2,1,6,119
201600056316,16,9,22,1340,1,2,1,1,6,119
201600056317,16,9,23,1210,1,2,2,1,6,119
201600056318,16,9,24,1100,1,2,1,1,6,119
201600056319,16,9,25,1000,1,2,1,1,3,119
201600056320,16,9,27,635,2,2,5,1,3,119
201600056321,16,9,30,135,4,2,1,1,6,119
201600056322,16,9,30,1900,2,2,3,2,3,119
201600056323,16,10,1,1930,5,2,2,1,6,119
201600056324,16,10,1,1915,2,2,1,1,3,119
201600056325,16,10,4,2045,5,2,3,1,6,119
201600056326,16,10,6,815,1,2,1,1,3,119
201600056327,16,10,6,850,1,2,3,1,3,119
201600056328,16,10,8,1940,5,2,1,1,2,119
201600056329,16,10,10,1323,1,2,1,1,6,119
201600056330,16,10,11,1845,2,2,3,1,3,119
201600056331,16,10,11,2300,5,2,3,1,2,119
201600056332,16,10,13,1940,5,2,1,2,4,119
201600056333,16,10,14,830,1,2,4,1,6,118
201600056334,16,10,14,1700,1,2,5,2,6,119
201600056335,16,10,16,1200,1,2,4,1,6,119
201600056336,16,10,18,905,1,2,1,1,3,119
201600056337,16,10,18,1940,5,2,1,2,3,119
201600056338,16,10,19,1515,1,2,1,1,3,119
201600056339,16,10,20,1115,1,2,2,8,6,119
201600056340,16,10,21,1735,1,1,1,1,3,119
201600056341,16,10,22,2040,5,2,1,1,2,119
201600056342,16,10,22,2150,5,2,1,1,6,119
201600056343,16,10,23,317,5,2,3,1,3,119
201600056344,16,10,23,1545,1,2,1,2,4,119
201600056345,16,10,23,1500,1,2,1,1,7,119
201600056346,16,10,24,830,2,2,2,2,6,119
201600056347,16,10,24,2145,5,2,1,2,6,119
201600056348,16,10,25,1610,1,2,2,1,7,119
201600056349,16,10,26,1412,1,2,3,1,6,119
201600056350,16,10,27,1700,1,2,3,1,6,119
201600056351,16,10,28,1705,1,2,1,1,3,110
201600056352,16,10,28,2020,5,2,1,1,3,119
201600056353,16,10,29,1900,2,2,2,1,6,119
201600056354,16,10,31,730,1,2,2,1,4,119
201600056355,16,10,31,1540,1,2,1,1,6,119
201600056356,16,10,31,2245,5,2,1,1,2,119
201600056357,16,11,5,245,5,2,5,1,4,119
201600056358,16,11,5,2115,5,2,2,1,3,119
201600056359,16,11,10,2010,5,2,2,2,3,119
201600056360,16,11,11,1910,5,2,5,1,3,119
201600056361,16,11,13,230,5,2,1,2,6,119
201600056362,16,1,21,1415,1,2,3,1,3,119
201600056363,16,11,16,810,1,2,2,2,3,119
201600056364,16,11,18,25,5,2,1,3,2,119
201600056365,16,11,18,1120,1,2,3,1,6,119
201600056366,16,11,18,1545,1,2,2,1,6,119
201600056367,16,11,18,1945,5,2,3,1,6,119
201600056368,16,11,19,2030,5,2,1,1,3,119
201600056369,16,11,20,1015,1,2,3,2,3,119
201600056370,16,11,22,925,1,2,1,1,2,119
201600056371,16,11,23,645,2,2,2,2,6,110
201600056372,16,11,23,1400,1,2,7,1,6,119
201600056373,16,11,24,1334,1,2,1,1,3,119
201600056374,16,11,29,900,1,2,5,1,6,119
201600056375,16,11,29,850,1,2,5,1,7,119
201600056376,16,11,29,2000,5,2,4,1,6,119
201600056377,16,11,30,2240,5,2,1,1,3,119
201600056378,16,12,1,1350,1,2,1,1,7,119
201600056379,16,12,1,1710,2,2,1,1,6,119
201600056380,16,12,2,58,5,2,3,1,6,119
201600056381,16,12,3,1630,2,2,3,1,6,119
201600056382,16,12,5,1535,1,2,1,1,6,119
201600056383,16,12,6,1455,1,2,3,1,4,119
201600056384,16,12,6,1640,2,2,1,1,6,120
201600056385,16,12,8,800,1,2,2,1,3,119
201600056386,16,12,8,1800,5,2,1,1,6,119
201600056387,16,12,11,1705,2,2,3,1,2,119
201600056388,16,12,14,1022,1,2,1,1,3,119
201600056389,16,12,14,1330,1,2,3,1,5,119
201600056390,16,12,15,1630,1,2,2,1,6,119
201600056391,16,12,16,10,5,2,2,1,3,119
201600056392,16,12,16,1815,5,2,1,1,3,119
201600056393,16,12,18,1855,5,2,1,1,2,119
201600056394,16,12,19,215,5,2,2,1,7,119
201600056395,16,12,20,2335,5,2,5,1,6,120
201600056396,16,12,21,115,5,2,1,1,6,119
201600056397,16,12,22,1840,5,2,1,1,3,119
201600056398,16,12,24,245,5,2,5,2,6,119
201600056399,16,12,26,1630,1,2,1,1,2,119
201600056400,16,12,28,2345,5,2,2,1,2,119
201600056401,16,1,3,1215,1,2,7,2,6,120
201600056402,16,1,4,1430,1,2,1,1,3,120
201600056403,16,1,5,1720,1,2,1,1,2,119
201600056404,16,1,6,2030,5,2,3,1,3,120
201600056405,16,1,6,2100,5,2,1,1,1,120
201600056406,16,1,6,2150,5,2,1,1,4,120
201600056407,16,1,7,1420,1,2,3,1,3,120
201600056408,16,1,8,2315,5,2,4,1,3,120
201600056409,16,1,9,2025,5,2,7,1,6,120
201600056410,16,1,9,2330,5,2,4,2,2,120
201600056411,16,1,10,108,5,2,2,9,6,120
201600056412,16,1,10,700,5,2,1,1,6,120
201600056413,16,1,10,1100,1,2,5,1,3,120
201600056414,16,1,11,1510,1,2,2,1,3,120
201600056415,16,1,13,1615,1,2,7,1,2,120
201600056416,16,1,14,905,1,2,7,2,6,120
201600056417,16,1,15,125,5,2,7,1,2,120
201600056418,16,1,19,820,1,2,1,1,4,120
201600056419,16,1,22,810,2,2,5,1,3,120
201600056420,16,1,22,950,1,2,1,1,6,120
201600056421,16,1,22,1410,1,2,3,2,2,120
201600056422,16,1,22,2305,5,2,3,2,3,120
201600056423,16,1,24,1730,2,2,5,1,3,120
201600056424,16,1,26,745,5,2,2,1,3,120
201600056425,16,1,26,1650,1,2,4,1,3,120
201600056426,16,1,29,430,5,2,1,1,3,120
201600056427,16,1,31,505,5,2,4,2,6,120
201600056428,16,1,31,1505,1,2,5,2,3,120
201600056429,16,2,2,1845,5,2,1,2,6,120
201600056430,16,2,4,1820,5,2,1,2,6,120
201600056431,16,2,5,2010,5,2,2,1,3,120
201600056432,16,2,6,1620,1,2,2,1,3,120
201600056433,16,2,8,1105,1,2,1,1,6,112
201600056434,16,2,9,950,1,2,6,2,6,120
201600056435,16,2,9,1910,2,2,1,2,6,120
201600056436,16,2,11,915,1,2,2,1,7,120
201600056437,16,2,12,1750,5,2,2,2,6,120
201600056438,16,2,17,1120,1,2,1,1,3,120
201600056439,16,2,19,1450,1,2,2,1,3,120
201600056440,16,2,20,1355,1,2,2,2,6,120
201600056441,16,2,21,2000,5,2,2,1,2,120
201600056442,16,2,23,725,2,2,4,2,6,120
201600056443,16,2,25,1735,1,2,2,1,6,120
201600056444,16,2,26,1422,1,2,3,1,6,120
201600056445,16,2,27,1815,2,2,2,1,6,120
201600056446,16,2,29,940,1,2,5,1,6,119
201600056447,16,2,29,1700,1,2,1,1,6,120
201600056448,16,3,4,1950,5,2,5,2,6,120
201600056449,16,3,4,1905,5,2,3,2,6,120
201600056450,16,3,6,30,5,2,3,1,2,119
201600056451,16,3,6,25,5,2,3,1,6,112
201600056452,16,3,8,1950,5,2,1,1,3,120
201600056453,16,3,9,1250,1,2,5,8,6,120
201600056454,16,3,9,1920,5,2,7,1,6,120
201600056455,16,3,11,930,1,2,3,1,3,120
201600056456,16,3,11,1330,1,2,1,1,6,120
201600056457,16,3,12,1825,1,2,1,1,3,120
201600056458,16,3,12,2100,5,2,3,1,6,120
201600056459,16,3,15,1830,1,2,3,1,3,120
201600056460,16,3,16,1110,1,2,2,1,6,120
201600056461,16,3,18,1220,1,2,2,1,3,120
201600056462,16,3,20,1,5,2,5,1,6,120
201600056463,16,3,20,1650,1,2,3,1,3,120
201600056464,16,3,21,1300,1,2,3,1,2,120
201600056465,16,3,22,1150,1,2,4,1,6,120
201600056466,16,3,24,1445,1,2,1,1,2,120
201600056467,16,3,25,1150,1,2,3,1,6,120
201600056468,16,3,30,930,1,2,1,2,3,119
201600056469,16,3,31,1715,1,2,1,3,6,120
201600056470,16,4,1,1230,1,2,4,1,6,120
201600056471,16,4,2,21,5,2,2,1,3,120
201600056472,16,4,3,1030,1,2,3,1,6,120
201600056473,16,4,4,920,1,2,2,1,6,120
201600056474,16,4,5,1730,1,2,2,1,6,120
201600056475,16,4,6,1430,1,2,4,1,6,120
201600056476,16,4,7,1830,1,2,2,1,3,120
201600056477,16,4,8,950,1,2,1,1,3,120
201600056478,16,4,8,1900,1,2,2,1,6,120
201600056479,16,4,8,1340,1,2,5,1,3,120
201600056480,16,4,10,2115,5,2,1,1,3,112
201600056481,16,4,11,1735,1,2,3,2,6,120
201600056482,16,4,12,850,1,2,2,1,3,120
201600056483,16,4,12,840,1,2,3,1,6,120
201600056484,16,4,12,2100,5,2,2,1,3,120
201600056485,16,4,14,840,1,2,1,1,3,120
201600056486,16,4,15,1347,1,2,5,1,3,120
201600056487,16,4,17,50,5,2,3,1,6,120
201600056488,16,4,17,1400,1,2,1,2,3,120
201600056489,16,4,17,1720,1,2,2,1,3,120
201600056490,16,4,17,1910,1,2,1,1,6,120
201600056491,16,4,18,1640,1,2,1,1,6,120
201600056492,16,4,19,105,5,2,5,1,3,120
201600056493,16,4,19,1210,1,2,5,1,6,120
201600056494,16,4,19,1620,1,2,1,1,2,120
201600056495,16,4,19,2230,5,2,1,1,6,120
201600056496,16,4,20,1420,1,2,4,1,6,120
201600056497,16,4,21,1832,1,2,3,1,6,111
201600056498,16,4,19,1345,1,2,1,1,3,120
201600056499,16,4,23,1930,1,2,3,1,6,120
201600056500,16,4,24,920,1,2,1,8,3,119
201600056501,16,4,26,1415,1,2,1,8,3,120
201600056502,16,4,27,1855,1,2,1,2,3,120
201600056503,16,4,28,1310,1,2,3,1,6,120
201600056504,16,4,29,1135,1,2,2,1,3,120
201600056505,16,4,29,1620,1,2,1,1,6,120
201600056506,16,4,30,1745,1,2,7,8,3,120
201600056507,16,5,1,1430,1,2,1,1,6,120
201600056508,16,5,3,920,1,2,3,1,2,120
201600056509,16,5,3,945,1,2,4,1,3,112
201600056510,16,5,3,1910,1,2,1,1,6,120
201600056511,16,5,4,1740,1,2,5,1,6,120
201600056512,16,5,9,600,1,2,3,1,6,120
201600056513,16,5,10,1200,1,2,1,1,6,120
201600056514,16,5,10,1820,1,2,1,2,6,120
201600056515,16,5,11,105,5,2,5,2,3,120
201600056516,16,5,12,1620,1,2,1,1,6,120
201600056517,16,5,18,1905,1,2,3,2,3,120
201600056518,16,5,19,1330,1,2,1,1,6,120
201600056519,16,5,20,1315,1,2,1,1,6,120
201600056520,16,5,20,1520,1,2,1,1,6,120
201600056521,16,5,22,1425,1,2,1,3,6,120
201600056522,16,5,22,1655,1,2,2,2,3,120
201600056523,16,5,24,710,1,2,1,1,3,120
201600056524,16,5,24,1650,1,2,2,1,6,120
201600056525,16,5,24,1755,1,2,1,1,6,120
201600056526,16,5,26,836,1,2,6,1,4,120
201600056527,16,5,26,1140,1,2,1,1,3,120
201600056528,16,5,26,2345,5,2,5,1,3,120
201600056529,16,5,27,1040,1,2,2,1,6,120
201600056530,16,5,28,1430,1,2,1,3,3,120
201600056531,16,5,31,1700,1,2,1,2,6,120
201600056532,16,6,1,1410,1,2,1,1,6,120
201600056533,16,6,3,1050,1,2,3,2,3,120
201600056534,16,6,4,2156,2,2,2,1,6,120
201600056535,16,6,5,2345,5,2,2,1,3,120
201600056536,16,6,6,840,1,2,1,8,3,120
201600056537,16,6,6,1320,1,2,1,1,6,120
201600056538,16,6,5,1555,1,2,2,1,7,120
201600056539,16,6,7,2155,2,2,2,1,6,120
201600056540,16,6,8,15,5,2,2,1,3,120
201600056541,16,6,9,1740,1,2,2,1,3,120
201600056542,16,6,9,1840,1,2,1,1,6,120
201600056543,16,6,10,1952,1,2,1,1,6,120
201600056544,16,6,10,2345,5,2,2,1,2,120
201600056545,16,6,12,1540,1,2,2,2,3,120
201600056546,16,6,12,1835,2,2,1,2,6,120
201600056547,16,6,13,10,5,2,1,2,6,120
201600056548,16,6,13,1240,1,2,2,1,3,120
201600056549,16,6,13,1550,1,2,1,1,6,120
201600056550,16,6,13,2005,1,2,2,1,3,120
201600056551,16,6,13,2145,5,2,2,1,6,120
201600056552,16,6,15,1245,1,2,2,8,3,120
201600056553,16,6,15,1930,1,2,1,1,6,120
201600056554,16,6,16,1120,1,2,1,1,2,120
201600056555,16,6,16,1645,1,2,7,2,6,120
201600056556,16,6,18,1930,2,2,1,2,6,120
201600056557,16,6,18,2005,1,2,1,1,6,120
201600056558,16,6,20,1529,1,2,1,3,4,120
201600056559,16,6,21,2150,2,2,1,2,3,120
201600056560,16,6,22,1200,1,2,2,1,3,120
201600056561,16,6,22,2305,5,2,2,1,1,120
201600056562,16,6,23,900,1,2,2,1,3,120
201600056563,16,6,25,1845,1,2,1,1,7,120
201600056564,16,6,26,1820,1,2,2,1,3,120
201600056565,16,6,28,1030,1,2,1,1,6,120
201600056566,16,6,28,850,1,2,1,1,6,120
201600056567,16,6,29,2325,5,2,1,8,3,120
201600056568,16,7,5,2045,2,2,2,1,3,120
201600056569,16,7,5,1940,1,2,5,1,6,120
201600056570,16,7,6,855,1,2,1,1,2,120
201600056571,16,7,6,1145,1,2,3,1,6,120
201600056572,16,7,7,950,1,2,2,1,6,120
201600056573,16,7,7,1645,1,2,3,1,3,120
201600056574,16,7,8,1305,1,2,5,1,6,120
201600056575,16,7,9,1845,1,2,7,1,7,120
201600056576,16,7,13,1245,1,2,2,1,6,120
201600056577,16,7,13,1825,1,2,2,8,2,120
201600056578,16,7,13,2140,2,2,2,1,6,120
201600056579,16,7,17,1025,1,2,1,1,2,120
201600056580,16,7,19,1110,1,2,2,1,6,120
201600056581,16,7,20,1330,1,2,1,1,6,120
201600056582,16,7,21,735,1,2,7,1,2,120
201600056583,16,7,22,2330,5,2,4,1,6,120
201600056584,16,7,23,1520,1,2,2,1,3,120
201600056585,16,7,26,828,1,2,7,1,5,120
201600056586,16,7,27,1200,1,2,1,1,3,120
201600056587,16,7,27,1625,1,2,1,1,4,120
201600056588,16,7,29,1650,1,2,1,1,3,120
201600056589,16,7,29,1830,1,2,2,1,2,120
201600056590,16,7,31,1215,1,2,4,1,3,120
201600056591,16,8,2,1020,1,2,1,2,6,120
201600056592,16,8,5,245,5,2,2,1,3,120
201600056593,16,8,5,1925,1,2,2,1,3,120
201600056594,16,8,8,650,1,2,4,1,3,120
201600056595,16,8,12,1630,1,2,7,1,1,120
201600056596,16,8,13,1445,1,2,2,1,3,120
201600056597,16,8,14,330,5,2,1,1,6,120
201600056598,16,8,16,1010,1,2,2,1,3,120
201600056599,16,8,17,850,1,2,1,1,6,120
201600056600,16,8,18,1935,1,2,2,2,2,120
201600056601,16,8,25,1810,1,2,7,1,3,120
201600056602,16,8,30,850,1,2,2,1,6,120
201600056603,16,8,31,1110,1,2,3,1,4,120
201600056604,16,9,5,1205,1,2,3,2,6,120
201600056605,16,9,6,1840,1,2,2,1,3,120
201600056606,16,9,6,1930,1,2,4,1,3,112
201600056607,16,9,7,900,1,2,3,1,6,119
201600056608,16,9,7,2110,5,2,1,1,2,120
201600056609,16,9,8,1520,1,2,3,1,6,120
201600056610,16,9,10,2045,5,2,1,1,2,120
201600056611,16,9,13,1315,1,2,2,1,3,120
201600056612,16,9,14,1345,1,2,3,1,3,120
201600056613,16,9,15,20,5,2,2,3,7,120
201600056614,16,9,15,1730,1,2,4,1,6,120
201600056615,16,9,16,850,1,2,2,1,6,120
201600056616,16,9,16,1410,1,2,2,1,6,120
201600056617,16,9,19,1440,1,2,2,1,2,120
201600056618,16,9,19,1420,1,2,2,2,7,120
201600056619,16,9,20,1420,1,2,7,1,7,120
201600056620,16,9,21,1915,1,2,1,1,3,112
201600056621,16,9,22,1225,1,2,1,1,3,120
201600056622,16,9,22,1630,1,2,2,1,6,120
201600056623,16,9,22,1815,1,2,1,1,2,120
201600056624,16,9,26,2035,5,2,3,1,6,120
201600056625,16,9,27,1210,1,2,1,1,6,118
201600056626,16,9,27,1740,1,2,1,1,6,120
201600056627,16,9,28,1700,1,2,2,1,3,120
201600056628,16,9,28,1825,1,2,3,1,4,120
201600056629,16,9,28,1930,5,2,2,1,6,120
201600056630,16,9,29,915,1,2,1,1,3,120
201600056631,16,10,1,225,3,2,7,2,2,120
201600056632,16,10,1,2245,5,2,3,1,2,120
201600056633,16,10,2,1155,1,2,3,1,6,120
201600056634,16,10,3,2015,5,2,1,1,3,112
201600056635,16,10,3,1910,1,2,1,1,2,120
201600056636,16,10,4,1120,1,2,1,1,6,120
201600056637,16,10,4,1845,1,2,1,1,3,120
201600056638,16,10,4,1900,2,2,2,1,3,120
201600056639,16,10,6,1015,1,2,2,1,6,120
201600056640,16,10,6,1430,1,2,1,1,6,120
201600056641,16,10,6,1655,1,2,1,1,6,120
201600056642,16,10,7,1000,1,2,1,1,3,120
201600056643,16,10,9,1930,2,2,2,1,3,120
201600056644,16,10,11,2120,5,2,2,1,6,120
201600056645,16,10,13,725,5,2,2,1,3,120
201600056646,16,10,14,1635,1,2,1,2,6,120
201600056647,16,10,14,2005,5,2,3,2,6,120
201600056648,16,10,17,800,1,2,2,1,3,120
201600056649,16,10,17,1900,5,2,1,1,6,120
201600056650,16,10,18,1805,2,2,1,2,6,120
201600056651,16,10,19,2000,5,2,1,1,4,112
201600056652,16,10,20,1500,1,2,2,2,6,111
201600056653,16,10,20,2345,5,2,1,1,6,120
201600056654,16,10,21,1030,1,2,1,8,4,120
201600056655,16,10,21,1520,1,2,4,2,4,120
201600056656,16,10,24,2105,5,2,2,1,1,120
201600056657,16,10,27,1955,5,2,2,1,4,120
201600056658,16,10,28,1455,1,2,1,1,6,120
201600056659,16,10,28,1600,1,2,1,1,6,120
201600056660,16,10,28,1750,2,2,4,1,6,120
201600056661,16,10,29,1250,1,2,1,1,3,120
201600056662,16,10,29,1550,1,2,3,1,3,120
201600056663,16,10,30,1530,1,2,1,1,6,120
201600056664,16,10,30,1820,5,2,1,1,3,120
201600056665,16,11,4,1905,5,2,1,1,6,120
201600056666,16,11,5,2000,5,2,3,1,6,120
201600056667,16,11,7,910,1,2,2,2,6,120
201600056668,16,11,7,1600,1,2,2,2,6,120
201600056669,16,11,8,1720,2,2,1,1,6,120
201600056670,16,11,8,2315,5,2,1,1,7,120
201600056671,16,11,10,1340,1,2,1,1,3,120
201600056672,16,11,11,1400,1,2,1,1,3,120
201600056673,16,11,12,1100,1,2,1,1,6,120
201600056674,16,11,12,1730,5,2,3,3,6,120
201600056675,16,11,16,1945,5,2,1,1,6,120
201600056676,16,11,17,410,5,2,2,8,3,120
201600056677,16,11,17,950,1,2,1,1,6,120
201600056678,16,11,17,1650,5,2,2,1,6,120
201600056679,16,11,18,35,5,2,3,2,2,120
201600056680,16,11,20,1745,5,2,1,2,6,120
201600056681,16,11,21,1755,2,2,1,1,3,120
201600056682,16,11,22,425,5,2,3,1,3,120
201600056683,16,11,23,1935,5,2,2,1,6,120
201600056684,16,11,24,445,5,2,7,1,3,120
201600056685,16,11,24,1100,1,2,3,1,3,120
201600056686,16,11,24,1100,1,2,2,1,6,120
201600056687,16,11,24,1808,5,2,7,1,3,120
201600056688,16,11,25,1540,1,2,3,8,6,120
201600056689,16,11,25,2030,5,2,3,1,3,120
201600056690,16,11,26,1645,2,2,2,1,6,120
201600056691,16,11,27,1215,1,2,1,1,6,120
201600056692,16,11,27,1515,1,2,1,1,6,120
201600056693,16,11,29,905,1,2,2,1,3,120
201600056694,16,11,29,1205,1,2,3,1,6,120
201600056695,16,11,29,1620,2,2,1,1,3,120
201600056696,16,11,30,1210,1,2,2,1,6,120
201600056697,16,11,30,2000,5,2,2,1,6,120
201600056698,16,12,2,2030,5,2,3,1,3,120
201600056699,16,12,4,230,5,2,2,1,6,120
201600056700,16,12,4,1610,1,2,5,1,6,120
201600056701,16,12,7,245,5,2,5,1,2,120
201600056702,16,12,7,900,1,2,2,1,6,120
201600056703,16,12,7,830,1,2,2,1,6,120
201600056704,16,12,7,1258,1,2,1,1,6,120
201600056705,16,12,7,2230,5,2,2,1,3,120
201600056706,16,12,8,1740,5,2,1,1,6,120
201600056707,16,12,10,1610,1,2,1,1,3,120
201600056708,16,12,14,2220,5,2,4,1,6,120
201600056709,16,12,16,1800,2,2,1,1,6,120
201600056710,16,12,17,1045,1,2,2,1,6,120
201600056711,16,12,18,2143,5,2,2,2,3,120
201600056712,16,12,21,1620,1,2,4,1,6,120
201600056713,16,12,22,1745,5,2,1,1,6,120
201600056714,16,12,24,1325,1,2,1,1,6,120
201600056715,16,12,25,1315,1,2,1,1,2,120
201600056716,16,12,30,255,5,2,1,5,6,120
201600056717,16,12,30,730,5,2,2,5,6,120
201600056718,16,12,31,1945,5,2,1,1,4,120
201600056719,16,1,4,1535,1,2,1,1,6,116
201600056720,16,1,4,1650,2,2,1,1,6,119
201600056721,16,1,5,1900,5,2,2,1,3,108
201600056722,16,1,6,825,2,2,1,1,3,104
201600056723,16,1,7,1,5,2,3,1,3,117
201600056724,16,1,9,345,5,2,1,2,6,113
201600056725,16,1,9,1000,1,2,4,1,3,108
201600056726,16,1,9,1548,1,2,2,1,3,118
201600056727,16,1,12,1143,1,2,2,1,6,120
201600056728,16,1,13,910,1,2,2,1,1,116
201600056729,16,1,13,928,1,2,1,1,6,112
201600056730,16,1,14,158,5,2,2,1,3,113
201600056731,16,1,15,1600,1,2,5,1,3,111
201600056732,16,1,21,1235,1,2,7,1,6,108
201600056733,16,1,22,745,1,2,7,1,7,106
201600056734,16,1,22,1125,1,2,1,1,2,118
201600056735,16,1,22,2200,5,2,1,1,7,116
201600056736,16,1,23,440,2,2,1,1,6,101
201600056737,16,1,23,2235,5,2,2,1,3,115
201600056738,16,1,24,1141,1,2,1,1,3,116
201600056739,16,1,24,1920,5,2,2,1,3,110
201600056740,16,1,27,745,1,2,1,2,4,114
201600056741,16,1,27,1929,5,2,2,1,3,105
201600056742,16,1,28,520,5,2,3,1,6,109
201600056743,16,1,28,940,1,2,1,1,3,116
201600056744,16,1,28,1024,1,2,1,1,6,112
201600056745,16,1,29,1513,1,2,1,1,2,120
201600056746,16,1,31,153,5,2,1,2,6,112
201600056747,16,2,1,1430,1,2,1,1,2,120
201600056748,16,2,2,1826,5,2,1,2,6,116
201600056749,16,2,4,2050,3,2,3,1,6,116
201600056750,16,2,5,2140,5,2,1,1,6,120
201600056751,16,2,8,623,5,2,2,1,5,102
201600056752,16,2,9,33,5,2,7,1,3,108
201600056753,16,2,9,920,1,2,2,1,6,116
201600056754,16,2,10,1947,5,2,5,1,3,106
201600056755,16,2,11,12,5,2,5,1,2,112