Num_Acc,an,mois,jour,hrmn,lum,agg,int,atm,col,com
201600056756,16,2,11,755,1,2,3,1,2,113
201600056757,16,2,12,1310,1,2,1,3,6,101
201600056758,16,2,12,1930,5,2,2,1,3,117
201600056759,16,2,12,2050,5,2,5,1,6,113
201600056760,16,2,15,1720,2,2,2,1,6,111
201600056761,16,2,16,345,5,2,7,1,6,101
201600056762,16,2,16,1939,5,2,3,1,6,118
201600056763,16,2,17,2155,5,2,2,1,1,108
201600056764,16,2,18,305,5,2,3,1,5,110
201600056765,16,2,18,1147,1,2,7,2,6,110
201600056766,16,2,19,830,1,2,4,1,3,112
201600056767,16,2,19,1329,1,2,2,1,3,114
201600056768,16,2,21,320,5,2,1,1,3,113
201600056769,16,2,21,613,5,2,7,1,6,112
201600056770,16,2,21,1025,1,2,2,1,6,106
201600056771,16,2,23,920,1,2,1,1,6,119
201600056772,16,2,24,1250,1,2,7,1,6,110
201600056773,16,2,26,1250,1,2,7,1,6,113
201600056774,16,2,26,2005,5,2,1,1,6,110
201600056775,16,2,26,2235,5,2,2,1,6,115
201600056776,16,2,27,1436,1,2,2,1,6,101
201600056777,16,2,27,2050,4,2,2,1,6,111
201600056778,16,3,11,1120,1,2,6,1,3,111
201600056779,16,3,3,2224,5,2,7,1,3,117
201600056780,16,3,5,520,5,2,1,2,6,101
201600056781,16,3,5,1503,1,2,4,1,3,113
201600056782,16,3,5,2050,5,2,3,1,3,112
201600056783,16,3,6,718,1,2,1,1,3,119
201600056784,16,3,7,925,1,2,7,1,3,117
201600056785,16,3,11,404,5,2,1,1,6,115
201600056786,16,3,14,945,1,2,2,1,6,120
201600056787,16,3,14,1648,1,2,1,1,6,119
201600056788,16,3,16,2013,5,2,3,1,6,115
201600056789,16,3,18,1306,1,2,1,1,6,112
201600056790,16,3,19,150,5,2,3,1,1,120
201600056791,16,3,20,330,5,2,3,1,6,101
201600056792,16,3,21,1655,1,2,1,1,6,117
201600056793,16,3,21,2350,5,2,1,1,3,112
201600056794,16,3,22,840,1,2,1,1,3,116
201600056795,16,3,22,1328,1,2,1,1,2,119
201600056796,16,3,22,2324,5,2,7,1,7,112
201600056797,16,3,25,2235,5,2,4,1,3,113
201600056798,16,3,26,1330,1,2,3,1,2,119
201600056799,16,3,27,2113,5,2,7,1,3,106
201600056800,16,3,28,1555,1,2,1,1,1,105
201600056801,16,3,28,1717,1,2,2,2,3,116
201600056802,16,3,29,2300,5,2,4,3,3,113
201600056803,16,3,30,3,5,2,2,9,6,120
201600056804,16,3,30,1745,1,2,1,2,3,119
201600056805,16,3,31,223,5,2,5,1,6,119
201600056806,16,3,31,1330,1,2,2,8,3,116
201600056807,16,4,3,400,5,2,7,1,6,113
201600056808,16,4,4,1415,1,2,1,1,6,111
201600056809,16,4,5,2030,2,2,1,1,4,120
201600056810,16,4,6,1500,1,2,1,1,6,116
201600056811,16,4,13,1515,1,2,1,1,3,116
201600056812,16,4,10,115,5,2,3,6,6,114
201600056813,16,4,11,1820,1,2,1,1,6,107
201600056814,16,4,11,2051,5,2,2,1,3,120
201600056815,16,4,12,1825,1,2,3,1,6,119
201600056816,16,4,13,25,5,2,4,1,7,119
201600056817,16,4,14,1440,1,2,2,1,3,116
201600056818,16,4,14,2027,5,2,1,2,6,112
201600056819,16,4,16,1845,1,2,1,1,6,120
201600056820,16,4,17,703,1,2,2,1,3,113
201600056821,16,4,18,1451,1,2,1,1,6,106
201600056822,16,4,18,1545,1,2,1,1,2,112
201600056823,16,4,21,227,5,2,1,1,7,120
201600056824,16,4,22,600,5,2,4,1,6,114
201600056825,16,4,23,1645,1,2,1,1,7,116
201600056826,16,4,27,940,1,2,4,1,6,112
201600056827,16,4,28,1709,1,2,1,1,6,118
201600056828,16,4,28,2000,1,2,1,1,6,108
201600056829,16,4,30,405,5,2,1,2,6,112
201600056830,16,5,1,1335,1,2,1,1,3,116
201600056831,16,5,2,1545,1,2,1,1,3,113
201600056832,16,5,3,1215,1,2,1,1,2,105
201600056833,16,5,3,2328,5,2,1,1,3,116
201600056834,16,5,4,1627,1,2,1,1,3,113
201600056835,16,5,5,1609,1,2,2,1,6,112
201600056836,16,5,6,340,5,2,1,1,6,120
201600056837,16,5,6,2040,1,2,1,1,6,118
201600056838,16,5,8,1635,1,2,1,1,3,111
201600056839,16,5,9,2213,5,2,2,2,6,113
201600056840,16,5,10,1530,1,2,3,2,3,114
201600056841,16,5,11,1415,1,2,5,3,2,119
201600056842,16,5,11,2210,5,2,2,1,6,116
201600056843,16,5,13,2110,5,2,1,1,5,116
201600056844,16,5,16,950,1,2,2,1,3,116
201600056845,16,5,16,1105,1,2,2,1,3,101
201600056846,16,5,17,754,1,2,1,1,5,115
201600056847,16,5,17,1025,1,2,1,1,2,117
201600056848,16,5,18,55,5,2,1,1,6,119
201600056849,16,5,18,830,1,2,3,1,3,114
201600056850,16,5,18,1100,1,2,1,1,6,117
201600056851,16,5,19,10,5,2,2,2,3,102
201600056852,16,5,19,1100,1,2,3,2,3,112
201600056853,16,5,20,1915,1,2,3,1,3,113
201600056854,16,5,21,1440,1,2,2,1,1,107
201600056855,16,5,22,910,1,2,1,2,6,113
201600056856,16,5,24,1407,1,2,5,1,3,106
201600056857,16,5,26,223,5,2,5,1,7,106
201600056858,16,5,28,2137,1,2,1,1,2,117
201600056859,16,5,31,511,5,2,2,3,3,110
201600056860,16,5,31,605,2,2,3,3,7,115
201600056861,16,5,31,1249,1,2,4,2,3,110
201600056862,16,6,2,1436,1,2,1,2,6,104
201600056863,16,6,3,358,5,2,3,1,6,101
201600056864,16,6,3,650,1,2,2,1,3,115
201600056865,16,6,3,750,1,2,1,8,6,120
201600056866,16,6,6,637,1,2,2,1,6,113
201600056867,16,6,7,2250,5,2,3,1,3,119
201600056868,16,6,8,1720,1,2,5,1,6,112
201600056869,16,6,10,1650,1,2,1,1,2,112
201600056870,16,6,13,1820,1,2,5,1,6,120
201600056871,16,6,14,855,1,2,3,1,2,107
201600056872,16,6,14,943,1,2,2,2,3,113
201600056873,16,6,15,500,2,2,3,1,6,118
201600056874,16,6,16,435,5,2,1,1,7,119
201600056875,16,6,17,1143,1,2,2,2,6,119
201600056876,16,6,17,1104,1,2,2,1,3,115
201600056877,16,6,18,122,5,2,7,1,3,116
201600056878,16,6,19,20,5,2,2,1,3,105
201600056879,16,6,20,1109,1,2,1,2,6,114
201600056880,16,6,20,1226,1,2,1,2,2,116
201600056881,16,6,20,1935,1,2,1,3,6,119
201600056882,16,6,21,2330,5,2,1,8,6,112
201600056883,16,6,23,809,1,2,2,1,3,113
201600056884,16,6,23,1705,1,2,5,1,6,115
201600056885,16,6,24,935,1,2,1,1,7,113
201600056886,16,6,26,1509,1,2,2,1,6,118
201600056887,16,6,28,1340,1,2,1,1,3,112
201600056888,16,7,2,20,5,2,5,1,6,114
201600056889,16,7,2,1608,1,2,3,1,6,105
201600056890,16,7,17,618,2,2,5,1,6,119
201600056891,16,7,3,230,5,2,1,1,6,110
201600056892,16,7,6,106,5,2,5,1,3,119
201600056893,16,7,6,1558,1,2,2,1,6,116
201600056894,16,7,6,2135,2,2,2,1,3,114
201600056895,16,7,7,1108,1,2,1,1,6,114
201600056896,16,7,7,1940,1,2,2,1,3,115
201600056897,16,7,7,2306,5,2,3,1,6,118
201600056898,16,7,8,600,1,2,1,1,7,120
201600056899,16,7,9,450,2,2,1,1,7,119
201600056900,16,7,9,1842,1,2,3,1,6,115
201600056901,16,7,9,2226,5,2,1,1,6,120
201600056902,16,7,14,904,1,2,1,1,6,116
201600056903,16,7,15,244,5,2,2,1,3,115
201600056904,16,7,16,1403,1,2,5,1,3,112
201600056905,16,7,17,905,1,2,1,1,2,112
201600056906,16,7,17,1400,1,2,1,1,6,119
201600056907,16,7,19,1620,1,2,1,1,2,117
201600056908,16,7,20,229,5,2,3,1,3,113
201600056909,16,7,23,250,5,2,2,1,6,116
201600056910,16,7,23,1757,1,2,5,1,6,113
201600056911,16,7,24,2000,1,2,4,1,6,118
201600056912,16,7,26,1530,1,2,1,1,2,108
201600056913,16,7,26,1740,1,2,2,1,6,110
201600056914,16,7,27,1220,1,2,2,1,3,111
201600056915,16,7,28,544,5,2,2,1,3,119
201600056916,16,7,28,907,1,2,1,1,5,105
201600056917,16,7,29,1110,1,2,2,1,3,112
201600056918,16,7,29,1854,1,2,2,1,5,109
201600056919,16,7,31,2252,5,2,3,1,6,116
201600056920,16,8,2,745,1,2,1,2,2,105
201600056921,16,8,3,950,1,2,1,1,2,116
201600056922,16,8,8,917,1,2,2,1,6,105
201600056923,16,8,9,1130,1,2,3,1,6,111
201600056924,16,8,10,25,5,2,2,1,3,116
201600056925,16,8,13,1500,1,2,3,1,3,113
201600056926,16,8,20,1520,1,2,1,1,6,118
201600056927,16,8,21,1820,1,2,1,1,6,118
201600056928,16,8,21,1910,1,2,3,1,3,118
201600056929,16,8,23,940,1,2,7,1,6,114
201600056930,16,8,24,2201,5,2,1,1,6,110
201600056931,16,8,25,1038,1,2,1,1,2,112
201600056932,16,8,26,935,1,2,5,1,6,116
201600056933,16,8,29,235,5,2,2,1,6,115
201600056934,16,8,29,1045,1,2,1,1,6,116
201600056935,16,8,30,2130,5,2,2,1,3,115
201600056936,16,8,30,2305,5,2,5,1,6,105
201600056937,16,8,31,1855,1,2,1,1,7,112
201600056938,16,8,31,2003,2,2,5,1,3,103
201600056939,16,9,1,1520,1,2,2,1,6,104
201600056940,16,9,4,1438,1,2,7,1,3,117
201600056941,16,9,5,1250,1,2,1,2,4,117
201600056942,16,9,6,1009,1,2,2,1,6,115
201600056943,16,9,6,1340,1,2,3,1,3,120
201600056944,16,9,6,1745,1,2,2,1,6,120
201600056945,16,9,7,1158,1,2,3,1,6,101
201600056946,16,9,8,1500,1,2,1,1,5,117
201600056947,16,9,9,1529,1,2,2,1,6,105
201600056948,16,9,10,944,1,2,1,1,6,115
201600056949,16,9,11,54,5,2,1,1,6,116
201600056950,16,9,11,305,5,2,1,1,6,120
201600056951,16,9,15,1105,1,2,7,2,4,113
201600056952,16,9,17,830,1,2,1,1,4,117
201600056953,16,9,21,1311,1,2,3,1,3,111
201600056954,16,9,21,1555,1,2,1,1,6,112
201600056955,16,9,22,1528,1,2,1,1,6,117
201600056956,16,9,23,730,1,2,1,1,6,115
201600056957,16,9,24,745,1,2,1,1,6,117
201600056958,16,9,27,920,1,2,3,1,6,117
201600056959,16,9,29,1900,5,2,1,1,3,116
201600056960,16,9,30,2203,5,2,3,1,3,110
201600056961,16,10,1,1215,1,2,5,2,3,114
201600056962,16,10,2,1403,1,2,2,1,1,113
201600056963,16,10,3,1329,1,2,1,1,3,107
201600056964,16,10,3,1620,1,2,7,1,3,108
201600056965,16,10,6,1105,1,2,1,1,3,113
201600056966,16,10,8,43,5,2,2,1,3,116
201600056967,16,10,9,635,2,2,1,1,3,115
201600056968,16,10,10,1642,1,2,2,2,3,113
201600056969,16,10,11,1600,1,2,1,1,4,115
201600056970,16,10,11,1900,2,2,2,1,3,107
201600056971,16,10,12,710,4,2,4,1,3,116
201600056972,16,10,12,1820,5,2,3,1,3,118
201600056973,16,10,13,13,5,2,2,1,3,119
201600056974,16,10,14,1221,1,2,1,1,6,118
201600056975,16,10,14,1420,1,2,1,1,6,115
201600056976,16,10,17,2313,5,2,1,1,6,113
201600056977,16,10,18,1709,1,2,3,1,3,119
201600056978,16,10,18,1749,1,2,3,1,6,118
201600056979,16,10,19,737,2,2,1,1,6,113
201600056980,16,10,20,710,2,2,2,1,6,116
201600056981,16,10,22,1830,1,2,2,1,6,114
201600056982,16,10,23,220,5,2,1,1,7,107
201600056983,16,10,23,544,4,2,1,1,6,116
201600056984,16,10,24,2120,1,2,1,1,6,106
201600056985,16,10,27,205,5,2,1,1,2,108
201600056986,16,10,28,928,1,2,2,1,6,108
201600056987,16,10,29,940,1,2,5,1,2,104
201600056988,16,10,31,1720,5,2,1,1,6,115
201600056989,16,11,1,150,5,2,7,1,6,112
201600056990,16,11,2,1525,1,2,1,1,6,111
201600056991,16,11,4,2000,5,2,1,2,6,110
201600056992,16,11,6,350,5,2,1,1,6,112
201600056993,16,11,7,706,1,2,2,2,3,115
201600056994,16,11,7,2345,5,2,2,1,2,118
201600056995,16,11,8,1532,1,2,2,1,3,110
201600056996,16,11,9,848,1,2,2,2,3,113
201600056997,16,11,11,220,5,2,1,1,3,116
201600056998,16,11,11,1815,5,2,1,1,6,116
201600056999,16,11,13,459,5,2,3,2,7,118
201600057000,16,11,14,735,1,2,1,1,3,119
201600057001,16,11,17,2030,5,2,2,1,3,117
201600057002,16,11,17,2215,5,2,7,1,2,120
201600057003,16,11,20,210,5,2,2,6,3,107
201600057004,16,11,21,2120,5,2,1,1,6,116
201600057005,16,11,22,1510,1,2,2,1,6,115
201600057006,16,11,22,2220,5,2,1,1,7,120
201600057007,16,11,25,1220,1,2,2,8,3,101
201600057008,16,11,25,1923,5,2,1,1,6,112
201600057009,16,11,26,130,5,2,1,1,7,120
201600057010,16,11,28,1550,1,2,1,1,6,107
201600057011,16,11,29,1025,1,2,1,1,6,117
201600057012,16,11,29,1830,5,2,3,1,3,112
201600057013,16,12,1,1550,1,2,2,1,6,115
201600057014,16,12,2,200,5,2,7,1,6,117
201600057015,16,12,2,800,1,2,4,1,6,112
201600057016,16,12,2,1350,1,2,5,1,6,118
201600057017,16,12,4,654,5,2,3,1,6,119
201600057018,16,12,7,1320,1,2,7,1,3,108
201600057019,16,12,10,1915,2,2,1,1,2,113
201600057020,16,12,10,2315,5,2,3,1,6,113
201600057021,16,12,12,1307,1,2,7,8,4,116
201600057022,16,12,12,1625,2,2,2,2,6,116
201600057023,16,12,14,700,5,2,1,1,3,116
201600057024,16,12,14,1853,5,2,1,1,6,110
201600057025,16,12,16,636,5,2,2,1,6,111
201600057026,16,12,16,1404,1,2,1,1,6,118
201600057027,16,12,17,1902,5,2,1,1,3,118
201600057028,16,12,19,1920,5,2,1,1,3,119
201600057029,16,12,19,2330,5,2,1,1,6,108
201600057030,16,12,23,1820,5,2,2,1,6,111
201600057031,16,12,24,50,5,2,5,2,6,104
201600057032,16,12,24,300,5,2,1,1,6,114
201600057033,16,12,29,1339,1,2,5,1,3,117
201600057034,16,12,29,2329,5,2,3,1,3,106
201600057035,16,12,30,915,1,2,1,1,3,117
201600057036,16,1,2,1350,1,2,4,1,6,113
201600057037,16,1,3,2305,5,2,1,2,6,118
201600057038,16,1,4,1615,1,2,4,1,6,112
201600057039,16,1,4,2010,5,2,1,1,2,114
201600057040,16,1,5,910,1,2,1,2,5,119
201600057041,16,1,6,810,1,2,1,2,2,118
201600057042,16,1,6,1855,5,2,1,1,3,116
201600057043,16,1,7,850,1,2,1,3,7,117
201600057044,16,1,7,1955,4,2,1,1,3,113
201600057045,16,1,11,810,5,2,1,2,3,113
201600057046,16,1,11,920,1,2,4,1,2,120
201600057047,16,1,11,1325,1,2,1,1,6,120
201600057048,16,1,12,1840,5,2,1,1,2,118
201600057049,16,1,13,730,2,2,1,1,2,115
201600057050,16,1,13,1215,1,2,1,1,6,116
201600057051,16,1,13,1300,1,2,1,1,7,116
201600057052,16,1,15,1230,1,2,1,1,2,117
201600057053,16,1,15,1300,1,2,1,1,2,114
201600057054,16,1,16,500,5,2,1,1,2,115
201600057055,16,1,17,305,5,2,1,1,7,117
201600057056,16,1,19,1000,1,2,1,1,2,116
201600057057,16,1,19,1045,1,2,1,1,3,115
201600057058,16,1,19,2320,4,2,1,1,2,115
201600057059,16,1,20,815,1,2,1,1,4,112
201600057060,16,1,21,1020,1,2,1,8,6,116
201600057061,16,1,21,1510,1,2,1,1,6,120
201600057062,16,1,21,1920,5,2,4,1,2,113
201600057063,16,1,22,840,1,2,1,1,7,116
201600057064,16,1,22,2045,5,2,1,2,7,113
201600057065,16,1,24,540,5,2,1,2,6,112
201600057066,16,1,24,1010,1,2,1,2,6,120
201600057067,16,1,25,900,1,2,1,1,4,115
201600057068,16,1,25,1910,5,2,1,1,2,114
201600057069,16,1,28,1230,1,2,1,1,3,116
201600057070,16,1,29,850,1,2,1,1,3,120
201600057071,16,1,29,1250,1,2,1,1,2,115
201600057072,16,1,30,1220,1,2,1,2,2,115
201600057073,16,1,30,1630,1,2,1,3,6,120
201600057074,16,1,31,620,5,2,1,2,6,112
201600057075,16,1,31,900,1,2,1,2,6,120
201600057076,16,2,1,645,5,2,4,1,2,116
201600057077,16,2,1,945,1,2,1,1,3,114
201600057078,16,2,1,1420,1,2,1,1,7,117
201600057079,16,2,2,845,1,2,1,1,3,119
201600057080,16,2,2,1930,4,2,1,1,7,119
201600057081,16,2,3,1215,1,2,1,1,2,120
201600057082,16,2,3,750,1,2,1,1,3,116
201600057083,16,2,3,1050,1,2,4,1,6,118
201600057084,16,2,3,1745,2,2,1,1,4,118
201600057085,16,2,3,2000,2,2,1,1,3,113
201600057086,16,2,3,2050,5,2,1,1,3,120
201600057087,16,2,3,2340,5,2,1,1,6,112
201600057088,16,2,4,1115,1,2,1,1,2,113
201600057089,16,2,6,230,5,2,1,1,6,118
201600057090,16,2,6,2020,5,2,1,1,2,119
201600057091,16,2,8,815,1,2,1,1,2,120
201600057092,16,2,9,940,1,2,1,2,7,115
201600057093,16,2,10,900,1,2,1,1,6,112
201600057094,16,2,10,1340,1,2,1,1,4,116
201600057095,16,2,10,1520,1,2,1,1,3,120
201600057096,16,2,12,1620,1,2,1,2,2,119
201600057097,16,2,14,315,5,2,1,1,2,112
201600057098,16,2,14,1010,1,2,1,1,3,117
201600057099,16,2,15,1220,1,2,1,1,2,112
201600057100,16,2,15,1430,1,2,1,1,2,116
201600057101,16,2,15,1835,1,2,4,1,2,116
201600057102,16,2,16,1630,1,2,1,1,3,113
201600057103,16,2,16,1740,1,2,1,1,6,116
201600057104,16,2,16,2253,5,2,4,1,3,113
201600057105,16,2,16,1950,5,2,1,1,3,115
201600057106,16,2,18,1250,1,2,1,1,4,112
201600057107,16,2,22,1145,1,2,1,1,4,120
201600057108,16,2,22,1600,1,2,1,1,6,117
201600057109,16,2,23,840,1,2,4,2,7,116
201600057110,16,2,23,2300,5,2,1,1,4,119
201600057111,16,2,24,1845,5,2,1,1,4,114
201600057112,16,2,25,1800,5,2,1,1,7,118
201600057113,16,2,26,2000,5,2,1,1,4,113
201600057114,16,2,27,910,1,2,4,1,6,116
201600057115,16,2,29,2300,5,2,1,1,3,117
201600057116,16,3,1,1810,5,2,1,2,3,114
201600057117,16,3,3,1530,1,2,1,1,6,115
201600057118,16,3,3,2220,5,2,4,1,4,113
201600057119,16,3,4,1050,1,2,1,2,7,116
201600057120,16,3,5,35,5,2,1,2,6,118
201600057121,16,3,5,1025,1,2,1,2,4,115
201600057122,16,3,5,1320,1,2,1,8,4,116
201600057123,16,3,5,1530,1,2,1,1,3,113
201600057124,16,3,5,1920,5,2,1,1,4,115
201600057125,16,3,6,210,5,2,4,1,6,120
201600057126,16,3,6,1940,5,2,1,1,4,117
201600057127,16,3,7,710,1,2,1,1,2,113
201600057128,16,3,8,1800,1,2,1,1,4,114
201600057129,16,3,15,1140,1,2,1,1,2,113
201600057130,16,3,9,1840,2,2,1,1,7,112
201600057131,16,3,10,1440,1,2,4,1,2,119
201600057132,16,3,11,1915,2,2,1,1,6,113
201600057133,16,3,13,2145,5,2,1,1,6,119
201600057134,16,3,14,810,1,2,1,1,3,112
201600057135,16,3,17,920,1,2,1,1,2,113
201600057136,16,3,22,1100,1,2,1,1,2,117
201600057137,16,3,23,1700,1,2,1,1,2,116
201600057138,16,3,24,850,1,2,1,1,4,116
201600057139,16,3,24,1310,1,2,4,1,3,119
201600057140,16,3,24,1925,1,2,1,1,2,117
201600057141,16,3,25,1450,1,2,1,1,2,113
201600057142,16,3,25,1700,1,2,4,1,6,116
201600057143,16,3,27,650,1,2,1,1,6,118
201600057144,16,3,27,1300,1,2,1,1,2,116
201600057145,16,3,29,730,1,2,1,6,3,120
201600057146,16,3,30,1640,1,2,1,2,2,120
201600057147,16,3,30,1315,1,2,1,2,4,115
201600057148,16,3,30,850,1,2,1,2,3,120
201600057149,16,3,31,1025,1,2,1,2,7,116
201600057150,16,3,31,1610,1,2,1,3,6,120
201600057151,16,3,31,2045,3,2,1,2,2,120
201600057152,16,4,2,1608,1,2,1,1,6,117
201600057153,16,4,4,1230,1,2,1,1,2,120
201600057154,16,4,5,1435,1,2,4,1,6,120
201600057155,16,4,6,1720,1,2,1,1,3,117
201600057156,16,4,6,1815,1,2,1,1,4,120
201600057157,16,4,8,1740,1,2,1,1,3,116
201600057158,16,4,9,110,5,2,1,1,6,117
201600057159,16,4,9,150,5,2,1,1,6,119
201600057160,16,4,9,1900,1,2,1,1,2,117
201600057161,16,4,10,1510,1,2,4,1,5,112
201600057162,16,4,11,400,5,2,3,1,6,117
201600057163,16,4,12,1715,1,2,1,1,2,114
201600057164,16,4,13,1335,1,2,1,1,3,118
201600057165,16,4,11,1700,1,2,1,1,2,119
201600057166,16,4,13,2110,5,2,1,1,6,113
201600057167,16,4,13,2136,5,2,1,1,6,116
201600057168,16,4,14,935,1,2,1,1,7,114
201600057169,16,4,14,810,1,2,1,1,3,120
201600057170,16,4,14,1145,1,2,1,1,4,117
201600057171,16,4,15,1140,1,2,1,1,3,119
201600057172,16,4,16,2020,1,2,1,1,2,117
201600057173,16,4,17,1930,2,2,1,1,3,113
201600057174,16,4,19,1810,1,2,1,1,6,113
201600057175,16,4,20,15,5,2,4,1,6,114
201600057176,16,4,20,630,5,2,1,1,2,120
201600057177,16,4,20,810,1,2,1,1,2,119
201600057178,16,4,20,1745,1,2,1,1,3,113
201600057179,16,4,21,850,1,2,1,1,7,119
201600057180,16,4,25,810,1,2,4,1,6,115
201600057181,16,4,25,2150,5,2,1,3,6,120
201600057182,16,4,26,1245,1,2,1,1,2,118
201600057183,16,4,27,1100,1,2,1,1,7,116
201600057184,16,4,28,1,5,2,1,1,7,117
201600057185,16,4,28,215,3,2,4,1,7,112
201600057186,16,4,28,850,1,2,1,1,5,115
201600057187,16,4,28,1830,1,2,1,1,2,119
201600057188,16,4,30,650,5,2,1,1,6,116
201600057189,16,5,2,830,1,2,1,1,3,113
201600057190,16,5,2,1100,1,2,1,1,2,120
201600057191,16,5,3,2000,1,2,1,1,3,113
201600057192,16,5,4,1235,1,2,4,1,3,112
201600057193,16,5,4,1355,1,2,1,1,6,113
201600057194,16,5,4,1740,1,2,1,1,3,120
201600057195,16,5,5,240,5,2,4,1,6,119
201600057196,16,5,5,1715,1,2,1,1,3,112
201600057197,16,5,7,1440,1,2,1,1,4,114
201600057198,16,5,8,1100,1,2,4,1,2,112
201600057199,16,5,8,1850,1,2,4,1,3,118
201600057200,16,5,9,5,3,2,1,1,2,118
201600057201,16,5,10,1310,1,2,1,1,4,116
201600057202,16,5,10,1910,1,2,1,1,3,118
201600057203,16,5,10,1720,1,2,1,1,6,120
201600057204,16,5,10,2100,5,2,1,2,6,119
201600057205,16,5,11,855,1,2,1,1,3,119
201600057206,16,5,12,1155,1,2,1,1,2,115
201600057207,16,5,12,1630,1,2,1,1,4,117
201600057208,16,5,12,2000,2,2,1,1,3,117
201600057209,16,5,13,945,1,2,1,1,6,118
201600057210,16,5,13,1630,1,2,4,1,3,114
201600057211,16,5,14,1700,1,2,4,1,6,117
201600057212,16,5,15,130,5,2,1,1,2,113
201600057213,16,5,17,750,1,2,1,1,3,114
201600057214,16,5,17,1005,1,2,1,1,2,116
201600057215,16,5,17,1400,1,2,1,1,4,116
201600057216,16,5,17,2010,2,2,1,1,2,112
201600057217,16,5,18,1430,1,2,4,2,4,115
201600057218,16,5,18,2050,1,2,1,1,6,116
201600057219,16,5,18,2325,5,2,4,1,4,120
201600057220,16,5,19,715,1,2,1,1,3,116
201600057221,16,5,19,1545,1,2,1,1,4,114
201600057222,16,5,21,800,1,2,4,1,3,115
201600057223,16,5,21,1855,1,2,1,2,2,120
201600057224,16,5,22,1850,1,2,1,2,3,120
201600057225,16,5,23,940,1,2,1,3,3,116
201600057226,16,5,23,1225,1,2,1,2,2,117
201600057227,16,5,23,1045,1,2,1,3,3,119
201600057228,16,5,23,1545,1,2,1,1,2,118
201600057229,16,5,24,845,1,2,1,1,2,118
201600057230,16,5,24,1600,1,2,1,1,2,116
201600057231,16,5,25,1245,1,2,1,1,6,112
201600057232,16,5,25,1545,1,2,1,1,3,114
201600057233,16,5,25,2220,4,2,1,1,6,118
201600057234,16,5,26,755,1,2,1,1,3,112
201600057235,16,5,26,1845,1,2,1,1,3,117
201600057236,16,5,27,1625,1,2,1,1,3,113
201600057237,16,5,28,1200,1,2,1,1,2,118
201600057238,16,5,30,315,4,2,1,1,6,120
201600057239,16,5,30,655,2,2,1,2,2,120
201600057240,16,5,30,1700,1,2,1,2,2,117
201600057241,16,5,31,1220,1,2,1,2,6,117
201600057242,16,5,31,2000,2,2,1,3,6,115
201600057243,16,6,1,120,3,2,1,1,7,120
201600057244,16,6,1,1000,1,2,4,1,2,116
201600057245,16,6,1,945,1,2,1,1,4,114
201600057246,16,6,1,1410,1,2,1,1,2,120
201600057247,16,6,2,1015,1,2,1,1,3,116
201600057248,16,6,3,1925,1,2,1,1,3,116
201600057249,16,6,5,310,5,2,1,2,2,118
201600057250,16,6,7,540,2,2,1,1,3,117
201600057251,16,6,8,1200,1,2,1,1,3,118
201600057252,16,6,9,700,1,2,1,1,4,114
201600057253,16,6,9,945,1,2,1,1,2,117
201600057254,16,6,9,1010,1,2,1,1,3,116
201600057255,16,6,9,1320,1,2,1,1,6,119
201600057256,16,6,11,930,1,2,1,1,5,114
201600057257,16,6,12,1320,1,2,1,8,4,120
201600057258,16,6,13,1510,1,2,1,1,7,114
201600057259,16,6,13,1745,1,2,1,1,2,117
201600057260,16,6,15,815,1,2,1,1,2,117
201600057261,16,6,15,920,5,2,1,1,5,120
201600057262,16,6,15,1620,1,2,1,1,3,118
201600057263,16,6,15,1950,1,2,1,1,2,112
201600057264,16,6,16,1730,1,2,1,1,2,117
201600057265,16,6,17,1510,1,2,1,1,3,113
201600057266,16,6,18,1330,1,2,4,1,6,112
201600057267,16,6,18,1905,1,2,1,3,7,119
201600057268,16,6,20,435,5,2,1,1,3,114
201600057269,16,6,20,850,1,2,1,1,3,119
201600057270,16,6,21,1245,1,2,1,1,4,116
201600057271,16,6,21,955,1,2,1,1,6,119
201600057272,16,6,22,1100,1,2,1,1,3,112
201600057273,16,6,23,945,1,2,1,1,4,112
201600057274,16,6,24,1220,1,2,1,1,2,119
201600057275,16,6,24,1850,1,2,1,1,6,114
201600057276,16,6,26,1155,1,2,1,1,7,116
201600057277,16,6,26,1450,1,2,1,1,4,113
201600057278,16,6,26,1810,1,2,1,1,6,116
201600057279,16,6,27,40,5,2,1,1,3,112
201600057280,16,6,27,1600,1,2,1,1,4,120
201600057281,16,6,29,755,1,2,1,1,2,120
201600057282,16,6,29,1610,1,2,1,1,6,120
201600057283,16,6,29,1940,1,2,1,1,2,113
201600057284,16,6,30,1020,1,2,1,1,4,119
201600057285,16,7,1,1745,1,2,1,1,3,117
201600057286,16,7,2,1835,1,2,1,1,2,118
201600057287,16,7,2,2115,2,2,1,8,3,119
201600057288,16,7,4,909,1,2,1,1,3,119
201600057289,16,7,5,1540,1,2,1,1,3,116
201600057290,16,7,6,830,1,2,1,1,2,118
201600057291,16,7,6,1745,1,2,1,1,3,114
201600057292,16,7,7,1445,1,2,1,1,3,116
201600057293,16,7,8,30,5,2,4,1,6,118