Num_Acc,an,mois,jour,hrmn,lum,agg,int,atm,col,com
201600057294,16,7,8,1650,1,2,1,7,4,113
201600057295,16,7,9,1430,1,2,1,1,6,119
201600057296,16,7,9,1720,1,2,1,1,3,118
201600057297,16,7,10,1315,1,2,1,1,2,114
201600057298,16,7,11,15,5,2,1,1,2,113
201600057299,16,7,11,140,5,2,1,1,2,113
201600057300,16,7,12,640,1,2,1,1,2,112
201600057301,16,7,13,930,1,2,1,1,3,119
201600057302,16,7,12,1930,1,2,1,1,4,119
201600057303,16,7,14,2150,3,2,1,1,6,113
201600057304,16,7,15,1030,1,2,1,1,2,114
201600057305,16,7,15,900,1,2,1,1,3,118
201600057306,16,7,15,710,1,2,4,1,6,115
201600057307,16,7,16,450,5,2,1,1,6,119
201600057308,16,7,17,255,5,2,4,1,3,114
201600057309,16,7,18,915,1,2,1,1,6,112
201600057310,16,7,18,1845,1,2,1,1,6,112
201600057311,16,7,20,1100,1,2,1,1,2,117
201600057312,16,7,22,800,1,2,1,1,3,119
201600057313,16,7,22,1030,1,2,1,1,3,119
201600057314,16,7,23,1825,1,2,1,1,4,120
201600057315,16,7,24,45,5,2,1,1,7,113
201600057316,16,7,25,1200,1,2,4,1,6,117
201600057317,16,7,25,1810,1,2,1,1,4,113
201600057318,16,7,27,855,1,2,1,1,3,113
201600057319,16,7,28,1600,1,2,1,1,3,115
201600057320,16,7,29,1715,1,2,1,1,2,115
201600057321,16,7,29,1900,1,2,1,1,4,117
201600057322,16,7,30,1506,1,2,1,1,2,114
201600057323,16,8,1,410,5,2,1,1,6,117
201600057324,16,8,4,1315,1,2,1,1,3,118
201600057325,16,8,4,1510,1,2,1,1,2,118
201600057326,16,8,5,1245,1,2,1,1,4,118
201600057327,16,8,6,1030,1,2,1,1,1,116
201600057328,16,8,7,1030,1,2,1,1,3,112
201600057329,16,8,8,630,1,2,1,1,6,119
201600057330,16,8,9,1715,1,2,1,1,2,118
201600057331,16,8,9,1730,1,2,1,1,3,113
201600057332,16,8,11,1330,1,2,1,1,2,112
201600057333,16,8,13,1830,1,2,1,1,7,118
201600057334,16,8,14,620,1,2,1,1,7,118
201600057335,16,8,17,1945,1,2,1,1,3,112
201600057336,16,8,18,850,1,2,1,1,7,120
201600057337,16,8,22,845,1,2,1,1,2,115
201600057338,16,8,22,700,1,2,1,1,7,116
201600057339,16,8,24,1650,1,2,1,1,2,112
201600057340,16,8,25,850,1,2,1,1,2,119
201600057341,16,8,25,1845,1,2,1,1,4,114
201600057342,16,8,28,225,5,2,1,1,6,117
201600057343,16,8,29,1410,1,2,1,1,2,120
201600057344,16,8,30,830,1,2,1,1,6,112
201600057345,16,8,30,1330,1,2,1,1,4,116
201600057346,16,8,30,1605,1,2,1,1,4,112
201600057347,16,8,31,1325,1,2,1,1,4,115
201600057348,16,8,31,1800,1,2,1,1,4,114
201600057349,16,9,1,1435,1,2,1,1,4,112
201600057350,16,9,1,1700,1,2,1,1,6,118
201600057351,16,9,2,740,1,2,1,1,3,119
201600057352,16,9,2,1055,1,2,1,1,4,112
201600057353,16,9,2,1345,1,2,1,1,4,116
201600057354,16,9,3,1450,1,2,1,1,2,112
201600057355,16,9,4,2100,4,2,1,1,2,120
201600057356,16,9,6,1440,1,2,1,1,7,117
201600057357,16,9,6,1845,1,2,4,1,2,116
201600057358,16,9,9,1655,1,2,1,1,2,114
201600057359,16,9,10,1940,2,2,1,1,3,112
201600057360,16,9,12,1040,1,2,1,1,6,116
201600057361,16,9,12,1600,1,2,1,1,2,114
201600057362,16,9,12,1815,1,2,1,1,4,119
201600057363,16,9,13,1610,1,2,1,1,2,119
201600057364,16,9,14,835,1,2,1,1,3,116
201600057365,16,9,15,545,5,2,1,2,6,113
201600057366,16,9,16,1330,1,2,1,1,3,115
201600057367,16,9,17,550,4,2,1,1,6,120
201600057368,16,9,17,1355,1,2,1,1,3,112
201600057369,16,9,18,1835,1,2,1,1,2,113
201600057370,16,9,18,1625,1,2,1,1,4,114
201600057371,16,9,19,810,1,2,1,1,2,118
201600057372,16,9,19,1440,1,2,1,2,3,120
201600057373,16,9,19,1645,1,2,1,1,3,120
201600057374,16,9,19,1735,1,2,4,1,2,112
201600057375,16,9,20,1345,1,2,1,1,2,114
201600057376,16,9,21,1000,1,2,1,1,2,113
201600057377,16,9,22,1445,1,2,1,1,4,112
201600057378,16,9,23,1220,1,2,1,1,4,114
201600057379,16,9,23,1950,5,2,1,1,3,116
201600057380,16,9,24,1255,1,2,1,1,2,115
201600057381,16,9,24,1100,1,2,1,7,6,117
201600057382,16,9,24,1820,1,2,1,1,3,116
201600057383,16,9,25,520,5,2,1,1,7,119
201600057384,16,9,26,910,1,2,1,1,2,118
201600057385,16,9,28,1230,1,2,1,1,4,115
201600057386,16,9,28,2110,5,2,1,1,3,118
201600057387,16,9,29,2030,5,2,1,1,3,116
201600057388,16,9,30,1857,2,2,1,2,5,112
201600057389,16,10,1,1,3,2,1,2,6,120
201600057390,16,10,1,320,5,2,4,1,6,113
201600057391,16,10,1,1750,1,2,1,1,2,114
201600057392,16,10,1,2030,5,2,1,1,2,117
201600057393,16,10,2,712,2,2,1,1,4,117
201600057394,16,10,2,1500,1,2,1,1,2,120
201600057395,16,10,3,800,1,2,1,1,3,119
201600057396,16,10,4,1815,1,2,1,1,4,112
201600057397,16,10,6,800,1,2,1,1,3,116
201600057398,16,10,6,1110,1,2,1,1,3,114
201600057399,16,10,7,1730,1,2,1,1,4,113
201600057400,16,10,8,500,5,2,1,1,2,119
201600057401,16,10,8,1815,1,2,1,1,6,114
201600057402,16,10,8,1700,1,2,1,1,2,116
201600057403,16,10,9,1520,1,2,1,1,2,115
201600057404,16,10,10,1015,1,2,4,1,3,112
201600057405,16,10,10,1445,1,2,1,1,3,113
201600057406,16,10,11,1510,1,2,4,1,7,113
201600057407,16,10,11,1740,5,2,1,1,4,116
201600057408,16,10,12,1015,1,2,1,1,4,117
201600057409,16,10,13,750,1,2,1,1,3,113
201600057410,16,10,13,1945,1,2,1,1,7,116
201600057411,16,10,14,930,1,2,4,8,2,119
201600057412,16,10,14,1435,1,2,1,1,4,116
201600057413,16,10,14,2030,5,2,1,2,3,113
201600057414,16,10,15,540,5,2,1,2,3,115
201600057415,16,10,15,1415,1,2,1,1,3,120
201600057416,16,10,16,1630,1,2,1,1,3,116
201600057417,16,10,17,745,1,2,1,1,6,115
201600057418,16,10,17,1500,1,2,1,1,3,115
201600057419,16,10,17,1710,1,2,1,1,2,116
201600057420,16,10,18,950,1,2,1,1,2,120
201600057421,16,10,18,705,2,2,1,1,3,115
201600057422,16,10,18,2220,5,2,4,1,6,117
201600057423,16,10,19,1345,1,2,1,1,3,116
201600057424,16,10,19,1740,2,2,1,1,6,120
201600057425,16,10,20,1630,1,2,1,2,4,112
201600057426,16,10,21,1430,1,2,1,2,3,115
201600057427,16,10,21,1620,1,2,1,2,6,118
201600057428,16,10,22,1030,1,2,1,1,6,113
201600057429,16,10,23,100,5,2,1,1,6,118
201600057430,16,10,24,1155,1,2,1,2,4,112
201600057431,16,10,24,1435,1,2,1,2,7,116
201600057432,16,10,24,1755,1,2,1,1,3,119
201600057433,16,10,25,800,2,2,1,1,2,118
201600057434,16,10,25,1005,1,2,1,1,7,117
201600057435,16,10,26,935,1,2,1,1,2,118
201600057436,16,10,27,1,5,2,1,5,4,119
201600057437,16,10,27,935,1,2,1,1,3,120
201600057438,16,10,28,730,2,2,1,1,4,114
201600057439,16,10,28,1230,1,2,1,1,4,115
201600057440,16,10,29,605,5,2,1,1,6,119
201600057441,16,10,29,2310,5,2,1,1,6,113
201600057442,16,10,31,1240,1,2,1,1,2,119
201600057443,16,11,1,1430,1,2,1,1,2,113
201600057444,16,11,2,1835,1,2,1,1,2,117
201600057445,16,11,3,1000,1,2,1,1,4,120
201600057446,16,11,4,720,1,2,1,1,3,113
201600057447,16,11,6,1555,1,2,1,1,6,119
201600057448,16,11,7,700,2,2,1,2,4,116
201600057449,16,11,7,900,1,2,1,2,7,116
201600057450,16,11,8,840,1,2,1,1,4,113
201600057451,16,11,8,800,1,2,1,1,4,115
201600057452,16,11,9,745,1,2,1,2,7,115
201600057453,16,11,9,1040,1,2,4,3,3,114
201600057454,16,11,9,1415,1,2,1,2,2,116
201600057455,16,11,10,945,1,2,1,2,6,117
201600057456,16,11,10,1430,1,2,1,8,3,113
201600057457,16,11,14,1415,1,2,1,1,3,113
201600057458,16,11,15,915,1,2,4,2,3,116
201600057459,16,11,15,1805,2,2,1,1,3,117
201600057460,16,11,16,730,5,2,1,1,3,112
201600057461,16,11,16,1045,1,2,1,8,2,114
201600057462,16,11,17,900,1,2,1,1,4,117
201600057463,16,11,17,1605,1,2,1,1,4,114
201600057464,16,11,17,1759,5,2,1,1,3,119
201600057465,16,11,17,1940,1,2,1,1,6,112
201600057466,16,11,18,1940,1,2,1,1,3,117
201600057467,16,11,19,1820,1,2,1,1,2,116
201600057468,16,11,19,2020,5,2,1,1,3,118
201600057469,16,11,20,710,5,2,1,2,7,116
201600057470,16,11,21,920,1,2,1,1,4,116
201600057471,16,11,21,1920,5,2,1,1,3,113
201600057472,16,11,23,845,1,2,1,1,2,113
201600057473,16,11,23,1400,1,2,1,1,2,112
201600057474,16,11,23,1420,1,2,1,1,3,120
201600057475,16,11,24,1700,1,2,1,1,3,116
201600057476,16,11,25,2140,3,2,1,1,2,120
201600057477,16,11,26,230,5,2,1,1,6,117
201600057478,16,11,26,815,5,2,1,1,3,112
201600057479,16,11,26,1845,5,2,4,1,4,119
201600057480,16,11,29,910,1,2,4,1,3,113
201600057481,16,11,29,1205,1,2,1,1,4,120
201600057482,16,11,30,900,1,2,1,1,4,114
201600057483,16,11,30,710,5,2,1,1,3,118
201600057484,16,11,30,1555,1,2,1,1,3,112
201600057485,16,12,1,1400,5,2,1,1,3,117
201600057486,16,12,1,1545,1,2,1,1,3,115
201600057487,16,12,2,900,1,2,4,1,3,112
201600057488,16,12,3,930,1,2,1,1,4,120
201600057489,16,12,5,1730,5,2,1,1,3,118
201600057490,16,12,5,1920,1,2,1,1,3,117
201600057491,16,12,6,731,5,2,1,1,3,114
201600057492,16,12,8,1545,1,2,1,1,3,112
201600057493,16,12,8,2310,5,2,1,1,2,119
201600057494,16,12,9,730,2,2,4,1,4,114
201600057495,16,12,9,1715,5,2,1,1,3,113
201600057496,16,12,9,2020,5,2,4,1,3,118
201600057497,16,12,10,1300,1,2,1,1,6,118
201600057498,16,12,10,1850,5,2,1,1,2,118
201600057499,16,12,12,1940,5,2,1,2,1,112
201600057500,16,12,12,2045,5,2,1,2,7,119
201600057501,16,12,13,820,1,2,1,2,3,112
201600057502,16,12,13,1720,1,2,1,1,2,118
201600057503,16,12,13,1815,5,2,1,1,3,113
201600057504,16,12,14,140,5,2,1,1,6,113
201600057505,16,12,14,1850,1,2,1,1,3,116
201600057506,16,12,19,1135,1,2,1,1,4,114
201600057507,16,12,20,100,5,2,1,1,2,116
201600057508,16,12,20,1700,5,2,1,1,3,117
201600057509,16,12,21,1020,1,2,1,1,4,117
201600057510,16,12,21,1320,1,2,1,1,2,116
201600057511,16,12,22,930,1,2,1,2,4,114
201600057512,16,12,22,1300,1,2,1,8,2,116
201600057513,16,12,24,1910,5,2,1,1,4,119
201600057514,16,12,24,525,4,2,1,1,6,120
201600057515,16,12,26,30,5,2,1,1,4,117
201600057516,16,12,26,1220,1,2,1,2,7,118
201600057517,16,12,27,1600,1,2,1,1,3,117
201600057518,16,12,27,1820,5,2,1,1,3,113
201600057519,16,12,28,1930,1,2,1,1,7,120
201600057520,16,12,28,1800,5,2,1,1,2,112
201600057521,16,12,29,1745,1,2,1,1,2,120
201600057522,16,12,30,1450,1,2,1,1,6,120
201600057523,16,2,17,1545,1,2,1,2,3,229
201600057524,16,3,27,1945,5,1,1,2,6,234
201600057525,16,4,4,1715,1,2,3,1,3,229
201600057526,16,1,23,645,1,1,1,1,6,224
201600057527,16,2,10,1145,1,1,1,1,1,224
201600057528,16,7,10,515,2,2,1,1,6,224
201600057529,16,10,23,1900,5,2,1,3,1,224
201600057530,16,12,16,1615,1,1,1,1,6,224
201600057531,16,3,7,1300,1,2,1,1,6,218
201600057532,16,3,25,2245,5,2,1,1,7,225
201600057533,16,6,15,1045,1,1,1,1,7,225
201600057534,16,8,7,915,1,2,1,1,1,204
201600057535,16,8,18,1630,1,2,1,1,1,225
201600057536,16,9,25,1700,1,2,1,1,1,218
201600057537,16,11,21,1445,1,2,1,1,6,218
201600057538,16,12,13,1815,3,2,1,2,1,204
201600057539,16,12,19,1200,1,2,1,1,3,204
201600057540,16,1,6,1030,1,1,1,1,2,232
201600057541,16,2,6,1845,3,2,1,1,1,210
201600057542,16,2,20,1545,1,2,1,1,3,232
201600057543,16,4,27,1115,1,1,1,1,1,232
201600057544,16,11,11,845,1,1,1,1,1,210
201600057545,16,11,12,1830,3,1,1,1,1,210
201600057546,16,1,2,845,1,1,1,1,2,207
201600057547,16,1,16,330,3,1,1,3,6,207
201600057548,16,2,28,1715,1,1,1,1,5,207
201600057549,16,4,26,1230,1,1,1,1,3,223
201600057550,16,12,30,1030,1,1,1,1,7,223
201600057551,16,5,14,530,1,1,1,1,1,232
201600057552,16,8,26,1400,1,1,1,1,1,232
201600057553,16,11,10,1330,1,1,1,1,5,210
201600057554,16,1,22,1630,1,1,1,1,6,217
201600057555,16,1,30,1900,3,1,1,1,6,227
201600057556,16,3,4,1530,1,2,3,1,4,217
201600057557,16,5,29,2145,5,2,6,1,6,217
201600057558,16,6,5,2000,3,1,1,1,7,227
201600057559,16,6,5,1015,1,1,1,1,6,227
201600057560,16,6,29,1545,1,1,1,1,7,217
201600057561,16,7,8,1330,1,1,1,1,1,220
201600057562,16,7,30,45,3,1,1,1,2,227
201600057563,16,8,7,830,1,1,1,1,6,217
201600057564,16,8,8,130,3,1,1,1,1,227
201600057565,16,10,11,1345,1,1,1,1,1,227
201600057566,16,12,3,245,4,1,1,1,1,226
201600057567,16,12,10,1630,1,1,1,1,6,220
201600057568,16,9,9,630,2,2,1,1,6,231
201600057569,16,12,28,1415,1,1,6,1,7,230
201600057570,16,2,5,915,1,1,1,1,6,230
201600057571,16,2,14,1700,1,1,1,1,1,230
201600057572,16,6,14,1930,4,2,1,1,3,230
201600057573,16,12,7,1830,3,1,1,2,5,230
201600057574,16,1,30,1800,1,2,1,1,3,222
201600057575,16,8,21,1700,1,2,1,1,3,222
201600057576,16,9,4,2030,3,1,1,1,1,222
201600057577,16,9,9,1900,3,1,3,1,6,222
201600057578,16,8,28,930,1,2,1,1,3,212
201600057579,16,11,17,745,1,1,1,1,2,222
201600057580,16,12,16,1545,1,1,1,8,1,212
201600057581,16,12,21,1200,1,2,1,1,3,222
201600057582,16,1,3,1845,3,1,1,1,6,228
201600057583,16,1,29,1700,1,1,1,1,1,228
201600057584,16,8,8,515,2,1,1,1,6,228
201600057585,16,8,28,1845,3,1,1,1,5,228
201600057586,16,10,18,840,1,1,1,1,6,228
201600057587,16,2,13,800,1,2,1,1,6,104
201600057588,16,3,12,1815,5,2,1,1,6,104
201600057589,16,4,30,915,1,2,1,1,2,104
201600057590,16,5,9,715,1,1,1,1,1,124
201600057591,16,7,5,830,1,2,1,3,7,124
201600057592,16,7,14,2000,3,2,1,1,7,104
201600057593,16,10,20,1100,1,1,1,8,2,104
201600057594,16,10,24,800,1,2,1,3,3,124
201600057595,16,10,31,2015,3,2,1,1,7,124
201600057596,16,11,6,1100,1,2,1,1,6,104
201600057597,16,11,18,1445,1,1,1,1,1,104
201600057598,16,3,16,930,1,1,1,2,1,134
201600057599,16,3,30,730,1,1,1,1,1,134
201600057600,16,4,16,1715,1,2,1,1,1,134
201600057601,16,7,3,215,3,1,1,2,1,134
201600057602,16,10,23,2100,3,1,1,1,6,134
201600057603,16,12,15,1900,5,1,1,1,1,106
201600057604,16,1,13,1630,2,1,1,1,6,106
201600057605,16,1,16,1015,1,2,1,1,5,106
201600057606,16,3,26,1730,1,1,1,1,3,121
201600057607,16,11,30,1030,1,1,1,1,1,121
201600057608,16,4,24,15,3,1,1,1,6,111
201600057609,16,8,14,1345,1,1,1,3,6,111
201600057610,16,9,11,1715,1,1,1,1,3,111
201600057611,16,11,6,1215,1,1,1,1,3,111
201600057612,16,12,26,1030,1,1,1,1,6,111
201600057613,16,1,2,2330,3,1,1,1,2,107
201600057614,16,1,22,545,5,1,1,1,6,107
201600057615,16,1,22,2345,3,1,1,1,1,107
201600057616,16,1,25,1445,1,1,3,1,1,107
201600057617,16,1,28,2100,3,1,1,1,2,107
201600057618,16,2,3,1615,1,1,1,1,6,107
201600057619,16,2,13,1,1,1,1,1,6,107
201600057620,16,2,24,615,3,1,1,1,6,107
201600057621,16,3,6,830,1,2,1,1,7,114
201600057622,16,3,23,1415,1,1,1,1,1,107
201600057623,16,4,17,1000,1,1,1,1,2,114
201600057624,16,4,23,2015,3,1,1,1,6,107
201600057625,16,4,21,2100,3,1,1,2,1,107
201600057626,16,4,29,2030,5,1,1,1,5,107
201600057627,16,5,4,1230,1,1,1,1,6,114
201600057628,16,5,6,945,1,1,1,1,5,107
201600057629,16,5,27,2230,3,1,1,3,7,107
201600057630,16,6,21,1130,1,1,1,1,3,114
201600057631,16,7,6,1315,1,1,1,1,6,107
201600057632,16,7,7,1930,3,1,1,1,2,107
201600057633,16,9,2,1330,1,1,1,1,3,107
201600057634,16,9,14,1030,1,1,1,1,1,107
201600057635,16,9,15,900,1,1,1,2,3,107
201600057636,16,11,11,845,1,1,3,1,3,107
201600057637,16,12,18,445,3,1,1,2,1,107
201600057638,16,12,25,1930,3,1,1,1,6,107
201600057639,16,7,28,1215,1,2,1,1,6,131
201600057640,16,11,9,515,5,2,1,1,6,131
201600057641,16,12,23,2145,3,1,1,1,6,131
201600057642,16,2,12,2230,3,1,1,1,3,115
201600057643,16,7,29,2315,5,2,1,2,3,115
201600057644,16,11,22,1545,1,2,1,1,6,115
201600057645,16,12,23,915,1,1,1,1,7,115
201600057646,16,3,8,1615,1,1,1,1,3,118
201600057647,16,3,5,915,1,2,6,1,6,118
201600057648,16,3,20,1545,1,1,1,1,6,118
201600057649,16,4,6,1500,1,1,1,1,2,118
201600057650,16,6,5,1745,5,2,1,1,6,118
201600057651,16,6,5,1315,1,1,1,1,2,118
201600057652,16,6,18,415,5,1,1,1,7,118
201600057653,16,7,21,1845,1,1,1,1,1,118
201600057654,16,12,13,700,1,1,1,1,2,118
201600057655,16,3,3,2215,3,1,1,2,7,129
201600057656,16,3,4,545,2,2,1,8,1,129
201600057657,16,3,8,915,1,2,3,1,3,129
201600057658,16,3,26,2045,5,1,1,1,6,129
201600057659,16,3,30,2100,5,2,1,2,3,129
201600057660,16,6,29,1045,1,2,1,1,6,129
201600057661,16,8,9,2030,5,1,1,1,3,129
201600057662,16,8,10,1645,1,2,1,1,3,129
201600057663,16,10,13,1310,1,1,1,1,1,129
201600057664,16,11,5,45,5,1,1,1,7,129
201600057665,16,3,13,930,3,1,1,1,6,126
201600057666,16,4,9,1615,1,1,1,1,3,108
201600057667,16,5,15,1230,1,2,1,1,3,112
201600057668,16,5,22,1045,1,1,1,1,1,112
201600057669,16,5,31,1945,3,1,1,1,3,112
201600057670,16,8,7,830,1,1,1,1,1,108
201600057671,16,10,1,1945,3,1,1,1,7,126
201600057672,16,10,26,1700,1,1,1,1,6,108
201600057673,16,10,31,2145,3,1,1,1,2,108
201600057674,16,12,8,1430,1,1,1,3,1,108
201600057675,16,12,16,2015,5,1,1,1,3,108
201600057676,16,12,16,1845,5,1,1,1,6,112
201600057677,16,12,18,1730,1,1,1,1,6,112
201600057678,16,1,2,30,5,1,1,1,3,117
201600057679,16,2,9,715,1,2,1,1,6,117
201600057680,16,3,19,1515,1,1,1,1,5,117
201600057681,16,5,4,2200,3,1,1,1,5,117
201600057682,16,5,6,1615,1,1,1,1,3,117
201600057683,16,5,20,1330,1,2,1,1,3,117
201600057684,16,5,21,1045,1,1,1,1,7,117
201600057685,16,6,25,2215,4,1,1,1,3,117
201600057686,16,7,13,700,1,1,1,1,1,117
201600057687,16,9,3,1600,1,1,1,1,1,117
201600057688,16,11,26,1115,1,2,1,1,3,117
201600057689,16,12,18,1330,1,1,1,1,3,117
201600057690,16,2,3,715,1,1,1,1,1,119
201600057691,16,3,14,1415,1,1,1,1,3,122
201600057692,16,3,14,2130,3,1,1,1,7,122
201600057693,16,7,23,545,2,2,1,1,1,122
201600057694,16,7,31,1300,1,1,1,1,1,122
201600057695,16,8,14,600,1,1,1,1,6,122
201600057696,16,9,25,300,5,2,1,1,6,122
201600057697,16,11,20,15,3,1,1,1,7,119
201600057698,16,4,15,1945,5,1,1,1,3,125
201600057699,16,4,20,1800,1,2,1,1,3,125
201600057700,16,5,8,1100,1,1,1,1,3,125
201600057701,16,5,22,1745,1,1,1,1,5,125
201600057702,16,6,28,2300,3,1,1,1,6,125
201600057703,16,10,29,1100,1,1,1,1,2,125
201600057704,16,12,18,2300,5,2,1,1,6,125
201600057705,16,2,1,630,1,2,1,1,6,126
201600057706,16,2,2,2300,5,1,1,1,7,128
201600057707,16,2,6,1645,1,1,1,1,3,128
201600057708,16,2,9,100,3,1,1,1,7,126
201600057709,16,2,23,600,2,1,1,1,3,126
201600057710,16,3,6,1615,3,1,1,1,6,128
201600057711,16,4,9,245,3,1,1,2,1,128
201600057712,16,6,21,2145,5,1,1,1,1,126
201600057713,16,7,13,115,3,1,1,1,6,126
201600057714,16,7,16,1130,1,1,1,1,6,126
201600057715,16,7,16,1815,1,1,1,1,6,128
201600057716,16,9,7,945,1,2,1,1,1,126
201600057717,16,9,23,715,1,1,1,1,3,126
201600057718,16,10,13,1845,2,1,1,1,1,126
201600057719,16,1,30,345,3,1,1,1,6,116
201600057720,16,2,3,1415,1,1,1,1,7,116
201600057721,16,3,5,1300,1,2,1,1,1,116
201600057722,16,3,13,615,1,1,1,2,3,116
201600057723,16,5,28,1800,1,2,1,1,3,116
201600057724,16,7,22,615,1,1,1,1,2,116
201600057725,16,7,24,1430,1,2,1,1,6,116
201600057726,16,8,10,830,1,2,1,1,1,116
201600057727,16,10,9,700,1,1,1,2,2,116
201600057728,16,10,16,600,2,1,1,1,2,116
201600057729,16,11,3,2230,3,1,1,2,6,116
201600057730,16,11,14,1130,1,2,1,1,6,116
201600057731,16,11,28,500,3,1,1,8,6,116
201600057732,16,12,13,2045,3,1,1,1,1,116
201600057733,16,12,24,130,3,1,1,2,6,116
201600057734,16,1,28,2130,3,1,1,1,1,305
201600057735,16,3,10,2030,3,1,1,1,7,305
201600057736,16,4,8,1700,1,2,1,1,3,305
201600057737,16,5,4,1930,3,1,1,1,1,305
201600057738,16,5,24,1030,1,1,1,1,6,305
201600057739,16,5,25,700,1,1,1,1,6,305
201600057740,16,7,27,2045,5,2,1,1,1,305
201600057741,16,8,26,1930,3,1,1,1,6,305
201600057742,16,9,29,1215,1,1,1,1,3,305
201600057743,16,10,5,2245,3,1,1,1,2,313
201600057744,16,11,6,1445,1,1,1,1,3,305
201600057745,16,11,27,100,3,1,1,1,7,305
201600057746,16,12,3,2115,3,1,1,1,1,305
201600057747,16,12,5,845,2,1,6,1,6,305
201600057748,16,12,11,1000,3,1,1,1,7,305
201600057749,16,12,13,815,1,1,1,3,7,305
201600057750,16,1,7,1730,1,1,1,1,1,304
201600057751,16,1,13,1315,5,2,1,1,3,304
201600057752,16,2,5,1530,1,1,1,1,3,304
201600057753,16,2,5,1100,1,2,2,1,6,304
201600057754,16,2,25,1415,1,1,1,1,3,304
201600057755,16,3,4,1645,1,1,1,1,2,304
201600057756,16,3,10,1630,1,2,2,1,1,304
201600057757,16,3,23,745,1,2,3,1,3,304
201600057758,16,4,20,700,1,1,1,1,1,304
201600057759,16,4,30,1900,2,1,1,1,3,304
201600057760,16,5,17,530,2,1,1,1,6,304
201600057761,16,5,21,630,1,2,1,1,6,304
201600057762,16,6,25,1530,1,2,1,1,6,304
201600057763,16,7,22,2145,3,1,1,1,1,304
201600057764,16,8,4,1345,1,1,1,1,2,304
201600057765,16,8,18,1815,1,2,1,1,2,304
201600057766,16,8,29,1130,1,2,1,1,3,304
201600057767,16,9,20,1515,1,2,1,1,1,304
201600057768,16,10,8,2230,5,1,1,1,3,304
201600057769,16,11,14,645,1,2,1,1,3,304
201600057770,16,11,17,2045,5,2,2,1,3,304
201600057771,16,12,17,2045,3,1,1,1,6,304
201600057772,16,4,18,1515,1,1,1,1,1,312
201600057773,16,5,22,2100,3,1,1,1,2,312
201600057774,16,7,9,2000,3,1,1,1,7,312
201600057775,16,12,5,1630,1,1,1,1,7,312
201600057776,16,12,9,1145,1,2,1,1,6,312
201600057777,16,11,25,2245,3,1,1,1,7,303
201600057778,16,1,1,230,3,2,1,3,7,301
201600057779,16,7,28,1015,1,1,2,1,1,301
201600057780,16,6,11,745,1,1,1,1,3,301
201600057781,16,6,17,2215,5,2,1,1,6,308
201600057782,16,11,13,100,5,2,1,1,3,308
201600057783,16,12,29,1115,1,2,1,1,6,308
201600057784,16,3,2,1630,1,1,1,1,6,310
201600057785,16,4,17,1215,1,1,1,3,3,310
201600057786,16,8,14,1000,1,1,1,1,7,310
201600057787,16,10,6,900,1,1,1,1,7,310
201600057788,16,1,22,915,1,2,1,1,6,311
201600057789,16,1,27,1300,1,2,1,1,1,311
201600057790,16,2,26,1330,1,1,1,3,2,311
201600057791,16,3,7,1630,1,2,1,1,2,311
201600057792,16,3,9,945,1,2,1,1,3,311
201600057793,16,3,29,700,1,2,1,1,1,311
201600057794,16,3,30,815,2,2,1,3,1,311
201600057795,16,5,7,1515,1,1,1,1,3,311
201600057796,16,7,7,945,1,2,1,1,6,311
201600057797,16,7,10,800,1,1,1,1,6,311
201600057798,16,7,21,1230,1,1,1,1,7,311
201600057799,16,7,24,530,2,1,1,1,6,311
201600057800,16,8,11,45,3,1,1,1,6,311
201600057801,16,8,21,1700,1,2,1,1,3,311
201600057802,16,8,27,1800,1,2,1,1,2,311
201600057803,16,9,3,1645,1,1,1,1,6,311
201600057804,16,9,13,830,1,1,1,1,6,311
201600057805,16,11,22,745,1,2,1,1,6,311
201600057806,16,12,7,2115,5,2,9,1,3,311
201600057807,16,12,10,1630,1,2,1,2,6,311
201600057808,16,12,22,815,1,2,1,1,1,311
201600057809,16,12,23,2000,3,1,1,1,6,311
201600057810,16,12,25,2100,3,1,1,1,1,311
201600057811,16,1,25,545,3,1,1,1,3,306
201600057812,16,6,4,2030,3,1,1,1,6,306
201600057813,16,8,24,1645,3,1,1,1,2,306
201600057814,16,8,31,1500,1,1,1,1,6,306
201600057815,16,9,9,2000,3,1,1,1,5,306
201600057816,16,10,21,1430,1,1,1,3,1,306
201600057817,16,11,30,1930,3,2,1,1,6,361
201600057818,16,12,16,1700,1,1,1,2,6,306
201600057819,16,2,21,100,3,1,1,1,6,408
201600057820,16,2,27,2330,3,1,1,1,4,408
201600057821,16,3,4,1415,1,1,1,1,3,408
201600057822,16,4,11,745,1,2,1,1,6,408
201600057823,16,5,29,330,3,1,1,1,1,408
201600057824,16,7,10,545,2,2,1,1,7,408
201600057825,16,7,20,2145,3,1,1,1,4,408
201600057826,16,8,7,1745,2,2,1,2,1,408