Num_Acc,an,mois,jour,hrmn,lum,agg,int,atm,col,com
201600058362,16,3,1,1445,1,2,1,1,6,209
201600058363,16,3,2,1215,1,2,2,1,6,209
201600058364,16,3,2,645,1,2,1,1,6,209
201600058365,16,3,6,2230,5,2,2,1,3,209
201600058366,16,3,10,1200,1,2,1,1,6,209
201600058367,16,3,12,10,5,2,1,1,7,209
201600058368,16,3,15,1725,1,2,1,1,6,209
201600058369,16,3,16,800,1,2,1,1,6,209
201600058370,16,3,16,1511,1,2,1,1,7,209
201600058371,16,3,20,1155,1,2,1,1,7,209
201600058372,16,3,25,2030,5,2,1,1,7,209
201600058373,16,3,26,1420,1,2,1,1,7,209
201600058374,16,5,18,1015,1,2,1,1,2,209
201600058375,16,4,1,1100,1,2,1,1,6,209
201600058376,16,4,4,35,3,2,1,1,7,209
201600058377,16,5,14,520,2,2,1,1,6,209
201600058378,16,5,30,630,1,2,1,1,6,209
201600058379,16,5,4,1300,1,2,1,1,2,209
201600058380,16,4,16,1931,5,2,1,1,6,209
201600058381,16,4,17,1319,1,2,1,1,6,209
201600058382,16,6,3,1805,1,2,1,1,6,209
201600058383,16,6,17,1410,1,2,1,1,1,209
201600058384,16,6,25,445,2,1,1,1,2,209
201600058385,16,5,15,645,1,2,1,1,7,209
201600058386,16,5,19,2120,5,2,1,1,5,209
201600058387,16,5,24,1909,5,2,1,1,5,209
201600058388,16,7,1,1530,1,2,9,1,3,209
201600058389,16,7,14,455,3,1,1,1,2,209
201600058390,16,7,15,1610,1,1,1,1,3,209
201600058391,16,7,17,2015,3,1,1,1,6,209
201600058392,16,7,22,710,1,1,2,1,3,209
201600058393,16,6,3,800,1,1,1,1,6,209
201600058394,16,6,4,810,1,2,1,1,7,209
201600058395,16,6,10,1604,1,2,1,1,6,209
201600058396,16,6,11,210,5,2,2,1,3,209
201600058397,16,6,18,530,2,1,1,1,7,209
201600058398,16,6,19,940,1,1,1,1,6,209
201600058399,16,6,19,1640,1,1,1,1,7,209
201600058400,16,6,24,2135,5,1,1,1,6,209
201600058401,16,7,6,730,1,2,1,1,6,209
201600058402,16,7,10,1845,5,1,2,1,6,209
201600058403,16,7,26,1110,1,2,3,1,3,209
201600058404,16,7,26,1205,1,2,2,1,3,209
201600058405,16,9,22,817,1,2,1,1,6,209
201600058406,16,8,3,1955,1,2,2,1,3,209
201600058407,16,8,5,1944,5,1,1,1,6,209
201600058408,16,8,7,1410,1,2,2,1,3,209
201600058409,16,8,12,2304,5,1,1,1,6,209
201600058410,16,8,25,1255,1,1,2,1,6,209
201600058411,16,8,30,1200,1,2,1,1,7,209
201600058412,16,9,2,1450,1,2,9,1,6,209
201600058413,16,9,4,1215,1,2,1,1,6,209
201600058414,16,9,10,2120,5,1,1,1,2,209
201600058415,16,9,24,410,5,2,1,8,7,209
201600058416,16,9,30,2310,5,2,1,1,1,209
201600058417,16,10,11,725,1,1,1,1,6,209
201600058418,16,11,6,2130,5,1,1,1,1,209
201600058419,16,9,30,900,1,1,1,1,6,209
201600058420,16,11,9,1850,5,1,1,1,6,209
201600058421,16,10,10,2204,5,2,1,1,6,209
201600058422,16,10,11,1215,1,1,1,1,6,209
201600058423,16,10,12,1610,1,2,1,1,6,209
201600058424,16,10,15,135,5,2,1,1,6,209
201600058425,16,10,20,804,1,1,1,1,6,209
201600058426,16,10,22,2019,5,2,1,1,1,209
201600058427,16,10,23,1815,5,1,1,8,6,209
201600058428,16,10,30,2015,5,2,1,1,6,209
201600058429,16,10,31,1640,1,2,1,1,6,209
201600058430,16,11,5,1855,5,2,1,1,6,209
201600058431,16,11,7,920,1,2,1,1,6,209
201600058432,16,11,10,1030,1,1,3,1,3,209
201600058433,16,11,11,1815,5,1,1,1,5,209
201600058434,16,11,12,305,5,2,1,8,1,209
201600058435,16,11,13,1115,1,2,1,1,6,209
201600058436,16,11,14,1635,1,2,1,1,6,209
201600058437,16,11,22,2100,4,1,1,1,6,213
201600058438,16,11,26,2105,5,1,1,1,4,213
201600058439,16,11,27,130,3,1,1,1,3,213
201600058440,16,12,10,1425,1,1,1,1,4,213
201600058441,16,12,14,645,1,1,1,1,3,213
201600058442,16,12,14,1650,1,1,6,1,3,213
201600058443,16,12,15,1555,1,1,1,1,3,213
201600058444,16,12,16,2220,5,1,1,1,7,213
201600058445,16,12,21,520,5,1,1,1,1,213
201600058446,16,12,21,825,1,1,1,1,3,213
201600058447,16,12,24,1530,1,1,1,1,6,213
201600058448,16,1,1,1745,2,1,1,1,1,213
201600058449,16,1,3,1335,1,1,1,1,6,213
201600058450,16,1,5,850,1,1,1,3,6,213
201600058451,16,1,6,1652,1,1,9,1,7,213
201600058452,16,1,17,1945,3,1,1,1,1,213
201600058453,16,1,26,1325,1,1,1,1,1,213
201600058454,16,1,1,600,2,1,1,1,2,213
201600058455,16,1,4,750,1,1,1,1,2,213
201600058456,16,1,26,2037,1,1,1,1,3,213
201600058457,16,2,5,1315,1,1,1,1,1,213
201600058458,16,2,5,2310,5,1,1,1,2,213
201600058459,16,2,23,2115,5,1,1,1,4,213
201600058460,16,2,29,1630,1,2,2,1,3,213
201600058461,16,3,9,945,1,1,1,1,2,213
201600058462,16,3,9,1345,1,1,1,1,7,213
201600058463,16,3,10,1345,1,1,1,1,3,213
201600058464,16,3,12,1430,1,1,1,1,2,213
201600058465,16,3,18,650,1,1,1,1,2,213
201600058466,16,4,11,1630,1,1,3,1,3,213
201600058467,16,4,17,1120,1,2,1,1,2,213
201600058468,16,4,21,5,5,1,1,1,6,213
201600058469,16,4,25,30,4,1,1,1,2,213
201600058470,16,4,26,1800,1,1,1,1,3,213
201600058471,16,4,27,710,1,2,1,1,6,213
201600058472,16,4,28,730,1,1,1,1,3,213
201600058473,16,5,8,600,2,1,1,1,3,213
201600058474,16,5,9,1530,1,1,1,1,2,213
201600058475,16,5,14,330,4,1,1,1,2,213
201600058476,16,5,14,430,5,1,1,8,2,213
201600058477,16,5,20,600,2,1,1,1,7,213
201600058478,16,5,24,1130,1,1,1,1,3,213
201600058479,16,5,24,1720,1,1,1,1,2,213
201600058480,16,5,24,2030,5,1,6,1,3,213
201600058481,16,5,29,20,5,1,1,1,6,213
201600058482,16,6,3,1220,1,1,1,1,4,213
201600058483,16,6,10,1815,5,2,1,1,1,213
201600058484,16,6,11,145,5,1,1,1,4,213
201600058485,16,6,16,2045,5,1,1,1,2,213
201600058486,16,6,17,1430,1,1,1,1,1,213
201600058487,16,6,21,1430,1,1,2,1,3,213
201600058488,16,6,25,145,5,1,1,1,6,213
201600058489,16,7,2,150,5,1,1,1,7,213
201600058490,16,7,7,1450,1,1,1,1,3,213
201600058491,16,7,10,1900,5,1,1,1,2,213
201600058492,16,7,17,530,2,1,1,1,7,213
201600058493,16,7,23,200,5,1,1,2,2,213
201600058494,16,7,26,58,5,1,1,1,2,213
201600058495,16,7,27,4,5,1,6,1,3,213
201600058496,16,7,27,930,1,1,3,1,3,213
201600058497,16,7,30,450,2,1,6,1,1,213
201600058498,16,8,1,1900,5,1,1,1,3,213
201600058499,16,8,6,1030,1,2,1,1,6,213
201600058500,16,8,7,2204,4,1,1,1,5,213
201600058501,16,8,7,2230,5,1,1,1,7,213
201600058502,16,8,9,1250,1,2,1,1,6,213
201600058503,16,8,11,1400,1,1,1,1,4,213
201600058504,16,8,12,1430,1,1,1,1,2,213
201600058505,16,8,19,130,5,1,1,1,6,213
201600058506,16,8,20,610,2,2,3,1,3,213
201600058507,16,8,20,1500,1,1,1,1,1,213
201600058508,16,8,26,1700,1,1,1,1,1,213
201600058509,16,9,3,1856,2,1,1,1,3,213
201600058510,16,10,3,1525,1,1,1,1,5,213
201600058511,16,11,28,2010,3,1,1,3,6,213
201600058512,16,10,26,2020,5,1,1,1,3,213
201600058513,16,10,21,125,5,1,1,1,2,213
201600058514,16,9,12,45,3,1,1,1,3,213
201600058515,16,10,15,610,5,1,6,1,6,213
201600058516,16,9,16,1400,1,1,1,1,5,213
201600058517,16,9,18,720,1,1,1,1,3,213
201600058518,16,9,21,1950,1,1,1,1,1,213
201600058519,16,9,22,1450,1,2,1,1,3,213
201600058520,16,11,10,1400,1,2,1,1,6,213
201600058521,16,11,10,2150,3,1,1,1,5,213
201600058522,16,11,12,2020,5,1,1,1,3,213
201600058523,16,11,19,800,1,1,1,1,6,213
201600058524,16,11,17,1130,1,1,1,1,6,213
201600058525,16,11,20,1220,1,1,1,1,5,213
201600058526,16,1,1,1610,1,2,1,2,7,302
201600058527,16,1,1,2110,5,2,3,1,3,302
201600058528,16,1,4,745,2,2,3,3,7,302
201600058529,16,1,6,804,1,1,1,1,3,302
201600058530,16,1,8,1500,1,2,1,1,3,302
201600058531,16,1,8,1755,1,2,6,1,7,302
201600058532,16,1,8,1845,2,2,1,1,6,302
201600058533,16,1,9,1318,1,2,2,1,3,302
201600058534,16,1,11,805,1,1,1,1,3,302
201600058535,16,1,13,1255,1,2,1,1,3,302
201600058536,16,1,13,2336,5,2,1,1,3,302
201600058537,16,1,13,1958,2,2,3,1,2,302
201600058538,16,1,14,1536,1,2,1,1,2,302
201600058539,16,1,15,1530,1,2,1,1,2,302
201600058540,16,1,15,1335,1,2,1,1,3,302
201600058541,16,1,16,605,5,2,1,1,2,302
201600058542,16,1,17,1945,5,2,1,1,2,302
201600058543,16,1,18,1215,1,2,1,1,6,302
201600058544,16,1,18,1755,1,1,7,1,3,302
201600058545,16,1,20,1100,1,1,1,1,6,302
201600058546,16,1,20,1626,1,2,1,1,3,302
201600058547,16,1,20,1554,1,2,1,1,3,302
201600058548,16,1,21,757,1,2,1,1,3,302
201600058549,16,1,22,1300,1,2,1,1,3,302
201600058550,16,1,22,2100,5,1,1,1,3,302
201600058551,16,1,27,755,1,2,3,1,7,302
201600058552,16,1,27,1030,1,2,1,1,1,302
201600058553,16,1,30,1215,1,2,1,1,2,302
201600058554,16,1,30,1640,1,2,1,1,6,302
201600058555,16,1,31,200,5,2,1,1,7,302
201600058556,16,2,1,1552,1,1,1,1,7,302
201600058557,16,2,2,830,1,2,1,2,3,302
201600058558,16,2,7,410,5,2,2,2,3,302
201600058559,16,2,5,1315,1,1,2,1,3,302
201600058560,16,2,8,1725,1,1,1,2,2,302
201600058561,16,2,9,1605,1,2,1,1,3,302
201600058562,16,2,10,2215,5,1,1,1,6,302
201600058563,16,2,11,1843,5,2,1,1,6,302
201600058564,16,2,15,1800,2,1,1,1,6,302
201600058565,16,2,16,200,5,1,1,1,7,302
201600058566,16,2,17,1142,1,1,1,1,1,302
201600058567,16,2,15,1305,1,2,1,1,3,302
201600058568,16,2,19,2040,5,2,1,1,5,302
201600058569,16,2,22,820,1,2,1,1,2,302
201600058570,16,2,18,1300,1,2,1,1,3,302
201600058571,16,2,22,1205,1,1,1,2,3,302
201600058572,16,2,23,810,1,2,1,2,6,302
201600058573,16,2,22,1255,1,2,1,1,1,302
201600058574,16,2,23,1300,1,1,1,3,6,302
201600058575,16,2,23,1902,5,2,1,2,6,302
201600058576,16,2,23,2120,5,1,1,2,3,302
201600058577,16,2,24,1036,1,1,9,1,6,302
201600058578,16,2,24,2210,5,2,2,1,3,302
201600058579,16,2,24,1326,1,1,1,1,2,302
201600058580,16,2,24,1216,1,2,1,1,2,302
201600058581,16,1,26,1140,1,2,1,1,7,302
201600058582,16,2,27,2055,5,1,1,2,6,302
201600058583,16,2,28,2155,5,2,1,1,1,302
201600058584,16,2,28,1940,5,2,1,1,1,302
201600058585,16,2,29,1408,1,2,1,1,3,302
201600058586,16,2,29,1506,1,2,1,1,3,302
201600058587,16,2,29,1755,1,2,1,1,3,302
201600058588,16,3,1,1920,5,2,1,1,2,302
201600058589,16,3,2,1326,1,2,1,1,3,302
201600058590,16,3,3,1240,1,2,1,1,3,302
201600058591,16,3,4,750,1,2,1,1,3,302
201600058592,16,3,4,1105,1,2,1,1,1,302
201600058593,16,3,4,1946,5,1,1,1,3,302
201600058594,16,3,5,10,5,1,1,1,3,302
201600058595,16,3,5,1310,1,2,6,1,2,302
201600058596,16,3,7,915,1,2,1,1,7,302
201600058597,16,3,7,703,2,2,1,1,7,302
201600058598,16,3,8,830,1,2,2,1,3,302
201600058599,16,3,7,1205,1,2,1,2,6,302
201600058600,16,3,9,1025,1,2,1,1,2,302
201600058601,16,3,9,1540,1,2,1,1,3,302
201600058602,16,3,9,1250,1,2,1,1,6,302
201600058603,16,3,11,1332,1,2,3,2,5,302
201600058604,16,3,11,1135,1,2,1,1,7,302
201600058605,16,3,11,1315,1,2,1,2,4,302
201600058606,16,3,9,1043,1,2,1,1,2,302
201600058607,16,3,14,748,2,2,1,1,3,302
201600058608,16,3,14,1405,1,2,1,1,7,302
201600058609,16,3,14,1600,1,2,1,1,3,302
201600058610,16,3,14,1600,1,2,1,1,3,302
201600058611,16,3,15,615,1,2,1,1,6,302
201600058612,16,3,15,720,1,2,1,1,1,302
201600058613,16,3,16,640,1,1,1,1,3,302
201600058614,16,3,17,1726,1,2,1,1,1,302
201600058615,16,3,19,1729,1,1,1,1,2,302
201600058616,16,3,21,250,5,2,3,1,6,302
201600058617,16,3,21,1210,1,2,1,1,6,302
201600058618,16,3,21,2030,4,1,1,1,6,302
201600058619,16,3,22,1624,1,2,1,1,3,302
201600058620,16,3,23,918,1,2,1,1,6,302
201600058621,16,3,23,1812,2,2,6,1,3,302
201600058622,16,3,24,1728,1,2,1,1,2,302
201600058623,16,3,24,2100,5,2,1,1,3,302
201600058624,16,3,26,1910,1,2,1,2,7,302
201600058625,16,3,27,2020,5,1,1,1,3,302
201600058626,16,3,31,240,4,2,1,2,7,302
201600058627,16,3,31,806,1,2,1,3,1,302
201600058628,16,4,1,2310,3,2,1,1,1,302
201600058629,16,4,1,1840,2,2,1,1,1,302
201600058630,16,4,3,1947,5,1,3,1,3,302
201600058631,16,4,6,1415,1,1,1,1,1,302
201600058632,16,4,7,1003,1,2,1,1,3,302
201600058633,16,4,7,2025,5,2,1,1,6,302
201600058634,16,4,9,1030,1,1,1,1,1,302
201600058635,16,4,9,2030,5,1,3,1,6,302
201600058636,16,4,9,2117,5,1,2,1,3,302
201600058637,16,4,10,952,1,1,6,1,3,302
201600058638,16,4,11,734,2,1,3,3,6,302
201600058639,16,4,11,1225,1,1,1,2,6,302
201600058640,16,2,6,1211,1,1,1,1,1,302
201600058641,16,4,12,845,1,2,1,1,1,302
201600058642,16,4,12,1920,5,2,1,1,6,302
201600058643,16,4,13,945,1,1,1,1,3,302
201600058644,16,4,13,1150,1,2,3,1,3,302
201600058645,16,4,14,850,1,2,1,1,1,302
201600058646,16,4,14,2000,5,2,1,1,6,302
201600058647,16,4,16,750,1,2,1,6,3,302
201600058648,16,4,11,1350,1,1,1,1,3,302
201600058649,16,4,18,1035,1,2,1,3,1,302
201600058650,16,4,19,1435,1,2,1,1,2,302
201600058651,16,4,22,1746,1,2,1,2,,302
201600058652,16,4,24,2200,5,1,1,1,2,302
201600058653,16,4,25,1341,1,2,1,2,,302
201600058654,16,5,1,1635,1,2,1,1,1,302
201600058655,16,5,1,2243,5,2,1,1,1,302
201600058656,16,5,1,2335,5,2,1,2,7,302
201600058657,16,5,4,1335,1,2,1,1,3,302
201600058658,16,5,5,1200,1,1,1,1,6,302
201600058659,16,5,5,2225,5,2,1,1,7,302
201600058660,16,5,6,800,1,2,1,1,3,302
201600058661,16,5,6,1120,1,2,1,1,5,302
201600058662,16,5,6,1915,5,2,1,1,3,302
201600058663,16,5,7,735,1,2,1,1,3,302
201600058664,16,5,7,2000,5,2,1,2,1,302
201600058665,16,5,8,1900,5,2,2,1,3,302
201600058666,16,5,9,740,1,2,1,1,6,302
201600058667,16,5,9,1215,1,1,1,1,6,302
201600058668,16,5,9,1719,1,1,1,1,3,302
201600058669,16,5,11,1059,1,2,1,3,6,302
201600058670,16,5,7,1136,1,2,1,1,6,302
201600058671,16,5,12,1143,1,1,1,1,2,302
201600058672,16,5,12,1653,1,2,1,1,3,302
201600058673,16,5,12,2330,3,2,1,1,7,302
201600058674,16,5,13,1425,1,2,1,1,3,302
201600058675,16,5,14,1131,1,2,1,1,1,302
201600058676,16,5,15,9,3,2,1,1,6,302
201600058677,16,5,16,1915,5,2,1,1,3,302
201600058678,16,5,17,1017,1,2,1,1,3,302
201600058679,16,5,17,1110,1,2,1,1,3,302
201600058680,16,5,18,1710,1,1,1,2,1,302
201600058681,16,5,20,745,1,2,3,1,3,302
201600058682,16,5,24,726,1,2,1,1,3,302
201600058683,16,5,24,1420,1,2,1,1,3,302
201600058684,16,5,24,1137,1,2,3,1,2,302
201600058685,16,5,25,2025,5,2,1,1,3,302
201600058686,16,5,25,2105,5,2,1,1,3,302
201600058687,16,5,27,820,1,2,1,3,3,302
201600058688,16,5,28,1705,1,2,6,1,2,302
201600058689,16,5,28,1845,5,2,1,1,6,302
201600058690,16,5,28,2330,5,1,1,1,1,302
201600058691,16,5,28,1230,1,1,1,2,4,302
201600058692,16,5,28,822,1,2,1,1,2,302
201600058693,16,5,29,1950,3,2,1,3,3,302
201600058694,16,5,29,2240,5,2,1,1,6,302
201600058695,16,5,30,800,1,2,1,2,6,302
201600058696,16,5,30,1130,1,2,1,2,2,302
201600058697,16,5,30,1602,1,2,1,1,7,302
201600058698,16,5,31,1004,1,2,1,1,2,302
201600058699,16,5,31,1157,1,2,1,1,6,302
201600058700,16,5,31,1400,1,2,1,1,1,302
201600058701,16,6,1,1200,1,2,3,2,3,302
201600058702,16,6,1,1411,1,1,1,1,3,302
201600058703,16,6,3,812,1,2,1,1,6,302
201600058704,16,6,3,1050,1,2,1,1,6,302
201600058705,16,6,3,1204,1,2,1,1,6,302
201600058706,16,6,4,1730,1,2,1,1,6,302
201600058707,16,6,5,1146,1,1,1,1,5,302
201600058708,16,6,6,1145,1,2,1,1,3,302
201600058709,16,6,5,2015,5,1,1,1,5,302
201600058710,16,6,6,1750,1,1,1,1,3,302
201600058711,16,6,6,2045,4,2,1,1,7,302
201600058712,16,6,6,2112,5,2,1,1,6,302
201600058713,16,6,7,1215,1,2,1,1,3,302
201600058714,16,6,7,1130,1,2,6,1,3,302
201600058715,16,6,8,1916,5,1,1,1,3,302
201600058716,16,6,9,1738,2,2,1,2,3,302
201600058717,16,6,10,1507,1,2,1,1,1,302
201600058718,16,6,15,812,1,1,1,1,3,302
201600058719,16,6,15,1305,1,1,1,1,3,302
201600058720,16,6,14,1155,1,2,1,1,3,302
201600058721,16,6,18,1205,1,2,1,1,2,302
201600058722,16,6,20,1100,1,2,1,1,2,302
201600058723,16,6,20,1715,1,1,1,1,3,302
201600058724,16,6,21,1230,1,2,1,1,3,302
201600058725,16,6,22,2210,5,2,1,1,6,302
201600058726,16,6,23,1129,1,2,1,1,1,302
201600058727,16,6,23,1525,1,2,1,1,2,302
201600058728,16,6,25,900,1,2,1,1,3,302
201600058729,16,6,26,2015,1,1,1,1,2,302
201600058730,16,6,27,1254,1,2,1,1,2,302
201600058731,16,6,27,335,5,2,9,1,7,302
201600058732,16,6,29,1555,1,2,1,1,2,302
201600058733,16,6,30,700,1,1,1,1,3,302
201600058734,16,7,1,1304,1,2,1,2,4,302
201600058735,16,7,3,1825,1,2,1,1,3,302
201600058736,16,7,5,1245,1,1,1,1,3,302
201600058737,16,7,5,1600,1,2,1,1,2,302
201600058738,16,7,6,1455,1,2,1,1,5,302
201600058739,16,7,6,1650,1,2,1,1,4,302
201600058740,16,7,6,2121,5,2,1,1,3,302
201600058741,16,7,7,1515,1,2,9,1,6,302
201600058742,16,7,8,925,1,2,1,1,2,302
201600058743,16,7,8,1235,1,2,1,1,3,302
201600058744,16,7,11,704,1,1,1,1,3,302
201600058745,16,7,11,1049,1,1,1,1,3,302
201600058746,16,7,12,50,5,1,1,1,6,302
201600058747,16,7,15,1105,1,1,1,1,6,302
201600058748,16,7,16,2100,5,2,1,1,3,302
201600058749,16,7,16,2352,5,2,9,1,7,302
201600058750,16,7,16,315,5,2,1,1,6,302
201600058751,16,7,17,1124,1,2,1,1,1,302
201600058752,16,7,20,1220,1,2,1,1,3,302
201600058753,16,7,19,1950,5,1,9,1,6,302
201600058754,16,7,20,1717,1,1,1,1,3,302
201600058755,16,7,21,2110,4,2,1,1,3,302
201600058756,16,7,22,932,1,1,1,1,4,302
201600058757,16,7,23,1808,1,2,1,1,3,302
201600058758,16,7,24,1435,1,2,1,1,6,302
201600058759,16,7,25,2025,5,1,1,1,2,302
201600058760,16,7,27,2102,5,2,1,1,2,302
201600058761,16,7,28,1530,1,2,1,1,1,302
201600058762,16,7,29,2120,5,2,1,1,3,302
201600058763,16,7,30,2125,4,2,2,1,3,302
201600058764,16,8,1,1630,1,1,1,1,6,302
201600058765,16,8,1,2213,5,2,3,1,3,302
201600058766,16,8,6,1110,1,2,3,1,3,302
201600058767,16,8,7,2215,5,1,6,1,1,302
201600058768,16,8,8,1430,1,1,1,1,3,302
201600058769,16,8,9,1233,1,2,1,1,6,302
201600058770,16,8,10,1445,1,2,1,1,3,302
201600058771,16,8,13,1420,1,2,1,1,6,302
201600058772,16,8,13,2345,5,1,1,1,1,302
201600058773,16,8,15,1745,1,2,3,1,3,302
201600058774,16,8,16,1530,1,1,1,1,3,302
201600058775,16,8,19,1220,1,2,6,1,3,302
201600058776,16,8,20,2040,5,2,1,1,4,302
201600058777,16,8,21,1700,1,2,1,1,3,302
201600058778,16,8,22,840,1,2,1,1,3,302
201600058779,16,8,22,1850,2,2,6,1,3,302
201600058780,16,8,23,1150,1,2,1,1,6,302
201600058781,16,8,26,1225,1,1,1,1,3,302
201600058782,16,8,27,1755,1,1,1,1,2,302
201600058783,16,8,6,1115,1,1,1,1,2,302
201600058784,16,8,30,15,5,2,2,1,3,302
201600058785,16,8,31,2310,5,2,3,1,3,302
201600058786,16,9,1,1230,1,1,1,1,3,302
201600058787,16,9,1,1300,1,1,1,1,6,302
201600058788,16,9,2,445,4,2,1,1,6,302
201600058789,16,8,31,1220,1,2,1,1,3,302
201600058790,16,9,4,659,1,2,1,1,3,302
201600058791,16,9,4,1725,1,1,1,1,3,302
201600058792,16,9,5,1710,1,1,3,1,3,302
201600058793,16,9,5,1040,1,2,6,1,6,302
201600058794,16,9,6,805,1,2,1,1,3,302
201600058795,16,9,6,1035,1,2,1,1,1,302
201600058796,16,9,7,1245,1,2,1,1,6,302
201600058797,16,9,9,810,1,2,1,1,3,302
201600058798,16,9,9,1550,1,2,1,1,6,302
201600058799,16,9,10,2005,5,2,2,1,3,302
201600058800,16,9,11,1645,1,2,2,1,3,302
201600058801,16,9,12,745,1,2,1,1,2,302
201600058802,16,9,12,1644,1,2,1,1,6,302
201600058803,16,9,13,730,1,1,3,1,3,302
201600058804,16,9,14,2210,5,2,1,1,3,302
201600058805,16,9,16,1535,1,2,1,1,1,302
201600058806,16,9,16,1805,1,2,1,1,6,302
201600058807,16,9,18,1210,1,2,1,1,3,302
201600058808,16,9,19,1400,1,2,1,1,6,302
201600058809,16,9,19,2125,5,2,1,1,2,302
201600058810,16,9,22,1518,1,2,2,1,3,302
201600058811,16,9,23,1725,1,1,1,1,2,302
201600058812,16,9,23,740,1,2,1,1,7,302
201600058813,16,9,23,1105,1,2,3,1,3,302
201600058814,16,9,25,2315,5,1,6,1,3,302
201600058815,16,9,26,2200,5,2,6,1,1,302
201600058816,16,9,27,705,1,2,1,1,2,302
201600058817,16,9,27,1518,1,2,1,1,3,302
201600058818,16,9,27,1800,2,2,1,1,3,302
201600058819,16,9,28,1925,5,2,6,1,3,302
201600058820,16,9,29,1745,2,2,2,1,2,302
201600058821,16,9,30,815,1,2,3,1,5,302
201600058822,16,9,30,1920,5,1,1,1,2,302
201600058823,16,10,1,615,1,1,1,1,3,302
201600058824,16,10,3,910,1,1,1,1,6,302
201600058825,16,10,3,1154,1,1,1,1,2,302
201600058826,16,10,3,1925,1,1,1,1,1,302
201600058827,16,10,5,1810,1,2,1,1,3,302
201600058828,16,10,6,955,1,2,1,1,6,302
201600058829,16,10,8,1441,1,2,1,1,2,302
201600058830,16,10,8,1948,5,2,1,1,6,302
201600058831,16,10,9,1750,2,1,1,1,3,302
201600058832,16,10,11,835,1,2,1,1,6,302
201600058833,16,10,11,1425,1,1,1,1,3,302
201600058834,16,10,11,2010,3,1,1,1,6,302
201600058835,16,10,13,805,1,2,1,1,3,302
201600058836,16,10,13,957,1,1,1,1,4,302
201600058837,16,10,15,755,1,2,1,1,3,302
201600058838,16,10,16,2203,5,2,1,1,2,302
201600058839,16,10,18,1730,1,2,1,1,3,302
201600058840,16,10,19,810,1,2,1,1,4,302
201600058841,16,10,19,1320,1,2,1,1,3,302
201600058842,16,10,20,825,1,1,1,1,6,302
201600058843,16,10,22,2040,5,1,1,2,3,302
201600058844,16,10,25,1500,1,2,1,1,3,302
201600058845,16,10,26,640,1,2,1,1,3,302
201600058846,16,10,26,935,1,2,3,1,6,302
201600058847,16,10,26,1400,1,2,1,1,5,302
201600058848,16,10,27,1850,5,2,1,1,2,302
201600058849,16,10,28,1324,1,1,1,1,3,302
201600058850,16,10,28,1515,1,2,2,1,3,302
201600058851,16,10,29,555,1,2,6,1,1,302
201600058852,16,10,31,1250,1,2,2,1,3,302
201600058853,16,11,2,1925,5,2,1,1,7,302
201600058854,16,11,5,850,1,2,2,1,3,302
201600058855,16,11,5,1555,1,2,1,1,2,302
201600058856,16,11,5,1850,2,2,3,1,3,302
201600058857,16,11,6,645,1,1,1,1,6,302
201600058858,16,11,6,1945,5,2,1,1,1,302
201600058859,16,11,8,2045,5,2,1,1,3,302
201600058860,16,11,9,2210,4,2,2,1,3,302
201600058861,16,11,9,1915,5,2,1,1,7,302
201600058862,16,11,10,1140,1,2,1,1,3,302
201600058863,16,11,10,1350,1,2,2,1,3,302
201600058864,16,11,11,2050,5,2,1,1,1,302
201600058865,16,11,15,1155,1,2,1,1,6,302
201600058866,16,11,15,1615,1,2,1,1,6,302
201600058867,16,11,16,715,1,2,1,1,3,302
201600058868,16,11,16,1225,1,1,6,1,1,302
201600058869,16,11,16,1325,1,2,1,1,2,302
201600058870,16,11,17,1120,1,2,3,1,1,302
201600058871,16,11,17,1820,5,2,1,1,3,302
201600058872,16,11,18,812,1,2,1,1,6,302
201600058873,16,11,18,1050,1,2,1,1,3,302
201600058874,16,11,15,1305,1,2,1,1,6,302
201600058875,16,11,19,720,1,1,1,1,3,302
201600058876,16,11,18,1505,1,2,2,1,1,302
201600058877,16,11,20,1710,1,2,1,1,7,302
201600058878,16,11,21,20,4,2,2,1,3,302
201600058879,16,11,21,1255,1,1,1,1,3,302
201600058880,16,11,21,2130,4,2,1,1,6,302
201600058881,16,11,22,725,1,1,1,1,3,302
201600058882,16,11,23,605,2,2,1,1,6,302
201600058883,16,11,23,1015,1,2,1,1,3,302
201600058884,16,11,25,745,1,2,1,1,2,302
201600058885,16,11,24,1329,1,2,1,1,3,302
201600058886,16,11,28,50,5,2,2,1,3,302
201600058887,16,11,28,1200,1,2,1,1,3,302
201600058888,16,11,29,800,1,2,9,1,3,302
201600058889,16,11,30,703,1,2,1,1,2,302
201600058890,16,10,28,2230,5,1,4,1,1,302
201600058891,16,12,2,1000,1,2,1,1,3,302
201600058892,16,12,3,2350,1,1,1,1,2,302
201600058893,16,12,3,2000,5,2,1,1,3,302
201600058894,16,12,4,1720,1,2,2,1,3,302
201600058895,16,12,6,700,1,2,1,1,2,302
201600058896,16,12,7,810,1,2,1,1,6,302
201600058897,16,12,7,1157,1,2,1,1,2,302