Num_Acc,an,mois,jour,hrmn,lum,agg,int,atm,col,com
201600058898,16,12,7,1223,1,2,1,1,2,302
201600058899,16,12,8,2045,3,2,1,1,3,302
201600058900,16,12,7,2130,5,2,1,1,6,302
201600058901,16,12,9,1920,5,2,9,1,3,302
201600058902,16,12,9,2055,5,2,1,1,6,302
201600058903,16,12,10,1225,1,2,1,2,3,302
201600058904,16,12,12,1630,1,2,1,1,1,302
201600058905,16,12,13,1210,1,1,1,1,3,302
201600058906,16,12,14,1305,1,2,1,1,3,302
201600058907,16,12,16,920,1,2,1,1,7,302
201600058908,16,12,16,1900,5,1,1,1,3,302
201600058909,16,12,16,1330,1,2,1,1,3,302
201600058910,16,12,17,1435,1,1,1,1,3,302
201600058911,16,12,19,828,1,2,1,1,3,302
201600058912,16,12,19,1050,1,2,1,1,6,302
201600058913,16,12,19,1259,1,1,1,1,6,302
201600058914,16,12,19,2139,5,2,2,8,3,302
201600058915,16,12,20,1815,1,2,1,1,3,302
201600058916,16,12,22,920,1,2,1,1,3,302
201600058917,16,12,24,835,1,1,1,2,2,302
201600058918,16,12,24,2255,5,1,1,3,3,302
201600058919,16,12,25,1935,3,2,1,1,6,302
201600058920,16,12,27,2140,5,2,2,1,3,302
201600058921,16,12,30,1038,1,2,1,1,6,302
201600058922,16,12,30,1220,1,1,3,1,3,302
201600058923,16,1,4,2145,5,2,1,1,7,407
201600058924,16,10,22,140,3,2,3,1,3,407
201600058925,16,1,8,1630,1,1,1,1,7,407
201600058926,16,12,30,2255,3,2,1,1,3,407
201600058927,16,1,9,20,5,2,1,1,7,407
201600058928,16,12,31,2110,5,2,1,1,6,407
201600058929,16,1,26,1800,1,1,1,1,1,407
201600058930,16,12,31,2310,5,2,1,1,3,407
201600058931,16,2,10,1115,1,1,1,3,1,407
201600058932,16,2,11,1210,1,1,1,1,2,407
201600058933,16,2,13,1945,5,2,1,1,6,407
201600058934,16,2,18,2006,5,2,2,1,3,407
201600058935,16,2,26,2100,5,2,2,1,3,407
201600058936,16,2,26,2130,5,1,1,1,7,407
201600058937,16,3,3,1800,1,1,1,1,3,407
201600058938,16,3,8,1644,1,1,1,1,3,407
201600058939,16,3,11,2010,5,2,1,1,6,407
201600058940,16,3,16,745,1,2,1,1,1,407
201600058941,16,3,24,1000,1,1,1,1,2,407
201600058942,16,4,1,2030,5,2,1,1,1,407
201600058943,16,4,6,1445,1,1,1,1,6,407
201600058944,16,4,9,655,1,1,1,1,6,407
201600058945,16,4,9,2020,5,2,1,1,1,407
201600058946,16,4,14,1120,1,1,1,1,6,407
201600058947,16,4,15,1355,1,1,1,1,6,407
201600058948,16,4,16,50,5,1,1,1,2,407
201600058949,16,4,19,945,1,2,7,1,6,407
201600058950,16,4,21,1735,2,1,1,1,3,407
201600058951,16,4,22,745,1,2,1,1,3,407
201600058952,16,4,21,2120,5,2,1,1,2,407
201600058953,16,4,25,1330,1,2,1,1,6,407
201600058954,16,4,30,2235,5,1,1,1,7,407
201600058955,16,5,7,2230,3,1,1,1,2,407
201600058956,16,5,8,1830,5,1,1,1,5,407
201600058957,16,5,7,2305,3,1,1,1,5,407
201600058958,16,5,14,640,1,1,1,1,6,407
201600058959,16,5,17,105,3,1,1,1,6,407
201600058960,16,5,28,555,5,2,1,1,1,407
201600058961,16,6,7,1420,1,1,6,1,3,407
201600058962,16,6,18,2030,3,2,1,1,3,407
201600058963,16,7,1,1310,1,2,2,1,3,407
201600058964,16,7,5,1700,1,1,1,1,2,407
201600058965,16,7,13,635,2,1,1,1,2,407
201600058966,16,7,20,750,1,2,1,1,2,407
201600058967,16,7,21,805,1,1,1,1,3,407
201600058968,16,7,26,1100,1,2,2,1,3,407
201600058969,16,7,27,1515,1,1,1,1,2,407
201600058970,16,7,28,1845,3,1,1,1,3,407
201600058971,16,7,31,2140,3,2,1,1,7,407
201600058972,16,8,2,1405,1,2,1,1,6,407
201600058973,16,8,5,1837,3,2,1,2,4,407
201600058974,16,8,7,1800,2,1,3,1,3,407
201600058975,16,8,15,605,3,1,3,1,3,407
201600058976,16,8,19,1555,1,1,1,1,5,407
201600058977,16,8,19,2000,3,1,1,1,6,407
201600058978,16,8,22,710,1,2,1,1,3,407
201600058979,16,9,7,615,1,2,1,1,3,407
201600058980,16,9,13,1640,1,1,1,1,3,407
201600058981,16,9,5,1100,1,1,6,1,2,407
201600058982,16,9,21,1814,1,2,1,1,2,407
201600058983,16,9,22,1750,1,2,1,1,2,407
201600058984,16,9,25,1950,5,2,2,1,3,407
201600058985,16,9,25,620,1,2,1,1,7,407
201600058986,16,9,29,1715,1,2,1,1,1,407
201600058987,16,10,2,1840,1,2,2,1,6,407
201600058988,16,9,30,2100,1,1,1,1,6,407
201600058989,16,10,5,1800,1,2,1,1,2,407
201600058990,16,10,11,1940,5,2,1,1,6,407
201600058991,16,10,16,1910,5,2,1,1,6,407
201600058992,16,10,27,1400,1,2,1,1,3,407
201600058993,16,10,27,1745,1,1,1,1,7,407
201600058994,16,11,4,1930,3,1,1,1,1,407
201600058995,16,11,4,815,1,2,1,1,3,407
201600058996,16,11,5,500,5,2,1,1,1,407
201600058997,16,11,7,2035,5,2,1,1,3,407
201600058998,16,11,13,555,1,2,2,1,3,407
201600058999,16,11,15,610,1,1,1,1,1,407
201600059000,16,11,10,2220,5,1,1,1,6,407
201600059001,16,11,11,2100,5,1,1,1,7,407
201600059002,16,11,23,1815,2,2,1,1,3,407
201600059003,16,11,23,1620,1,2,1,1,6,407
201600059004,16,11,24,1450,1,2,1,1,6,407
201600059005,16,11,24,1630,1,2,1,1,6,407
201600059006,16,11,30,1640,1,1,6,1,2,407
201600059007,16,12,7,2130,5,1,1,1,3,407
201600059008,16,12,8,805,1,2,1,1,3,407
201600059009,16,12,10,1240,1,1,6,1,2,407
201600059010,16,12,13,1050,1,1,1,1,6,407
201600059011,16,12,19,1045,1,1,1,1,2,407
201600059012,16,12,22,1250,1,1,1,1,2,407
201600059013,16,12,22,1500,1,1,1,1,1,407
201600059014,16,12,25,315,1,1,1,1,3,407
201600059015,16,12,29,1615,1,2,1,1,7,407
201600059016,16,12,27,1330,1,2,3,1,3,407
201600059017,16,1,21,1930,5,2,1,1,1,409
201600059018,16,12,8,2040,3,1,1,1,6,409
201600059019,16,2,5,2020,3,1,1,3,1,409
201600059020,16,3,2,1205,1,2,1,1,6,409
201600059021,16,3,12,1700,1,2,9,1,3,409
201600059022,16,3,13,2100,3,2,1,1,1,409
201600059023,16,5,3,1750,2,2,1,1,3,409
201600059024,16,5,16,1530,1,2,1,1,3,409
201600059025,16,5,16,2100,3,1,1,2,1,409
201600059026,16,5,16,915,1,1,1,8,6,409
201600059027,16,7,9,1720,1,2,1,1,1,409
201600059028,16,7,23,1725,2,2,2,8,3,409
201600059029,16,8,26,750,1,2,1,1,6,409
201600059030,16,8,20,1515,1,1,1,1,6,409
201600059031,16,9,1,1300,1,1,1,1,1,409
201600059032,16,9,6,2120,3,2,1,1,6,409
201600059033,16,8,18,2300,5,2,1,1,2,409
201600059034,16,9,11,1845,2,2,1,1,2,409
201600059035,16,10,23,2050,5,2,1,1,3,409
201600059036,16,11,6,2000,5,1,1,1,3,409
201600059037,16,11,10,1950,5,2,1,1,6,409
201600059038,16,11,19,1230,1,2,1,1,3,409
201600059039,16,9,24,2233,5,2,1,1,2,409
201600059040,16,11,28,1525,1,2,1,1,2,409
201600059041,16,12,10,1300,1,2,1,1,6,409
201600059042,16,12,11,2015,3,2,1,1,6,409
201600059043,16,12,21,720,1,2,1,1,1,409
201600059044,16,12,24,2000,3,1,1,1,3,409
201600059045,16,1,22,2000,5,1,1,1,2,411
201600059046,16,1,25,710,1,1,9,1,3,411
201600059047,16,1,29,1620,1,2,1,1,6,411
201600059048,16,2,7,1805,1,2,3,1,3,411
201600059049,16,2,18,145,5,1,1,1,2,411
201600059050,16,2,27,215,5,2,2,3,6,411
201600059051,16,3,1,710,1,1,3,1,3,411
201600059052,16,3,7,1400,1,2,3,1,6,411
201600059053,16,3,24,1500,1,2,1,1,6,411
201600059054,16,4,5,1610,1,1,1,1,6,411
201600059055,16,4,7,130,3,2,1,1,6,411
201600059056,16,4,11,700,2,2,1,1,6,411
201600059057,16,4,21,920,1,2,1,1,6,411
201600059058,16,4,22,900,1,2,2,1,6,411
201600059059,16,4,22,1730,1,2,1,1,6,411
201600059060,16,3,12,1905,5,2,2,1,1,411
201600059061,16,4,28,1525,1,2,1,1,6,411
201600059062,16,4,27,2027,5,1,1,1,6,411
201600059063,16,5,2,1810,5,2,2,1,5,411
201600059064,16,5,3,738,1,2,2,1,6,411
201600059065,16,5,10,1920,5,2,1,1,3,411
201600059066,16,2,29,1100,1,1,1,1,6,411
201600059067,16,5,12,1945,5,2,2,2,3,411
201600059068,16,5,17,1400,1,2,3,1,3,411
201600059069,16,5,18,840,1,2,1,1,7,411
201600059070,16,5,18,1830,5,2,3,1,3,411
201600059071,16,4,27,1500,1,1,3,1,3,411
201600059072,16,5,31,1700,1,2,1,1,6,411
201600059073,16,6,7,425,5,2,1,1,2,411
201600059074,16,6,4,520,5,2,1,1,1,411
201600059075,16,6,16,1225,1,2,1,1,5,411
201600059076,16,6,17,2345,5,2,1,1,3,411
201600059077,16,6,18,1610,1,2,1,1,1,411
201600059078,16,6,23,805,1,1,1,2,1,411
201600059079,16,6,29,730,1,2,1,1,3,411
201600059080,16,6,30,1345,1,2,2,1,3,411
201600059081,16,7,1,2330,5,2,1,1,7,411
201600059082,16,7,2,1800,5,2,3,1,2,411
201600059083,16,6,29,1802,2,2,4,1,3,411
201600059084,16,7,6,1810,5,2,3,1,1,411
201600059085,16,7,9,130,5,2,2,1,3,411
201600059086,16,7,15,1036,1,2,1,1,2,411
201600059087,16,8,10,1350,1,2,1,1,3,411
201600059088,16,8,11,2115,5,2,1,1,7,411
201600059089,16,8,14,1745,2,2,2,1,3,411
201600059090,16,8,14,2210,5,2,2,1,3,411
201600059091,16,8,26,1122,1,2,2,1,1,411
201600059092,16,9,1,2050,5,2,2,1,1,411
201600059093,16,9,2,2345,5,1,1,1,2,411
201600059094,16,9,2,1910,3,1,3,1,3,411
201600059095,16,9,4,1145,1,2,2,1,3,411
201600059096,16,10,5,755,1,1,1,1,3,411
201600059097,16,9,25,1120,1,1,1,1,2,411
201600059098,16,10,7,605,2,2,1,2,6,411
201600059099,16,10,8,1320,1,1,1,8,6,411
201600059100,16,10,12,1003,1,1,2,1,3,411
201600059101,16,10,15,1800,1,2,1,1,4,411
201600059102,16,10,27,1030,1,1,1,1,2,411
201600059103,16,11,28,1830,1,1,1,1,1,411
201600059104,16,11,30,1550,1,2,3,1,1,411
201600059105,16,12,2,1425,1,2,1,1,3,411
201600059106,16,12,7,25,5,1,1,1,7,411
201600059107,16,12,9,405,5,2,1,1,6,411
201600059108,16,12,10,1945,5,2,1,1,2,411
201600059109,16,12,25,155,5,2,1,1,2,411
201600059110,16,1,2,1650,1,2,1,1,6,416
201600059111,16,1,5,2250,3,2,1,1,6,416
201600059112,16,1,5,850,1,1,1,1,6,416
201600059113,16,1,10,1520,1,1,1,1,2,416
201600059114,16,1,19,815,1,2,1,1,3,416
201600059115,16,1,23,1830,1,1,1,8,6,416
201600059116,16,1,28,1740,1,1,1,1,2,416
201600059117,16,1,28,610,2,1,1,1,3,416
201600059118,16,2,1,1340,1,2,1,1,3,416
201600059119,16,11,11,1530,1,2,1,1,6,416
201600059120,16,11,4,1100,1,1,1,1,6,416
201600059121,16,2,15,1650,1,2,1,1,5,416
201600059122,16,2,15,1605,1,2,1,1,6,416
201600059123,16,12,13,1205,1,2,1,1,3,416
201600059124,16,3,1,725,1,2,1,1,6,416
201600059125,16,3,3,615,1,2,1,1,7,416
201600059126,16,3,3,935,1,2,1,1,6,416
201600059127,16,3,6,835,1,2,2,1,3,416
201600059128,16,3,4,910,1,2,2,1,6,416
201600059129,16,3,4,845,1,2,1,2,7,416
201600059130,16,3,12,125,5,2,1,1,7,416
201600059131,16,3,12,600,2,2,3,1,6,416
201600059132,16,3,16,1527,1,1,1,2,7,416
201600059133,16,3,19,1015,1,2,1,1,3,416
201600059134,16,1,23,2030,3,1,1,2,2,416
201600059135,16,2,4,800,1,1,1,1,4,416
201600059136,16,2,10,1830,2,2,1,2,6,416
201600059137,16,1,3,1050,1,1,1,1,6,416
201600059138,16,3,28,320,3,1,1,1,6,416
201600059139,16,1,13,825,1,2,1,1,6,416
201600059140,16,3,29,700,1,1,1,1,4,416
201600059141,16,3,23,1115,1,1,1,1,3,416
201600059142,16,3,18,1730,1,2,1,1,6,416
201600059143,16,2,10,1510,1,2,1,1,3,416
201600059144,16,4,1,350,3,1,1,1,2,416
201600059145,16,4,3,710,1,2,1,1,6,416
201600059146,16,3,27,300,5,2,3,2,3,416
201600059147,16,4,8,510,3,1,1,1,2,416
201600059148,16,4,10,500,2,1,1,2,1,416
201600059149,16,4,11,1440,1,1,1,1,1,416
201600059150,16,4,19,1250,1,2,1,1,2,416
201600059151,16,4,19,1620,1,1,1,1,6,416
201600059152,16,4,20,720,1,1,1,1,6,416
201600059153,16,4,17,1150,1,2,1,1,7,416
201600059154,16,4,24,1720,1,2,9,1,6,416
201600059155,16,4,27,1330,1,2,1,1,3,416
201600059156,16,4,27,1600,1,1,1,2,1,416
201600059157,16,4,27,1835,1,1,1,1,2,416
201600059158,16,4,29,1320,1,1,1,1,6,416
201600059159,16,5,3,600,3,2,1,2,7,416
201600059160,16,5,2,1730,1,2,1,1,6,416
201600059161,16,5,4,1205,1,1,1,1,2,416
201600059162,16,5,5,620,2,1,1,1,1,416
201600059163,16,5,6,1920,5,1,1,1,1,416
201600059164,16,5,9,140,5,1,1,1,7,416
201600059165,16,5,12,1650,1,2,1,1,3,416
201600059166,16,5,1,530,2,1,1,1,3,416
201600059167,16,5,14,15,3,1,1,1,5,416
201600059168,16,5,15,1800,1,1,1,1,2,416
201600059169,16,5,15,2030,5,2,1,1,6,416
201600059170,16,5,18,1850,1,1,1,1,2,416
201600059171,16,5,19,1615,1,1,1,1,1,416
201600059172,16,3,31,1530,1,1,1,1,7,416
201600059173,16,4,3,1305,1,1,1,1,7,416
201600059174,16,5,18,1855,2,1,6,1,6,416
201600059175,16,5,25,1610,1,2,1,1,6,416
201600059176,16,4,26,1435,1,1,1,1,6,416
201600059177,16,5,27,1255,1,1,1,1,1,416
201600059178,16,5,30,1720,1,2,2,1,6,416
201600059179,16,3,2,1025,1,1,1,1,6,416
201600059180,16,3,2,750,1,2,1,1,2,416
201600059181,16,5,31,1950,5,2,2,2,1,416
201600059182,16,3,11,1800,2,2,1,1,6,416
201600059183,16,3,12,1300,1,1,1,1,2,416
201600059184,16,3,17,1815,1,2,1,1,3,416
201600059185,16,3,30,1330,1,2,1,1,3,416
201600059186,16,4,29,1635,1,2,1,1,6,416
201600059187,16,6,6,1650,1,1,3,1,3,416
201600059188,16,6,7,1430,1,1,1,1,3,416
201600059189,16,6,6,2020,5,2,2,1,3,416
201600059190,16,6,10,820,1,2,1,1,6,416
201600059191,16,6,12,15,5,2,1,1,5,416
201600059192,16,5,18,1900,3,1,1,1,6,416
201600059193,16,6,12,1733,1,2,1,1,6,416
201600059194,16,3,16,625,2,2,1,1,6,416
201600059195,16,3,6,1700,1,1,1,1,3,416
201600059196,16,6,17,1,5,1,1,1,5,416
201600059197,16,4,11,1700,1,1,1,1,7,416
201600059198,16,4,3,330,5,2,1,1,6,416
201600059199,16,6,25,1915,5,1,1,2,6,416
201600059200,16,7,6,1315,1,1,1,1,2,416
201600059201,16,6,4,230,3,1,1,1,6,416
201600059202,16,7,7,1245,1,1,1,1,3,416
201600059203,16,6,6,900,1,1,1,1,3,416
201600059204,16,7,5,620,1,1,1,2,3,416
201600059205,16,7,9,1215,1,1,1,2,1,416
201600059206,16,7,11,1615,1,2,1,1,3,416
201600059207,16,6,12,900,1,2,1,1,6,416
201600059208,16,7,13,1350,2,1,3,1,2,416
201600059209,16,7,13,2010,3,1,1,1,2,416
201600059210,16,7,16,840,1,2,1,1,6,416
201600059211,16,5,18,630,1,2,9,1,3,416
201600059212,16,7,16,1900,5,2,3,1,3,416
201600059213,16,7,23,2320,3,1,1,1,6,416
201600059214,16,7,27,1545,1,2,1,1,3,416
201600059215,16,8,6,2315,5,2,2,1,1,416
201600059216,16,8,6,1000,1,1,1,1,5,416
201600059217,16,8,4,1145,1,1,1,1,2,416
201600059218,16,8,9,930,1,2,1,1,6,416
201600059219,16,8,15,1115,1,1,1,1,3,416
201600059220,16,8,13,1110,1,1,1,1,4,416
201600059221,16,6,3,2310,5,1,9,1,3,416
201600059222,16,8,30,715,1,1,1,1,4,416
201600059223,16,8,27,1145,1,2,1,1,6,416
201600059224,16,8,31,920,1,2,3,1,3,416
201600059225,16,9,3,300,3,1,1,1,6,416
201600059226,16,9,5,1715,1,2,1,1,6,416
201600059227,16,9,8,1415,1,1,1,1,3,416
201600059228,16,9,7,2005,5,1,1,1,6,416
201600059229,16,9,19,1900,5,1,1,1,2,416
201600059230,16,9,21,1955,5,2,1,1,2,416
201600059231,16,9,21,1750,2,1,1,1,4,416
201600059232,16,9,23,1225,1,2,1,1,3,416
201600059233,16,9,24,1205,1,2,1,1,6,416
201600059234,16,9,24,1350,1,1,3,1,3,416
201600059235,16,9,19,1640,1,2,1,1,3,416
201600059236,16,7,25,50,3,1,1,1,7,416
201600059237,16,8,9,1100,1,1,1,1,6,416
201600059238,16,9,3,310,3,1,1,1,6,416
201600059239,16,10,14,555,2,1,1,1,7,416
201600059240,16,10,19,1630,1,1,1,1,5,416
201600059241,16,10,27,1330,1,2,1,8,1,416
201600059242,16,10,26,1510,1,2,1,1,7,416
201600059243,16,10,28,2030,3,1,1,1,5,416
201600059244,16,10,30,1640,1,2,3,1,3,416
201600059245,16,10,31,700,1,2,3,1,3,416
201600059246,16,10,23,1645,1,1,1,1,1,416
201600059247,16,11,1,1630,1,1,1,1,6,416
201600059248,16,10,29,1205,1,2,1,1,6,416
201600059249,16,11,4,550,1,2,1,2,2,416
201600059250,16,11,5,925,1,1,1,1,6,416
201600059251,16,11,11,1550,1,2,1,1,6,416
201600059252,16,11,13,1530,1,1,1,1,5,416
201600059253,16,11,15,1640,1,2,1,1,3,416
201600059254,16,11,13,1540,1,1,1,1,7,416
201600059255,16,11,19,1320,1,2,1,1,3,416
201600059256,16,11,22,1300,1,2,3,1,3,416
201600059257,16,11,18,2200,3,1,7,1,6,416
201600059258,16,11,29,1420,1,1,6,2,3,416
201600059259,16,12,1,910,1,1,1,1,4,416
201600059260,16,12,1,1430,1,2,1,2,7,416
201600059261,16,12,3,130,5,1,1,1,6,416
201600059262,16,12,5,720,1,2,3,1,3,416
201600059263,16,12,7,1230,1,2,1,1,1,416
201600059264,16,12,3,930,1,1,1,1,7,416
201600059265,16,12,16,1550,1,2,1,1,3,416
201600059266,16,12,19,1900,2,2,1,1,3,416
201600059267,16,12,27,555,1,1,1,1,6,416
201600059268,16,12,30,955,1,1,1,1,6,416
201600059269,16,12,7,800,1,2,1,1,6,611
201600059270,16,12,9,1425,1,2,1,1,2,611
201600059271,16,12,15,2250,5,2,1,1,6,611
201600059272,16,12,15,945,1,2,1,1,6,611
201600059273,16,12,29,2345,3,2,1,1,7,611
201600059274,16,12,22,1817,2,2,1,1,6,611
201600059275,16,1,3,1650,1,2,3,1,1,611
201600059276,16,12,21,1230,1,2,1,1,1,611
201600059277,16,12,25,1710,1,2,1,1,6,611
201600059278,16,12,29,800,1,2,1,1,6,611
201600059279,16,1,13,835,1,2,1,1,1,611
201600059280,16,12,14,822,1,2,4,1,3,611
201600059281,16,2,1,1830,2,2,3,1,3,611
201600059282,16,12,25,1040,1,2,3,1,3,611
201600059283,16,1,27,1040,1,2,1,1,6,611
201600059284,16,1,29,2028,3,2,1,1,3,611
201600059285,16,2,13,937,1,2,1,1,2,611
201600059286,16,2,5,1240,1,2,3,2,3,611
201600059287,16,2,9,1825,2,2,1,1,3,611
201600059288,16,2,14,1914,3,2,1,1,7,611
201600059289,16,2,23,1720,1,2,1,2,7,611
201600059290,16,1,1,1935,3,2,1,1,6,611
201600059291,16,1,7,2130,3,2,1,1,7,611
201600059292,16,2,25,1510,1,2,3,1,3,611
201600059293,16,3,15,1354,1,2,1,1,5,611
201600059294,16,1,13,1657,1,2,1,1,6,611
201600059295,16,3,14,1400,1,2,1,1,7,611
201600059296,16,1,16,825,1,2,1,1,6,611
201600059297,16,1,21,1530,1,2,1,1,3,611
201600059298,16,1,21,1925,1,2,1,1,7,611
201600059299,16,1,20,1738,1,2,1,1,6,611
201600059300,16,1,20,1235,1,2,1,1,3,611
201600059301,16,1,24,1836,1,2,1,1,1,611
201600059302,16,1,23,1320,1,2,1,1,6,611
201600059303,16,1,30,2015,3,2,1,1,6,611
201600059304,16,3,19,1850,3,2,1,1,1,611
201600059305,16,1,2,1000,1,2,1,1,6,611
201600059306,16,1,30,330,5,2,1,1,6,611
201600059307,16,2,14,1405,1,2,1,1,7,611
201600059308,16,2,20,20,5,2,1,1,7,611
201600059309,16,2,29,1100,1,2,1,1,6,611
201600059310,16,2,24,1455,1,2,1,1,6,611
201600059311,16,2,29,800,1,2,1,1,7,611
201600059312,16,4,5,1235,1,2,1,1,6,611
201600059313,16,3,2,1630,1,2,6,2,7,611
201600059314,16,3,3,650,1,1,1,2,7,611
201600059315,16,3,7,930,1,1,1,1,7,611
201600059316,16,3,15,2125,3,2,1,1,6,611
201600059317,16,3,16,2350,5,2,1,1,7,611
201600059318,16,3,16,915,1,2,1,2,3,611
201600059319,16,3,27,1335,1,2,3,1,3,611
201600059320,16,3,27,2300,5,2,1,1,7,611
201600059321,16,3,28,1317,1,2,1,1,6,611
201600059322,16,3,31,700,1,2,1,1,7,611
201600059323,16,4,17,605,2,2,1,1,7,611
201600059324,16,4,22,1415,1,2,9,1,3,611
201600059325,16,4,25,1705,1,2,6,1,6,611
201600059326,16,4,28,1420,1,2,1,1,6,611
201600059327,16,4,3,353,5,1,6,1,6,611
201600059328,16,4,17,1735,1,2,1,1,1,611
201600059329,16,4,16,947,1,1,1,1,3,611
201600059330,16,4,28,800,1,2,1,1,7,611
201600059331,16,4,25,750,1,2,1,1,1,611
201600059332,16,5,15,1605,1,2,1,1,3,611
201600059333,16,5,24,840,1,2,1,1,7,611
201600059334,16,4,22,1225,1,2,1,1,6,611
201600059335,16,4,6,2235,5,2,1,1,7,611
201600059336,16,5,27,1036,1,2,1,1,2,611
201600059337,16,5,13,1930,3,1,1,1,7,611
201600059338,16,7,1,1459,1,2,1,1,6,611
201600059339,16,6,10,545,2,2,1,1,6,611
201600059340,16,6,10,1255,1,2,1,1,6,611
201600059341,16,7,3,1925,1,2,6,1,3,611
201600059342,16,6,11,900,1,2,1,1,6,611
201600059343,16,6,14,1946,3,2,6,1,6,611
201600059344,16,5,19,1015,1,2,3,1,3,611
201600059345,16,5,19,1750,2,2,1,1,6,611
201600059346,16,5,6,1950,3,2,1,1,6,611
201600059347,16,6,22,745,1,2,1,1,3,611
201600059348,16,5,1,625,1,2,1,1,6,611
201600059349,16,5,6,1530,1,2,1,1,6,611
201600059350,16,5,2,1400,1,2,1,1,5,611
201600059351,16,5,24,615,1,2,1,1,3,611
201600059352,16,6,6,1530,1,1,6,1,6,611
201600059353,16,6,7,1706,1,2,1,1,6,611
201600059354,16,6,7,1130,1,2,1,1,3,611
201600059355,16,6,14,1340,1,2,1,1,3,611
201600059356,16,6,15,642,1,2,1,1,5,611
201600059357,16,7,5,1850,2,2,1,1,6,611
201600059358,16,6,24,1112,1,2,1,1,3,611
201600059359,16,6,27,755,1,2,1,1,6,611
201600059360,16,8,25,1025,1,2,3,1,3,611
201600059361,16,8,25,1310,1,2,1,1,3,611
201600059362,16,9,2,1040,1,2,1,1,6,611
201600059363,16,9,3,1025,1,2,1,1,3,611
201600059364,16,9,8,545,2,2,3,1,3,611
201600059365,16,9,10,1620,1,2,1,1,6,611
201600059366,16,7,8,1422,1,2,1,1,3,611
201600059367,16,7,8,1440,1,2,1,1,6,611
201600059368,16,7,16,2050,5,2,1,1,7,611
201600059369,16,7,18,657,1,2,1,1,6,611
201600059370,16,9,25,1705,2,2,1,1,7,611
201600059371,16,7,18,1915,5,2,1,1,6,611
201600059372,16,7,18,1435,1,2,1,1,6,611
201600059373,16,7,23,1220,1,2,6,1,6,611
201600059374,16,7,23,522,3,2,1,1,6,611
201600059375,16,7,31,1610,1,2,1,1,6,611
201600059376,16,7,24,2000,1,2,1,1,3,611
201600059377,16,9,28,1400,1,2,1,2,2,611
201600059378,16,9,20,1625,1,2,1,1,3,611
201600059379,16,10,4,1540,1,2,1,1,6,611
201600059380,16,8,3,1645,1,2,1,1,6,611
201600059381,16,8,3,1250,1,2,3,1,3,611
201600059382,16,8,4,723,1,2,1,1,3,611
201600059383,16,10,16,730,1,2,2,1,3,611
201600059384,16,10,19,1510,1,2,2,1,3,611
201600059385,16,11,3,700,1,2,1,1,6,611
201600059386,16,8,4,1640,1,2,6,1,7,611
201600059387,16,8,15,1810,2,2,1,1,1,611
201600059388,16,8,16,1735,1,2,1,1,6,611
201600059389,16,8,17,1710,1,2,1,1,3,611
201600059390,16,8,17,1530,1,2,1,1,1,611
201600059391,16,8,20,1815,2,2,1,1,6,611
201600059392,16,8,22,1842,3,2,1,1,1,611
201600059393,16,8,24,1844,5,2,1,1,7,611
201600059394,16,8,26,1555,1,2,1,1,6,611
201600059395,16,8,28,1440,1,2,1,1,3,611
201600059396,16,9,6,840,1,2,1,1,3,611
201600059397,16,9,10,1200,1,2,1,1,7,611
201600059398,16,9,9,2000,5,2,1,1,7,611
201600059399,16,9,10,2215,5,2,6,1,7,611
201600059400,16,9,11,2025,1,2,6,1,6,611
201600059401,16,9,11,915,1,2,3,1,3,611
201600059402,16,9,18,100,5,2,6,1,7,611
201600059403,16,9,30,644,2,2,1,1,7,611
201600059404,16,9,23,914,1,2,1,1,3,611
201600059405,16,9,12,1740,1,2,1,1,6,611
201600059406,16,9,14,720,1,1,1,1,3,611
201600059407,16,9,1,1515,1,2,3,1,6,611
201600059408,16,11,17,1825,2,2,1,1,7,611
201600059409,16,10,2,757,1,2,1,1,6,611
201600059410,16,10,5,715,1,2,1,1,6,611
201600059411,16,10,12,1311,1,2,1,1,6,611
201600059412,16,10,12,2048,3,2,1,1,1,611
201600059413,16,10,25,457,5,2,3,1,6,611
201600059414,16,10,16,1145,1,2,6,1,3,611
201600059415,16,10,18,714,1,2,1,1,6,611
201600059416,16,10,26,700,1,2,1,1,6,611
201600059417,16,10,29,2245,5,2,1,1,1,611
201600059418,16,10,31,1250,1,2,1,1,6,611
201600059419,16,10,29,2018,3,1,1,1,6,611
201600059420,16,11,9,2010,3,1,1,1,6,611
201600059421,16,11,20,1230,1,1,1,1,7,611
201600059422,16,11,14,856,1,2,1,1,3,611
201600059423,16,11,18,650,1,2,1,1,3,611
201600059424,16,11,2,1720,1,2,1,1,6,611
201600059425,16,11,28,1205,1,2,1,1,3,611
201600059426,16,11,28,1704,1,2,6,1,3,611
201600059427,16,12,13,850,1,2,1,1,6,611
201600059428,16,12,1,1201,1,2,1,1,6,611
201600059429,16,12,3,2215,1,2,1,1,7,611
201600059430,16,12,5,1710,1,2,1,1,3,611
201600059431,16,12,6,1005,1,2,3,1,3,611
201600059432,16,12,24,635,1,2,6,1,3,611